t_ms,v_mV
0.000000,-65.000000
0.010000,-64.900332
0.020000,-64.801321
0.030000,-64.702946
0.040000,-64.605190
0.050000,-64.508034
0.060000,-64.411462
0.070000,-64.315456
0.080000,-64.220000
0.090000,-64.125079
0.100000,-64.030678
0.110000,-63.936782
0.120000,-63.843378
0.130000,-63.750451
0.140000,-63.657987
0.150000,-63.565974
0.160000,-63.474399
0.170000,-63.383248
0.180000,-63.292509
0.190000,-63.202170
0.200000,-63.112217
0.210000,-63.022641
0.220000,-62.933427
0.230000,-62.844564
0.240000,-62.756040
0.250000,-62.667844
0.260000,-62.579964
0.270000,-62.492388
0.280000,-62.405104
0.290000,-62.318101
0.300000,-62.231366
0.310000,-62.144889
0.320000,-62.058658
0.330000,-61.972660
0.340000,-61.886885
0.350000,-61.801320
0.360000,-61.715953
0.370000,-61.630773
0.380000,-61.545768
0.390000,-61.460925
0.400000,-61.376233
0.410000,-61.291679
0.420000,-61.207250
0.430000,-61.122935
0.440000,-61.038721
0.450000,-60.954594
0.460000,-60.870543
0.470000,-60.786554
0.480000,-60.702614
0.490000,-60.618710
0.500000,-60.534828
0.510000,-60.450955
0.520000,-60.367076
0.530000,-60.283177
0.540000,-60.199245
0.550000,-60.115265
0.560000,-60.031222
0.570000,-59.947101
0.580000,-59.862887
0.590000,-59.778564
0.600000,-59.694117
0.610000,-59.609529
0.620000,-59.524784
0.630000,-59.439865
0.640000,-59.354756
0.650000,-59.269439
0.660000,-59.183896
0.670000,-59.098109
0.680000,-59.012060
0.690000,-58.925729
0.700000,-58.839097
0.710000,-58.752145
0.720000,-58.664851
0.730000,-58.577196
0.740000,-58.489158
0.750000,-58.400715
0.760000,-58.311844
0.770000,-58.222523
0.780000,-58.132727
0.790000,-58.042434
0.800000,-57.951616
0.810000,-57.860250
0.820000,-57.768308
0.830000,-57.675763
0.840000,-57.582587
0.850000,-57.488751
0.860000,-57.394226
0.870000,-57.298981
0.880000,-57.202983
0.890000,-57.106201
0.900000,-57.008600
0.910000,-56.910145
0.920000,-56.810801
0.930000,-56.710529
0.940000,-56.609291
0.950000,-56.507047
0.960000,-56.403755
0.970000,-56.299373
0.980000,-56.193854
0.990000,-56.087154
1.000000,-55.979223
1.010000,-55.870011
1.020000,-55.759467
1.030000,-55.647536
1.040000,-55.534162
1.050000,-55.419286
1.060000,-55.302846
1.070000,-55.184780
1.080000,-55.065020
1.090000,-54.943496
1.100000,-54.820138
1.110000,-54.694868
1.120000,-54.567607
1.130000,-54.438273
1.140000,-54.306778
1.150000,-54.173033
1.160000,-54.036941
1.170000,-53.898403
1.180000,-53.757314
1.190000,-53.613565
1.200000,-53.467039
1.210000,-53.317615
1.220000,-53.165166
1.230000,-53.009557
1.240000,-52.850647
1.250000,-52.688285
1.260000,-52.522316
1.270000,-52.352572
1.280000,-52.178879
1.290000,-52.001050
1.300000,-51.818890
1.310000,-51.632191
1.320000,-51.440733
1.330000,-51.244284
1.340000,-51.042595
1.350000,-50.835405
1.360000,-50.622434
1.370000,-50.403386
1.380000,-50.177945
1.390000,-49.945776
1.400000,-49.706519
1.410000,-49.459793
1.420000,-49.205189
1.430000,-48.942272
1.440000,-48.670574
1.450000,-48.389596
1.460000,-48.098803
1.470000,-47.797621
1.480000,-47.485434
1.490000,-47.161579
1.500000,-46.825346
1.510000,-46.475966
1.520000,-46.112616
1.530000,-45.734404
1.540000,-45.340370
1.550000,-44.929475
1.560000,-44.500598
1.570000,-44.052524
1.580000,-43.583936
1.590000,-43.093411
1.600000,-42.579401
1.610000,-42.040229
1.620000,-41.474071
1.630000,-40.878947
1.640000,-40.252704
1.650000,-39.593002
1.660000,-38.897294
1.670000,-38.162812
1.680000,-37.386547
1.690000,-36.565229
1.700000,-35.695309
1.710000,-34.772937
1.720000,-33.793949
1.730000,-32.753846
1.740000,-31.647787
1.750000,-30.470580
1.760000,-29.216686
1.770000,-27.880237
1.780000,-26.455068
1.790000,-24.934773
1.800000,-23.312797
1.810000,-21.582565
1.820000,-19.737668
1.830000,-17.772110
1.840000,-15.680639
1.850000,-13.459167
1.860000,-11.105289
1.870000,-8.618901
1.880000,-6.002901
1.890000,-3.263945
1.900000,-0.413181
1.910000,2.533104
1.920000,5.553061
1.930000,8.619197
1.940000,11.698755
1.950000,14.754666
1.960000,17.747070
1.970000,20.635348
1.980000,23.380488
1.990000,25.947517
2.000000,28.307686
2.010000,30.440122
2.020000,32.332734
2.030000,33.982280
2.040000,35.393650
2.050000,36.578553
2.060000,37.553812
2.070000,38.339564
2.080000,38.957546
2.090000,39.429646
2.100000,39.776796
2.110000,40.018213
2.120000,40.170970
2.130000,40.249828
2.140000,40.267269
2.150000,40.233650
2.160000,40.157441
2.170000,40.045484
2.180000,39.903258
2.190000,39.735119
2.200000,39.544526
2.210000,39.334218
2.220000,39.106369
2.230000,38.862716
2.240000,38.604654
2.250000,38.333316
2.260000,38.049634
2.270000,37.754384
2.280000,37.448224
2.290000,37.131721
2.300000,36.805369
2.310000,36.469610
2.320000,36.124840
2.330000,35.771424
2.340000,35.409697
2.350000,35.039977
2.360000,34.662559
2.370000,34.277729
2.380000,33.885757
2.390000,33.486905
2.400000,33.081426
2.410000,32.669566
2.420000,32.251563
2.430000,31.827651
2.440000,31.398056
2.450000,30.963003
2.460000,30.522708
2.470000,30.077385
2.480000,29.627244
2.490000,29.172488
2.500000,28.713321
2.510000,28.249938
2.520000,27.782532
2.530000,27.311294
2.540000,26.836409
2.550000,26.358057
2.560000,25.876419
2.570000,25.391666
2.580000,24.903970
2.590000,24.413497
2.600000,23.920409
2.610000,23.424865
2.620000,22.927020
2.630000,22.427026
2.640000,21.925029
2.650000,21.421173
2.660000,20.915597
2.670000,20.408438
2.680000,19.899827
2.690000,19.389894
2.700000,18.878761
2.710000,18.366552
2.720000,17.853382
2.730000,17.339365
2.740000,16.824612
2.750000,16.309229
2.760000,15.793319
2.770000,15.276981
2.780000,14.760312
2.790000,14.243405
2.800000,13.726348
2.810000,13.209228
2.820000,12.692128
2.830000,12.175128
2.840000,11.658304
2.850000,11.141730
2.860000,10.625477
2.870000,10.109611
2.880000,9.594199
2.890000,9.079302
2.900000,8.564979
2.910000,8.051288
2.920000,7.538281
2.930000,7.026010
2.940000,6.514524
2.950000,6.003870
2.960000,5.494091
2.970000,4.985229
2.980000,4.477324
2.990000,3.970413
3.000000,3.464530
3.010000,2.959710
3.020000,2.455982
3.030000,1.953376
3.040000,1.451918
3.050000,0.951634
3.060000,0.452548
3.070000,-0.045320
3.080000,-0.541949
3.090000,-1.037321
3.100000,-1.531420
3.110000,-2.024230
3.120000,-2.515739
3.130000,-3.005934
3.140000,-3.494805
3.150000,-3.982342
3.160000,-4.468538
3.170000,-4.953386
3.180000,-5.436882
3.190000,-5.919020
3.200000,-6.399800
3.210000,-6.879219
3.220000,-7.357277
3.230000,-7.833975
3.240000,-8.309315
3.250000,-8.783301
3.260000,-9.255935
3.270000,-9.727225
3.280000,-10.197176
3.290000,-10.665796
3.300000,-11.133093
3.310000,-11.599078
3.320000,-12.063761
3.330000,-12.527153
3.340000,-12.989269
3.350000,-13.450121
3.360000,-13.909726
3.370000,-14.368099
3.380000,-14.825258
3.390000,-15.281222
3.400000,-15.736011
3.410000,-16.189646
3.420000,-16.642150
3.430000,-17.093547
3.440000,-17.543862
3.450000,-17.993122
3.460000,-18.441356
3.470000,-18.888593
3.480000,-19.334866
3.490000,-19.780207
3.500000,-20.224652
3.510000,-20.668239
3.520000,-21.111006
3.530000,-21.552994
3.540000,-21.994248
3.550000,-22.434812
3.560000,-22.874735
3.570000,-23.314067
3.580000,-23.752862
3.590000,-24.191175
3.600000,-24.629064
3.610000,-25.066592
3.620000,-25.503823
3.630000,-25.940825
3.640000,-26.377669
3.650000,-26.814429
3.660000,-27.251184
3.670000,-27.688015
3.680000,-28.125008
3.690000,-28.562252
3.700000,-28.999842
3.710000,-29.437873
3.720000,-29.876450
3.730000,-30.315679
3.740000,-30.755669
3.750000,-31.196539
3.760000,-31.638407
3.770000,-32.081400
3.780000,-32.525647
3.790000,-32.971286
3.800000,-33.418455
3.810000,-33.867302
3.820000,-34.317977
3.830000,-34.770637
3.840000,-35.225443
3.850000,-35.682563
3.860000,-36.142168
3.870000,-36.604436
3.880000,-37.069550
3.890000,-37.537695
3.900000,-38.009065
3.910000,-38.483855
3.920000,-38.962266
3.930000,-39.444501
3.940000,-39.930766
3.950000,-40.421273
3.960000,-40.916232
3.970000,-41.415856
3.980000,-41.920358
3.990000,-42.429951
4.000000,-42.944843
4.010000,-43.465243
4.020000,-43.991351
4.030000,-44.523364
4.040000,-45.061468
4.050000,-45.605839
4.060000,-46.156640
4.070000,-46.714017
4.080000,-47.278098
4.090000,-47.848990
4.100000,-48.426770
4.110000,-49.011490
4.120000,-49.603166
4.130000,-50.201775
4.140000,-50.807252
4.150000,-51.419483
4.160000,-52.038302
4.170000,-52.663483
4.180000,-53.294738
4.190000,-53.931709
4.200000,-54.573963
4.210000,-55.220990
4.220000,-55.872196
4.230000,-56.526900
4.240000,-57.184332
4.250000,-57.843632
4.260000,-58.503848
4.270000,-59.163940
4.280000,-59.822781
4.290000,-60.479162
4.300000,-61.131803
4.310000,-61.779359
4.320000,-62.420432
4.330000,-63.053588
4.340000,-63.677374
4.350000,-64.290330
4.360000,-64.891015
4.370000,-65.478026
4.380000,-66.050016
4.390000,-66.605717
4.400000,-67.143962
4.410000,-67.663696
4.420000,-68.164000
4.430000,-68.644096
4.440000,-69.103364
4.450000,-69.541343
4.460000,-69.957733
4.470000,-70.352397
4.480000,-70.725355
4.490000,-71.076775
4.500000,-71.406962
4.510000,-71.716347
4.520000,-72.005471
4.530000,-72.274970
4.540000,-72.525560
4.550000,-72.758020
4.560000,-72.973176
4.570000,-73.171888
4.580000,-73.355037
4.590000,-73.523509
4.600000,-73.678190
4.610000,-73.819954
4.620000,-73.949653
4.630000,-74.068116
4.640000,-74.176139
4.650000,-74.274484
4.660000,-74.363877
4.670000,-74.445005
4.680000,-74.518512
4.690000,-74.585007
4.700000,-74.645056
4.710000,-74.699188
4.720000,-74.747893
4.730000,-74.791627
4.740000,-74.830809
4.750000,-74.865829
4.760000,-74.897042
4.770000,-74.924777
4.780000,-74.949335
4.790000,-74.970993
4.800000,-74.990003
4.810000,-75.006596
4.820000,-75.020983
4.830000,-75.033357
4.840000,-75.043895
4.850000,-75.052755
4.860000,-75.060086
4.870000,-75.066019
4.880000,-75.070675
4.890000,-75.074167
4.900000,-75.076593
4.910000,-75.078045
4.920000,-75.078606
4.930000,-75.078353
4.940000,-75.077353
4.950000,-75.075670
4.960000,-75.073360
4.970000,-75.070476
4.980000,-75.067064
4.990000,-75.063168
5.000000,-75.058826
5.010000,-75.054074
5.020000,-75.048945
5.030000,-75.043468
5.040000,-75.037669
5.050000,-75.031574
5.060000,-75.025205
5.070000,-75.018581
5.080000,-75.011722
5.090000,-75.004645
5.100000,-74.997364
5.110000,-74.989894
5.120000,-74.982247
5.130000,-74.974436
5.140000,-74.966471
5.150000,-74.958361
5.160000,-74.950117
5.170000,-74.941745
5.180000,-74.933254
5.190000,-74.924650
5.200000,-74.915939
5.210000,-74.907127
5.220000,-74.898220
5.230000,-74.889221
5.240000,-74.880136
5.250000,-74.870969
5.260000,-74.861723
5.270000,-74.852401
5.280000,-74.843007
5.290000,-74.833543
5.300000,-74.824012
5.310000,-74.814417
5.320000,-74.804759
5.330000,-74.795040
5.340000,-74.785263
5.350000,-74.775430
5.360000,-74.765540
5.370000,-74.755597
5.380000,-74.745602
5.390000,-74.735554
5.400000,-74.725457
5.410000,-74.715310
5.420000,-74.705115
5.430000,-74.694872
5.440000,-74.684582
5.450000,-74.674247
5.460000,-74.663866
5.470000,-74.653441
5.480000,-74.642971
5.490000,-74.632458
5.500000,-74.621901
5.510000,-74.611302
5.520000,-74.600660
5.530000,-74.589977
5.540000,-74.579251
5.550000,-74.568485
5.560000,-74.557677
5.570000,-74.546829
5.580000,-74.535940
5.590000,-74.525011
5.600000,-74.514042
5.610000,-74.503033
5.620000,-74.491984
5.630000,-74.480896
5.640000,-74.469768
5.650000,-74.458601
5.660000,-74.447395
5.670000,-74.436150
5.680000,-74.424866
5.690000,-74.413543
5.700000,-74.402181
5.710000,-74.390780
5.720000,-74.379341
5.730000,-74.367864
5.740000,-74.356348
5.750000,-74.344793
5.760000,-74.333200
5.770000,-74.321569
5.780000,-74.309899
5.790000,-74.298191
5.800000,-74.286445
5.810000,-74.274661
5.820000,-74.262838
5.830000,-74.250978
5.840000,-74.239079
5.850000,-74.227142
5.860000,-74.215167
5.870000,-74.203154
5.880000,-74.191103
5.890000,-74.179014
5.900000,-74.166886
5.910000,-74.154721
5.920000,-74.142518
5.930000,-74.130276
5.940000,-74.117997
5.950000,-74.105680
5.960000,-74.093324
5.970000,-74.080931
5.980000,-74.068500
5.990000,-74.056030
6.000000,-74.043523
6.010000,-74.030978
6.020000,-74.018395
6.030000,-74.005773
6.040000,-73.993114
6.050000,-73.980417
6.060000,-73.967682
6.070000,-73.954909
6.080000,-73.942098
6.090000,-73.929249
6.100000,-73.916362
6.110000,-73.903437
6.120000,-73.890475
6.130000,-73.877474
6.140000,-73.864435
6.150000,-73.851359
6.160000,-73.838244
6.170000,-73.825092
6.180000,-73.811901
6.190000,-73.798673
6.200000,-73.785407
6.210000,-73.772103
6.220000,-73.758761
6.230000,-73.745382
6.240000,-73.731964
6.250000,-73.718509
6.260000,-73.705015
6.270000,-73.691484
6.280000,-73.677915
6.290000,-73.664309
6.300000,-73.650664
6.310000,-73.636982
6.320000,-73.623262
6.330000,-73.609504
6.340000,-73.595709
6.350000,-73.581876
6.360000,-73.568005
6.370000,-73.554096
6.380000,-73.540150
6.390000,-73.526166
6.400000,-73.512145
6.410000,-73.498086
6.420000,-73.483989
6.430000,-73.469855
6.440000,-73.455683
6.450000,-73.441474
6.460000,-73.427227
6.470000,-73.412943
6.480000,-73.398621
6.490000,-73.384262
6.500000,-73.369866
6.510000,-73.355432
6.520000,-73.340961
6.530000,-73.326453
6.540000,-73.311907
6.550000,-73.297324
6.560000,-73.282704
6.570000,-73.268047
6.580000,-73.253352
6.590000,-73.238621
6.600000,-73.223852
6.610000,-73.209047
6.620000,-73.194204
6.630000,-73.179324
6.640000,-73.164408
6.650000,-73.149455
6.660000,-73.134464
6.670000,-73.119437
6.680000,-73.104374
6.690000,-73.089273
6.700000,-73.074136
6.710000,-73.058962
6.720000,-73.043752
6.730000,-73.028505
6.740000,-73.013222
6.750000,-72.997902
6.760000,-72.982546
6.770000,-72.967153
6.780000,-72.951724
6.790000,-72.936259
6.800000,-72.920758
6.810000,-72.905220
6.820000,-72.889647
6.830000,-72.874037
6.840000,-72.858392
6.850000,-72.842710
6.860000,-72.826993
6.870000,-72.811240
6.880000,-72.795451
6.890000,-72.779626
6.900000,-72.763766
6.910000,-72.747870
6.920000,-72.731939
6.930000,-72.715972
6.940000,-72.699970
6.950000,-72.683932
6.960000,-72.667859
6.970000,-72.651751
6.980000,-72.635608
6.990000,-72.619430
7.000000,-72.603217
7.010000,-72.586969
7.020000,-72.570686
7.030000,-72.554368
7.040000,-72.538015
7.050000,-72.521628
7.060000,-72.505206
7.070000,-72.488750
7.080000,-72.472260
7.090000,-72.455735
7.100000,-72.439175
7.110000,-72.422582
7.120000,-72.405954
7.130000,-72.389293
7.140000,-72.372597
7.150000,-72.355868
7.160000,-72.339104
7.170000,-72.322307
7.180000,-72.305477
7.190000,-72.288612
7.200000,-72.271715
7.210000,-72.254784
7.220000,-72.237819
7.230000,-72.220822
7.240000,-72.203791
7.250000,-72.186727
7.260000,-72.169631
7.270000,-72.152501
7.280000,-72.135339
7.290000,-72.118144
7.300000,-72.100916
7.310000,-72.083656
7.320000,-72.066364
7.330000,-72.049039
7.340000,-72.031682
7.350000,-72.014293
7.360000,-71.996872
7.370000,-71.979419
7.380000,-71.961934
7.390000,-71.944418
7.400000,-71.926869
7.410000,-71.909290
7.420000,-71.891679
7.430000,-71.874036
7.440000,-71.856362
7.450000,-71.838658
7.460000,-71.820922
7.470000,-71.803155
7.480000,-71.785358
7.490000,-71.767530
7.500000,-71.749671
7.510000,-71.731782
7.520000,-71.713862
7.530000,-71.695912
7.540000,-71.677932
7.550000,-71.659922
7.560000,-71.641882
7.570000,-71.623812
7.580000,-71.605713
7.590000,-71.587584
7.600000,-71.569425
7.610000,-71.551237
7.620000,-71.533020
7.630000,-71.514774
7.640000,-71.496498
7.650000,-71.478194
7.660000,-71.459861
7.670000,-71.441500
7.680000,-71.423110
7.690000,-71.404691
7.700000,-71.386244
7.710000,-71.367769
7.720000,-71.349266
7.730000,-71.330735
7.740000,-71.312176
7.750000,-71.293590
7.760000,-71.274976
7.770000,-71.256334
7.780000,-71.237665
7.790000,-71.218970
7.800000,-71.200247
7.810000,-71.181497
7.820000,-71.162720
7.830000,-71.143917
7.840000,-71.125087
7.850000,-71.106230
7.860000,-71.087348
7.870000,-71.068439
7.880000,-71.049504
7.890000,-71.030544
7.900000,-71.011558
7.910000,-70.992546
7.920000,-70.973508
7.930000,-70.954446
7.940000,-70.935358
7.950000,-70.916245
7.960000,-70.897107
7.970000,-70.877944
7.980000,-70.858757
7.990000,-70.839545
8.000000,-70.820309
8.010000,-70.801048
8.020000,-70.781763
8.030000,-70.762455
8.040000,-70.743123
8.050000,-70.723766
8.060000,-70.704387
8.070000,-70.684984
8.080000,-70.665558
8.090000,-70.646108
8.100000,-70.626636
8.110000,-70.607141
8.120000,-70.587623
8.130000,-70.568083
8.140000,-70.548520
8.150000,-70.528935
8.160000,-70.509328
8.170000,-70.489699
8.180000,-70.470049
8.190000,-70.450376
8.200000,-70.430682
8.210000,-70.410967
8.220000,-70.391231
8.230000,-70.371473
8.240000,-70.351695
8.250000,-70.331896
8.260000,-70.312076
8.270000,-70.292236
8.280000,-70.272375
8.290000,-70.252495
8.300000,-70.232594
8.310000,-70.212674
8.320000,-70.192733
8.330000,-70.172774
8.340000,-70.152794
8.350000,-70.132796
8.360000,-70.112779
8.370000,-70.092742
8.380000,-70.072687
8.390000,-70.052613
8.400000,-70.032521
8.410000,-70.012411
8.420000,-69.992282
8.430000,-69.972135
8.440000,-69.951971
8.450000,-69.931789
8.460000,-69.911589
8.470000,-69.891372
8.480000,-69.871138
8.490000,-69.850886
8.500000,-69.830618
8.510000,-69.810333
8.520000,-69.790031
8.530000,-69.769713
8.540000,-69.749379
8.550000,-69.729029
8.560000,-69.708662
8.570000,-69.688280
8.580000,-69.667882
8.590000,-69.647469
8.600000,-69.627041
8.610000,-69.606597
8.620000,-69.586138
8.630000,-69.565665
8.640000,-69.545176
8.650000,-69.524674
8.660000,-69.504157
8.670000,-69.483625
8.680000,-69.463080
8.690000,-69.442521
8.700000,-69.421948
8.710000,-69.401361
8.720000,-69.380761
8.730000,-69.360148
8.740000,-69.339522
8.750000,-69.318883
8.760000,-69.298231
8.770000,-69.277567
8.780000,-69.256890
8.790000,-69.236201
8.800000,-69.215499
8.810000,-69.194786
8.820000,-69.174061
8.830000,-69.153325
8.840000,-69.132577
8.850000,-69.111817
8.860000,-69.091047
8.870000,-69.070265
8.880000,-69.049473
8.890000,-69.028670
8.900000,-69.007856
8.910000,-68.987032
8.920000,-68.966198
8.930000,-68.945354
8.940000,-68.924500
8.950000,-68.903637
8.960000,-68.882764
8.970000,-68.861881
8.980000,-68.840989
8.990000,-68.820089
9.000000,-68.799179
9.010000,-68.778260
9.020000,-68.757333
9.030000,-68.736398
9.040000,-68.715454
9.050000,-68.694502
9.060000,-68.673542
9.070000,-68.652575
9.080000,-68.631600
9.090000,-68.610617
9.100000,-68.589627
9.110000,-68.568630
9.120000,-68.547626
9.130000,-68.526615
9.140000,-68.505597
9.150000,-68.484573
9.160000,-68.463542
9.170000,-68.442505
9.180000,-68.421463
9.190000,-68.400414
9.200000,-68.379359
9.210000,-68.358299
9.220000,-68.337234
9.230000,-68.316163
9.240000,-68.295087
9.250000,-68.274006
9.260000,-68.252920
9.270000,-68.231830
9.280000,-68.210735
9.290000,-68.189636
9.300000,-68.168532
9.310000,-68.147425
9.320000,-68.126313
9.330000,-68.105198
9.340000,-68.084079
9.350000,-68.062957
9.360000,-68.041831
9.370000,-68.020703
9.380000,-67.999571
9.390000,-67.978436
9.400000,-67.957299
9.410000,-67.936159
9.420000,-67.915017
9.430000,-67.893872
9.440000,-67.872726
9.450000,-67.851577
9.460000,-67.830427
9.470000,-67.809275
9.480000,-67.788121
9.490000,-67.766966
9.500000,-67.745810
9.510000,-67.724653
9.520000,-67.703495
9.530000,-67.682336
9.540000,-67.661176
9.550000,-67.640016
9.560000,-67.618855
9.570000,-67.597694
9.580000,-67.576533
9.590000,-67.555372
9.600000,-67.534212
9.610000,-67.513051
9.620000,-67.491891
9.630000,-67.470732
9.640000,-67.449573
9.650000,-67.428416
9.660000,-67.407259
9.670000,-67.386103
9.680000,-67.364949
9.690000,-67.343796
9.700000,-67.322645
9.710000,-67.301495
9.720000,-67.280347
9.730000,-67.259201
9.740000,-67.238058
9.750000,-67.216916
9.760000,-67.195777
9.770000,-67.174640
9.780000,-67.153506
9.790000,-67.132374
9.800000,-67.111246
9.810000,-67.090120
9.820000,-67.068998
9.830000,-67.047878
9.840000,-67.026762
9.850000,-67.005650
9.860000,-66.984541
9.870000,-66.963436
9.880000,-66.942335
9.890000,-66.921238
9.900000,-66.900145
9.910000,-66.879056
9.920000,-66.857971
9.930000,-66.836891
9.940000,-66.815815
9.950000,-66.794745
9.960000,-66.773679
9.970000,-66.752618
9.980000,-66.731562
9.990000,-66.710511
10.000000,-66.689465
10.010000,-66.668425
10.020000,-66.647390
10.030000,-66.626361
10.040000,-66.605338
10.050000,-66.584321
10.060000,-66.563309
10.070000,-66.542304
10.080000,-66.521304
10.090000,-66.500311
10.100000,-66.479325
10.110000,-66.458345
10.120000,-66.437371
10.130000,-66.416404
10.140000,-66.395444
10.150000,-66.374491
10.160000,-66.353545
10.170000,-66.332606
10.180000,-66.311675
10.190000,-66.290750
10.200000,-66.269833
10.210000,-66.248924
10.220000,-66.228022
10.230000,-66.207128
10.240000,-66.186241
10.250000,-66.165363
10.260000,-66.144492
10.270000,-66.123630
10.280000,-66.102776
10.290000,-66.081930
10.300000,-66.061092
10.310000,-66.040263
10.320000,-66.019443
10.330000,-65.998631
10.340000,-65.977828
10.350000,-65.957033
10.360000,-65.936248
10.370000,-65.915471
10.380000,-65.894704
10.390000,-65.873946
10.400000,-65.853196
10.410000,-65.832457
10.420000,-65.811726
10.430000,-65.791006
10.440000,-65.770294
10.450000,-65.749593
10.460000,-65.728901
10.470000,-65.708218
10.480000,-65.687546
10.490000,-65.666884
10.500000,-65.646231
10.510000,-65.625589
10.520000,-65.604957
10.530000,-65.584335
10.540000,-65.563724
10.550000,-65.543123
10.560000,-65.522532
10.570000,-65.501952
10.580000,-65.481382
10.590000,-65.460823
10.600000,-65.440275
10.610000,-65.419737
10.620000,-65.399210
10.630000,-65.378695
10.640000,-65.358190
10.650000,-65.337696
10.660000,-65.317213
10.670000,-65.296742
10.680000,-65.276281
10.690000,-65.255832
10.700000,-65.235395
10.710000,-65.214968
10.720000,-65.194553
10.730000,-65.174150
10.740000,-65.153758
10.750000,-65.133377
10.760000,-65.113009
10.770000,-65.092651
10.780000,-65.072306
10.790000,-65.051973
10.800000,-65.031651
10.810000,-65.011341
10.820000,-64.991043
10.830000,-64.970757
10.840000,-64.950483
10.850000,-64.930221
10.860000,-64.909972
10.870000,-64.889734
10.880000,-64.869509
10.890000,-64.849295
10.900000,-64.829094
10.910000,-64.808906
10.920000,-64.788729
10.930000,-64.768565
10.940000,-64.748414
10.950000,-64.728275
10.960000,-64.708148
10.970000,-64.688034
10.980000,-64.667932
10.990000,-64.647843
11.000000,-64.627766
11.010000,-64.607703
11.020000,-64.587651
11.030000,-64.567613
11.040000,-64.547587
11.050000,-64.527574
11.060000,-64.507573
11.070000,-64.487586
11.080000,-64.467611
11.090000,-64.447649
11.100000,-64.427700
11.110000,-64.407763
11.120000,-64.387840
11.130000,-64.367929
11.140000,-64.348031
11.150000,-64.328147
11.160000,-64.308275
11.170000,-64.288416
11.180000,-64.268570
11.190000,-64.248737
11.200000,-64.228917
11.210000,-64.209110
11.220000,-64.189316
11.230000,-64.169535
11.240000,-64.149767
11.250000,-64.130012
11.260000,-64.110270
11.270000,-64.090541
11.280000,-64.070825
11.290000,-64.051122
11.300000,-64.031432
11.310000,-64.011755
11.320000,-63.992091
11.330000,-63.972441
11.340000,-63.952803
11.350000,-63.933178
11.360000,-63.913566
11.370000,-63.893968
11.380000,-63.874382
11.390000,-63.854810
11.400000,-63.835250
11.410000,-63.815703
11.420000,-63.796170
11.430000,-63.776649
11.440000,-63.757141
11.450000,-63.737646
11.460000,-63.718164
11.470000,-63.698696
11.480000,-63.679240
11.490000,-63.659796
11.500000,-63.640366
11.510000,-63.620949
11.520000,-63.601544
11.530000,-63.582152
11.540000,-63.562773
11.550000,-63.543407
11.560000,-63.524054
11.570000,-63.504713
11.580000,-63.485385
11.590000,-63.466070
11.600000,-63.446767
11.610000,-63.427477
11.620000,-63.408200
11.630000,-63.388935
11.640000,-63.369682
11.650000,-63.350442
11.660000,-63.331215
11.670000,-63.312000
11.680000,-63.292798
11.690000,-63.273608
11.700000,-63.254430
11.710000,-63.235264
11.720000,-63.216111
11.730000,-63.196970
11.740000,-63.177841
11.750000,-63.158725
11.760000,-63.139620
11.770000,-63.120528
11.780000,-63.101447
11.790000,-63.082379
11.800000,-63.063322
11.810000,-63.044278
11.820000,-63.025245
11.830000,-63.006224
11.840000,-62.987215
11.850000,-62.968217
11.860000,-62.949232
11.870000,-62.930257
11.880000,-62.911295
11.890000,-62.892343
11.900000,-62.873404
11.910000,-62.854475
11.920000,-62.835558
11.930000,-62.816653
11.940000,-62.797758
11.950000,-62.778875
11.960000,-62.760003
11.970000,-62.741141
11.980000,-62.722291
11.990000,-62.703452
12.000000,-62.684623
12.010000,-62.665806
12.020000,-62.646999
12.030000,-62.628203
12.040000,-62.609417
12.050000,-62.590642
12.060000,-62.571877
12.070000,-62.553123
12.080000,-62.534379
12.090000,-62.515645
12.100000,-62.496922
12.110000,-62.478208
12.120000,-62.459505
12.130000,-62.440811
12.140000,-62.422128
12.150000,-62.403454
12.160000,-62.384790
12.170000,-62.366135
12.180000,-62.347491
12.190000,-62.328855
12.200000,-62.310229
12.210000,-62.291612
12.220000,-62.273005
12.230000,-62.254407
12.240000,-62.235817
12.250000,-62.217237
12.260000,-62.198666
12.270000,-62.180103
12.280000,-62.161549
12.290000,-62.143004
12.300000,-62.124467
12.310000,-62.105938
12.320000,-62.087418
12.330000,-62.068906
12.340000,-62.050403
12.350000,-62.031907
12.360000,-62.013419
12.370000,-61.994939
12.380000,-61.976467
12.390000,-61.958002
12.400000,-61.939545
12.410000,-61.921096
12.420000,-61.902653
12.430000,-61.884218
12.440000,-61.865790
12.450000,-61.847369
12.460000,-61.828955
12.470000,-61.810548
12.480000,-61.792147
12.490000,-61.773753
12.500000,-61.755365
12.510000,-61.736984
12.520000,-61.718609
12.530000,-61.700240
12.540000,-61.681877
12.550000,-61.663519
12.560000,-61.645168
12.570000,-61.626822
12.580000,-61.608481
12.590000,-61.590146
12.600000,-61.571816
12.610000,-61.553491
12.620000,-61.535171
12.630000,-61.516856
12.640000,-61.498546
12.650000,-61.480240
12.660000,-61.461939
12.670000,-61.443641
12.680000,-61.425349
12.690000,-61.407060
12.700000,-61.388775
12.710000,-61.370493
12.720000,-61.352216
12.730000,-61.333941
12.740000,-61.315670
12.750000,-61.297403
12.760000,-61.279138
12.770000,-61.260876
12.780000,-61.242617
12.790000,-61.224360
12.800000,-61.206106
12.810000,-61.187854
12.820000,-61.169604
12.830000,-61.151356
12.840000,-61.133110
12.850000,-61.114866
12.860000,-61.096623
12.870000,-61.078381
12.880000,-61.060140
12.890000,-61.041900
12.900000,-61.023661
12.910000,-61.005423
12.920000,-60.987185
12.930000,-60.968948
12.940000,-60.950710
12.950000,-60.932473
12.960000,-60.914235
12.970000,-60.895996
12.980000,-60.877757
12.990000,-60.859518
13.000000,-60.841277
13.010000,-60.823035
13.020000,-60.804792
13.030000,-60.786547
13.040000,-60.768300
13.050000,-60.750051
13.060000,-60.731801
13.070000,-60.713547
13.080000,-60.695292
13.090000,-60.677033
13.100000,-60.658772
13.110000,-60.640507
13.120000,-60.622239
13.130000,-60.603967
13.140000,-60.585692
13.150000,-60.567412
13.160000,-60.549129
13.170000,-60.530840
13.180000,-60.512548
13.190000,-60.494250
13.200000,-60.475947
13.210000,-60.457638
13.220000,-60.439324
13.230000,-60.421005
13.240000,-60.402679
13.250000,-60.384347
13.260000,-60.366008
13.270000,-60.347662
13.280000,-60.329310
13.290000,-60.310950
13.300000,-60.292582
13.310000,-60.274207
13.320000,-60.255823
13.330000,-60.237432
13.340000,-60.219031
13.350000,-60.200622
13.360000,-60.182204
13.370000,-60.163776
13.380000,-60.145339
13.390000,-60.126891
13.400000,-60.108434
13.410000,-60.089966
13.420000,-60.071487
13.430000,-60.052997
13.440000,-60.034495
13.450000,-60.015982
13.460000,-59.997457
13.470000,-59.978920
13.480000,-59.960370
13.490000,-59.941807
13.500000,-59.923231
13.510000,-59.904641
13.520000,-59.886038
13.530000,-59.867420
13.540000,-59.848788
13.550000,-59.830141
13.560000,-59.811479
13.570000,-59.792801
13.580000,-59.774107
13.590000,-59.755397
13.600000,-59.736671
13.610000,-59.717928
13.620000,-59.699167
13.630000,-59.680389
13.640000,-59.661593
13.650000,-59.642778
13.660000,-59.623945
13.670000,-59.605092
13.680000,-59.586220
13.690000,-59.567328
13.700000,-59.548416
13.710000,-59.529483
13.720000,-59.510529
13.730000,-59.491553
13.740000,-59.472555
13.750000,-59.453535
13.760000,-59.434493
13.770000,-59.415427
13.780000,-59.396337
13.790000,-59.377223
13.800000,-59.358085
13.810000,-59.338921
13.820000,-59.319732
13.830000,-59.300517
13.840000,-59.281276
13.850000,-59.262008
13.860000,-59.242712
13.870000,-59.223389
13.880000,-59.204037
13.890000,-59.184656
13.900000,-59.165246
13.910000,-59.145806
13.920000,-59.126336
13.930000,-59.106834
13.940000,-59.087301
13.950000,-59.067736
13.960000,-59.048139
13.970000,-59.028508
13.980000,-59.008844
13.990000,-58.989145
14.000000,-58.969411
14.010000,-58.949642
14.020000,-58.929837
14.030000,-58.909995
14.040000,-58.890116
14.050000,-58.870198
14.060000,-58.850242
14.070000,-58.830247
14.080000,-58.810212
14.090000,-58.790137
14.100000,-58.770020
14.110000,-58.749862
14.120000,-58.729660
14.130000,-58.709416
14.140000,-58.689127
14.150000,-58.668794
14.160000,-58.648415
14.170000,-58.627990
14.180000,-58.607518
14.190000,-58.586998
14.200000,-58.566430
14.210000,-58.545812
14.220000,-58.525144
14.230000,-58.504425
14.240000,-58.483655
14.250000,-58.462831
14.260000,-58.441955
14.270000,-58.421024
14.280000,-58.400037
14.290000,-58.378995
14.300000,-58.357895
14.310000,-58.336738
14.320000,-58.315521
14.330000,-58.294245
14.340000,-58.272908
14.350000,-58.251509
14.360000,-58.230047
14.370000,-58.208521
14.380000,-58.186930
14.390000,-58.165274
14.400000,-58.143550
14.410000,-58.121758
14.420000,-58.099897
14.430000,-58.077966
14.440000,-58.055963
14.450000,-58.033887
14.460000,-58.011738
14.470000,-57.989513
14.480000,-57.967212
14.490000,-57.944834
14.500000,-57.922377
14.510000,-57.899840
14.520000,-57.877221
14.530000,-57.854519
14.540000,-57.831734
14.550000,-57.808863
14.560000,-57.785905
14.570000,-57.762859
14.580000,-57.739722
14.590000,-57.716495
14.600000,-57.693175
14.610000,-57.669760
14.620000,-57.646249
14.630000,-57.622641
14.640000,-57.598934
14.650000,-57.575126
14.660000,-57.551215
14.670000,-57.527200
14.680000,-57.503080
14.690000,-57.478851
14.700000,-57.454513
14.710000,-57.430063
14.720000,-57.405500
14.730000,-57.380821
14.740000,-57.356025
14.750000,-57.331110
14.760000,-57.306074
14.770000,-57.280914
14.780000,-57.255629
14.790000,-57.230216
14.800000,-57.204673
14.810000,-57.178997
14.820000,-57.153187
14.830000,-57.127241
14.840000,-57.101155
14.850000,-57.074927
14.860000,-57.048555
14.870000,-57.022036
14.880000,-56.995368
14.890000,-56.968548
14.900000,-56.941573
14.910000,-56.914441
14.920000,-56.887148
14.930000,-56.859691
14.940000,-56.832069
14.950000,-56.804277
14.960000,-56.776313
14.970000,-56.748173
14.980000,-56.719855
14.990000,-56.691354
15.000000,-56.662668
15.010000,-56.633793
15.020000,-56.604726
15.030000,-56.575462
15.040000,-56.545999
15.050000,-56.516333
15.060000,-56.486459
15.070000,-56.456374
15.080000,-56.426073
15.090000,-56.395553
15.100000,-56.364809
15.110000,-56.333837
15.120000,-56.302633
15.130000,-56.271192
15.140000,-56.239509
15.150000,-56.207579
15.160000,-56.175399
15.170000,-56.142962
15.180000,-56.110263
15.190000,-56.077298
15.200000,-56.044061
15.210000,-56.010546
15.220000,-55.976748
15.230000,-55.942661
15.240000,-55.908279
15.250000,-55.873596
15.260000,-55.838606
15.270000,-55.803302
15.280000,-55.767678
15.290000,-55.731726
15.300000,-55.695441
15.310000,-55.658814
15.320000,-55.621839
15.330000,-55.584509
15.340000,-55.546814
15.350000,-55.508748
15.360000,-55.470302
15.370000,-55.431469
15.380000,-55.392238
15.390000,-55.352603
15.400000,-55.312552
15.410000,-55.272078
15.420000,-55.231171
15.430000,-55.189820
15.440000,-55.148015
15.450000,-55.105747
15.460000,-55.063004
15.470000,-55.019775
15.480000,-54.976049
15.490000,-54.931814
15.500000,-54.887058
15.510000,-54.841768
15.520000,-54.795932
15.530000,-54.749537
15.540000,-54.702568
15.550000,-54.655012
15.560000,-54.606855
15.570000,-54.558080
15.580000,-54.508673
15.590000,-54.458619
15.600000,-54.407899
15.610000,-54.356498
15.620000,-54.304398
15.630000,-54.251581
15.640000,-54.198027
15.650000,-54.143719
15.660000,-54.088635
15.670000,-54.032755
15.680000,-53.976058
15.690000,-53.918521
15.700000,-53.860122
15.710000,-53.800837
15.720000,-53.740641
15.730000,-53.679510
15.740000,-53.617416
15.750000,-53.554332
15.760000,-53.490231
15.770000,-53.425083
15.780000,-53.358857
15.790000,-53.291523
15.800000,-53.223047
15.810000,-53.153395
15.820000,-53.082533
15.830000,-53.010423
15.840000,-52.937028
15.850000,-52.862308
15.860000,-52.786222
15.870000,-52.708728
15.880000,-52.629781
15.890000,-52.549334
15.900000,-52.467340
15.910000,-52.383748
15.920000,-52.298507
15.930000,-52.211562
15.940000,-52.122856
15.950000,-52.032330
15.960000,-51.939922
15.970000,-51.845568
15.980000,-51.749201
15.990000,-51.650750
16.000000,-51.550142
16.010000,-51.447301
16.020000,-51.342146
16.030000,-51.234593
16.040000,-51.124554
16.050000,-51.011937
16.060000,-50.896646
16.070000,-50.778581
16.080000,-50.657634
16.090000,-50.533694
16.100000,-50.406646
16.110000,-50.276367
16.120000,-50.142727
16.130000,-50.005593
16.140000,-49.864820
16.150000,-49.720261
16.160000,-49.571757
16.170000,-49.419143
16.180000,-49.262243
16.190000,-49.100874
16.200000,-48.934841
16.210000,-48.763939
16.220000,-48.587951
16.230000,-48.406648
16.240000,-48.219788
16.250000,-48.027116
16.260000,-47.828359
16.270000,-47.623232
16.280000,-47.411429
16.290000,-47.192630
16.300000,-46.966491
16.310000,-46.732650
16.320000,-46.490721
16.330000,-46.240294
16.340000,-45.980934
16.350000,-45.712178
16.360000,-45.433532
16.370000,-45.144470
16.380000,-44.844434
16.390000,-44.532826
16.400000,-44.209009
16.410000,-43.872304
16.420000,-43.521987
16.430000,-43.157281
16.440000,-42.777360
16.450000,-42.381338
16.460000,-41.968269
16.470000,-41.537143
16.480000,-41.086877
16.490000,-40.616313
16.500000,-40.124215
16.510000,-39.609258
16.520000,-39.070027
16.530000,-38.505010
16.540000,-37.912592
16.550000,-37.291048
16.560000,-36.638539
16.570000,-35.953110
16.580000,-35.232678
16.590000,-34.475037
16.600000,-33.677850
16.610000,-32.838651
16.620000,-31.954847
16.630000,-31.023723
16.640000,-30.042455
16.650000,-29.008119
16.660000,-27.917717
16.670000,-26.768204
16.680000,-25.556529
16.690000,-24.279686
16.700000,-22.934781
16.710000,-21.519112
16.720000,-20.030273
16.730000,-18.466275
16.740000,-16.825693
16.750000,-15.107836
16.760000,-13.312934
16.770000,-11.442347
16.780000,-9.498786
16.790000,-7.486533
16.800000,-5.411636
16.810000,-3.282088
16.820000,-1.107923
16.830000,1.098748
16.840000,3.323827
16.850000,5.551430
16.860000,7.764233
16.870000,9.943948
16.880000,12.071903
16.890000,14.129715
16.900000,16.099987
16.910000,17.966978
16.920000,19.717200
16.930000,21.339883
16.940000,22.827262
16.950000,24.174701
16.960000,25.380612
16.970000,26.446232
16.980000,27.375263
16.990000,28.173431
17.000000,28.848013
17.010000,29.407354
17.020000,29.860424
17.030000,30.216431
17.040000,30.484497
17.050000,30.673416
17.060000,30.791469
17.070000,30.846320
17.080000,30.844944
17.090000,30.793618
17.100000,30.697924
17.110000,30.562792
17.120000,30.392546
17.130000,30.190957
17.140000,29.961310
17.150000,29.706455
17.160000,29.428867
17.170000,29.130698
17.180000,28.813822
17.190000,28.479874
17.200000,28.130290
17.210000,27.766332
17.220000,27.389120
17.230000,26.999652
17.240000,26.598821
17.250000,26.187432
17.260000,25.766217
17.270000,25.335841
17.280000,24.896917
17.290000,24.450009
17.300000,23.995641
17.310000,23.534300
17.320000,23.066442
17.330000,22.592495
17.340000,22.112862
17.350000,21.627924
17.360000,21.138041
17.370000,20.643555
17.380000,20.144790
17.390000,19.642057
17.400000,19.135649
17.410000,18.625848
17.420000,18.112921
17.430000,17.597126
17.440000,17.078707
17.450000,16.557899
17.460000,16.034924
17.470000,15.509998
17.480000,14.983325
17.490000,14.455101
17.500000,13.925512
17.510000,13.394737
17.520000,12.862948
17.530000,12.330308
17.540000,11.796971
17.550000,11.263088
17.560000,10.728798
17.570000,10.194238
17.580000,9.659535
17.590000,9.124813
17.600000,8.590187
17.610000,8.055768
17.620000,7.521662
17.630000,6.987966
17.640000,6.454777
17.650000,5.922183
17.660000,5.390269
17.670000,4.859114
17.680000,4.328794
17.690000,3.799380
17.700000,3.270939
17.710000,2.743532
17.720000,2.217220
17.730000,1.692056
17.740000,1.168093
17.750000,0.645379
17.760000,0.123957
17.770000,-0.396130
17.780000,-0.914844
17.790000,-1.432150
17.800000,-1.948016
17.810000,-2.462412
17.820000,-2.975310
17.830000,-3.486686
17.840000,-3.996519
17.850000,-4.504788
17.860000,-5.011476
17.870000,-5.516568
17.880000,-6.020051
17.890000,-6.521914
17.900000,-7.022147
17.910000,-7.520743
17.920000,-8.017697
17.930000,-8.513005
17.940000,-9.006666
17.950000,-9.498678
17.960000,-9.989045
17.970000,-10.477767
17.980000,-10.964851
17.990000,-11.450302
18.000000,-11.934128
18.010000,-12.416338
18.020000,-12.896942
18.030000,-13.375953
18.040000,-13.853384
18.050000,-14.329250
18.060000,-14.803567
18.070000,-15.276354
18.080000,-15.747630
18.090000,-16.217415
18.100000,-16.685732
18.110000,-17.152606
18.120000,-17.618062
18.130000,-18.082128
18.140000,-18.544832
18.150000,-19.006205
18.160000,-19.466281
18.170000,-19.925093
18.180000,-20.382679
18.190000,-20.839077
18.200000,-21.294328
18.210000,-21.748474
18.220000,-22.201561
18.230000,-22.653637
18.240000,-23.104751
18.250000,-23.554957
18.260000,-24.004309
18.270000,-24.452865
18.280000,-24.900688
18.290000,-25.347840
18.300000,-25.794388
18.310000,-26.240404
18.320000,-26.685960
18.330000,-27.131133
18.340000,-27.576005
18.350000,-28.020660
18.360000,-28.465185
18.370000,-28.909672
18.380000,-29.354218
18.390000,-29.798922
18.400000,-30.243889
18.410000,-30.689228
18.420000,-31.135050
18.430000,-31.581475
18.440000,-32.028623
18.450000,-32.476621
18.460000,-32.925600
18.470000,-33.375698
18.480000,-33.827054
18.490000,-34.279813
18.500000,-34.734127
18.510000,-35.190151
18.520000,-35.648043
18.530000,-36.107969
18.540000,-36.570097
18.550000,-37.034601
18.560000,-37.501659
18.570000,-37.971450
18.580000,-38.444162
18.590000,-38.919982
18.600000,-39.399102
18.610000,-39.881716
18.620000,-40.368020
18.630000,-40.858210
18.640000,-41.352486
18.650000,-41.851044
18.660000,-42.354081
18.670000,-42.861791
18.680000,-43.374365
18.690000,-43.891989
18.700000,-44.414842
18.710000,-44.943094
18.720000,-45.476907
18.730000,-46.016430
18.740000,-46.561797
18.750000,-47.113123
18.760000,-47.670507
18.770000,-48.234022
18.780000,-48.803714
18.790000,-49.379602
18.800000,-49.961668
18.810000,-50.549859
18.820000,-51.144077
18.830000,-51.744182
18.840000,-52.349978
18.850000,-52.961219
18.860000,-53.577597
18.870000,-54.198741
18.880000,-54.824212
18.890000,-55.453500
18.900000,-56.086021
18.910000,-56.721113
18.920000,-57.358039
18.930000,-57.995981
18.940000,-58.634043
18.950000,-59.271256
18.960000,-59.906577
18.970000,-60.538897
18.980000,-61.167050
18.990000,-61.789818
19.000000,-62.405944
19.010000,-63.014148
19.020000,-63.613134
19.030000,-64.201611
19.040000,-64.778309
19.050000,-65.341995
19.060000,-65.891490
19.070000,-66.425686
19.080000,-66.943563
19.090000,-67.444202
19.100000,-67.926800
19.110000,-68.390676
19.120000,-68.835284
19.130000,-69.260214
19.140000,-69.665194
19.150000,-70.050091
19.160000,-70.414906
19.170000,-70.759768
19.180000,-71.084923
19.190000,-71.390728
19.200000,-71.677635
19.210000,-71.946184
19.220000,-72.196984
19.230000,-72.430702
19.240000,-72.648053
19.250000,-72.849783
19.260000,-73.036663
19.270000,-73.209473
19.280000,-73.368997
19.290000,-73.516014
19.300000,-73.651288
19.310000,-73.775567
19.320000,-73.889575
19.330000,-73.994008
19.340000,-74.089533
19.350000,-74.176787
19.360000,-74.256372
19.370000,-74.328857
19.380000,-74.394777
19.390000,-74.454636
19.400000,-74.508903
19.410000,-74.558015
19.420000,-74.602381
19.430000,-74.642378
19.440000,-74.678358
19.450000,-74.710645
19.460000,-74.739538
19.470000,-74.765314
19.480000,-74.788227
19.490000,-74.808512
19.500000,-74.826383
19.510000,-74.842040
19.520000,-74.855664
19.530000,-74.867421
19.540000,-74.877464
19.550000,-74.885934
19.560000,-74.892958
19.570000,-74.898656
19.580000,-74.903133
19.590000,-74.906489
19.600000,-74.908814
19.610000,-74.910192
19.620000,-74.910696
19.630000,-74.910397
19.640000,-74.909358
19.650000,-74.907636
19.660000,-74.905286
19.670000,-74.902355
19.680000,-74.898889
19.690000,-74.894926
19.700000,-74.890506
19.710000,-74.885663
19.720000,-74.880426
19.730000,-74.874826
19.740000,-74.868888
19.750000,-74.862637
19.760000,-74.856094
19.770000,-74.849281
19.780000,-74.842214
19.790000,-74.834912
19.800000,-74.827390
19.810000,-74.819663
19.820000,-74.811743
19.830000,-74.803643
19.840000,-74.795374
19.850000,-74.786945
19.860000,-74.778368
19.870000,-74.769649
19.880000,-74.760798
19.890000,-74.751820
19.900000,-74.742724
19.910000,-74.733515
19.920000,-74.724199
19.930000,-74.714782
19.940000,-74.705267
19.950000,-74.695660
19.960000,-74.685964
19.970000,-74.676184
19.980000,-74.666323
19.990000,-74.656384
20.000000,-74.646369
20.010000,-74.636283
20.020000,-74.626127
20.030000,-74.615904
20.040000,-74.605615
20.050000,-74.595264
20.060000,-74.584851
20.070000,-74.574378
20.080000,-74.563848
20.090000,-74.553261
20.100000,-74.542618
20.110000,-74.531922
20.120000,-74.521172
20.130000,-74.510371
20.140000,-74.499520
20.150000,-74.488618
20.160000,-74.477667
20.170000,-74.466668
20.180000,-74.455622
20.190000,-74.444528
20.200000,-74.433389
20.210000,-74.422203
20.220000,-74.410973
20.230000,-74.399698
20.240000,-74.388379
20.250000,-74.377016
20.260000,-74.365610
20.270000,-74.354161
20.280000,-74.342670
20.290000,-74.331136
20.300000,-74.319560
20.310000,-74.307942
20.320000,-74.296283
20.330000,-74.284582
20.340000,-74.272841
20.350000,-74.261059
20.360000,-74.249236
20.370000,-74.237372
20.380000,-74.225469
20.390000,-74.213525
20.400000,-74.201541
20.410000,-74.189518
20.420000,-74.177454
20.430000,-74.165351
20.440000,-74.153209
20.450000,-74.141027
20.460000,-74.128806
20.470000,-74.116545
20.480000,-74.104245
20.490000,-74.091907
20.500000,-74.079529
20.510000,-74.067112
20.520000,-74.054657
20.530000,-74.042162
20.540000,-74.029629
20.550000,-74.017057
20.560000,-74.004446
20.570000,-73.991797
20.580000,-73.979109
20.590000,-73.966383
20.600000,-73.953618
20.610000,-73.940814
20.620000,-73.927972
20.630000,-73.915092
20.640000,-73.902173
20.650000,-73.889216
20.660000,-73.876221
20.670000,-73.863187
20.680000,-73.850115
20.690000,-73.837005
20.700000,-73.823857
20.710000,-73.810670
20.720000,-73.797445
20.730000,-73.784182
20.740000,-73.770881
20.750000,-73.757542
20.760000,-73.744165
20.770000,-73.730749
20.780000,-73.717296
20.790000,-73.703805
20.800000,-73.690275
20.810000,-73.676708
20.820000,-73.663103
20.830000,-73.649459
20.840000,-73.635778
20.850000,-73.622059
20.860000,-73.608302
20.870000,-73.594508
20.880000,-73.580675
20.890000,-73.566805
20.900000,-73.552897
20.910000,-73.538951
20.920000,-73.524967
20.930000,-73.510946
20.940000,-73.496887
20.950000,-73.482790
20.960000,-73.468656
20.970000,-73.454484
20.980000,-73.440275
20.990000,-73.426028
21.000000,-73.411744
21.010000,-73.397422
21.020000,-73.383062
21.030000,-73.368666
21.040000,-73.354232
21.050000,-73.339760
21.060000,-73.325251
21.070000,-73.310705
21.080000,-73.296122
21.090000,-73.281501
21.100000,-73.266843
21.110000,-73.252148
21.120000,-73.237416
21.130000,-73.222647
21.140000,-73.207841
21.150000,-73.192998
21.160000,-73.178118
21.170000,-73.163201
21.180000,-73.148247
21.190000,-73.133256
21.200000,-73.118228
21.210000,-73.103164
21.220000,-73.088063
21.230000,-73.072925
21.240000,-73.057751
21.250000,-73.042540
21.260000,-73.027292
21.270000,-73.012008
21.280000,-72.996688
21.290000,-72.981331
21.300000,-72.965938
21.310000,-72.950509
21.320000,-72.935043
21.330000,-72.919541
21.340000,-72.904003
21.350000,-72.888429
21.360000,-72.872819
21.370000,-72.857173
21.380000,-72.841491
21.390000,-72.825774
21.400000,-72.810020
21.410000,-72.794231
21.420000,-72.778406
21.430000,-72.762545
21.440000,-72.746649
21.450000,-72.730717
21.460000,-72.714750
21.470000,-72.698748
21.480000,-72.682710
21.490000,-72.666637
21.500000,-72.650529
21.510000,-72.634386
21.520000,-72.618208
21.530000,-72.601994
21.540000,-72.585746
21.550000,-72.569463
21.560000,-72.553145
21.570000,-72.536793
21.580000,-72.520406
21.590000,-72.503984
21.600000,-72.487528
21.610000,-72.471038
21.620000,-72.454513
21.630000,-72.437954
21.640000,-72.421361
21.650000,-72.404733
21.660000,-72.388072
21.670000,-72.371377
21.680000,-72.354648
21.690000,-72.337885
21.700000,-72.321089
21.710000,-72.304258
21.720000,-72.287395
21.730000,-72.270498
21.740000,-72.253567
21.750000,-72.236604
21.760000,-72.219607
21.770000,-72.202577
21.780000,-72.185514
21.790000,-72.168418
21.800000,-72.151290
21.810000,-72.134128
21.820000,-72.116934
21.830000,-72.099708
21.840000,-72.082449
21.850000,-72.065157
21.860000,-72.047834
21.870000,-72.030478
21.880000,-72.013090
21.890000,-71.995670
21.900000,-71.978219
21.910000,-71.960735
21.920000,-71.943220
21.930000,-71.925673
21.940000,-71.908095
21.950000,-71.890486
21.960000,-71.872845
21.970000,-71.855173
21.980000,-71.837470
21.990000,-71.819736
22.000000,-71.801971
22.010000,-71.784175
22.020000,-71.766349
22.030000,-71.748492
22.040000,-71.730605
22.050000,-71.712687
22.060000,-71.694740
22.070000,-71.676762
22.080000,-71.658754
22.090000,-71.640716
22.100000,-71.622649
22.110000,-71.604552
22.120000,-71.586425
22.130000,-71.568269
22.140000,-71.550084
22.150000,-71.531869
22.160000,-71.513626
22.170000,-71.495353
22.180000,-71.477052
22.190000,-71.458722
22.200000,-71.440363
22.210000,-71.421976
22.220000,-71.403560
22.230000,-71.385116
22.240000,-71.366644
22.250000,-71.348145
22.260000,-71.329617
22.270000,-71.311061
22.280000,-71.292478
22.290000,-71.273868
22.300000,-71.255230
22.310000,-71.236565
22.320000,-71.217872
22.330000,-71.199153
22.340000,-71.180407
22.350000,-71.161634
22.360000,-71.142835
22.370000,-71.124009
22.380000,-71.105157
22.390000,-71.086278
22.400000,-71.067374
22.410000,-71.048443
22.420000,-71.029487
22.430000,-71.010505
22.440000,-70.991498
22.450000,-70.972465
22.460000,-70.953407
22.470000,-70.934324
22.480000,-70.915215
22.490000,-70.896082
22.500000,-70.876925
22.510000,-70.857742
22.520000,-70.838535
22.530000,-70.819304
22.540000,-70.800049
22.550000,-70.780770
22.560000,-70.761467
22.570000,-70.742140
22.580000,-70.722789
22.590000,-70.703415
22.600000,-70.684018
22.610000,-70.664597
22.620000,-70.645154
22.630000,-70.625688
22.640000,-70.606199
22.650000,-70.586687
22.660000,-70.567153
22.670000,-70.547596
22.680000,-70.528018
22.690000,-70.508417
22.700000,-70.488795
22.710000,-70.469151
22.720000,-70.449485
22.730000,-70.429798
22.740000,-70.410090
22.750000,-70.390360
22.760000,-70.370610
22.770000,-70.350838
22.780000,-70.331047
22.790000,-70.311234
22.800000,-70.291401
22.810000,-70.271548
22.820000,-70.251675
22.830000,-70.231782
22.840000,-70.211870
22.850000,-70.191937
22.860000,-70.171986
22.870000,-70.152015
22.880000,-70.132024
22.890000,-70.112015
22.900000,-70.091987
22.910000,-70.071941
22.920000,-70.051875
22.930000,-70.031792
22.940000,-70.011690
22.950000,-69.991570
22.960000,-69.971433
22.970000,-69.951277
22.980000,-69.931104
22.990000,-69.910914
23.000000,-69.890706
23.010000,-69.870481
23.020000,-69.850239
23.030000,-69.829981
23.040000,-69.809706
23.050000,-69.789414
23.060000,-69.769106
23.070000,-69.748782
23.080000,-69.728442
23.090000,-69.708086
23.100000,-69.687714
23.110000,-69.667327
23.120000,-69.646924
23.130000,-69.626507
23.140000,-69.606074
23.150000,-69.585626
23.160000,-69.565164
23.170000,-69.544687
23.180000,-69.524196
23.190000,-69.503690
23.200000,-69.483170
23.210000,-69.462637
23.220000,-69.442090
23.230000,-69.421529
23.240000,-69.400954
23.250000,-69.380367
23.260000,-69.359766
23.270000,-69.339152
23.280000,-69.318526
23.290000,-69.297887
23.300000,-69.277235
23.310000,-69.256571
23.320000,-69.235895
23.330000,-69.215207
23.340000,-69.194508
23.350000,-69.173796
23.360000,-69.153073
23.370000,-69.132339
23.380000,-69.111593
23.390000,-69.090837
23.400000,-69.070070
23.410000,-69.049292
23.420000,-69.028503
23.430000,-69.007704
23.440000,-68.986895
23.450000,-68.966076
23.460000,-68.945247
23.470000,-68.924408
23.480000,-68.903560
23.490000,-68.882702
23.500000,-68.861835
23.510000,-68.840959
23.520000,-68.820075
23.530000,-68.799181
23.540000,-68.778279
23.550000,-68.757368
23.560000,-68.736449
23.570000,-68.715522
23.580000,-68.694587
23.590000,-68.673644
23.600000,-68.652694
23.610000,-68.631736
23.620000,-68.610770
23.630000,-68.589798
23.640000,-68.568819
23.650000,-68.547832
23.660000,-68.526839
23.670000,-68.505840
23.680000,-68.484834
23.690000,-68.463822
23.700000,-68.442804
23.710000,-68.421780
23.720000,-68.400750
23.730000,-68.379715
23.740000,-68.358674
23.750000,-68.337628
23.760000,-68.316577
23.770000,-68.295521
23.780000,-68.274460
23.790000,-68.253395
23.800000,-68.232325
23.810000,-68.211250
23.820000,-68.190172
23.830000,-68.169089
23.840000,-68.148003
23.850000,-68.126913
23.860000,-68.105819
23.870000,-68.084722
23.880000,-68.063621
23.890000,-68.042518
23.900000,-68.021411
23.910000,-68.000302
23.920000,-67.979190
23.930000,-67.958076
23.940000,-67.936959
23.950000,-67.915840
23.960000,-67.894719
23.970000,-67.873595
23.980000,-67.852471
23.990000,-67.831344
24.000000,-67.810216
24.010000,-67.789087
24.020000,-67.767957
24.030000,-67.746825
24.040000,-67.725693
24.050000,-67.704560
24.060000,-67.683426
24.070000,-67.662292
24.080000,-67.641157
24.090000,-67.620022
24.100000,-67.598888
24.110000,-67.577753
24.120000,-67.556619
24.130000,-67.535485
24.140000,-67.514351
24.150000,-67.493219
24.160000,-67.472087
24.170000,-67.450956
24.180000,-67.429826
24.190000,-67.408697
24.200000,-67.387570
24.210000,-67.366444
24.220000,-67.345320
24.230000,-67.324198
24.240000,-67.303077
24.250000,-67.281959
24.260000,-67.260842
24.270000,-67.239728
24.280000,-67.218617
24.290000,-67.197508
24.300000,-67.176402
24.310000,-67.155298
24.320000,-67.134198
24.330000,-67.113101
24.340000,-67.092007
24.350000,-67.070916
24.360000,-67.049829
24.370000,-67.028745
24.380000,-67.007665
24.390000,-66.986589
24.400000,-66.965517
24.410000,-66.944449
24.420000,-66.923385
24.430000,-66.902326
24.440000,-66.881271
24.450000,-66.860220
24.460000,-66.839175
24.470000,-66.818134
24.480000,-66.797098
24.490000,-66.776067
24.500000,-66.755042
24.510000,-66.734022
24.520000,-66.713007
24.530000,-66.691998
24.540000,-66.670994
24.550000,-66.649996
24.560000,-66.629004
24.570000,-66.608018
24.580000,-66.587039
24.590000,-66.566065
24.600000,-66.545098
24.610000,-66.524137
24.620000,-66.503183
24.630000,-66.482235
24.640000,-66.461294
24.650000,-66.440361
24.660000,-66.419434
24.670000,-66.398514
24.680000,-66.377601
24.690000,-66.356696
24.700000,-66.335798
24.710000,-66.314908
24.720000,-66.294025
24.730000,-66.273150
24.740000,-66.252283
24.750000,-66.231423
24.760000,-66.210572
24.770000,-66.189729
24.780000,-66.168894
24.790000,-66.148067
24.800000,-66.127249
24.810000,-66.106439
24.820000,-66.085638
24.830000,-66.064845
24.840000,-66.044061
24.850000,-66.023286
24.860000,-66.002521
24.870000,-65.981764
24.880000,-65.961016
24.890000,-65.940277
24.900000,-65.919548
24.910000,-65.898828
24.920000,-65.878118
24.930000,-65.857417
24.940000,-65.836726
24.950000,-65.816045
24.960000,-65.795373
24.970000,-65.774711
24.980000,-65.754060
24.990000,-65.733418
25.000000,-65.712786
25.010000,-65.692165
25.020000,-65.671554
25.030000,-65.650953
25.040000,-65.630363
25.050000,-65.609783
25.060000,-65.589214
25.070000,-65.568656
25.080000,-65.548108
25.090000,-65.527571
25.100000,-65.507045
25.110000,-65.486530
25.120000,-65.466026
25.130000,-65.445533
25.140000,-65.425051
25.150000,-65.404581
25.160000,-65.384121
25.170000,-65.363673
25.180000,-65.343237
25.190000,-65.322811
25.200000,-65.302398
25.210000,-65.281996
25.220000,-65.261606
25.230000,-65.241227
25.240000,-65.220860
25.250000,-65.200505
25.260000,-65.180162
25.270000,-65.159831
25.280000,-65.139511
25.290000,-65.119204
25.300000,-65.098909
25.310000,-65.078626
25.320000,-65.058355
25.330000,-65.038097
25.340000,-65.017850
25.350000,-64.997617
25.360000,-64.977395
25.370000,-64.957186
25.380000,-64.936989
25.390000,-64.916805
25.400000,-64.896634
25.410000,-64.876475
25.420000,-64.856329
25.430000,-64.836195
25.440000,-64.816075
25.450000,-64.795967
25.460000,-64.775871
25.470000,-64.755789
25.480000,-64.735720
25.490000,-64.715663
25.500000,-64.695620
25.510000,-64.675589
25.520000,-64.655571
25.530000,-64.635567
25.540000,-64.615575
25.550000,-64.595597
25.560000,-64.575632
25.570000,-64.555680
25.580000,-64.535741
25.590000,-64.515816
25.600000,-64.495903
25.610000,-64.476004
25.620000,-64.456119
25.630000,-64.436246
25.640000,-64.416387
25.650000,-64.396541
25.660000,-64.376709
25.670000,-64.356890
25.680000,-64.337085
25.690000,-64.317293
25.700000,-64.297514
25.710000,-64.277749
25.720000,-64.257997
25.730000,-64.238259
25.740000,-64.218535
25.750000,-64.198823
25.760000,-64.179126
25.770000,-64.159442
25.780000,-64.139771
25.790000,-64.120115
25.800000,-64.100471
25.810000,-64.080842
25.820000,-64.061225
25.830000,-64.041623
25.840000,-64.022034
25.850000,-64.002458
25.860000,-63.982897
25.870000,-63.963349
25.880000,-63.943814
25.890000,-63.924293
25.900000,-63.904786
25.910000,-63.885292
25.920000,-63.865812
25.930000,-63.846345
25.940000,-63.826892
25.950000,-63.807453
25.960000,-63.788027
25.970000,-63.768614
25.980000,-63.749216
25.990000,-63.729830
26.000000,-63.710459
26.010000,-63.691101
26.020000,-63.671756
26.030000,-63.652425
26.040000,-63.633107
26.050000,-63.613803
26.060000,-63.594512
26.070000,-63.575235
26.080000,-63.555971
26.090000,-63.536720
26.100000,-63.517483
26.110000,-63.498260
26.120000,-63.479049
26.130000,-63.459852
26.140000,-63.440668
26.150000,-63.421498
26.160000,-63.402341
26.170000,-63.383197
26.180000,-63.364066
26.190000,-63.344948
26.200000,-63.325844
26.210000,-63.306752
26.220000,-63.287674
26.230000,-63.268609
26.240000,-63.249556
26.250000,-63.230517
26.260000,-63.211491
26.270000,-63.192477
26.280000,-63.173477
26.290000,-63.154489
26.300000,-63.135514
26.310000,-63.116552
26.320000,-63.097603
26.330000,-63.078666
26.340000,-63.059742
26.350000,-63.040831
26.360000,-63.021932
26.370000,-63.003046
26.380000,-62.984172
26.390000,-62.965311
26.400000,-62.946462
26.410000,-62.927626
26.420000,-62.908801
26.430000,-62.889989
26.440000,-62.871190
26.450000,-62.852402
26.460000,-62.833627
26.470000,-62.814863
26.480000,-62.796112
26.490000,-62.777372
26.500000,-62.758645
26.510000,-62.739929
26.520000,-62.721225
26.530000,-62.702533
26.540000,-62.683852
26.550000,-62.665183
26.560000,-62.646526
26.570000,-62.627880
26.580000,-62.609245
26.590000,-62.590622
26.600000,-62.572010
26.610000,-62.553410
26.620000,-62.534821
26.630000,-62.516242
26.640000,-62.497675
26.650000,-62.479119
26.660000,-62.460573
26.670000,-62.442039
26.680000,-62.423515
26.690000,-62.405002
26.700000,-62.386500
26.710000,-62.368008
26.720000,-62.349526
26.730000,-62.331055
26.740000,-62.312595
26.750000,-62.294144
26.760000,-62.275704
26.770000,-62.257274
26.780000,-62.238854
26.790000,-62.220443
26.800000,-62.202043
26.810000,-62.183652
26.820000,-62.165271
26.830000,-62.146900
26.840000,-62.128538
26.850000,-62.110186
26.860000,-62.091843
26.870000,-62.073509
26.880000,-62.055184
26.890000,-62.036869
26.900000,-62.018562
26.910000,-62.000264
26.920000,-61.981976
26.930000,-61.963695
26.940000,-61.945424
26.950000,-61.927161
26.960000,-61.908906
26.970000,-61.890660
26.980000,-61.872422
26.990000,-61.854191
27.000000,-61.835969
27.010000,-61.817755
27.020000,-61.799549
27.030000,-61.781350
27.040000,-61.763160
27.050000,-61.744976
27.060000,-61.726800
27.070000,-61.708631
27.080000,-61.690469
27.090000,-61.672315
27.100000,-61.654167
27.110000,-61.636026
27.120000,-61.617892
27.130000,-61.599765
27.140000,-61.581644
27.150000,-61.563529
27.160000,-61.545421
27.170000,-61.527318
27.180000,-61.509222
27.190000,-61.491132
27.200000,-61.473047
27.210000,-61.454968
27.220000,-61.436895
27.230000,-61.418827
27.240000,-61.400764
27.250000,-61.382706
27.260000,-61.364654
27.270000,-61.346606
27.280000,-61.328563
27.290000,-61.310524
27.300000,-61.292490
27.310000,-61.274461
27.320000,-61.256435
27.330000,-61.238414
27.340000,-61.220396
27.350000,-61.202383
27.360000,-61.184373
27.370000,-61.166366
27.380000,-61.148363
27.390000,-61.130363
27.400000,-61.112366
27.410000,-61.094372
27.420000,-61.076380
27.430000,-61.058392
27.440000,-61.040405
27.450000,-61.022421
27.460000,-61.004439
27.470000,-60.986459
27.480000,-60.968481
27.490000,-60.950505
27.500000,-60.932530
27.510000,-60.914556
27.520000,-60.896584
27.530000,-60.878612
27.540000,-60.860641
27.550000,-60.842671
27.560000,-60.824702
27.570000,-60.806732
27.580000,-60.788763
27.590000,-60.770794
27.600000,-60.752825
27.610000,-60.734855
27.620000,-60.716884
27.630000,-60.698913
27.640000,-60.680941
27.650000,-60.662968
27.660000,-60.644993
27.670000,-60.627017
27.680000,-60.609039
27.690000,-60.591059
27.700000,-60.573077
27.710000,-60.555093
27.720000,-60.537106
27.730000,-60.519117
27.740000,-60.501124
27.750000,-60.483129
27.760000,-60.465130
27.770000,-60.447128
27.780000,-60.429122
27.790000,-60.411111
27.800000,-60.393097
27.810000,-60.375078
27.820000,-60.357055
27.830000,-60.339027
27.840000,-60.320994
27.850000,-60.302955
27.860000,-60.284911
27.870000,-60.266861
27.880000,-60.248805
27.890000,-60.230743
27.900000,-60.212674
27.910000,-60.194599
27.920000,-60.176517
27.930000,-60.158427
27.940000,-60.140330
27.950000,-60.122225
27.960000,-60.104113
27.970000,-60.085992
27.980000,-60.067862
27.990000,-60.049724
28.000000,-60.031577
28.010000,-60.013421
28.020000,-59.995255
28.030000,-59.977079
28.040000,-59.958893
28.050000,-59.940696
28.060000,-59.922489
28.070000,-59.904271
28.080000,-59.886042
28.090000,-59.867801
28.100000,-59.849548
28.110000,-59.831283
28.120000,-59.813006
28.130000,-59.794716
28.140000,-59.776413
28.150000,-59.758096
28.160000,-59.739766
28.170000,-59.721422
28.180000,-59.703063
28.190000,-59.684690
28.200000,-59.666302
28.210000,-59.647898
28.220000,-59.629479
28.230000,-59.611044
28.240000,-59.592592
28.250000,-59.574123
28.260000,-59.555638
28.270000,-59.537135
28.280000,-59.518614
28.290000,-59.500076
28.300000,-59.481518
28.310000,-59.462942
28.320000,-59.444346
28.330000,-59.425731
28.340000,-59.407095
28.350000,-59.388440
28.360000,-59.369763
28.370000,-59.351065
28.380000,-59.332345
28.390000,-59.313603
28.400000,-59.294839
28.410000,-59.276052
28.420000,-59.257241
28.430000,-59.238406
28.440000,-59.219548
28.450000,-59.200664
28.460000,-59.181755
28.470000,-59.162821
28.480000,-59.143861
28.490000,-59.124874
28.500000,-59.105860
28.510000,-59.086818
28.520000,-59.067748
28.530000,-59.048650
28.540000,-59.029523
28.550000,-59.010366
28.560000,-58.991180
28.570000,-58.971962
28.580000,-58.952714
28.590000,-58.933434
28.600000,-58.914122
28.610000,-58.894777
28.620000,-58.875398
28.630000,-58.855986
28.640000,-58.836540
28.650000,-58.817058
28.660000,-58.797540
28.670000,-58.777987
28.680000,-58.758397
28.690000,-58.738769
28.700000,-58.719103
28.710000,-58.699398
28.720000,-58.679654
28.730000,-58.659870
28.740000,-58.640045
28.750000,-58.620179
28.760000,-58.600271
28.770000,-58.580320
28.780000,-58.560325
28.790000,-58.540287
28.800000,-58.520203
28.810000,-58.500074
28.820000,-58.479899
28.830000,-58.459676
28.840000,-58.439406
28.850000,-58.419086
28.860000,-58.398718
28.870000,-58.378299
28.880000,-58.357829
28.890000,-58.337307
28.900000,-58.316732
28.910000,-58.296104
28.920000,-58.275421
28.930000,-58.254682
28.940000,-58.233888
28.950000,-58.213036
28.960000,-58.192126
28.970000,-58.171157
28.980000,-58.150128
28.990000,-58.129038
29.000000,-58.107886
29.010000,-58.086671
29.020000,-58.065392
29.030000,-58.044048
29.040000,-58.022638
29.050000,-58.001160
29.060000,-57.979615
29.070000,-57.958000
29.080000,-57.936314
29.090000,-57.914557
29.100000,-57.892727
29.110000,-57.870823
29.120000,-57.848843
29.130000,-57.826788
29.140000,-57.804654
29.150000,-57.782442
29.160000,-57.760149
29.170000,-57.737775
29.180000,-57.715318
29.190000,-57.692776
29.200000,-57.670149
29.210000,-57.647435
29.220000,-57.624632
29.230000,-57.601739
29.240000,-57.578755
29.250000,-57.555678
29.260000,-57.532506
29.270000,-57.509238
29.280000,-57.485872
29.290000,-57.462407
29.300000,-57.438841
29.310000,-57.415172
29.320000,-57.391399
29.330000,-57.367520
29.340000,-57.343532
29.350000,-57.319435
29.360000,-57.295226
29.370000,-57.270904
29.380000,-57.246465
29.390000,-57.221910
29.400000,-57.197235
29.410000,-57.172438
29.420000,-57.147518
29.430000,-57.122471
29.440000,-57.097297
29.450000,-57.071993
29.460000,-57.046556
29.470000,-57.020984
29.480000,-56.995275
29.490000,-56.969427
29.500000,-56.943437
29.510000,-56.917302
29.520000,-56.891020
29.530000,-56.864588
29.540000,-56.838004
29.550000,-56.811265
29.560000,-56.784368
29.570000,-56.757310
29.580000,-56.730088
29.590000,-56.702700
29.600000,-56.675143
29.610000,-56.647412
29.620000,-56.619506
29.630000,-56.591420
29.640000,-56.563152
29.650000,-56.534698
29.660000,-56.506055
29.670000,-56.477219
29.680000,-56.448187
29.690000,-56.418954
29.700000,-56.389518
29.710000,-56.359873
29.720000,-56.330017
29.730000,-56.299945
29.740000,-56.269653
29.750000,-56.239137
29.760000,-56.208393
29.770000,-56.177415
29.780000,-56.146200
29.790000,-56.114742
29.800000,-56.083038
29.810000,-56.051081
29.820000,-56.018868
29.830000,-55.986393
29.840000,-55.953650
29.850000,-55.920635
29.860000,-55.887341
29.870000,-55.853763
29.880000,-55.819896
29.890000,-55.785733
29.900000,-55.751268
29.910000,-55.716495
29.920000,-55.681408
29.930000,-55.646000
29.940000,-55.610263
29.950000,-55.574192
29.960000,-55.537779
29.970000,-55.501016
29.980000,-55.463897
29.990000,-55.426413
30.000000,-55.388557
30.010000,-55.350320
30.020000,-55.311694
30.030000,-55.272670
30.040000,-55.233239
30.050000,-55.193393
30.060000,-55.153123
30.070000,-55.112417
30.080000,-55.071267
30.090000,-55.029662
30.100000,-54.987592
30.110000,-54.945046
30.120000,-54.902013
30.130000,-54.858481
30.140000,-54.814439
30.150000,-54.769875
30.160000,-54.724775
30.170000,-54.679128
30.180000,-54.632920
30.190000,-54.586136
30.200000,-54.538764
30.210000,-54.490789
30.220000,-54.442194
30.230000,-54.392966
30.240000,-54.343088
30.250000,-54.292544
30.260000,-54.241316
30.270000,-54.189386
30.280000,-54.136738
30.290000,-54.083352
30.300000,-54.029208
30.310000,-53.974286
30.320000,-53.918567
30.330000,-53.862028
30.340000,-53.804647
30.350000,-53.746401
30.360000,-53.687267
30.370000,-53.627219
30.380000,-53.566233
30.390000,-53.504282
30.400000,-53.441339
30.410000,-53.377375
30.420000,-53.312362
30.430000,-53.246268
30.440000,-53.179062
30.450000,-53.110711
30.460000,-53.041181
30.470000,-52.970438
30.480000,-52.898444
30.490000,-52.825161
30.500000,-52.750550
30.510000,-52.674569
30.520000,-52.597176
30.530000,-52.518327
30.540000,-52.437974
30.550000,-52.356070
30.560000,-52.272564
30.570000,-52.187405
30.580000,-52.100538
30.590000,-52.011905
30.600000,-51.921448
30.610000,-51.829105
30.620000,-51.734812
30.630000,-51.638501
30.640000,-51.540101
30.650000,-51.439540
30.660000,-51.336741
30.670000,-51.231622
30.680000,-51.124102
30.690000,-51.014090
30.700000,-50.901496
30.710000,-50.786223
30.720000,-50.668169
30.730000,-50.547230
30.740000,-50.423293
30.750000,-50.296242
30.760000,-50.165956
30.770000,-50.032304
30.780000,-49.895152
30.790000,-49.754359
30.800000,-49.609773
30.810000,-49.461239
30.820000,-49.308590
30.830000,-49.151652
30.840000,-48.990241
30.850000,-48.824162
30.860000,-48.653212
30.870000,-48.477173
30.880000,-48.295818
30.890000,-48.108905
30.900000,-47.916178
30.910000,-47.717368
30.920000,-47.512188
30.930000,-47.300336
30.940000,-47.081490
30.950000,-46.855309
30.960000,-46.621434
30.970000,-46.379478
30.980000,-46.129036
30.990000,-45.869673
31.000000,-45.600929
31.010000,-45.322314
31.020000,-45.033305
31.030000,-44.733347
31.040000,-44.421846
31.050000,-44.098172
31.060000,-43.761650
31.070000,-43.411562
31.080000,-43.047138
31.090000,-42.667560
31.100000,-42.271952
31.110000,-41.859377
31.120000,-41.428836
31.130000,-40.979258
31.140000,-40.509502
31.150000,-40.018346
31.160000,-39.504484
31.170000,-38.966521
31.180000,-38.402970
31.190000,-37.812239
31.200000,-37.192635
31.210000,-36.542352
31.220000,-35.859471
31.230000,-35.141951
31.240000,-34.387632
31.250000,-33.594228
31.260000,-32.759331
31.270000,-31.880413
31.280000,-30.954830
31.290000,-29.979833
31.300000,-28.952585
31.310000,-27.870177
31.320000,-26.729667
31.330000,-25.528106
31.340000,-24.262601
31.350000,-22.930371
31.360000,-21.528830
31.370000,-20.055684
31.380000,-18.509050
31.390000,-16.887596
31.400000,-15.190702
31.410000,-13.418637
31.420000,-11.572765
31.430000,-9.655744
31.440000,-7.671739
31.450000,-5.626607
31.460000,-3.528063
31.470000,-1.385776
31.480000,0.788602
31.490000,2.981514
31.500000,5.177686
31.510000,7.360447
31.520000,9.512171
31.530000,11.614825
31.540000,13.650597
31.550000,15.602551
31.560000,17.455272
31.570000,19.195438
31.580000,20.812270
31.590000,22.297835
31.600000,23.647176
31.610000,24.858271
31.620000,25.931834
31.630000,26.871002
31.640000,27.680930
31.650000,28.368341
31.660000,28.941077
31.670000,29.407667
31.680000,29.776953
31.690000,30.057768
31.700000,30.258688
31.710000,30.387848
31.720000,30.452817
31.730000,30.460532
31.740000,30.417262
31.750000,30.328616
31.760000,30.199570
31.770000,30.034505
31.780000,29.837263
31.790000,29.611197
31.800000,29.359231
31.810000,29.083910
31.820000,28.787451
31.830000,28.471789
31.840000,28.138618
31.850000,27.789423
31.860000,27.425515
31.870000,27.048056
31.880000,26.658080
31.890000,26.256513
31.900000,25.844191
31.910000,25.421871
31.920000,24.990242
31.930000,24.549937
31.940000,24.101539
31.950000,23.645588
31.960000,23.182585
31.970000,22.713000
31.980000,22.237273
31.990000,21.755816
32.000000,21.269020
32.010000,20.777254
32.020000,20.280867
32.030000,19.780191
32.040000,19.275541
32.050000,18.767218
32.060000,18.255507
32.070000,17.740682
32.080000,17.223003
32.090000,16.702719
32.100000,16.180067
32.110000,15.655274
32.120000,15.128557
32.130000,14.600124
32.140000,14.070172
32.150000,13.538890
32.160000,13.006458
32.170000,12.473050
32.180000,11.938829
32.190000,11.403952
32.200000,10.868570
32.210000,10.332823
32.220000,9.796849
32.230000,9.260775
32.240000,8.724725
32.250000,8.188816
32.260000,7.653158
32.270000,7.117856
32.280000,6.583010
32.290000,6.048714
32.300000,5.515057
32.310000,4.982123
32.320000,4.449992
32.330000,3.918739
32.340000,3.388434
32.350000,2.859144
32.360000,2.330930
32.370000,1.803851
32.380000,1.277961
32.390000,0.753312
32.400000,0.229949
32.410000,-0.292082
32.420000,-0.812741
32.430000,-1.331991
32.440000,-1.849797
32.450000,-2.366128
32.460000,-2.880954
32.470000,-3.394249
32.480000,-3.905991
32.490000,-4.416156
32.500000,-4.924728
32.510000,-5.431689
32.520000,-5.937025
32.530000,-6.440723
32.540000,-6.942774
32.550000,-7.443169
32.560000,-7.941902
32.570000,-8.438969
32.580000,-8.934366
32.590000,-9.428093
32.600000,-9.920151
32.610000,-10.410543
32.620000,-10.899271
32.630000,-11.386341
32.640000,-11.871762
32.650000,-12.355541
32.660000,-12.837688
32.670000,-13.318216
32.680000,-13.797137
32.690000,-14.274466
32.700000,-14.750220
32.710000,-15.224415
32.720000,-15.697071
32.730000,-16.168209
32.740000,-16.637851
32.750000,-17.106021
32.760000,-17.572745
32.770000,-18.038049
32.780000,-18.501963
32.790000,-18.964518
32.800000,-19.425745
32.810000,-19.885680
32.820000,-20.344359
32.830000,-20.801820
32.840000,-21.258104
32.850000,-21.713254
32.860000,-22.167315
32.870000,-22.620334
32.880000,-23.072362
32.890000,-23.523450
32.900000,-23.973655
32.910000,-24.423034
32.920000,-24.871647
32.930000,-25.319559
32.940000,-25.766837
32.950000,-26.213550
32.960000,-26.659772
32.970000,-27.105580
32.980000,-27.551055
32.990000,-27.996280
33.000000,-28.441343
33.010000,-28.886335
33.020000,-29.331354
33.030000,-29.776498
33.040000,-30.221871
33.050000,-30.667581
33.060000,-31.113741
33.070000,-31.560469
33.080000,-32.007885
33.090000,-32.456116
33.100000,-32.905293
33.110000,-33.355550
33.120000,-33.807029
33.130000,-34.259875
33.140000,-34.714237
33.150000,-35.170269
33.160000,-35.628131
33.170000,-36.087986
33.180000,-36.550003
33.190000,-37.014354
33.200000,-37.481215
33.210000,-37.950768
33.220000,-38.423196
33.230000,-38.898687
33.240000,-39.377432
33.250000,-39.859623
33.260000,-40.345456
33.270000,-40.835127
33.280000,-41.328833
33.290000,-41.826769
33.300000,-42.329133
33.310000,-42.836116
33.320000,-43.347908
33.330000,-43.864695
33.340000,-44.386655
33.350000,-44.913958
33.360000,-45.446765
33.370000,-45.985223
33.380000,-46.529466
33.390000,-47.079612
33.400000,-47.635757
33.410000,-48.197976
33.420000,-48.766316
33.430000,-49.340796
33.440000,-49.921402
33.450000,-50.508081
33.460000,-51.100740
33.470000,-51.699240
33.480000,-52.303392
33.490000,-52.912954
33.500000,-53.527623
33.510000,-54.147036
33.520000,-54.770761
33.530000,-55.398297
33.540000,-56.029070
33.550000,-56.662428
33.560000,-57.297644
33.570000,-57.933914
33.580000,-58.570356
33.590000,-59.206012
33.600000,-59.839855
33.610000,-60.470790
33.620000,-61.097666
33.630000,-61.719278
33.640000,-62.334386
33.650000,-62.941719
33.660000,-63.539995
33.670000,-64.127934
33.680000,-64.704274
33.690000,-65.267790
33.700000,-65.817305
33.710000,-66.351716
33.720000,-66.870002
33.730000,-67.371241
33.740000,-67.854623
33.750000,-68.319462
33.760000,-68.765200
33.770000,-69.191415
33.780000,-69.597823
33.790000,-69.984274
33.800000,-70.350754
33.810000,-70.697373
33.820000,-71.024363
33.830000,-71.332063
33.840000,-71.620909
33.850000,-71.891424
33.860000,-72.144202
33.870000,-72.379899
33.880000,-72.599215
33.890000,-72.802886
33.900000,-72.991672
33.910000,-73.166346
33.920000,-73.327685
33.930000,-73.476460
33.940000,-73.613433
33.950000,-73.739347
33.960000,-73.854923
33.970000,-73.960857
33.980000,-74.057814
33.990000,-74.146431
34.000000,-74.227310
34.010000,-74.301022
34.020000,-74.368104
34.030000,-74.429059
34.040000,-74.484359
34.050000,-74.534445
34.060000,-74.579726
34.070000,-74.620583
34.080000,-74.657369
34.090000,-74.690411
34.100000,-74.720011
34.110000,-74.746449
34.120000,-74.769980
34.130000,-74.790841
34.140000,-74.809252
34.150000,-74.825410
34.160000,-74.839501
34.170000,-74.851693
34.180000,-74.862141
34.190000,-74.870987
34.200000,-74.878361
34.210000,-74.884383
34.220000,-74.889161
34.230000,-74.892796
34.240000,-74.895380
34.250000,-74.896996
34.260000,-74.897721
34.270000,-74.897627
34.280000,-74.896776
34.290000,-74.895228
34.300000,-74.893038
34.310000,-74.890254
34.320000,-74.886923
34.330000,-74.883085
34.340000,-74.878778
34.350000,-74.874038
34.360000,-74.868897
34.370000,-74.863383
34.380000,-74.857523
34.390000,-74.851343
34.400000,-74.844864
34.410000,-74.838108
34.420000,-74.831093
34.430000,-74.823837
34.440000,-74.816355
34.450000,-74.808664
34.460000,-74.800775
34.470000,-74.792701
34.480000,-74.784455
34.490000,-74.776046
34.500000,-74.767484
34.510000,-74.758777
34.520000,-74.749935
34.530000,-74.740964
34.540000,-74.731871
34.550000,-74.722664
34.560000,-74.713346
34.570000,-74.703925
34.580000,-74.694405
34.590000,-74.684790
34.600000,-74.675086
34.610000,-74.665295
34.620000,-74.655421
34.630000,-74.645468
34.640000,-74.635438
34.650000,-74.625335
34.660000,-74.615161
34.670000,-74.604919
34.680000,-74.594610
34.690000,-74.584238
34.700000,-74.573803
34.710000,-74.563307
34.720000,-74.552753
34.730000,-74.542141
34.740000,-74.531473
34.750000,-74.520751
34.760000,-74.509975
34.770000,-74.499146
34.780000,-74.488267
34.790000,-74.477337
34.800000,-74.466357
34.810000,-74.455329
34.820000,-74.444252
34.830000,-74.433128
34.840000,-74.421958
34.850000,-74.410742
34.860000,-74.399480
34.870000,-74.388173
34.880000,-74.376822
34.890000,-74.365427
34.900000,-74.353988
34.910000,-74.342506
34.920000,-74.330981
34.930000,-74.319414
34.940000,-74.307804
34.950000,-74.296152
34.960000,-74.284459
34.970000,-74.272724
34.980000,-74.260948
34.990000,-74.249131
35.000000,-74.237274
35.010000,-74.225375
35.020000,-74.213436
35.030000,-74.201457
35.040000,-74.189438
35.050000,-74.177379
35.060000,-74.165280
35.070000,-74.153141
35.080000,-74.140963
35.090000,-74.128745
35.100000,-74.116488
35.110000,-74.104191
35.120000,-74.091855
35.130000,-74.079480
35.140000,-74.067066
35.150000,-74.054612
35.160000,-74.042120
35.170000,-74.029589
35.180000,-74.017019
35.190000,-74.004410
35.200000,-73.991763
35.210000,-73.979077
35.220000,-73.966352
35.230000,-73.953589
35.240000,-73.940787
35.250000,-73.927946
35.260000,-73.915067
35.270000,-73.902150
35.280000,-73.889194
35.290000,-73.876200
35.300000,-73.863167
35.310000,-73.850096
35.320000,-73.836987
35.330000,-73.823840
35.340000,-73.810654
35.350000,-73.797430
35.360000,-73.784168
35.370000,-73.770868
35.380000,-73.757529
35.390000,-73.744153
35.400000,-73.730738
35.410000,-73.717286
35.420000,-73.703795
35.430000,-73.690266
35.440000,-73.676699
35.450000,-73.663095
35.460000,-73.649452
35.470000,-73.635771
35.480000,-73.622053
35.490000,-73.608296
35.500000,-73.594502
35.510000,-73.580670
35.520000,-73.566800
35.530000,-73.552892
35.540000,-73.538947
35.550000,-73.524964
35.560000,-73.510943
35.570000,-73.496884
35.580000,-73.482788
35.590000,-73.468654
35.600000,-73.454483
35.610000,-73.440274
35.620000,-73.426027
35.630000,-73.411743
35.640000,-73.397422
35.650000,-73.383062
35.660000,-73.368666
35.670000,-73.354232
35.680000,-73.339761
35.690000,-73.325252
35.700000,-73.310707
35.710000,-73.296123
35.720000,-73.281503
35.730000,-73.266846
35.740000,-73.252151
35.750000,-73.237419
35.760000,-73.222650
35.770000,-73.207844
35.780000,-73.193001
35.790000,-73.178121
35.800000,-73.163205
35.810000,-73.148251
35.820000,-73.133260
35.830000,-73.118233
35.840000,-73.103169
35.850000,-73.088068
35.860000,-73.072931
35.870000,-73.057756
35.880000,-73.042546
35.890000,-73.027298
35.900000,-73.012015
35.910000,-72.996695
35.920000,-72.981338
35.930000,-72.965945
35.940000,-72.950516
35.950000,-72.935051
35.960000,-72.919549
35.970000,-72.904011
35.980000,-72.888437
35.990000,-72.872828
36.000000,-72.857182
36.010000,-72.841500
36.020000,-72.825783
36.030000,-72.810029
36.040000,-72.794240
36.050000,-72.778415
36.060000,-72.762555
36.070000,-72.746659
36.080000,-72.730728
36.090000,-72.714761
36.100000,-72.698759
36.110000,-72.682721
36.120000,-72.666648
36.130000,-72.650540
36.140000,-72.634397
36.150000,-72.618219
36.160000,-72.602006
36.170000,-72.585758
36.180000,-72.569476
36.190000,-72.553158
36.200000,-72.536806
36.210000,-72.520419
36.220000,-72.503998
36.230000,-72.487542
36.240000,-72.471052
36.250000,-72.454527
36.260000,-72.437968
36.270000,-72.421375
36.280000,-72.404748
36.290000,-72.388087
36.300000,-72.371392
36.310000,-72.354663
36.320000,-72.337901
36.330000,-72.321105
36.340000,-72.304275
36.350000,-72.287411
36.360000,-72.270515
36.370000,-72.253585
36.380000,-72.236621
36.390000,-72.219625
36.400000,-72.202595
36.410000,-72.185532
36.420000,-72.168437
36.430000,-72.151308
36.440000,-72.134147
36.450000,-72.116954
36.460000,-72.099727
36.470000,-72.082469
36.480000,-72.065178
36.490000,-72.047854
36.500000,-72.030499
36.510000,-72.013111
36.520000,-71.995692
36.530000,-71.978240
36.540000,-71.960757
36.550000,-71.943242
36.560000,-71.925696
36.570000,-71.908118
36.580000,-71.890509
36.590000,-71.872868
36.600000,-71.855197
36.610000,-71.837494
36.620000,-71.819760
36.630000,-71.801996
36.640000,-71.784200
36.650000,-71.766374
36.660000,-71.748518
36.670000,-71.730631
36.680000,-71.712714
36.690000,-71.694766
36.700000,-71.676789
36.710000,-71.658782
36.720000,-71.640744
36.730000,-71.622677
36.740000,-71.604580
36.750000,-71.586454
36.760000,-71.568298
36.770000,-71.550113
36.780000,-71.531899
36.790000,-71.513656
36.800000,-71.495384
36.810000,-71.477083
36.820000,-71.458753
36.830000,-71.440395
36.840000,-71.422008
36.850000,-71.403593
36.860000,-71.385150
36.870000,-71.366678
36.880000,-71.348179
36.890000,-71.329651
36.900000,-71.311096
36.910000,-71.292514
36.920000,-71.273904
36.930000,-71.255266
36.940000,-71.236601
36.950000,-71.217910
36.960000,-71.199191
36.970000,-71.180445
36.980000,-71.161673
36.990000,-71.142874
37.000000,-71.124048
37.010000,-71.105197
37.020000,-71.086319
37.030000,-71.067415
37.040000,-71.048485
37.050000,-71.029529
37.060000,-71.010547
37.070000,-70.991540
37.080000,-70.972508
37.090000,-70.953451
37.100000,-70.934368
37.110000,-70.915260
37.120000,-70.896128
37.130000,-70.876970
37.140000,-70.857788
37.150000,-70.838582
37.160000,-70.819352
37.170000,-70.800097
37.180000,-70.780818
37.190000,-70.761515
37.200000,-70.742189
37.210000,-70.722839
37.220000,-70.703466
37.230000,-70.684069
37.240000,-70.664649
37.250000,-70.645206
37.260000,-70.625741
37.270000,-70.606252
37.280000,-70.586741
37.290000,-70.567208
37.300000,-70.547652
37.310000,-70.528074
37.320000,-70.508474
37.330000,-70.488852
37.340000,-70.469209
37.350000,-70.449543
37.360000,-70.429857
37.370000,-70.410149
37.380000,-70.390420
37.390000,-70.370671
37.400000,-70.350900
37.410000,-70.331109
37.420000,-70.311297
37.430000,-70.291465
37.440000,-70.271613
37.450000,-70.251740
37.460000,-70.231848
37.470000,-70.211936
37.480000,-70.192004
37.490000,-70.172053
37.500000,-70.152083
37.510000,-70.132094
37.520000,-70.112085
37.530000,-70.092058
37.540000,-70.072012
37.550000,-70.051948
37.560000,-70.031865
37.570000,-70.011764
37.580000,-69.991645
37.590000,-69.971508
37.600000,-69.951353
37.610000,-69.931181
37.620000,-69.910991
37.630000,-69.890784
37.640000,-69.870560
37.650000,-69.850319
37.660000,-69.830062
37.670000,-69.809787
37.680000,-69.789497
37.690000,-69.769189
37.700000,-69.748866
37.710000,-69.728527
37.720000,-69.708172
37.730000,-69.687801
37.740000,-69.667415
37.750000,-69.647013
37.760000,-69.626596
37.770000,-69.606164
37.780000,-69.585718
37.790000,-69.565256
37.800000,-69.544780
37.810000,-69.524290
37.820000,-69.503785
37.830000,-69.483266
37.840000,-69.462734
37.850000,-69.442187
37.860000,-69.421627
37.870000,-69.401054
37.880000,-69.380467
37.890000,-69.359868
37.900000,-69.339255
37.910000,-69.318630
37.920000,-69.297992
37.930000,-69.277341
37.940000,-69.256678
37.950000,-69.236003
37.960000,-69.215316
37.970000,-69.194618
37.980000,-69.173907
37.990000,-69.153185
38.000000,-69.132452
38.010000,-69.111708
38.020000,-69.090952
38.030000,-69.070186
38.040000,-69.049409
38.050000,-69.028622
38.060000,-69.007824
38.070000,-68.987016
38.080000,-68.966198
38.090000,-68.945371
38.100000,-68.924533
38.110000,-68.903686
38.120000,-68.882829
38.130000,-68.861964
38.140000,-68.841089
38.150000,-68.820205
38.160000,-68.799313
38.170000,-68.778412
38.180000,-68.757502
38.190000,-68.736585
38.200000,-68.715659
38.210000,-68.694725
38.220000,-68.673784
38.230000,-68.652834
38.240000,-68.631878
38.250000,-68.610914
38.260000,-68.589943
38.270000,-68.568965
38.280000,-68.547980
38.290000,-68.526988
38.300000,-68.505990
38.310000,-68.484986
38.320000,-68.463975
38.330000,-68.442959
38.340000,-68.421936
38.350000,-68.400908
38.360000,-68.379874
38.370000,-68.358835
38.380000,-68.337790
38.390000,-68.316741
38.400000,-68.295686
38.410000,-68.274627
38.420000,-68.253563
38.430000,-68.232494
38.440000,-68.211421
38.450000,-68.190344
38.460000,-68.169263
38.470000,-68.148178
38.480000,-68.127090
38.490000,-68.105998
38.500000,-68.084902
38.510000,-68.063803
38.520000,-68.042702
38.530000,-68.021597
38.540000,-68.000489
38.550000,-67.979379
38.560000,-67.958266
38.570000,-67.937151
38.580000,-67.916033
38.590000,-67.894914
38.600000,-67.873793
38.610000,-67.852670
38.620000,-67.831545
38.630000,-67.810419
38.640000,-67.789291
38.650000,-67.768163
38.660000,-67.747033
38.670000,-67.725902
38.680000,-67.704771
38.690000,-67.683639
38.700000,-67.662507
38.710000,-67.641374
38.720000,-67.620242
38.730000,-67.599109
38.740000,-67.577976
38.750000,-67.556844
38.760000,-67.535712
38.770000,-67.514580
38.780000,-67.493450
38.790000,-67.472320
38.800000,-67.451191
38.810000,-67.430063
38.820000,-67.408936
38.830000,-67.387811
38.840000,-67.366687
38.850000,-67.345565
38.860000,-67.324445
38.870000,-67.303327
38.880000,-67.282210
38.890000,-67.261096
38.900000,-67.239985
38.910000,-67.218875
38.920000,-67.197769
38.930000,-67.176665
38.940000,-67.155563
38.950000,-67.134465
38.960000,-67.113370
38.970000,-67.092278
38.980000,-67.071190
38.990000,-67.050105
39.000000,-67.029024
39.010000,-67.007946
39.020000,-66.986872
39.030000,-66.965803
39.040000,-66.944737
39.050000,-66.923676
39.060000,-66.902619
39.070000,-66.881566
39.080000,-66.860519
39.090000,-66.839475
39.100000,-66.818437
39.110000,-66.797404
39.120000,-66.776376
39.130000,-66.755353
39.140000,-66.734335
39.150000,-66.713323
39.160000,-66.692316
39.170000,-66.671315
39.180000,-66.650320
39.190000,-66.629331
39.200000,-66.608348
39.210000,-66.587371
39.220000,-66.566400
39.230000,-66.545436
39.240000,-66.524478
39.250000,-66.503526
39.260000,-66.482581
39.270000,-66.461643
39.280000,-66.440712
39.290000,-66.419788
39.300000,-66.398872
39.310000,-66.377962
39.320000,-66.357060
39.330000,-66.336165
39.340000,-66.315277
39.350000,-66.294397
39.360000,-66.273525
39.370000,-66.252661
39.380000,-66.231805
39.390000,-66.210957
39.400000,-66.190117
39.410000,-66.169285
39.420000,-66.148461
39.430000,-66.127646
39.440000,-66.106840
39.450000,-66.086042
39.460000,-66.065252
39.470000,-66.044472
39.480000,-66.023700
39.490000,-66.002938
39.500000,-65.982184
39.510000,-65.961440
39.520000,-65.940704
39.530000,-65.919979
39.540000,-65.899262
39.550000,-65.878555
39.560000,-65.857858
39.570000,-65.837170
39.580000,-65.816493
39.590000,-65.795824
39.600000,-65.775166
39.610000,-65.754518
39.620000,-65.733880
39.630000,-65.713252
39.640000,-65.692635
39.650000,-65.672027
39.660000,-65.651430
39.670000,-65.630844
39.680000,-65.610268
39.690000,-65.589703
39.700000,-65.569148
39.710000,-65.548604
39.720000,-65.528071
39.730000,-65.507549
39.740000,-65.487038
39.750000,-65.466538
39.760000,-65.446049
39.770000,-65.425571
39.780000,-65.405105
39.790000,-65.384649
39.800000,-65.364205
39.810000,-65.343773
39.820000,-65.323352
39.830000,-65.302942
39.840000,-65.282545
39.850000,-65.262159
39.860000,-65.241784
39.870000,-65.221422
39.880000,-65.201071
39.890000,-65.180732
39.900000,-65.160405
39.910000,-65.140090
39.920000,-65.119788
39.930000,-65.099497
39.940000,-65.079218
39.950000,-65.058952
39.960000,-65.038698
39.970000,-65.018457
39.980000,-64.998227
39.990000,-64.978011
40.000000,-64.957806
40.010000,-64.937614
40.020000,-64.917435
40.030000,-64.897268
40.040000,-64.877114
40.050000,-64.856973
40.060000,-64.836844
40.070000,-64.816728
40.080000,-64.796625
40.090000,-64.776535
40.100000,-64.756458
40.110000,-64.736393
40.120000,-64.716342
40.130000,-64.696303
40.140000,-64.676278
40.150000,-64.656266
40.160000,-64.636266
40.170000,-64.616280
40.180000,-64.596307
40.190000,-64.576347
40.200000,-64.556401
40.210000,-64.536467
40.220000,-64.516547
40.230000,-64.496640
40.240000,-64.476747
40.250000,-64.456866
40.260000,-64.436999
40.270000,-64.417146
40.280000,-64.397306
40.290000,-64.377479
40.300000,-64.357666
40.310000,-64.337866
40.320000,-64.318080
40.330000,-64.298307
40.340000,-64.278548
40.350000,-64.258802
40.360000,-64.239070
40.370000,-64.219351
40.380000,-64.199646
40.390000,-64.179955
40.400000,-64.160277
40.410000,-64.140612
40.420000,-64.120962
40.430000,-64.101325
40.440000,-64.081701
40.450000,-64.062091
40.460000,-64.042495
40.470000,-64.022912
40.480000,-64.003343
40.490000,-63.983788
40.500000,-63.964246
40.510000,-63.944718
40.520000,-63.925204
40.530000,-63.905703
40.540000,-63.886216
40.550000,-63.866742
40.560000,-63.847283
40.570000,-63.827836
40.580000,-63.808404
40.590000,-63.788985
40.600000,-63.769579
40.610000,-63.750187
40.620000,-63.730809
40.630000,-63.711445
40.640000,-63.692093
40.650000,-63.672756
40.660000,-63.653432
40.670000,-63.634122
40.680000,-63.614825
40.690000,-63.595541
40.700000,-63.576271
40.710000,-63.557015
40.720000,-63.537772
40.730000,-63.518542
40.740000,-63.499326
40.750000,-63.480123
40.760000,-63.460934
40.770000,-63.441758
40.780000,-63.422595
40.790000,-63.403445
40.800000,-63.384309
40.810000,-63.365186
40.820000,-63.346076
40.830000,-63.326980
40.840000,-63.307897
40.850000,-63.288826
40.860000,-63.269769
40.870000,-63.250725
40.880000,-63.231694
40.890000,-63.212676
40.900000,-63.193671
40.910000,-63.174679
40.920000,-63.155700
40.930000,-63.136734
40.940000,-63.117780
40.950000,-63.098839
40.960000,-63.079912
40.970000,-63.060996
40.980000,-63.042094
40.990000,-63.023204
41.000000,-63.004327
41.010000,-62.985462
41.020000,-62.966610
41.030000,-62.947770
41.040000,-62.928942
41.050000,-62.910127
41.060000,-62.891325
41.070000,-62.872534
41.080000,-62.853756
41.090000,-62.834990
41.100000,-62.816236
41.110000,-62.797494
41.120000,-62.778764
41.130000,-62.760046
41.140000,-62.741340
41.150000,-62.722646
41.160000,-62.703964
41.170000,-62.685293
41.180000,-62.666634
41.190000,-62.647987
41.200000,-62.629351
41.210000,-62.610727
41.220000,-62.592114
41.230000,-62.573512
41.240000,-62.554922
41.250000,-62.536343
41.260000,-62.517776
41.270000,-62.499219
41.280000,-62.480673
41.290000,-62.462139
41.300000,-62.443615
41.310000,-62.425102
41.320000,-62.406600
41.330000,-62.388109
41.340000,-62.369628
41.350000,-62.351158
41.360000,-62.332698
41.370000,-62.314248
41.380000,-62.295809
41.390000,-62.277381
41.400000,-62.258962
41.410000,-62.240553
41.420000,-62.222155
41.430000,-62.203766
41.440000,-62.185387
41.450000,-62.167018
41.460000,-62.148659
41.470000,-62.130309
41.480000,-62.111969
41.490000,-62.093638
41.500000,-62.075317
41.510000,-62.057005
41.520000,-62.038702
41.530000,-62.020407
41.540000,-62.002122
41.550000,-61.983846
41.560000,-61.965579
41.570000,-61.947320
41.580000,-61.929070
41.590000,-61.910829
41.600000,-61.892595
41.610000,-61.874370
41.620000,-61.856154
41.630000,-61.837945
41.640000,-61.819745
41.650000,-61.801552
41.660000,-61.783367
41.670000,-61.765190
41.680000,-61.747020
41.690000,-61.728858
41.700000,-61.710703
41.710000,-61.692556
41.720000,-61.674416
41.730000,-61.656282
41.740000,-61.638156
41.750000,-61.620036
41.760000,-61.601924
41.770000,-61.583817
41.780000,-61.565718
41.790000,-61.547624
41.800000,-61.529537
41.810000,-61.511456
41.820000,-61.493381
41.830000,-61.475312
41.840000,-61.457248
41.850000,-61.439190
41.860000,-61.421138
41.870000,-61.403091
41.880000,-61.385049
41.890000,-61.367013
41.900000,-61.348981
41.910000,-61.330954
41.920000,-61.312932
41.930000,-61.294915
41.940000,-61.276902
41.950000,-61.258893
41.960000,-61.240889
41.970000,-61.222888
41.980000,-61.204892
41.990000,-61.186899
42.000000,-61.168909
42.010000,-61.150924
42.020000,-61.132941
42.030000,-61.114962
42.040000,-61.096986
42.050000,-61.079012
42.060000,-61.061042
42.070000,-61.043074
42.080000,-61.025108
42.090000,-61.007145
42.100000,-60.989183
42.110000,-60.971224
42.120000,-60.953266
42.130000,-60.935311
42.140000,-60.917356
42.150000,-60.899403
42.160000,-60.881451
42.170000,-60.863500
42.180000,-60.845550
42.190000,-60.827600
42.200000,-60.809651
42.210000,-60.791702
42.220000,-60.773753
42.230000,-60.755804
42.240000,-60.737855
42.250000,-60.719905
42.260000,-60.701955
42.270000,-60.684004
42.280000,-60.666052
42.290000,-60.648099
42.300000,-60.630144
42.310000,-60.612188
42.320000,-60.594230
42.330000,-60.576271
42.340000,-60.558309
42.350000,-60.540344
42.360000,-60.522378
42.370000,-60.504408
42.380000,-60.486436
42.390000,-60.468460
42.400000,-60.450481
42.410000,-60.432498
42.420000,-60.414512
42.430000,-60.396522
42.440000,-60.378527
42.450000,-60.360528
42.460000,-60.342524
42.470000,-60.324516
42.480000,-60.306502
42.490000,-60.288483
42.500000,-60.270458
42.510000,-60.252428
42.520000,-60.234391
42.530000,-60.216349
42.540000,-60.198300
42.550000,-60.180244
42.560000,-60.162181
42.570000,-60.144110
42.580000,-60.126033
42.590000,-60.107947
42.600000,-60.089854
42.610000,-60.071752
42.620000,-60.053642
42.630000,-60.035522
42.640000,-60.017394
42.650000,-59.999257
42.660000,-59.981110
42.670000,-59.962953
42.680000,-59.944786
42.690000,-59.926608
42.700000,-59.908420
42.710000,-59.890221
42.720000,-59.872010
42.730000,-59.853788
42.740000,-59.835554
42.750000,-59.817308
42.760000,-59.799049
42.770000,-59.780778
42.780000,-59.762493
42.790000,-59.744195
42.800000,-59.725883
42.810000,-59.707558
42.820000,-59.689217
42.830000,-59.670863
42.840000,-59.652493
42.850000,-59.634107
42.860000,-59.615706
42.870000,-59.597289
42.880000,-59.578856
42.890000,-59.560405
42.900000,-59.541938
42.910000,-59.523453
42.920000,-59.504950
42.930000,-59.486430
42.940000,-59.467890
42.950000,-59.449332
42.960000,-59.430754
42.970000,-59.412156
42.980000,-59.393539
42.990000,-59.374900
43.000000,-59.356241
43.010000,-59.337561
43.020000,-59.318859
43.030000,-59.300135
43.040000,-59.281388
43.050000,-59.262618
43.060000,-59.243824
43.070000,-59.225007
43.080000,-59.206166
43.090000,-59.187299
43.100000,-59.168408
43.110000,-59.149491
43.120000,-59.130547
43.130000,-59.111578
43.140000,-59.092580
43.150000,-59.073556
43.160000,-59.054503
43.170000,-59.035422
43.180000,-59.016312
43.190000,-58.997172
43.200000,-58.978002
43.210000,-58.958801
43.220000,-58.939569
43.230000,-58.920305
43.240000,-58.901010
43.250000,-58.881681
43.260000,-58.862319
43.270000,-58.842923
43.280000,-58.823493
43.290000,-58.804027
43.300000,-58.784526
43.310000,-58.764989
43.320000,-58.745414
43.330000,-58.725802
43.340000,-58.706152
43.350000,-58.686463
43.360000,-58.666735
43.370000,-58.646967
43.380000,-58.627157
43.390000,-58.607307
43.400000,-58.587414
43.410000,-58.567479
43.420000,-58.547500
43.430000,-58.527476
43.440000,-58.507408
43.450000,-58.487294
43.460000,-58.467134
43.470000,-58.446926
43.480000,-58.426671
43.490000,-58.406366
43.500000,-58.386012
43.510000,-58.365608
43.520000,-58.345153
43.530000,-58.324645
43.540000,-58.304085
43.550000,-58.283471
43.560000,-58.262802
43.570000,-58.242078
43.580000,-58.221298
43.590000,-58.200460
43.600000,-58.179564
43.610000,-58.158609
43.620000,-58.137594
43.630000,-58.116518
43.640000,-58.095379
43.650000,-58.074178
43.660000,-58.052912
43.670000,-58.031581
43.680000,-58.010185
43.690000,-57.988720
43.700000,-57.967188
43.710000,-57.945586
43.720000,-57.923913
43.730000,-57.902168
43.740000,-57.880351
43.750000,-57.858459
43.760000,-57.836493
43.770000,-57.814449
43.780000,-57.792328
43.790000,-57.770127
43.800000,-57.747847
43.810000,-57.725484
43.820000,-57.703039
43.830000,-57.680509
43.840000,-57.657893
43.850000,-57.635190
43.860000,-57.612399
43.870000,-57.589517
43.880000,-57.566544
43.890000,-57.543477
43.900000,-57.520316
43.910000,-57.497059
43.920000,-57.473703
43.930000,-57.450249
43.940000,-57.426693
43.950000,-57.403034
43.960000,-57.379270
43.970000,-57.355400
43.980000,-57.331422
43.990000,-57.307334
44.000000,-57.283135
44.010000,-57.258821
44.020000,-57.234392
44.030000,-57.209845
44.040000,-57.185178
44.050000,-57.160389
44.060000,-57.135477
44.070000,-57.110439
44.080000,-57.085272
44.090000,-57.059975
44.100000,-57.034545
44.110000,-57.008981
44.120000,-56.983279
44.130000,-56.957437
44.140000,-56.931453
44.150000,-56.905324
44.160000,-56.879048
44.170000,-56.852622
44.180000,-56.826043
44.190000,-56.799309
44.200000,-56.772417
44.210000,-56.745364
44.220000,-56.718147
44.230000,-56.690763
44.240000,-56.663209
44.250000,-56.635482
44.260000,-56.607579
44.270000,-56.579497
44.280000,-56.551232
44.290000,-56.522780
44.300000,-56.494139
44.310000,-56.465305
44.320000,-56.436274
44.330000,-56.407042
44.340000,-56.377607
44.350000,-56.347963
44.360000,-56.318107
44.370000,-56.288035
44.380000,-56.257742
44.390000,-56.227225
44.400000,-56.196479
44.410000,-56.165499
44.420000,-56.134281
44.430000,-56.102821
44.440000,-56.071114
44.450000,-56.039154
44.460000,-56.006936
44.470000,-55.974456
44.480000,-55.941709
44.490000,-55.908688
44.500000,-55.875388
44.510000,-55.841804
44.520000,-55.807930
44.530000,-55.773759
44.540000,-55.739286
44.550000,-55.704505
44.560000,-55.669408
44.570000,-55.633989
44.580000,-55.598243
44.590000,-55.562160
44.600000,-55.525735
44.610000,-55.488960
44.620000,-55.451828
44.630000,-55.414330
44.640000,-55.376459
44.650000,-55.338206
44.660000,-55.299564
44.670000,-55.260523
44.680000,-55.221075
44.690000,-55.181211
44.700000,-55.140921
44.710000,-55.100195
44.720000,-55.059023
44.730000,-55.017397
44.740000,-54.975303
44.750000,-54.932733
44.760000,-54.889675
44.770000,-54.846117
44.780000,-54.802048
44.790000,-54.757455
44.800000,-54.712326
44.810000,-54.666648
44.820000,-54.620408
44.830000,-54.573592
44.840000,-54.526185
44.850000,-54.478174
44.860000,-54.429543
44.870000,-54.380276
44.880000,-54.330358
44.890000,-54.279772
44.900000,-54.228501
44.910000,-54.176527
44.920000,-54.123833
44.930000,-54.070398
44.940000,-54.016205
44.950000,-53.961232
44.960000,-53.905459
44.970000,-53.848864
44.980000,-53.791426
44.990000,-53.733121
45.000000,-53.673925
45.010000,-53.613813
45.020000,-53.552761
45.030000,-53.490742
45.040000,-53.427728
45.050000,-53.363690
45.060000,-53.298600
45.070000,-53.232427
45.080000,-53.165140
45.090000,-53.096704
45.100000,-53.027087
45.110000,-52.956253
45.120000,-52.884164
45.130000,-52.810784
45.140000,-52.736071
45.150000,-52.659986
45.160000,-52.582484
45.170000,-52.503522
45.180000,-52.423052
45.190000,-52.341027
45.200000,-52.257396
45.210000,-52.172107
45.220000,-52.085104
45.230000,-51.996332
45.240000,-51.905729
45.250000,-51.813236
45.260000,-51.718786
45.270000,-51.622312
45.280000,-51.523744
45.290000,-51.423008
45.300000,-51.320027
45.310000,-51.214720
45.320000,-51.107003
45.330000,-50.996787
45.340000,-50.883981
45.350000,-50.768487
45.360000,-50.650205
45.370000,-50.529027
45.380000,-50.404842
45.390000,-50.277534
45.400000,-50.146979
45.410000,-50.013047
45.420000,-49.875604
45.430000,-49.734507
45.440000,-49.589605
45.450000,-49.440741
45.460000,-49.287748
45.470000,-49.130451
45.480000,-48.968665
45.490000,-48.802196
45.500000,-48.630837
45.510000,-48.454372
45.520000,-48.272571
45.530000,-48.085191
45.540000,-47.891977
45.550000,-47.692657
45.560000,-47.486943
45.570000,-47.274532
45.580000,-47.055100
45.590000,-46.828306
45.600000,-46.593786
45.610000,-46.351155
45.620000,-46.100004
45.630000,-45.839897
45.640000,-45.570371
45.650000,-45.290934
45.660000,-45.001062
45.670000,-44.700195
45.680000,-44.387738
45.690000,-44.063057
45.700000,-43.725475
45.710000,-43.374269
45.720000,-43.008668
45.730000,-42.627848
45.740000,-42.230929
45.750000,-41.816970
45.760000,-41.384968
45.770000,-40.933847
45.780000,-40.462461
45.790000,-39.969581
45.800000,-39.453898
45.810000,-38.914010
45.820000,-38.348422
45.830000,-37.755538
45.840000,-37.133657
45.850000,-36.480967
45.860000,-35.795542
45.870000,-35.075334
45.880000,-34.318177
45.890000,-33.521778
45.900000,-32.683725
45.910000,-31.801484
45.920000,-30.872407
45.930000,-29.893743
45.940000,-28.862654
45.950000,-27.776237
45.960000,-26.631551
45.970000,-25.425660
45.980000,-24.155685
45.990000,-22.818866
46.000000,-21.412644
46.010000,-19.934764
46.020000,-18.383389
46.030000,-16.757246
46.040000,-15.055784
46.050000,-13.279357
46.060000,-11.429426
46.070000,-9.508760
46.080000,-7.521645
46.090000,-5.474070
46.100000,-3.373886
46.110000,-1.230894
46.120000,0.943127
46.130000,3.134512
46.140000,5.327904
46.150000,7.506585
46.160000,9.652922
46.170000,11.748923
46.180000,13.776863
46.190000,15.719941
46.200000,17.562916
46.210000,19.292668
46.220000,20.898642
46.230000,22.373130
46.240000,23.711397
46.250000,24.911617
46.260000,25.974681
46.270000,26.903862
46.280000,27.704418
46.290000,28.383140
46.300000,28.947903
46.310000,29.407245
46.320000,29.769989
46.330000,30.044935
46.340000,30.240613
46.350000,30.365104
46.360000,30.425922
46.370000,30.429944
46.380000,30.383387
46.390000,30.291808
46.400000,30.160136
46.410000,29.992711
46.420000,29.793336
46.430000,29.565335
46.440000,29.311601
46.450000,29.034659
46.460000,28.736704
46.470000,28.419657
46.480000,28.085195
46.490000,27.734793
46.500000,27.369753
46.510000,26.991228
46.520000,26.600245
46.530000,26.197725
46.540000,25.784500
46.550000,25.361322
46.560000,24.928878
46.570000,24.487797
46.580000,24.038660
46.590000,23.582005
46.600000,23.118333
46.610000,22.648110
46.620000,22.171774
46.630000,21.689739
46.640000,21.202393
46.650000,20.710104
46.660000,20.213220
46.670000,19.712072
46.680000,19.206975
46.690000,18.698229
46.700000,18.186118
46.710000,17.670915
46.720000,17.152880
46.730000,16.632261
46.740000,16.109294
46.750000,15.584207
46.760000,15.057215
46.770000,14.528525
46.780000,13.998333
46.790000,13.466830
46.800000,12.934194
46.810000,12.400598
46.820000,11.866205
46.830000,11.331172
46.840000,10.795648
46.850000,10.259774
46.860000,9.723686
46.870000,9.187512
46.880000,8.651375
46.890000,8.115391
46.900000,7.579670
46.910000,7.044316
46.920000,6.509430
46.930000,5.975104
46.940000,5.441428
46.950000,4.908484
46.960000,4.376353
46.970000,3.845109
46.980000,3.314822
46.990000,2.785557
47.000000,2.257377
47.010000,1.730340
47.020000,1.204498
47.030000,0.679904
47.040000,0.156604
47.050000,-0.365360
47.060000,-0.885945
47.070000,-1.405116
47.080000,-1.922837
47.090000,-2.439078
47.100000,-2.953809
47.110000,-3.467006
47.120000,-3.978644
47.130000,-4.488703
47.140000,-4.997164
47.150000,-5.504011
47.160000,-6.009229
47.170000,-6.512807
47.180000,-7.014735
47.190000,-7.515005
47.200000,-8.013611
47.210000,-8.510548
47.220000,-9.005814
47.230000,-9.499408
47.240000,-9.991332
47.250000,-10.481587
47.260000,-10.970178
47.270000,-11.457112
47.280000,-11.942394
47.290000,-12.426035
47.300000,-12.908043
47.310000,-13.388432
47.320000,-13.867215
47.330000,-14.344406
47.340000,-14.820022
47.350000,-15.294081
47.360000,-15.766602
47.370000,-16.237606
47.380000,-16.707115
47.390000,-17.175155
47.400000,-17.641749
47.410000,-18.106927
47.420000,-18.570717
47.430000,-19.033150
47.440000,-19.494259
47.450000,-19.954079
47.460000,-20.412647
47.470000,-20.870001
47.480000,-21.326182
47.490000,-21.781234
47.500000,-22.235202
47.510000,-22.688133
47.520000,-23.140079
47.530000,-23.591091
47.540000,-24.041226
47.550000,-24.490542
47.560000,-24.939101
47.570000,-25.386966
47.580000,-25.834204
47.590000,-26.280888
47.600000,-26.727089
47.610000,-27.172887
47.620000,-27.618361
47.630000,-28.063597
47.640000,-28.508682
47.650000,-28.953710
47.660000,-29.398776
47.670000,-29.843980
47.680000,-30.289428
47.690000,-30.735228
47.700000,-31.181493
47.710000,-31.628341
47.720000,-32.075895
47.730000,-32.524281
47.740000,-32.973630
47.750000,-33.424080
47.760000,-33.875770
47.770000,-34.328847
47.780000,-34.783461
47.790000,-35.239767
47.800000,-35.697925
47.810000,-36.158099
47.820000,-36.620458
47.830000,-37.085175
47.840000,-37.552427
47.850000,-38.022396
47.860000,-38.495266
47.870000,-38.971225
47.880000,-39.450463
47.890000,-39.933176
47.900000,-40.419556
47.910000,-40.909802
47.920000,-41.404108
47.930000,-41.902673
47.940000,-42.405691
47.950000,-42.913354
47.960000,-43.425851
47.970000,-43.943367
47.980000,-44.466079
47.990000,-44.994156
48.000000,-45.527755
48.010000,-46.067024
48.020000,-46.612093
48.030000,-47.163076
48.040000,-47.720068
48.050000,-48.283138
48.060000,-48.852330
48.070000,-49.427659
48.080000,-50.009103
48.090000,-50.596605
48.100000,-51.190066
48.110000,-51.789338
48.120000,-52.394226
48.130000,-53.004477
48.140000,-53.619782
48.150000,-54.239766
48.160000,-54.863988
48.170000,-55.491937
48.180000,-56.123026
48.190000,-56.756594
48.200000,-57.391902
48.210000,-58.028135
48.220000,-58.664400
48.230000,-59.299729
48.240000,-59.933085
48.250000,-60.563366
48.260000,-61.189410
48.270000,-61.810011
48.280000,-62.423920
48.290000,-63.029868
48.300000,-63.626571
48.310000,-64.212753
48.320000,-64.787156
48.330000,-65.348562
48.340000,-65.895806
48.350000,-66.427795
48.360000,-66.943523
48.370000,-67.442084
48.380000,-67.922689
48.390000,-68.384667
48.400000,-68.827483
48.410000,-69.250734
48.420000,-69.654155
48.430000,-70.037619
48.440000,-70.401128
48.450000,-70.744812
48.460000,-71.068918
48.470000,-71.373799
48.480000,-71.659906
48.490000,-71.927772
48.500000,-72.178000
48.510000,-72.411253
48.520000,-72.628235
48.530000,-72.829688
48.540000,-73.016373
48.550000,-73.189063
48.560000,-73.348535
48.570000,-73.495558
48.580000,-73.630891
48.590000,-73.755273
48.600000,-73.869423
48.610000,-73.974031
48.620000,-74.069758
48.630000,-74.157235
48.640000,-74.237060
48.650000,-74.309799
48.660000,-74.375982
48.670000,-74.436110
48.680000,-74.490649
48.690000,-74.540034
48.700000,-74.584672
48.710000,-74.624938
48.720000,-74.661181
48.730000,-74.693726
48.740000,-74.722869
48.750000,-74.748888
48.760000,-74.772035
48.770000,-74.792545
48.780000,-74.810632
48.790000,-74.826495
48.800000,-74.840315
48.810000,-74.852259
48.820000,-74.862479
48.830000,-74.871116
48.840000,-74.878299
48.850000,-74.884144
48.860000,-74.888761
48.870000,-74.892248
48.880000,-74.894695
48.890000,-74.896186
48.900000,-74.896795
48.910000,-74.896594
48.920000,-74.895646
48.930000,-74.894008
48.940000,-74.891734
48.950000,-74.888873
48.960000,-74.885471
48.970000,-74.881567
48.980000,-74.877199
48.990000,-74.872402
49.000000,-74.867208
49.010000,-74.861645
49.020000,-74.855740
49.030000,-74.849517
49.040000,-74.842999
49.050000,-74.836206
49.060000,-74.829156
49.070000,-74.821867
49.080000,-74.814355
49.090000,-74.806635
49.100000,-74.798719
49.110000,-74.790620
49.120000,-74.782349
49.130000,-74.773917
49.140000,-74.765333
49.150000,-74.756606
49.160000,-74.747744
49.170000,-74.738754
49.180000,-74.729643
49.190000,-74.720418
49.200000,-74.711085
49.210000,-74.701647
49.220000,-74.692112
49.230000,-74.682483
49.240000,-74.672763
49.250000,-74.662959
49.260000,-74.653071
49.270000,-74.643105
49.280000,-74.633063
49.290000,-74.622948
49.300000,-74.612762
49.310000,-74.602507
49.320000,-74.592187
49.330000,-74.581803
49.340000,-74.571357
49.350000,-74.560851
49.360000,-74.550285
49.370000,-74.539663
49.380000,-74.528985
49.390000,-74.518252
49.400000,-74.507466
49.410000,-74.496628
49.420000,-74.485738
49.430000,-74.474798
49.440000,-74.463808
49.450000,-74.452770
49.460000,-74.441684
49.470000,-74.430551
49.480000,-74.419371
49.490000,-74.408146
49.500000,-74.396875
49.510000,-74.385559
49.520000,-74.374198
49.530000,-74.362794
49.540000,-74.351346
49.550000,-74.339855
49.560000,-74.328320
49.570000,-74.316744
49.580000,-74.305125
49.590000,-74.293465
49.600000,-74.281762
49.610000,-74.270019
49.620000,-74.258234
49.630000,-74.246408
49.640000,-74.234541
49.650000,-74.222634
49.660000,-74.210686
49.670000,-74.198698
49.680000,-74.186670
49.690000,-74.174602
49.700000,-74.162495
49.710000,-74.150347
49.720000,-74.138160
49.730000,-74.125933
49.740000,-74.113667
49.750000,-74.101361
49.760000,-74.089017
49.770000,-74.076633
49.780000,-74.064210
49.790000,-74.051748
49.800000,-74.039247
49.810000,-74.026707
49.820000,-74.014128
49.830000,-74.001511
49.840000,-73.988855
49.850000,-73.976160
49.860000,-73.963426
49.870000,-73.950654
49.880000,-73.937844
49.890000,-73.924994
49.900000,-73.912107
49.910000,-73.899181
49.920000,-73.886216
49.930000,-73.873213
49.940000,-73.860172
49.950000,-73.847092
49.960000,-73.833974
49.970000,-73.820818
49.980000,-73.807624
49.990000,-73.794391
50.000000,-73.797787
50.010000,-73.881339
50.020000,-73.960349
50.030000,-74.035063
50.040000,-74.105713
50.050000,-74.172518
50.060000,-74.235684
50.070000,-74.295406
50.080000,-74.351867
50.090000,-74.405239
50.100000,-74.455687
50.110000,-74.503363
50.120000,-74.548414
50.130000,-74.590976
50.140000,-74.631179
50.150000,-74.669144
50.160000,-74.704988
50.170000,-74.738819
50.180000,-74.770741
50.190000,-74.800849
50.200000,-74.829238
50.210000,-74.855992
50.220000,-74.881195
50.230000,-74.904925
50.240000,-74.927254
50.250000,-74.948252
50.260000,-74.967986
50.270000,-74.986516
50.280000,-75.003903
50.290000,-75.020202
50.300000,-75.035466
50.310000,-75.049745
50.320000,-75.063086
50.330000,-75.075535
50.340000,-75.087133
50.350000,-75.097921
50.360000,-75.107937
50.370000,-75.117218
50.380000,-75.125798
50.390000,-75.133709
50.400000,-75.140983
50.410000,-75.147649
50.420000,-75.153735
50.430000,-75.159266
50.440000,-75.164269
50.450000,-75.168767
50.460000,-75.172782
50.470000,-75.176337
50.480000,-75.179451
50.490000,-75.182145
50.500000,-75.184436
50.510000,-75.186342
50.520000,-75.187879
50.530000,-75.189065
50.540000,-75.189913
50.550000,-75.190438
50.560000,-75.190653
50.570000,-75.190573
50.580000,-75.190208
50.590000,-75.189571
50.600000,-75.188674
50.610000,-75.187526
50.620000,-75.186138
50.630000,-75.184519
50.640000,-75.182679
50.650000,-75.180627
50.660000,-75.178371
50.670000,-75.175918
50.680000,-75.173277
50.690000,-75.170456
50.700000,-75.167459
50.710000,-75.164296
50.720000,-75.160970
50.730000,-75.157490
50.740000,-75.153860
50.750000,-75.150086
50.760000,-75.146173
50.770000,-75.142126
50.780000,-75.137950
50.790000,-75.133650
50.800000,-75.129229
50.810000,-75.124693
50.820000,-75.120044
50.830000,-75.115287
50.840000,-75.110426
50.850000,-75.105463
50.860000,-75.100403
50.870000,-75.095248
50.880000,-75.090001
50.890000,-75.084666
50.900000,-75.079245
50.910000,-75.073741
50.920000,-75.068156
50.930000,-75.062493
50.940000,-75.056754
50.950000,-75.050941
50.960000,-75.045057
50.970000,-75.039104
50.980000,-75.033082
50.990000,-75.026996
51.000000,-75.020845
51.010000,-75.014633
51.020000,-75.008360
51.030000,-75.002028
51.040000,-74.995639
51.050000,-74.989195
51.060000,-74.982696
51.070000,-74.976144
51.080000,-74.969540
51.090000,-74.962885
51.100000,-74.956182
51.110000,-74.949430
51.120000,-74.942631
51.130000,-74.935787
51.140000,-74.928897
51.150000,-74.921963
51.160000,-74.914986
51.170000,-74.907967
51.180000,-74.900907
51.190000,-74.893807
51.200000,-74.886666
51.210000,-74.879487
51.220000,-74.872270
51.230000,-74.865015
51.240000,-74.857724
51.250000,-74.850396
51.260000,-74.843034
51.270000,-74.835636
51.280000,-74.828204
51.290000,-74.820739
51.300000,-74.813240
51.310000,-74.805709
51.320000,-74.798146
51.330000,-74.790551
51.340000,-74.782926
51.350000,-74.775269
51.360000,-74.767583
51.370000,-74.759867
51.380000,-74.752121
51.390000,-74.744346
51.400000,-74.736543
51.410000,-74.728712
51.420000,-74.720853
51.430000,-74.712967
51.440000,-74.705053
51.450000,-74.697113
51.460000,-74.689146
51.470000,-74.681153
51.480000,-74.673134
51.490000,-74.665089
51.500000,-74.657019
51.510000,-74.648925
51.520000,-74.640805
51.530000,-74.632661
51.540000,-74.624492
51.550000,-74.616299
51.560000,-74.608083
51.570000,-74.599843
51.580000,-74.591579
51.590000,-74.583293
51.600000,-74.574983
51.610000,-74.566651
51.620000,-74.558296
51.630000,-74.549918
51.640000,-74.541518
51.650000,-74.533097
51.660000,-74.524653
51.670000,-74.516188
51.680000,-74.507701
51.690000,-74.499193
51.700000,-74.490663
51.710000,-74.482113
51.720000,-74.473541
51.730000,-74.464949
51.740000,-74.456336
51.750000,-74.447703
51.760000,-74.439049
51.770000,-74.430375
51.780000,-74.421681
51.790000,-74.412967
51.800000,-74.404233
51.810000,-74.395479
51.820000,-74.386705
51.830000,-74.377912
51.840000,-74.369100
51.850000,-74.360268
51.860000,-74.351418
51.870000,-74.342548
51.880000,-74.333659
51.890000,-74.324751
51.900000,-74.315825
51.910000,-74.306879
51.920000,-74.297916
51.930000,-74.288933
51.940000,-74.279933
51.950000,-74.270914
51.960000,-74.261877
51.970000,-74.252821
51.980000,-74.243748
51.990000,-74.234657
52.000000,-74.225548
52.010000,-74.216421
52.020000,-74.207277
52.030000,-74.198114
52.040000,-74.188935
52.050000,-74.179738
52.060000,-74.170523
52.070000,-74.161292
52.080000,-74.152043
52.090000,-74.142777
52.100000,-74.133493
52.110000,-74.124193
52.120000,-74.114876
52.130000,-74.105543
52.140000,-74.096192
52.150000,-74.086825
52.160000,-74.077441
52.170000,-74.068040
52.180000,-74.058624
52.190000,-74.049190
52.200000,-74.039741
52.210000,-74.030275
52.220000,-74.020793
52.230000,-74.011295
52.240000,-74.001780
52.250000,-73.992250
52.260000,-73.982704
52.270000,-73.973142
52.280000,-73.963564
52.290000,-73.953971
52.300000,-73.944362
52.310000,-73.934737
52.320000,-73.925097
52.330000,-73.915441
52.340000,-73.905770
52.350000,-73.896084
52.360000,-73.886382
52.370000,-73.876665
52.380000,-73.866933
52.390000,-73.857186
52.400000,-73.847424
52.410000,-73.837647
52.420000,-73.827855
52.430000,-73.818049
52.440000,-73.808227
52.450000,-73.798391
52.460000,-73.788540
52.470000,-73.778675
52.480000,-73.768795
52.490000,-73.758901
52.500000,-73.748992
52.510000,-73.739069
52.520000,-73.729132
52.530000,-73.719181
52.540000,-73.709215
52.550000,-73.699236
52.560000,-73.689242
52.570000,-73.679234
52.580000,-73.669213
52.590000,-73.659178
52.600000,-73.649129
52.610000,-73.639066
52.620000,-73.628990
52.630000,-73.618900
52.640000,-73.608796
52.650000,-73.598679
52.660000,-73.588549
52.670000,-73.578405
52.680000,-73.568249
52.690000,-73.558079
52.700000,-73.547895
52.710000,-73.537699
52.720000,-73.527490
52.730000,-73.517268
52.740000,-73.507032
52.750000,-73.496784
52.760000,-73.486524
52.770000,-73.476250
52.780000,-73.465964
52.790000,-73.455666
52.800000,-73.445354
52.810000,-73.435031
52.820000,-73.424695
52.830000,-73.414346
52.840000,-73.403986
52.850000,-73.393613
52.860000,-73.383228
52.870000,-73.372831
52.880000,-73.362422
52.890000,-73.352001
52.900000,-73.341568
52.910000,-73.331123
52.920000,-73.320666
52.930000,-73.310198
52.940000,-73.299718
52.950000,-73.289227
52.960000,-73.278724
52.970000,-73.268210
52.980000,-73.257684
52.990000,-73.247147
53.000000,-73.236598
53.010000,-73.226039
53.020000,-73.215468
53.030000,-73.204886
53.040000,-73.194293
53.050000,-73.183690
53.060000,-73.173075
53.070000,-73.162450
53.080000,-73.151813
53.090000,-73.141166
53.100000,-73.130509
53.110000,-73.119841
53.120000,-73.109162
53.130000,-73.098473
53.140000,-73.087774
53.150000,-73.077064
53.160000,-73.066345
53.170000,-73.055614
53.180000,-73.044874
53.190000,-73.034124
53.200000,-73.023364
53.210000,-73.012594
53.220000,-73.001814
53.230000,-72.991024
53.240000,-72.980225
53.250000,-72.969416
53.260000,-72.958597
53.270000,-72.947769
53.280000,-72.936931
53.290000,-72.926084
53.300000,-72.915228
53.310000,-72.904362
53.320000,-72.893487
53.330000,-72.882603
53.340000,-72.871710
53.350000,-72.860808
53.360000,-72.849897
53.370000,-72.838978
53.380000,-72.828049
53.390000,-72.817112
53.400000,-72.806166
53.410000,-72.795211
53.420000,-72.784248
53.430000,-72.773276
53.440000,-72.762296
53.450000,-72.751308
53.460000,-72.740311
53.470000,-72.729306
53.480000,-72.718294
53.490000,-72.707272
53.500000,-72.696243
53.510000,-72.685206
53.520000,-72.674162
53.530000,-72.663109
53.540000,-72.652049
53.550000,-72.640980
53.560000,-72.629905
53.570000,-72.618822
53.580000,-72.607731
53.590000,-72.596633
53.600000,-72.585527
53.610000,-72.574415
53.620000,-72.563295
53.630000,-72.552168
53.640000,-72.541034
53.650000,-72.529892
53.660000,-72.518744
53.670000,-72.507589
53.680000,-72.496428
53.690000,-72.485259
53.700000,-72.474084
53.710000,-72.462902
53.720000,-72.451714
53.730000,-72.440519
53.740000,-72.429318
53.750000,-72.418110
53.760000,-72.406897
53.770000,-72.395677
53.780000,-72.384451
53.790000,-72.373218
53.800000,-72.361980
53.810000,-72.350736
53.820000,-72.339486
53.830000,-72.328230
53.840000,-72.316969
53.850000,-72.305702
53.860000,-72.294429
53.870000,-72.283151
53.880000,-72.271867
53.890000,-72.260578
53.900000,-72.249283
53.910000,-72.237983
53.920000,-72.226678
53.930000,-72.215368
53.940000,-72.204053
53.950000,-72.192733
53.960000,-72.181408
53.970000,-72.170078
53.980000,-72.158743
53.990000,-72.147404
54.000000,-72.136059
54.010000,-72.124711
54.020000,-72.113357
54.030000,-72.102000
54.040000,-72.090638
54.050000,-72.079271
54.060000,-72.067900
54.070000,-72.056525
54.080000,-72.045146
54.090000,-72.033763
54.100000,-72.022376
54.110000,-72.010985
54.120000,-71.999590
54.130000,-71.988191
54.140000,-71.976789
54.150000,-71.965383
54.160000,-71.953973
54.170000,-71.942560
54.180000,-71.931143
54.190000,-71.919723
54.200000,-71.908299
54.210000,-71.896873
54.220000,-71.885443
54.230000,-71.874010
54.240000,-71.862573
54.250000,-71.851134
54.260000,-71.839692
54.270000,-71.828247
54.280000,-71.816799
54.290000,-71.805349
54.300000,-71.793896
54.310000,-71.782440
54.320000,-71.770981
54.330000,-71.759520
54.340000,-71.748057
54.350000,-71.736591
54.360000,-71.725123
54.370000,-71.713653
54.380000,-71.702181
54.390000,-71.690706
54.400000,-71.679230
54.410000,-71.667751
54.420000,-71.656271
54.430000,-71.644789
54.440000,-71.633305
54.450000,-71.621819
54.460000,-71.610332
54.470000,-71.598843
54.480000,-71.587352
54.490000,-71.575860
54.500000,-71.564367
54.510000,-71.552872
54.520000,-71.541377
54.530000,-71.529879
54.540000,-71.518381
54.550000,-71.506882
54.560000,-71.495382
54.570000,-71.483880
54.580000,-71.472378
54.590000,-71.460875
54.600000,-71.449371
54.610000,-71.437867
54.620000,-71.426362
54.630000,-71.414856
54.640000,-71.403350
54.650000,-71.391843
54.660000,-71.380336
54.670000,-71.368829
54.680000,-71.357321
54.690000,-71.345813
54.700000,-71.334305
54.710000,-71.322797
54.720000,-71.311289
54.730000,-71.299781
54.740000,-71.288273
54.750000,-71.276766
54.760000,-71.265258
54.770000,-71.253751
54.780000,-71.242244
54.790000,-71.230738
54.800000,-71.219232
54.810000,-71.207726
54.820000,-71.196221
54.830000,-71.184717
54.840000,-71.173214
54.850000,-71.161711
54.860000,-71.150209
54.870000,-71.138708
54.880000,-71.127208
54.890000,-71.115709
54.900000,-71.104211
54.910000,-71.092714
54.920000,-71.081218
54.930000,-71.069724
54.940000,-71.058231
54.950000,-71.046739
54.960000,-71.035248
54.970000,-71.023759
54.980000,-71.012272
54.990000,-71.000786
55.000000,-70.989302
55.010000,-70.977820
55.020000,-70.966339
55.030000,-70.954860
55.040000,-70.943383
55.050000,-70.931908
55.060000,-70.920435
55.070000,-70.908965
55.080000,-70.897496
55.090000,-70.886029
55.100000,-70.874565
55.110000,-70.863102
55.120000,-70.851643
55.130000,-70.840185
55.140000,-70.828730
55.150000,-70.817278
55.160000,-70.805828
55.170000,-70.794380
55.180000,-70.782936
55.190000,-70.771494
55.200000,-70.760055
55.210000,-70.748618
55.220000,-70.737185
55.230000,-70.725754
55.240000,-70.714327
55.250000,-70.702903
55.260000,-70.691481
55.270000,-70.680063
55.280000,-70.668648
55.290000,-70.657236
55.300000,-70.645828
55.310000,-70.634423
55.320000,-70.623021
55.330000,-70.611623
55.340000,-70.600229
55.350000,-70.588838
55.360000,-70.577450
55.370000,-70.566067
55.380000,-70.554687
55.390000,-70.543311
55.400000,-70.531938
55.410000,-70.520570
55.420000,-70.509206
55.430000,-70.497845
55.440000,-70.486489
55.450000,-70.475137
55.460000,-70.463788
55.470000,-70.452444
55.480000,-70.441105
55.490000,-70.429769
55.500000,-70.418438
55.510000,-70.407112
55.520000,-70.395790
55.530000,-70.384472
55.540000,-70.373159
55.550000,-70.361850
55.560000,-70.350547
55.570000,-70.339247
55.580000,-70.327953
55.590000,-70.316663
55.600000,-70.305379
55.610000,-70.294099
55.620000,-70.282824
55.630000,-70.271554
55.640000,-70.260289
55.650000,-70.249029
55.660000,-70.237775
55.670000,-70.226525
55.680000,-70.215281
55.690000,-70.204042
55.700000,-70.192808
55.710000,-70.181580
55.720000,-70.170357
55.730000,-70.159139
55.740000,-70.147928
55.750000,-70.136721
55.760000,-70.125520
55.770000,-70.114325
55.780000,-70.103136
55.790000,-70.091952
55.800000,-70.080774
55.810000,-70.069602
55.820000,-70.058436
55.830000,-70.047275
55.840000,-70.036121
55.850000,-70.024973
55.860000,-70.013830
55.870000,-70.002694
55.880000,-69.991564
55.890000,-69.980440
55.900000,-69.969322
55.910000,-69.958211
55.920000,-69.947106
55.930000,-69.936007
55.940000,-69.924915
55.950000,-69.913829
55.960000,-69.902749
55.970000,-69.891676
55.980000,-69.880610
55.990000,-69.869550
56.000000,-69.858497
56.010000,-69.847450
56.020000,-69.836410
56.030000,-69.825377
56.040000,-69.814351
56.050000,-69.803332
56.060000,-69.792319
56.070000,-69.781314
56.080000,-69.770315
56.090000,-69.759324
56.100000,-69.748339
56.110000,-69.737362
56.120000,-69.726392
56.130000,-69.715428
56.140000,-69.704472
56.150000,-69.693524
56.160000,-69.682582
56.170000,-69.671648
56.180000,-69.660722
56.190000,-69.649802
56.200000,-69.638890
56.210000,-69.627986
56.220000,-69.617089
56.230000,-69.606200
56.240000,-69.595318
56.250000,-69.584444
56.260000,-69.573577
56.270000,-69.562718
56.280000,-69.551867
56.290000,-69.541024
56.300000,-69.530188
56.310000,-69.519361
56.320000,-69.508541
56.330000,-69.497729
56.340000,-69.486925
56.350000,-69.476129
56.360000,-69.465341
56.370000,-69.454561
56.380000,-69.443790
56.390000,-69.433026
56.400000,-69.422270
56.410000,-69.411523
56.420000,-69.400784
56.430000,-69.390053
56.440000,-69.379331
56.450000,-69.368617
56.460000,-69.357911
56.470000,-69.347213
56.480000,-69.336524
56.490000,-69.325844
56.500000,-69.315172
56.510000,-69.304508
56.520000,-69.293853
56.530000,-69.283207
56.540000,-69.272569
56.550000,-69.261940
56.560000,-69.251319
56.570000,-69.240708
56.580000,-69.230105
56.590000,-69.219510
56.600000,-69.208925
56.610000,-69.198349
56.620000,-69.187781
56.630000,-69.177222
56.640000,-69.166672
56.650000,-69.156131
56.660000,-69.145600
56.670000,-69.135077
56.680000,-69.124563
56.690000,-69.114058
56.700000,-69.103563
56.710000,-69.093076
56.720000,-69.082599
56.730000,-69.072131
56.740000,-69.061672
56.750000,-69.051223
56.760000,-69.040782
56.770000,-69.030351
56.780000,-69.019930
56.790000,-69.009517
56.800000,-68.999115
56.810000,-68.988721
56.820000,-68.978337
56.830000,-68.967963
56.840000,-68.957598
56.850000,-68.947242
56.860000,-68.936896
56.870000,-68.926560
56.880000,-68.916233
56.890000,-68.905916
56.900000,-68.895609
56.910000,-68.885311
56.920000,-68.875023
56.930000,-68.864745
56.940000,-68.854477
56.950000,-68.844218
56.960000,-68.833969
56.970000,-68.823730
56.980000,-68.813501
56.990000,-68.803282
57.000000,-68.793072
57.010000,-68.782873
57.020000,-68.772684
57.030000,-68.762504
57.040000,-68.752335
57.050000,-68.742176
57.060000,-68.732027
57.070000,-68.721887
57.080000,-68.711758
57.090000,-68.701639
57.100000,-68.691531
57.110000,-68.681432
57.120000,-68.671344
57.130000,-68.661266
57.140000,-68.651198
57.150000,-68.641140
57.160000,-68.631093
57.170000,-68.621056
57.180000,-68.611029
57.190000,-68.601013
57.200000,-68.591007
57.210000,-68.581012
57.220000,-68.571027
57.230000,-68.561052
57.240000,-68.551088
57.250000,-68.541135
57.260000,-68.531191
57.270000,-68.521259
57.280000,-68.511337
57.290000,-68.501425
57.300000,-68.491525
57.310000,-68.481634
57.320000,-68.471755
57.330000,-68.461886
57.340000,-68.452028
57.350000,-68.442180
57.360000,-68.432343
57.370000,-68.422517
57.380000,-68.412702
57.390000,-68.402897
57.400000,-68.393103
57.410000,-68.383320
57.420000,-68.373548
57.430000,-68.363787
57.440000,-68.354037
57.450000,-68.344297
57.460000,-68.334568
57.470000,-68.324851
57.480000,-68.315144
57.490000,-68.305448
57.500000,-68.295763
57.510000,-68.286090
57.520000,-68.276427
57.530000,-68.266775
57.540000,-68.257134
57.550000,-68.247504
57.560000,-68.237886
57.570000,-68.228278
57.580000,-68.218682
57.590000,-68.209097
57.600000,-68.199523
57.610000,-68.189960
57.620000,-68.180408
57.630000,-68.170867
57.640000,-68.161338
57.650000,-68.151820
57.660000,-68.142313
57.670000,-68.132817
57.680000,-68.123333
57.690000,-68.113860
57.700000,-68.104398
57.710000,-68.094948
57.720000,-68.085509
57.730000,-68.076081
57.740000,-68.066664
57.750000,-68.057259
57.760000,-68.047866
57.770000,-68.038484
57.780000,-68.029113
57.790000,-68.019754
57.800000,-68.010406
57.810000,-68.001069
57.820000,-67.991744
57.830000,-67.982431
57.840000,-67.973129
57.850000,-67.963839
57.860000,-67.954560
57.870000,-67.945292
57.880000,-67.936037
57.890000,-67.926792
57.900000,-67.917560
57.910000,-67.908339
57.920000,-67.899130
57.930000,-67.889932
57.940000,-67.880746
57.950000,-67.871571
57.960000,-67.862409
57.970000,-67.853257
57.980000,-67.844118
57.990000,-67.834990
58.000000,-67.825874
58.010000,-67.816770
58.020000,-67.807678
58.030000,-67.798597
58.040000,-67.789528
58.050000,-67.780471
58.060000,-67.771425
58.070000,-67.762392
58.080000,-67.753370
58.090000,-67.744360
58.100000,-67.735362
58.110000,-67.726375
58.120000,-67.717401
58.130000,-67.708438
58.140000,-67.699488
58.150000,-67.690549
58.160000,-67.681622
58.170000,-67.672707
58.180000,-67.663804
58.190000,-67.654913
58.200000,-67.646033
58.210000,-67.637166
58.220000,-67.628311
58.230000,-67.619467
58.240000,-67.610636
58.250000,-67.601817
58.260000,-67.593009
58.270000,-67.584214
58.280000,-67.575431
58.290000,-67.566659
58.300000,-67.557900
58.310000,-67.549153
58.320000,-67.540418
58.330000,-67.531695
58.340000,-67.522983
58.350000,-67.514285
58.360000,-67.505598
58.370000,-67.496923
58.380000,-67.488260
58.390000,-67.479610
58.400000,-67.470971
58.410000,-67.462345
58.420000,-67.453731
58.430000,-67.445129
58.440000,-67.436539
58.450000,-67.427962
58.460000,-67.419396
58.470000,-67.410843
58.480000,-67.402302
58.490000,-67.393773
58.500000,-67.385257
58.510000,-67.376752
58.520000,-67.368260
58.530000,-67.359780
58.540000,-67.351312
58.550000,-67.342857
58.560000,-67.334414
58.570000,-67.325983
58.580000,-67.317564
58.590000,-67.309158
58.600000,-67.300764
58.610000,-67.292382
58.620000,-67.284013
58.630000,-67.275655
58.640000,-67.267311
58.650000,-67.258978
58.660000,-67.250658
58.670000,-67.242350
58.680000,-67.234055
58.690000,-67.225771
58.700000,-67.217501
58.710000,-67.209242
58.720000,-67.200996
58.730000,-67.192762
58.740000,-67.184541
58.750000,-67.176332
58.760000,-67.168136
58.770000,-67.159952
58.780000,-67.151780
58.790000,-67.143621
58.800000,-67.135474
58.810000,-67.127339
58.820000,-67.119217
58.830000,-67.111108
58.840000,-67.103011
58.850000,-67.094926
58.860000,-67.086854
58.870000,-67.078794
58.880000,-67.070747
58.890000,-67.062712
58.900000,-67.054690
58.910000,-67.046680
58.920000,-67.038682
58.930000,-67.030698
58.940000,-67.022725
58.950000,-67.014765
58.960000,-67.006818
58.970000,-66.998883
58.980000,-66.990961
58.990000,-66.983051
59.000000,-66.975154
59.010000,-66.967269
59.020000,-66.959397
59.030000,-66.951537
59.040000,-66.943690
59.050000,-66.935856
59.060000,-66.928034
59.070000,-66.920225
59.080000,-66.912428
59.090000,-66.904643
59.100000,-66.896872
59.110000,-66.889113
59.120000,-66.881366
59.130000,-66.873632
59.140000,-66.865911
59.150000,-66.858202
59.160000,-66.850506
59.170000,-66.842823
59.180000,-66.835152
59.190000,-66.827494
59.200000,-66.819848
59.210000,-66.812215
59.220000,-66.804595
59.230000,-66.796987
59.240000,-66.789392
59.250000,-66.781810
59.260000,-66.774240
59.270000,-66.766683
59.280000,-66.759138
59.290000,-66.751606
59.300000,-66.744087
59.310000,-66.736581
59.320000,-66.729087
59.330000,-66.721606
59.340000,-66.714137
59.350000,-66.706682
59.360000,-66.699238
59.370000,-66.691808
59.380000,-66.684390
59.390000,-66.676985
59.400000,-66.669593
59.410000,-66.662213
59.420000,-66.654846
59.430000,-66.647492
59.440000,-66.640151
59.450000,-66.632822
59.460000,-66.625506
59.470000,-66.618203
59.480000,-66.610912
59.490000,-66.603634
59.500000,-66.596369
59.510000,-66.589117
59.520000,-66.581877
59.530000,-66.574650
59.540000,-66.567436
59.550000,-66.560234
59.560000,-66.553046
59.570000,-66.545870
59.580000,-66.538707
59.590000,-66.531556
59.600000,-66.524419
59.610000,-66.517294
59.620000,-66.510182
59.630000,-66.503082
59.640000,-66.495996
59.650000,-66.488922
59.660000,-66.481861
59.670000,-66.474813
59.680000,-66.467777
59.690000,-66.460755
59.700000,-66.453745
59.710000,-66.446748
59.720000,-66.439764
59.730000,-66.432792
59.740000,-66.425833
59.750000,-66.418888
59.760000,-66.411955
59.770000,-66.405034
59.780000,-66.398127
59.790000,-66.391232
59.800000,-66.384350
59.810000,-66.377481
59.820000,-66.370625
59.830000,-66.363782
59.840000,-66.356951
59.850000,-66.350134
59.860000,-66.343329
59.870000,-66.336537
59.880000,-66.329758
59.890000,-66.322991
59.900000,-66.316238
59.910000,-66.309497
59.920000,-66.302769
59.930000,-66.296054
59.940000,-66.289352
59.950000,-66.282663
59.960000,-66.275987
59.970000,-66.269323
59.980000,-66.262672
59.990000,-66.256034
60.000000,-66.249409
60.010000,-66.242797
60.020000,-66.236198
60.030000,-66.229612
60.040000,-66.223038
60.050000,-66.216477
60.060000,-66.209930
60.070000,-66.203395
60.080000,-66.196873
60.090000,-66.190364
60.100000,-66.183867
60.110000,-66.177384
60.120000,-66.170913
60.130000,-66.164456
60.140000,-66.158011
60.150000,-66.151579
60.160000,-66.145160
60.170000,-66.138754
60.180000,-66.132361
60.190000,-66.125981
60.200000,-66.119614
60.210000,-66.113259
60.220000,-66.106918
60.230000,-66.100589
60.240000,-66.094273
60.250000,-66.087970
60.260000,-66.081680
60.270000,-66.075403
60.280000,-66.069139
60.290000,-66.062888
60.300000,-66.056650
60.310000,-66.050425
60.320000,-66.044212
60.330000,-66.038013
60.340000,-66.031826
60.350000,-66.025652
60.360000,-66.019492
60.370000,-66.013344
60.380000,-66.007209
60.390000,-66.001087
60.400000,-65.994978
60.410000,-65.988882
60.420000,-65.982799
60.430000,-65.976729
60.440000,-65.970671
60.450000,-65.964627
60.460000,-65.958596
60.470000,-65.952577
60.480000,-65.946572
60.490000,-65.940579
60.500000,-65.934600
60.510000,-65.928633
60.520000,-65.922679
60.530000,-65.916739
60.540000,-65.910811
60.550000,-65.904896
60.560000,-65.898994
60.570000,-65.893105
60.580000,-65.887229
60.590000,-65.881366
60.600000,-65.875516
60.610000,-65.869679
60.620000,-65.863855
60.630000,-65.858044
60.640000,-65.852246
60.650000,-65.846460
60.660000,-65.840688
60.670000,-65.834929
60.680000,-65.829183
60.690000,-65.823449
60.700000,-65.817729
60.710000,-65.812021
60.720000,-65.806327
60.730000,-65.800646
60.740000,-65.794977
60.750000,-65.789322
60.760000,-65.783679
60.770000,-65.778050
60.780000,-65.772433
60.790000,-65.766830
60.800000,-65.761239
60.810000,-65.755662
60.820000,-65.750097
60.830000,-65.744545
60.840000,-65.739007
60.850000,-65.733481
60.860000,-65.727969
60.870000,-65.722469
60.880000,-65.716982
60.890000,-65.711509
60.900000,-65.706048
60.910000,-65.700600
60.920000,-65.695166
60.930000,-65.689744
60.940000,-65.684335
60.950000,-65.678940
60.960000,-65.673557
60.970000,-65.668187
60.980000,-65.662831
60.990000,-65.657487
61.000000,-65.652157
61.010000,-65.646839
61.020000,-65.641534
61.030000,-65.636243
61.040000,-65.630964
61.050000,-65.625699
61.060000,-65.620446
61.070000,-65.615206
61.080000,-65.609980
61.090000,-65.604766
61.100000,-65.599566
61.110000,-65.594378
61.120000,-65.589204
61.130000,-65.584042
61.140000,-65.578894
61.150000,-65.573758
61.160000,-65.568636
61.170000,-65.563527
61.180000,-65.558430
61.190000,-65.553347
61.200000,-65.548277
61.210000,-65.543219
61.220000,-65.538175
61.230000,-65.533144
61.240000,-65.528125
61.250000,-65.523120
61.260000,-65.518128
61.270000,-65.513149
61.280000,-65.508183
61.290000,-65.503230
61.300000,-65.498290
61.310000,-65.493362
61.320000,-65.488448
61.330000,-65.483547
61.340000,-65.478659
61.350000,-65.473784
61.360000,-65.468923
61.370000,-65.464074
61.380000,-65.459238
61.390000,-65.454415
61.400000,-65.449605
61.410000,-65.444808
61.420000,-65.440025
61.430000,-65.435254
61.440000,-65.430496
61.450000,-65.425752
61.460000,-65.421020
61.470000,-65.416301
61.480000,-65.411596
61.490000,-65.406903
61.500000,-65.402224
61.510000,-65.397558
61.520000,-65.392904
61.530000,-65.388264
61.540000,-65.383636
61.550000,-65.379022
61.560000,-65.374421
61.570000,-65.369833
61.580000,-65.365257
61.590000,-65.360695
61.600000,-65.356146
61.610000,-65.351610
61.620000,-65.347087
61.630000,-65.342577
61.640000,-65.338080
61.650000,-65.333596
61.660000,-65.329125
61.670000,-65.324667
61.680000,-65.320222
61.690000,-65.315791
61.700000,-65.311372
61.710000,-65.306966
61.720000,-65.302573
61.730000,-65.298194
61.740000,-65.293827
61.750000,-65.289473
61.760000,-65.285133
61.770000,-65.280805
61.780000,-65.276491
61.790000,-65.272189
61.800000,-65.267901
61.810000,-65.263625
61.820000,-65.259363
61.830000,-65.255113
61.840000,-65.250877
61.850000,-65.246654
61.860000,-65.242443
61.870000,-65.238246
61.880000,-65.234062
61.890000,-65.229891
61.900000,-65.225732
61.910000,-65.221587
61.920000,-65.217455
61.930000,-65.213336
61.940000,-65.209230
61.950000,-65.205137
61.960000,-65.201057
61.970000,-65.196989
61.980000,-65.192935
61.990000,-65.188894
62.000000,-65.184866
62.010000,-65.180851
62.020000,-65.176849
62.030000,-65.172860
62.040000,-65.168884
62.050000,-65.164921
62.060000,-65.160971
62.070000,-65.157034
62.080000,-65.153110
62.090000,-65.149199
62.100000,-65.145302
62.110000,-65.141417
62.120000,-65.137545
62.130000,-65.133686
62.140000,-65.129840
62.150000,-65.126007
62.160000,-65.122187
62.170000,-65.118380
62.180000,-65.114586
62.190000,-65.110805
62.200000,-65.107037
62.210000,-65.103282
62.220000,-65.099540
62.230000,-65.095811
62.240000,-65.092095
62.250000,-65.088392
62.260000,-65.084701
62.270000,-65.081024
62.280000,-65.077360
62.290000,-65.073709
62.300000,-65.070071
62.310000,-65.066445
62.320000,-65.062833
62.330000,-65.059234
62.340000,-65.055647
62.350000,-65.052074
62.360000,-65.048513
62.370000,-65.044966
62.380000,-65.041431
62.390000,-65.037909
62.400000,-65.034401
62.410000,-65.030905
62.420000,-65.027422
62.430000,-65.023952
62.440000,-65.020495
62.450000,-65.017051
62.460000,-65.013620
62.470000,-65.010202
62.480000,-65.006797
62.490000,-65.003405
62.500000,-65.000025
62.510000,-64.996659
62.520000,-64.993305
62.530000,-64.989964
62.540000,-64.986637
62.550000,-64.983322
62.560000,-64.980020
62.570000,-64.976731
62.580000,-64.973455
62.590000,-64.970191
62.600000,-64.966941
62.610000,-64.963703
62.620000,-64.960479
62.630000,-64.957267
62.640000,-64.954068
62.650000,-64.950882
62.660000,-64.947709
62.670000,-64.944548
62.680000,-64.941401
62.690000,-64.938266
62.700000,-64.935144
62.710000,-64.932036
62.720000,-64.928939
62.730000,-64.925856
62.740000,-64.922786
62.750000,-64.919728
62.760000,-64.916683
62.770000,-64.913651
62.780000,-64.910632
62.790000,-64.907626
62.800000,-64.904632
62.810000,-64.901652
62.820000,-64.898684
62.830000,-64.895729
62.840000,-64.892786
62.850000,-64.889857
62.860000,-64.886940
62.870000,-64.884036
62.880000,-64.881144
62.890000,-64.878266
62.900000,-64.875400
62.910000,-64.872547
62.920000,-64.869707
62.930000,-64.866879
62.940000,-64.864065
62.950000,-64.861263
62.960000,-64.858473
62.970000,-64.855697
62.980000,-64.852933
62.990000,-64.850181
63.000000,-64.847443
63.010000,-64.844717
63.020000,-64.842004
63.030000,-64.839304
63.040000,-64.836616
63.050000,-64.833941
63.060000,-64.831278
63.070000,-64.828629
63.080000,-64.825992
63.090000,-64.823367
63.100000,-64.820755
63.110000,-64.818156
63.120000,-64.815569
63.130000,-64.812996
63.140000,-64.810434
63.150000,-64.807885
63.160000,-64.805349
63.170000,-64.802826
63.180000,-64.800315
63.190000,-64.797816
63.200000,-64.795331
63.210000,-64.792857
63.220000,-64.790397
63.230000,-64.787949
63.240000,-64.785513
63.250000,-64.783090
63.260000,-64.780679
63.270000,-64.778281
63.280000,-64.775896
63.290000,-64.773523
63.300000,-64.771162
63.310000,-64.768814
63.320000,-64.766479
63.330000,-64.764156
63.340000,-64.761845
63.350000,-64.759547
63.360000,-64.757261
63.370000,-64.754988
63.380000,-64.752727
63.390000,-64.750479
63.400000,-64.748243
63.410000,-64.746019
63.420000,-64.743808
63.430000,-64.741609
63.440000,-64.739423
63.450000,-64.737249
63.460000,-64.735087
63.470000,-64.732938
63.480000,-64.730801
63.490000,-64.728676
63.500000,-64.726564
63.510000,-64.724464
63.520000,-64.722376
63.530000,-64.720301
63.540000,-64.718238
63.550000,-64.716187
63.560000,-64.714148
63.570000,-64.712122
63.580000,-64.710108
63.590000,-64.708106
63.600000,-64.706116
63.610000,-64.704139
63.620000,-64.702173
63.630000,-64.700220
63.640000,-64.698279
63.650000,-64.696351
63.660000,-64.694434
63.670000,-64.692530
63.680000,-64.690637
63.690000,-64.688757
63.700000,-64.686889
63.710000,-64.685033
63.720000,-64.683190
63.730000,-64.681358
63.740000,-64.679538
63.750000,-64.677731
63.760000,-64.675935
63.770000,-64.674151
63.780000,-64.672380
63.790000,-64.670621
63.800000,-64.668873
63.810000,-64.667138
63.820000,-64.665414
63.830000,-64.663702
63.840000,-64.662003
63.850000,-64.660315
63.860000,-64.658639
63.870000,-64.656976
63.880000,-64.655324
63.890000,-64.653684
63.900000,-64.652055
63.910000,-64.650439
63.920000,-64.648835
63.930000,-64.647242
63.940000,-64.645661
63.950000,-64.644092
63.960000,-64.642535
63.970000,-64.640989
63.980000,-64.639456
63.990000,-64.637934
64.000000,-64.636424
64.010000,-64.634925
64.020000,-64.633438
64.030000,-64.631963
64.040000,-64.630500
64.050000,-64.629048
64.060000,-64.627608
64.070000,-64.626180
64.080000,-64.624763
64.090000,-64.623358
64.100000,-64.621964
64.110000,-64.620582
64.120000,-64.619212
64.130000,-64.617853
64.140000,-64.616506
64.150000,-64.615170
64.160000,-64.613846
64.170000,-64.612533
64.180000,-64.611232
64.190000,-64.609942
64.200000,-64.608663
64.210000,-64.607396
64.220000,-64.606141
64.230000,-64.604896
64.240000,-64.603664
64.250000,-64.602442
64.260000,-64.601232
64.270000,-64.600033
64.280000,-64.598846
64.290000,-64.597669
64.300000,-64.596504
64.310000,-64.595351
64.320000,-64.594208
64.330000,-64.593077
64.340000,-64.591957
64.350000,-64.590848
64.360000,-64.589751
64.370000,-64.588664
64.380000,-64.587589
64.390000,-64.586525
64.400000,-64.585472
64.410000,-64.584430
64.420000,-64.583399
64.430000,-64.582379
64.440000,-64.581370
64.450000,-64.580372
64.460000,-64.579385
64.470000,-64.578409
64.480000,-64.577444
64.490000,-64.576491
64.500000,-64.575547
64.510000,-64.574615
64.520000,-64.573694
64.530000,-64.572784
64.540000,-64.571884
64.550000,-64.570995
64.560000,-64.570117
64.570000,-64.569250
64.580000,-64.568394
64.590000,-64.567548
64.600000,-64.566713
64.610000,-64.565889
64.620000,-64.565076
64.630000,-64.564273
64.640000,-64.563481
64.650000,-64.562699
64.660000,-64.561928
64.670000,-64.561168
64.680000,-64.560418
64.690000,-64.559679
64.700000,-64.558950
64.710000,-64.558232
64.720000,-64.557524
64.730000,-64.556827
64.740000,-64.556140
64.750000,-64.555464
64.760000,-64.554798
64.770000,-64.554142
64.780000,-64.553497
64.790000,-64.552862
64.800000,-64.552237
64.810000,-64.551623
64.820000,-64.551019
64.830000,-64.550425
64.840000,-64.549841
64.850000,-64.549268
64.860000,-64.548704
64.870000,-64.548151
64.880000,-64.547608
64.890000,-64.547076
64.900000,-64.546553
64.910000,-64.546040
64.920000,-64.545537
64.930000,-64.545045
64.940000,-64.544562
64.950000,-64.544090
64.960000,-64.543627
64.970000,-64.543174
64.980000,-64.542731
64.990000,-64.542298
65.000000,-64.541875
65.010000,-64.541462
65.020000,-64.541058
65.030000,-64.540664
65.040000,-64.540281
65.050000,-64.539906
65.060000,-64.539542
65.070000,-64.539187
65.080000,-64.538842
65.090000,-64.538506
65.100000,-64.538180
65.110000,-64.537864
65.120000,-64.537557
65.130000,-64.537260
65.140000,-64.536972
65.150000,-64.536694
65.160000,-64.536425
65.170000,-64.536166
65.180000,-64.535916
65.190000,-64.535676
65.200000,-64.535445
65.210000,-64.535223
65.220000,-64.535010
65.230000,-64.534807
65.240000,-64.534613
65.250000,-64.534429
65.260000,-64.534253
65.270000,-64.534087
65.280000,-64.533930
65.290000,-64.533781
65.300000,-64.533643
65.310000,-64.533513
65.320000,-64.533392
65.330000,-64.533280
65.340000,-64.533177
65.350000,-64.533083
65.360000,-64.532999
65.370000,-64.532923
65.380000,-64.532856
65.390000,-64.532797
65.400000,-64.532748
65.410000,-64.532707
65.420000,-64.532676
65.430000,-64.532653
65.440000,-64.532638
65.450000,-64.532633
65.460000,-64.532636
65.470000,-64.532647
65.480000,-64.532668
65.490000,-64.532697
65.500000,-64.532734
65.510000,-64.532780
65.520000,-64.532834
65.530000,-64.532897
65.540000,-64.532969
65.550000,-64.533049
65.560000,-64.533137
65.570000,-64.533233
65.580000,-64.533338
65.590000,-64.533451
65.600000,-64.533573
65.610000,-64.533703
65.620000,-64.533841
65.630000,-64.533987
65.640000,-64.534141
65.650000,-64.534303
65.660000,-64.534474
65.670000,-64.534652
65.680000,-64.534839
65.690000,-64.535034
65.700000,-64.535236
65.710000,-64.535447
65.720000,-64.535665
65.730000,-64.535892
65.740000,-64.536126
65.750000,-64.536368
65.760000,-64.536618
65.770000,-64.536875
65.780000,-64.537141
65.790000,-64.537414
65.800000,-64.537695
65.810000,-64.537983
65.820000,-64.538279
65.830000,-64.538583
65.840000,-64.538894
65.850000,-64.539213
65.860000,-64.539539
65.870000,-64.539873
65.880000,-64.540214
65.890000,-64.540562
65.900000,-64.540918
65.910000,-64.541282
65.920000,-64.541652
65.930000,-64.542030
65.940000,-64.542415
65.950000,-64.542808
65.960000,-64.543207
65.970000,-64.543614
65.980000,-64.544028
65.990000,-64.544449
66.000000,-64.544877
66.010000,-64.545312
66.020000,-64.545754
66.030000,-64.546203
66.040000,-64.546659
66.050000,-64.547122
66.060000,-64.547591
66.070000,-64.548068
66.080000,-64.548551
66.090000,-64.549042
66.100000,-64.549539
66.110000,-64.550042
66.120000,-64.550553
66.130000,-64.551070
66.140000,-64.551593
66.150000,-64.552124
66.160000,-64.552660
66.170000,-64.553204
66.180000,-64.553754
66.190000,-64.554310
66.200000,-64.554873
66.210000,-64.555442
66.220000,-64.556017
66.230000,-64.556599
66.240000,-64.557187
66.250000,-64.557782
66.260000,-64.558382
66.270000,-64.558989
66.280000,-64.559602
66.290000,-64.560222
66.300000,-64.560847
66.310000,-64.561478
66.320000,-64.562116
66.330000,-64.562759
66.340000,-64.563408
66.350000,-64.564064
66.360000,-64.564725
66.370000,-64.565392
66.380000,-64.566065
66.390000,-64.566744
66.400000,-64.567429
66.410000,-64.568119
66.420000,-64.568815
66.430000,-64.569517
66.440000,-64.570224
66.450000,-64.570937
66.460000,-64.571656
66.470000,-64.572380
66.480000,-64.573110
66.490000,-64.573845
66.500000,-64.574586
66.510000,-64.575332
66.520000,-64.576083
66.530000,-64.576840
66.540000,-64.577602
66.550000,-64.578369
66.560000,-64.579142
66.570000,-64.579920
66.580000,-64.580703
66.590000,-64.581491
66.600000,-64.582285
66.610000,-64.583083
66.620000,-64.583887
66.630000,-64.584695
66.640000,-64.585509
66.650000,-64.586327
66.660000,-64.587151
66.670000,-64.587979
66.680000,-64.588812
66.690000,-64.589650
66.700000,-64.590493
66.710000,-64.591340
66.720000,-64.592193
66.730000,-64.593050
66.740000,-64.593911
66.750000,-64.594778
66.760000,-64.595649
66.770000,-64.596524
66.780000,-64.597404
66.790000,-64.598288
66.800000,-64.599177
66.810000,-64.600071
66.820000,-64.600968
66.830000,-64.601870
66.840000,-64.602777
66.850000,-64.603688
66.860000,-64.604603
66.870000,-64.605522
66.880000,-64.606445
66.890000,-64.607373
66.900000,-64.608305
66.910000,-64.609240
66.920000,-64.610180
66.930000,-64.611124
66.940000,-64.612072
66.950000,-64.613024
66.960000,-64.613980
66.970000,-64.614940
66.980000,-64.615903
66.990000,-64.616871
67.000000,-64.617842
67.010000,-64.618817
67.020000,-64.619796
67.030000,-64.620778
67.040000,-64.621764
67.050000,-64.622754
67.060000,-64.623747
67.070000,-64.624744
67.080000,-64.625745
67.090000,-64.626749
67.100000,-64.627756
67.110000,-64.628767
67.120000,-64.629782
67.130000,-64.630799
67.140000,-64.631820
67.150000,-64.632845
67.160000,-64.633872
67.170000,-64.634903
67.180000,-64.635937
67.190000,-64.636975
67.200000,-64.638015
67.210000,-64.639059
67.220000,-64.640105
67.230000,-64.641155
67.240000,-64.642208
67.250000,-64.643264
67.260000,-64.644322
67.270000,-64.645384
67.280000,-64.646449
67.290000,-64.647516
67.300000,-64.648586
67.310000,-64.649659
67.320000,-64.650735
67.330000,-64.651813
67.340000,-64.652895
67.350000,-64.653979
67.360000,-64.655065
67.370000,-64.656154
67.380000,-64.657246
67.390000,-64.658340
67.400000,-64.659437
67.410000,-64.660536
67.420000,-64.661638
67.430000,-64.662742
67.440000,-64.663849
67.450000,-64.664958
67.460000,-64.666069
67.470000,-64.667182
67.480000,-64.668298
67.490000,-64.669416
67.500000,-64.670537
67.510000,-64.671659
67.520000,-64.672784
67.530000,-64.673910
67.540000,-64.675039
67.550000,-64.676170
67.560000,-64.677303
67.570000,-64.678437
67.580000,-64.679574
67.590000,-64.680713
67.600000,-64.681853
67.610000,-64.682996
67.620000,-64.684140
67.630000,-64.685286
67.640000,-64.686434
67.650000,-64.687584
67.660000,-64.688735
67.670000,-64.689888
67.680000,-64.691043
67.690000,-64.692199
67.700000,-64.693357
67.710000,-64.694517
67.720000,-64.695678
67.730000,-64.696840
67.740000,-64.698004
67.750000,-64.699170
67.760000,-64.700337
67.770000,-64.701505
67.780000,-64.702675
67.790000,-64.703845
67.800000,-64.705018
67.810000,-64.706191
67.820000,-64.707366
67.830000,-64.708542
67.840000,-64.709719
67.850000,-64.710898
67.860000,-64.712077
67.870000,-64.713258
67.880000,-64.714440
67.890000,-64.715622
67.900000,-64.716806
67.910000,-64.717991
67.920000,-64.719177
67.930000,-64.720363
67.940000,-64.721551
67.950000,-64.722739
67.960000,-64.723929
67.970000,-64.725119
67.980000,-64.726310
67.990000,-64.727501
68.000000,-64.728694
68.010000,-64.729887
68.020000,-64.731081
68.030000,-64.732275
68.040000,-64.733470
68.050000,-64.734666
68.060000,-64.735862
68.070000,-64.737059
68.080000,-64.738257
68.090000,-64.739455
68.100000,-64.740653
68.110000,-64.741852
68.120000,-64.743051
68.130000,-64.744250
68.140000,-64.745450
68.150000,-64.746651
68.160000,-64.747851
68.170000,-64.749052
68.180000,-64.750253
68.190000,-64.751455
68.200000,-64.752657
68.210000,-64.753858
68.220000,-64.755060
68.230000,-64.756262
68.240000,-64.757465
68.250000,-64.758667
68.260000,-64.759869
68.270000,-64.761072
68.280000,-64.762274
68.290000,-64.763476
68.300000,-64.764679
68.310000,-64.765881
68.320000,-64.767083
68.330000,-64.768285
68.340000,-64.769487
68.350000,-64.770689
68.360000,-64.771890
68.370000,-64.773092
68.380000,-64.774293
68.390000,-64.775494
68.400000,-64.776694
68.410000,-64.777895
68.420000,-64.779095
68.430000,-64.780294
68.440000,-64.781493
68.450000,-64.782692
68.460000,-64.783890
68.470000,-64.785088
68.480000,-64.786286
68.490000,-64.787483
68.500000,-64.788679
68.510000,-64.789875
68.520000,-64.791070
68.530000,-64.792265
68.540000,-64.793459
68.550000,-64.794653
68.560000,-64.795846
68.570000,-64.797038
68.580000,-64.798229
68.590000,-64.799420
68.600000,-64.800610
68.610000,-64.801799
68.620000,-64.802988
68.630000,-64.804175
68.640000,-64.805362
68.650000,-64.806548
68.660000,-64.807733
68.670000,-64.808917
68.680000,-64.810101
68.690000,-64.811283
68.700000,-64.812465
68.710000,-64.813645
68.720000,-64.814824
68.730000,-64.816003
68.740000,-64.817180
68.750000,-64.818357
68.760000,-64.819532
68.770000,-64.820706
68.780000,-64.821879
68.790000,-64.823051
68.800000,-64.824222
68.810000,-64.825391
68.820000,-64.826560
68.830000,-64.827727
68.840000,-64.828893
68.850000,-64.830057
68.860000,-64.831221
68.870000,-64.832383
68.880000,-64.833543
68.890000,-64.834703
68.900000,-64.835861
68.910000,-64.837018
68.920000,-64.838173
68.930000,-64.839327
68.940000,-64.840480
68.950000,-64.841631
68.960000,-64.842780
68.970000,-64.843928
68.980000,-64.845075
68.990000,-64.846220
69.000000,-64.847364
69.010000,-64.848506
69.020000,-64.849646
69.030000,-64.850785
69.040000,-64.851922
69.050000,-64.853058
69.060000,-64.854192
69.070000,-64.855324
69.080000,-64.856455
69.090000,-64.857584
69.100000,-64.858711
69.110000,-64.859837
69.120000,-64.860961
69.130000,-64.862083
69.140000,-64.863203
69.150000,-64.864322
69.160000,-64.865439
69.170000,-64.866554
69.180000,-64.867667
69.190000,-64.868778
69.200000,-64.869887
69.210000,-64.870995
69.220000,-64.872100
69.230000,-64.873204
69.240000,-64.874306
69.250000,-64.875406
69.260000,-64.876504
69.270000,-64.877599
69.280000,-64.878693
69.290000,-64.879785
69.300000,-64.880875
69.310000,-64.881963
69.320000,-64.883049
69.330000,-64.884133
69.340000,-64.885214
69.350000,-64.886294
69.360000,-64.887372
69.370000,-64.888447
69.380000,-64.889520
69.390000,-64.890591
69.400000,-64.891660
69.410000,-64.892727
69.420000,-64.893792
69.430000,-64.894854
69.440000,-64.895915
69.450000,-64.896973
69.460000,-64.898028
69.470000,-64.899082
69.480000,-64.900133
69.490000,-64.901182
69.500000,-64.902229
69.510000,-64.903274
69.520000,-64.904316
69.530000,-64.905356
69.540000,-64.906393
69.550000,-64.907428
69.560000,-64.908461
69.570000,-64.909491
69.580000,-64.910519
69.590000,-64.911545
69.600000,-64.912568
69.610000,-64.913589
69.620000,-64.914608
69.630000,-64.915624
69.640000,-64.916637
69.650000,-64.917648
69.660000,-64.918657
69.670000,-64.919663
69.680000,-64.920667
69.690000,-64.921668
69.700000,-64.922666
69.710000,-64.923663
69.720000,-64.924656
69.730000,-64.925647
69.740000,-64.926636
69.750000,-64.927622
69.760000,-64.928605
69.770000,-64.929586
69.780000,-64.930564
69.790000,-64.931540
69.800000,-64.932513
69.810000,-64.933483
69.820000,-64.934451
69.830000,-64.935416
69.840000,-64.936378
69.850000,-64.937338
69.860000,-64.938295
69.870000,-64.939250
69.880000,-64.940202
69.890000,-64.941151
69.900000,-64.942097
69.910000,-64.943041
69.920000,-64.943982
69.930000,-64.944920
69.940000,-64.945856
69.950000,-64.946789
69.960000,-64.947719
69.970000,-64.948646
69.980000,-64.949570
69.990000,-64.950492
70.000000,-64.951411
70.010000,-64.952328
70.020000,-64.953241
70.030000,-64.954152
70.040000,-64.955059
70.050000,-64.955965
70.060000,-64.956867
70.070000,-64.957766
70.080000,-64.958663
70.090000,-64.959556
70.100000,-64.960447
70.110000,-64.961335
70.120000,-64.962220
70.130000,-64.963103
70.140000,-64.963982
70.150000,-64.964859
70.160000,-64.965732
70.170000,-64.966603
70.180000,-64.967471
70.190000,-64.968336
70.200000,-64.969198
70.210000,-64.970057
70.220000,-64.970914
70.230000,-64.971767
70.240000,-64.972617
70.250000,-64.973465
70.260000,-64.974310
70.270000,-64.975151
70.280000,-64.975990
70.290000,-64.976826
70.300000,-64.977658
70.310000,-64.978488
70.320000,-64.979315
70.330000,-64.980139
70.340000,-64.980960
70.350000,-64.981778
70.360000,-64.982593
70.370000,-64.983404
70.380000,-64.984213
70.390000,-64.985019
70.400000,-64.985822
70.410000,-64.986622
70.420000,-64.987419
70.430000,-64.988213
70.440000,-64.989004
70.450000,-64.989792
70.460000,-64.990577
70.470000,-64.991359
70.480000,-64.992138
70.490000,-64.992913
70.500000,-64.993686
70.510000,-64.994456
70.520000,-64.995223
70.530000,-64.995986
70.540000,-64.996747
70.550000,-64.997504
70.560000,-64.998259
70.570000,-64.999010
70.580000,-64.999759
70.590000,-65.000504
70.600000,-65.001247
70.610000,-65.001986
70.620000,-65.002722
70.630000,-65.003455
70.640000,-65.004185
70.650000,-65.004912
70.660000,-65.005636
70.670000,-65.006357
70.680000,-65.007075
70.690000,-65.007789
70.700000,-65.008501
70.710000,-65.009209
70.720000,-65.009915
70.730000,-65.010617
70.740000,-65.011316
70.750000,-65.012013
70.760000,-65.012706
70.770000,-65.013396
70.780000,-65.014083
70.790000,-65.014766
70.800000,-65.015447
70.810000,-65.016125
70.820000,-65.016799
70.830000,-65.017471
70.840000,-65.018139
70.850000,-65.018805
70.860000,-65.019467
70.870000,-65.020126
70.880000,-65.020782
70.890000,-65.021435
70.900000,-65.022085
70.910000,-65.022732
70.920000,-65.023375
70.930000,-65.024016
70.940000,-65.024653
70.950000,-65.025288
70.960000,-65.025919
70.970000,-65.026547
70.980000,-65.027172
70.990000,-65.027794
71.000000,-65.028413
71.010000,-65.029029
71.020000,-65.029642
71.030000,-65.030251
71.040000,-65.030858
71.050000,-65.031461
71.060000,-65.032062
71.070000,-65.032659
71.080000,-65.033253
71.090000,-65.033844
71.100000,-65.034432
71.110000,-65.035017
71.120000,-65.035599
71.130000,-65.036178
71.140000,-65.036754
71.150000,-65.037327
71.160000,-65.037896
71.170000,-65.038463
71.180000,-65.039026
71.190000,-65.039587
71.200000,-65.040144
71.210000,-65.040698
71.220000,-65.041249
71.230000,-65.041797
71.240000,-65.042343
71.250000,-65.042885
71.260000,-65.043424
71.270000,-65.043959
71.280000,-65.044492
71.290000,-65.045022
71.300000,-65.045549
71.310000,-65.046073
71.320000,-65.046593
71.330000,-65.047111
71.340000,-65.047626
71.350000,-65.048137
71.360000,-65.048646
71.370000,-65.049151
71.380000,-65.049654
71.390000,-65.050153
71.400000,-65.050650
71.410000,-65.051143
71.420000,-65.051634
71.430000,-65.052121
71.440000,-65.052606
71.450000,-65.053087
71.460000,-65.053565
71.470000,-65.054041
71.480000,-65.054513
71.490000,-65.054983
71.500000,-65.055449
71.510000,-65.055913
71.520000,-65.056373
71.530000,-65.056831
71.540000,-65.057285
71.550000,-65.057737
71.560000,-65.058185
71.570000,-65.058631
71.580000,-65.059074
71.590000,-65.059513
71.600000,-65.059950
71.610000,-65.060384
71.620000,-65.060815
71.630000,-65.061243
71.640000,-65.061668
71.650000,-65.062090
71.660000,-65.062509
71.670000,-65.062925
71.680000,-65.063339
71.690000,-65.063749
71.700000,-65.064157
71.710000,-65.064561
71.720000,-65.064963
71.730000,-65.065362
71.740000,-65.065758
71.750000,-65.066151
71.760000,-65.066541
71.770000,-65.066928
71.780000,-65.067312
71.790000,-65.067694
71.800000,-65.068072
71.810000,-65.068448
71.820000,-65.068821
71.830000,-65.069191
71.840000,-65.069558
71.850000,-65.069923
71.860000,-65.070284
71.870000,-65.070643
71.880000,-65.070999
71.890000,-65.071352
71.900000,-65.071702
71.910000,-65.072050
71.920000,-65.072394
71.930000,-65.072736
71.940000,-65.073075
71.950000,-65.073412
71.960000,-65.073745
71.970000,-65.074076
71.980000,-65.074404
71.990000,-65.074729
72.000000,-65.075051
72.010000,-65.075371
72.020000,-65.075688
72.030000,-65.076002
72.040000,-65.076313
72.050000,-65.076622
72.060000,-65.076928
72.070000,-65.077231
72.080000,-65.077531
72.090000,-65.077829
72.100000,-65.078124
72.110000,-65.078417
72.120000,-65.078706
72.130000,-65.078993
72.140000,-65.079277
72.150000,-65.079559
72.160000,-65.079838
72.170000,-65.080114
72.180000,-65.080388
72.190000,-65.080659
72.200000,-65.080927
72.210000,-65.081193
72.220000,-65.081456
72.230000,-65.081716
72.240000,-65.081974
72.250000,-65.082229
72.260000,-65.082481
72.270000,-65.082731
72.280000,-65.082979
72.290000,-65.083223
72.300000,-65.083466
72.310000,-65.083705
72.320000,-65.083942
72.330000,-65.084177
72.340000,-65.084408
72.350000,-65.084638
72.360000,-65.084864
72.370000,-65.085089
72.380000,-65.085310
72.390000,-65.085529
72.400000,-65.085746
72.410000,-65.085960
72.420000,-65.086172
72.430000,-65.086381
72.440000,-65.086587
72.450000,-65.086791
72.460000,-65.086993
72.470000,-65.087192
72.480000,-65.087389
72.490000,-65.087583
72.500000,-65.087775
72.510000,-65.087964
72.520000,-65.088151
72.530000,-65.088335
72.540000,-65.088517
72.550000,-65.088697
72.560000,-65.088874
72.570000,-65.089049
72.580000,-65.089221
72.590000,-65.089391
72.600000,-65.089558
72.610000,-65.089723
72.620000,-65.089886
72.630000,-65.090047
72.640000,-65.090205
72.650000,-65.090360
72.660000,-65.090514
72.670000,-65.090665
72.680000,-65.090813
72.690000,-65.090960
72.700000,-65.091104
72.710000,-65.091245
72.720000,-65.091385
72.730000,-65.091522
72.740000,-65.091657
72.750000,-65.091789
72.760000,-65.091919
72.770000,-65.092047
72.780000,-65.092173
72.790000,-65.092297
72.800000,-65.092418
72.810000,-65.092537
72.820000,-65.092653
72.830000,-65.092768
72.840000,-65.092880
72.850000,-65.092990
72.860000,-65.093098
72.870000,-65.093204
72.880000,-65.093307
72.890000,-65.093409
72.900000,-65.093508
72.910000,-65.093605
72.920000,-65.093699
72.930000,-65.093792
72.940000,-65.093882
72.950000,-65.093971
72.960000,-65.094057
72.970000,-65.094141
72.980000,-65.094223
72.990000,-65.094303
73.000000,-65.094381
73.010000,-65.094456
73.020000,-65.094530
73.030000,-65.094601
73.040000,-65.094671
73.050000,-65.094738
73.060000,-65.094804
73.070000,-65.094867
73.080000,-65.094928
73.090000,-65.094987
73.100000,-65.095044
73.110000,-65.095099
73.120000,-65.095152
73.130000,-65.095204
73.140000,-65.095253
73.150000,-65.095300
73.160000,-65.095345
73.170000,-65.095388
73.180000,-65.095429
73.190000,-65.095468
73.200000,-65.095506
73.210000,-65.095541
73.220000,-65.095574
73.230000,-65.095606
73.240000,-65.095635
73.250000,-65.095663
73.260000,-65.095689
73.270000,-65.095713
73.280000,-65.095735
73.290000,-65.095755
73.300000,-65.095773
73.310000,-65.095789
73.320000,-65.095803
73.330000,-65.095816
73.340000,-65.095827
73.350000,-65.095836
73.360000,-65.095843
73.370000,-65.095848
73.380000,-65.095851
73.390000,-65.095853
73.400000,-65.095853
73.410000,-65.095851
73.420000,-65.095847
73.430000,-65.095841
73.440000,-65.095834
73.450000,-65.095825
73.460000,-65.095814
73.470000,-65.095801
73.480000,-65.095787
73.490000,-65.095771
73.500000,-65.095753
73.510000,-65.095734
73.520000,-65.095713
73.530000,-65.095690
73.540000,-65.095665
73.550000,-65.095639
73.560000,-65.095611
73.570000,-65.095581
73.580000,-65.095550
73.590000,-65.095517
73.600000,-65.095482
73.610000,-65.095446
73.620000,-65.095408
73.630000,-65.095368
73.640000,-65.095327
73.650000,-65.095284
73.660000,-65.095240
73.670000,-65.095194
73.680000,-65.095146
73.690000,-65.095097
73.700000,-65.095047
73.710000,-65.094994
73.720000,-65.094941
73.730000,-65.094885
73.740000,-65.094828
73.750000,-65.094770
73.760000,-65.094710
73.770000,-65.094648
73.780000,-65.094585
73.790000,-65.094521
73.800000,-65.094455
73.810000,-65.094387
73.820000,-65.094318
73.830000,-65.094248
73.840000,-65.094176
73.850000,-65.094102
73.860000,-65.094027
73.870000,-65.093951
73.880000,-65.093873
73.890000,-65.093794
73.900000,-65.093714
73.910000,-65.093632
73.920000,-65.093548
73.930000,-65.093463
73.940000,-65.093377
73.950000,-65.093289
73.960000,-65.093201
73.970000,-65.093110
73.980000,-65.093018
73.990000,-65.092925
74.000000,-65.092831
74.010000,-65.092735
74.020000,-65.092638
74.030000,-65.092540
74.040000,-65.092440
74.050000,-65.092339
74.060000,-65.092237
74.070000,-65.092133
74.080000,-65.092028
74.090000,-65.091922
74.100000,-65.091814
74.110000,-65.091706
74.120000,-65.091595
74.130000,-65.091484
74.140000,-65.091372
74.150000,-65.091258
74.160000,-65.091143
74.170000,-65.091027
74.180000,-65.090909
74.190000,-65.090791
74.200000,-65.090671
74.210000,-65.090550
74.220000,-65.090428
74.230000,-65.090304
74.240000,-65.090180
74.250000,-65.090054
74.260000,-65.089927
74.270000,-65.089799
74.280000,-65.089670
74.290000,-65.089539
74.300000,-65.089408
74.310000,-65.089275
74.320000,-65.089142
74.330000,-65.089007
74.340000,-65.088871
74.350000,-65.088734
74.360000,-65.088596
74.370000,-65.088457
74.380000,-65.088317
74.390000,-65.088175
74.400000,-65.088033
74.410000,-65.087890
74.420000,-65.087745
74.430000,-65.087600
74.440000,-65.087453
74.450000,-65.087306
74.460000,-65.087157
74.470000,-65.087008
74.480000,-65.086857
74.490000,-65.086705
74.500000,-65.086553
74.510000,-65.086399
74.520000,-65.086245
74.530000,-65.086089
74.540000,-65.085933
74.550000,-65.085776
74.560000,-65.085617
74.570000,-65.085458
74.580000,-65.085298
74.590000,-65.085137
74.600000,-65.084975
74.610000,-65.084812
74.620000,-65.084648
74.630000,-65.084483
74.640000,-65.084317
74.650000,-65.084151
74.660000,-65.083984
74.670000,-65.083815
74.680000,-65.083646
74.690000,-65.083476
74.700000,-65.083305
74.710000,-65.083134
74.720000,-65.082961
74.730000,-65.082788
74.740000,-65.082613
74.750000,-65.082438
74.760000,-65.082263
74.770000,-65.082086
74.780000,-65.081909
74.790000,-65.081730
74.800000,-65.081551
74.810000,-65.081372
74.820000,-65.081191
74.830000,-65.081010
74.840000,-65.080828
74.850000,-65.080645
74.860000,-65.080461
74.870000,-65.080277
74.880000,-65.080092
74.890000,-65.079906
74.900000,-65.079720
74.910000,-65.079533
74.920000,-65.079345
74.930000,-65.079156
74.940000,-65.078967
74.950000,-65.078777
74.960000,-65.078586
74.970000,-65.078395
74.980000,-65.078203
74.990000,-65.078010
75.000000,-65.077817
75.010000,-65.077623
75.020000,-65.077428
75.030000,-65.077233
75.040000,-65.077037
75.050000,-65.076841
75.060000,-65.076644
75.070000,-65.076446
75.080000,-65.076247
75.090000,-65.076048
75.100000,-65.075849
75.110000,-65.075649
75.120000,-65.075448
75.130000,-65.075247
75.140000,-65.075045
75.150000,-65.074843
75.160000,-65.074640
75.170000,-65.074436
75.180000,-65.074232
75.190000,-65.074028
75.200000,-65.073822
75.210000,-65.073617
75.220000,-65.073411
75.230000,-65.073204
75.240000,-65.072997
75.250000,-65.072789
75.260000,-65.072581
75.270000,-65.072372
75.280000,-65.072163
75.290000,-65.071953
75.300000,-65.071743
75.310000,-65.071533
75.320000,-65.071321
75.330000,-65.071110
75.340000,-65.070898
75.350000,-65.070686
75.360000,-65.070473
75.370000,-65.070259
75.380000,-65.070046
75.390000,-65.069832
75.400000,-65.069617
75.410000,-65.069402
75.420000,-65.069187
75.430000,-65.068971
75.440000,-65.068755
75.450000,-65.068538
75.460000,-65.068321
75.470000,-65.068104
75.480000,-65.067886
75.490000,-65.067668
75.500000,-65.067450
75.510000,-65.067231
75.520000,-65.067012
75.530000,-65.066793
75.540000,-65.066573
75.550000,-65.066353
75.560000,-65.066132
75.570000,-65.065912
75.580000,-65.065691
75.590000,-65.065469
75.600000,-65.065247
75.610000,-65.065025
75.620000,-65.064803
75.630000,-65.064581
75.640000,-65.064358
75.650000,-65.064135
75.660000,-65.063911
75.670000,-65.063688
75.680000,-65.063464
75.690000,-65.063239
75.700000,-65.063015
75.710000,-65.062790
75.720000,-65.062565
75.730000,-65.062340
75.740000,-65.062115
75.750000,-65.061889
75.760000,-65.061663
75.770000,-65.061437
75.780000,-65.061211
75.790000,-65.060984
75.800000,-65.060758
75.810000,-65.060531
75.820000,-65.060304
75.830000,-65.060076
75.840000,-65.059849
75.850000,-65.059621
75.860000,-65.059393
75.870000,-65.059165
75.880000,-65.058937
75.890000,-65.058709
75.900000,-65.058481
75.910000,-65.058252
75.920000,-65.058023
75.930000,-65.057794
75.940000,-65.057565
75.950000,-65.057336
75.960000,-65.057107
75.970000,-65.056877
75.980000,-65.056648
75.990000,-65.056418
76.000000,-65.056189
76.010000,-65.055959
76.020000,-65.055729
76.030000,-65.055499
76.040000,-65.055269
76.050000,-65.055039
76.060000,-65.054808
76.070000,-65.054578
76.080000,-65.054348
76.090000,-65.054117
76.100000,-65.053887
76.110000,-65.053656
76.120000,-65.053425
76.130000,-65.053195
76.140000,-65.052964
76.150000,-65.052733
76.160000,-65.052503
76.170000,-65.052272
76.180000,-65.052041
76.190000,-65.051810
76.200000,-65.051579
76.210000,-65.051348
76.220000,-65.051117
76.230000,-65.050886
76.240000,-65.050656
76.250000,-65.050425
76.260000,-65.050194
76.270000,-65.049963
76.280000,-65.049732
76.290000,-65.049501
76.300000,-65.049270
76.310000,-65.049040
76.320000,-65.048809
76.330000,-65.048578
76.340000,-65.048348
76.350000,-65.048117
76.360000,-65.047886
76.370000,-65.047656
76.380000,-65.047426
76.390000,-65.047195
76.400000,-65.046965
76.410000,-65.046735
76.420000,-65.046504
76.430000,-65.046274
76.440000,-65.046044
76.450000,-65.045814
76.460000,-65.045585
76.470000,-65.045355
76.480000,-65.045125
76.490000,-65.044896
76.500000,-65.044666
76.510000,-65.044437
76.520000,-65.044208
76.530000,-65.043979
76.540000,-65.043750
76.550000,-65.043521
76.560000,-65.043292
76.570000,-65.043064
76.580000,-65.042835
76.590000,-65.042607
76.600000,-65.042379
76.610000,-65.042151
76.620000,-65.041923
76.630000,-65.041695
76.640000,-65.041468
76.650000,-65.041240
76.660000,-65.041013
76.670000,-65.040786
76.680000,-65.040559
76.690000,-65.040332
76.700000,-65.040106
76.710000,-65.039879
76.720000,-65.039653
76.730000,-65.039427
76.740000,-65.039201
76.750000,-65.038976
76.760000,-65.038750
76.770000,-65.038525
76.780000,-65.038300
76.790000,-65.038075
76.800000,-65.037851
76.810000,-65.037626
76.820000,-65.037402
76.830000,-65.037178
76.840000,-65.036955
76.850000,-65.036731
76.860000,-65.036508
76.870000,-65.036285
76.880000,-65.036062
76.890000,-65.035840
76.900000,-65.035617
76.910000,-65.035395
76.920000,-65.035173
76.930000,-65.034952
76.940000,-65.034731
76.950000,-65.034510
76.960000,-65.034289
76.970000,-65.034068
76.980000,-65.033848
76.990000,-65.033628
77.000000,-65.033408
77.010000,-65.033189
77.020000,-65.032970
77.030000,-65.032751
77.040000,-65.032532
77.050000,-65.032314
77.060000,-65.032096
77.070000,-65.031878
77.080000,-65.031661
77.090000,-65.031444
77.100000,-65.031227
77.110000,-65.031011
77.120000,-65.030794
77.130000,-65.030579
77.140000,-65.030363
77.150000,-65.030148
77.160000,-65.029933
77.170000,-65.029718
77.180000,-65.029504
77.190000,-65.029290
77.200000,-65.029076
77.210000,-65.028863
77.220000,-65.028650
77.230000,-65.028437
77.240000,-65.028225
77.250000,-65.028013
77.260000,-65.027802
77.270000,-65.027590
77.280000,-65.027379
77.290000,-65.027169
77.300000,-65.026959
77.310000,-65.026749
77.320000,-65.026539
77.330000,-65.026330
77.340000,-65.026121
77.350000,-65.025913
77.360000,-65.025705
77.370000,-65.025497
77.380000,-65.025290
77.390000,-65.025083
77.400000,-65.024876
77.410000,-65.024670
77.420000,-65.024464
77.430000,-65.024259
77.440000,-65.024054
77.450000,-65.023849
77.460000,-65.023645
77.470000,-65.023441
77.480000,-65.023238
77.490000,-65.023035
77.500000,-65.022832
77.510000,-65.022630
77.520000,-65.022428
77.530000,-65.022226
77.540000,-65.022025
77.550000,-65.021825
77.560000,-65.021625
77.570000,-65.021425
77.580000,-65.021225
77.590000,-65.021026
77.600000,-65.020828
77.610000,-65.020630
77.620000,-65.020432
77.630000,-65.020235
77.640000,-65.020038
77.650000,-65.019841
77.660000,-65.019645
77.670000,-65.019450
77.680000,-65.019255
77.690000,-65.019060
77.700000,-65.018866
77.710000,-65.018672
77.720000,-65.018478
77.730000,-65.018286
77.740000,-65.018093
77.750000,-65.017901
77.760000,-65.017709
77.770000,-65.017518
77.780000,-65.017328
77.790000,-65.017137
77.800000,-65.016947
77.810000,-65.016758
77.820000,-65.016569
77.830000,-65.016381
77.840000,-65.016193
77.850000,-65.016005
77.860000,-65.015818
77.870000,-65.015632
77.880000,-65.015446
77.890000,-65.015260
77.900000,-65.015075
77.910000,-65.014890
77.920000,-65.014706
77.930000,-65.014522
77.940000,-65.014339
77.950000,-65.014156
77.960000,-65.013974
77.970000,-65.013792
77.980000,-65.013611
77.990000,-65.013430
78.000000,-65.013250
78.010000,-65.013070
78.020000,-65.012890
78.030000,-65.012711
78.040000,-65.012533
78.050000,-65.012355
78.060000,-65.012178
78.070000,-65.012001
78.080000,-65.011824
78.090000,-65.011648
78.100000,-65.011473
78.110000,-65.011298
78.120000,-65.011124
78.130000,-65.010950
78.140000,-65.010776
78.150000,-65.010603
78.160000,-65.010431
78.170000,-65.010259
78.180000,-65.010087
78.190000,-65.009917
78.200000,-65.009746
78.210000,-65.009576
78.220000,-65.009407
78.230000,-65.009238
78.240000,-65.009070
78.250000,-65.008902
78.260000,-65.008735
78.270000,-65.008568
78.280000,-65.008401
78.290000,-65.008236
78.300000,-65.008070
78.310000,-65.007906
78.320000,-65.007741
78.330000,-65.007578
78.340000,-65.007415
78.350000,-65.007252
78.360000,-65.007090
78.370000,-65.006928
78.380000,-65.006767
78.390000,-65.006607
78.400000,-65.006447
78.410000,-65.006287
78.420000,-65.006128
78.430000,-65.005970
78.440000,-65.005812
78.450000,-65.005655
78.460000,-65.005498
78.470000,-65.005342
78.480000,-65.005186
78.490000,-65.005031
78.500000,-65.004876
78.510000,-65.004722
78.520000,-65.004568
78.530000,-65.004415
78.540000,-65.004263
78.550000,-65.004111
78.560000,-65.003959
78.570000,-65.003808
78.580000,-65.003658
78.590000,-65.003508
78.600000,-65.003359
78.610000,-65.003210
78.620000,-65.003062
78.630000,-65.002914
78.640000,-65.002767
78.650000,-65.002621
78.660000,-65.002475
78.670000,-65.002329
78.680000,-65.002184
78.690000,-65.002040
78.700000,-65.001896
78.710000,-65.001753
78.720000,-65.001610
78.730000,-65.001468
78.740000,-65.001326
78.750000,-65.001185
78.760000,-65.001045
78.770000,-65.000905
78.780000,-65.000765
78.790000,-65.000626
78.800000,-65.000488
78.810000,-65.000350
78.820000,-65.000213
78.830000,-65.000076
78.840000,-64.999940
78.850000,-64.999805
78.860000,-64.999670
78.870000,-64.999535
78.880000,-64.999401
78.890000,-64.999268
78.900000,-64.999135
78.910000,-64.999003
78.920000,-64.998871
78.930000,-64.998740
78.940000,-64.998609
78.950000,-64.998479
78.960000,-64.998350
78.970000,-64.998221
78.980000,-64.998093
78.990000,-64.997965
79.000000,-64.997838
79.010000,-64.997711
79.020000,-64.997585
79.030000,-64.997459
79.040000,-64.997334
79.050000,-64.997210
79.060000,-64.997086
79.070000,-64.996962
79.080000,-64.996840
79.090000,-64.996717
79.100000,-64.996596
79.110000,-64.996475
79.120000,-64.996354
79.130000,-64.996234
79.140000,-64.996115
79.150000,-64.995996
79.160000,-64.995877
79.170000,-64.995759
79.180000,-64.995642
79.190000,-64.995526
79.200000,-64.995409
79.210000,-64.995294
79.220000,-64.995179
79.230000,-64.995064
79.240000,-64.994950
79.250000,-64.994837
79.260000,-64.994724
79.270000,-64.994612
79.280000,-64.994500
79.290000,-64.994389
79.300000,-64.994279
79.310000,-64.994169
79.320000,-64.994059
79.330000,-64.993950
79.340000,-64.993842
79.350000,-64.993734
79.360000,-64.993627
79.370000,-64.993520
79.380000,-64.993414
79.390000,-64.993308
79.400000,-64.993203
79.410000,-64.993099
79.420000,-64.992995
79.430000,-64.992892
79.440000,-64.992789
79.450000,-64.992687
79.460000,-64.992585
79.470000,-64.992484
79.480000,-64.992383
79.490000,-64.992283
79.500000,-64.992183
79.510000,-64.992084
79.520000,-64.991986
79.530000,-64.991888
79.540000,-64.991791
79.550000,-64.991694
79.560000,-64.991598
79.570000,-64.991502
79.580000,-64.991407
79.590000,-64.991312
79.600000,-64.991218
79.610000,-64.991125
79.620000,-64.991032
79.630000,-64.990939
79.640000,-64.990847
79.650000,-64.990756
79.660000,-64.990665
79.670000,-64.990575
79.680000,-64.990485
79.690000,-64.990396
79.700000,-64.990307
79.710000,-64.990219
79.720000,-64.990132
79.730000,-64.990045
79.740000,-64.989958
79.750000,-64.989872
79.760000,-64.989787
79.770000,-64.989702
79.780000,-64.989618
79.790000,-64.989534
79.800000,-64.989451
79.810000,-64.989368
79.820000,-64.989286
79.830000,-64.989204
79.840000,-64.989123
79.850000,-64.989042
79.860000,-64.988962
79.870000,-64.988883
79.880000,-64.988804
79.890000,-64.988725
79.900000,-64.988647
79.910000,-64.988570
79.920000,-64.988493
79.930000,-64.988416
79.940000,-64.988341
79.950000,-64.988265
79.960000,-64.988190
79.970000,-64.988116
79.980000,-64.988042
79.990000,-64.987969
80.000000,-64.987896
80.010000,-64.987824
80.020000,-64.987753
80.030000,-64.987681
80.040000,-64.987611
80.050000,-64.987541
80.060000,-64.987471
80.070000,-64.987402
80.080000,-64.987333
80.090000,-64.987265
80.100000,-64.987198
80.110000,-64.987131
80.120000,-64.987064
80.130000,-64.986998
80.140000,-64.986933
80.150000,-64.986868
80.160000,-64.986803
80.170000,-64.986739
80.180000,-64.986676
80.190000,-64.986613
80.200000,-64.986550
80.210000,-64.986488
80.220000,-64.986427
80.230000,-64.986366
80.240000,-64.986305
80.250000,-64.986246
80.260000,-64.986186
80.270000,-64.986127
80.280000,-64.986069
80.290000,-64.986011
80.300000,-64.985953
80.310000,-64.985896
80.320000,-64.985840
80.330000,-64.985784
80.340000,-64.985728
80.350000,-64.985673
80.360000,-64.985619
80.370000,-64.985565
80.380000,-64.985511
80.390000,-64.985458
80.400000,-64.985406
80.410000,-64.985354
80.420000,-64.985302
80.430000,-64.985251
80.440000,-64.985200
80.450000,-64.985150
80.460000,-64.985100
80.470000,-64.985051
80.480000,-64.985003
80.490000,-64.984954
80.500000,-64.984907
80.510000,-64.984859
80.520000,-64.984813
80.530000,-64.984766
80.540000,-64.984720
80.550000,-64.984675
80.560000,-64.984630
80.570000,-64.984586
80.580000,-64.984542
80.590000,-64.984498
80.600000,-64.984455
80.610000,-64.984412
80.620000,-64.984370
80.630000,-64.984329
80.640000,-64.984288
80.650000,-64.984247
80.660000,-64.984207
80.670000,-64.984167
80.680000,-64.984127
80.690000,-64.984088
80.700000,-64.984050
80.710000,-64.984012
80.720000,-64.983974
80.730000,-64.983937
80.740000,-64.983901
80.750000,-64.983865
80.760000,-64.983829
80.770000,-64.983794
80.780000,-64.983759
80.790000,-64.983724
80.800000,-64.983690
80.810000,-64.983657
80.820000,-64.983624
80.830000,-64.983591
80.840000,-64.983559
80.850000,-64.983527
80.860000,-64.983496
80.870000,-64.983465
80.880000,-64.983434
80.890000,-64.983404
80.900000,-64.983375
80.910000,-64.983346
80.920000,-64.983317
80.930000,-64.983289
80.940000,-64.983261
80.950000,-64.983233
80.960000,-64.983206
80.970000,-64.983180
80.980000,-64.983154
80.990000,-64.983128
81.000000,-64.983102
81.010000,-64.983078
81.020000,-64.983053
81.030000,-64.983029
81.040000,-64.983005
81.050000,-64.982982
81.060000,-64.982959
81.070000,-64.982937
81.080000,-64.982915
81.090000,-64.982893
81.100000,-64.982872
81.110000,-64.982851
81.120000,-64.982831
81.130000,-64.982811
81.140000,-64.982791
81.150000,-64.982772
81.160000,-64.982753
81.170000,-64.982735
81.180000,-64.982717
81.190000,-64.982699
81.200000,-64.982682
81.210000,-64.982665
81.220000,-64.982649
81.230000,-64.982633
81.240000,-64.982617
81.250000,-64.982602
81.260000,-64.982587
81.270000,-64.982573
81.280000,-64.982558
81.290000,-64.982545
81.300000,-64.982531
81.310000,-64.982518
81.320000,-64.982506
81.330000,-64.982494
81.340000,-64.982482
81.350000,-64.982471
81.360000,-64.982459
81.370000,-64.982449
81.380000,-64.982438
81.390000,-64.982429
81.400000,-64.982419
81.410000,-64.982410
81.420000,-64.982401
81.430000,-64.982392
81.440000,-64.982384
81.450000,-64.982377
81.460000,-64.982369
81.470000,-64.982362
81.480000,-64.982356
81.490000,-64.982349
81.500000,-64.982343
81.510000,-64.982338
81.520000,-64.982332
81.530000,-64.982328
81.540000,-64.982323
81.550000,-64.982319
81.560000,-64.982315
81.570000,-64.982311
81.580000,-64.982308
81.590000,-64.982305
81.600000,-64.982303
81.610000,-64.982301
81.620000,-64.982299
81.630000,-64.982298
81.640000,-64.982297
81.650000,-64.982296
81.660000,-64.982295
81.670000,-64.982295
81.680000,-64.982295
81.690000,-64.982296
81.700000,-64.982297
81.710000,-64.982298
81.720000,-64.982300
81.730000,-64.982302
81.740000,-64.982304
81.750000,-64.982306
81.760000,-64.982309
81.770000,-64.982312
81.780000,-64.982316
81.790000,-64.982319
81.800000,-64.982324
81.810000,-64.982328
81.820000,-64.982333
81.830000,-64.982338
81.840000,-64.982343
81.850000,-64.982349
81.860000,-64.982355
81.870000,-64.982361
81.880000,-64.982368
81.890000,-64.982375
81.900000,-64.982382
81.910000,-64.982389
81.920000,-64.982397
81.930000,-64.982405
81.940000,-64.982413
81.950000,-64.982422
81.960000,-64.982431
81.970000,-64.982440
81.980000,-64.982450
81.990000,-64.982460
82.000000,-64.982470
82.010000,-64.982480
82.020000,-64.982491
82.030000,-64.982502
82.040000,-64.982513
82.050000,-64.982525
82.060000,-64.982537
82.070000,-64.982549
82.080000,-64.982561
82.090000,-64.982574
82.100000,-64.982587
82.110000,-64.982600
82.120000,-64.982614
82.130000,-64.982627
82.140000,-64.982641
82.150000,-64.982656
82.160000,-64.982670
82.170000,-64.982685
82.180000,-64.982700
82.190000,-64.982716
82.200000,-64.982731
82.210000,-64.982747
82.220000,-64.982763
82.230000,-64.982780
82.240000,-64.982796
82.250000,-64.982813
82.260000,-64.982830
82.270000,-64.982848
82.280000,-64.982866
82.290000,-64.982883
82.300000,-64.982902
82.310000,-64.982920
82.320000,-64.982939
82.330000,-64.982958
82.340000,-64.982977
82.350000,-64.982996
82.360000,-64.983016
82.370000,-64.983036
82.380000,-64.983056
82.390000,-64.983076
82.400000,-64.983097
82.410000,-64.983117
82.420000,-64.983138
82.430000,-64.983160
82.440000,-64.983181
82.450000,-64.983203
82.460000,-64.983225
82.470000,-64.983247
82.480000,-64.983270
82.490000,-64.983292
82.500000,-64.983315
82.510000,-64.983338
82.520000,-64.983361
82.530000,-64.983385
82.540000,-64.983409
82.550000,-64.983433
82.560000,-64.983457
82.570000,-64.983481
82.580000,-64.983506
82.590000,-64.983530
82.600000,-64.983555
82.610000,-64.983581
82.620000,-64.983606
82.630000,-64.983632
82.640000,-64.983657
82.650000,-64.983683
82.660000,-64.983710
82.670000,-64.983736
82.680000,-64.983763
82.690000,-64.983789
82.700000,-64.983817
82.710000,-64.983844
82.720000,-64.983871
82.730000,-64.983899
82.740000,-64.983926
82.750000,-64.983954
82.760000,-64.983983
82.770000,-64.984011
82.780000,-64.984039
82.790000,-64.984068
82.800000,-64.984097
82.810000,-64.984126
82.820000,-64.984155
82.830000,-64.984185
82.840000,-64.984214
82.850000,-64.984244
82.860000,-64.984274
82.870000,-64.984304
82.880000,-64.984334
82.890000,-64.984365
82.900000,-64.984396
82.910000,-64.984426
82.920000,-64.984457
82.930000,-64.984488
82.940000,-64.984520
82.950000,-64.984551
82.960000,-64.984583
82.970000,-64.984615
82.980000,-64.984647
82.990000,-64.984679
83.000000,-64.984711
83.010000,-64.984743
83.020000,-64.984776
83.030000,-64.984809
83.040000,-64.984842
83.050000,-64.984875
83.060000,-64.984908
83.070000,-64.984941
83.080000,-64.984975
83.090000,-64.985008
83.100000,-64.985042
83.110000,-64.985076
83.120000,-64.985110
83.130000,-64.985144
83.140000,-64.985178
83.150000,-64.985213
83.160000,-64.985248
83.170000,-64.985282
83.180000,-64.985317
83.190000,-64.985352
83.200000,-64.985387
83.210000,-64.985423
83.220000,-64.985458
83.230000,-64.985494
83.240000,-64.985529
83.250000,-64.985565
83.260000,-64.985601
83.270000,-64.985637
83.280000,-64.985673
83.290000,-64.985709
83.300000,-64.985746
83.310000,-64.985782
83.320000,-64.985819
83.330000,-64.985856
83.340000,-64.985893
83.350000,-64.985930
83.360000,-64.985967
83.370000,-64.986004
83.380000,-64.986041
83.390000,-64.986079
83.400000,-64.986116
83.410000,-64.986154
83.420000,-64.986192
83.430000,-64.986229
83.440000,-64.986267
83.450000,-64.986306
83.460000,-64.986344
83.470000,-64.986382
83.480000,-64.986420
83.490000,-64.986459
83.500000,-64.986497
83.510000,-64.986536
83.520000,-64.986575
83.530000,-64.986614
83.540000,-64.986653
83.550000,-64.986692
83.560000,-64.986731
83.570000,-64.986770
83.580000,-64.986809
83.590000,-64.986849
83.600000,-64.986888
83.610000,-64.986928
83.620000,-64.986967
83.630000,-64.987007
83.640000,-64.987047
83.650000,-64.987087
83.660000,-64.987127
83.670000,-64.987167
83.680000,-64.987207
83.690000,-64.987247
83.700000,-64.987288
83.710000,-64.987328
83.720000,-64.987368
83.730000,-64.987409
83.740000,-64.987450
83.750000,-64.987490
83.760000,-64.987531
83.770000,-64.987572
83.780000,-64.987613
83.790000,-64.987654
83.800000,-64.987695
83.810000,-64.987736
83.820000,-64.987777
83.830000,-64.987818
83.840000,-64.987859
83.850000,-64.987900
83.860000,-64.987942
83.870000,-64.987983
83.880000,-64.988025
83.890000,-64.988066
83.900000,-64.988108
83.910000,-64.988150
83.920000,-64.988191
83.930000,-64.988233
83.940000,-64.988275
83.950000,-64.988317
83.960000,-64.988358
83.970000,-64.988400
83.980000,-64.988442
83.990000,-64.988484
84.000000,-64.988527
84.010000,-64.988569
84.020000,-64.988611
84.030000,-64.988653
84.040000,-64.988695
84.050000,-64.988738
84.060000,-64.988780
84.070000,-64.988822
84.080000,-64.988865
84.090000,-64.988907
84.100000,-64.988950
84.110000,-64.988992
84.120000,-64.989035
84.130000,-64.989077
84.140000,-64.989120
84.150000,-64.989163
84.160000,-64.989205
84.170000,-64.989248
84.180000,-64.989291
84.190000,-64.989333
84.200000,-64.989376
84.210000,-64.989419
84.220000,-64.989462
84.230000,-64.989505
84.240000,-64.989548
84.250000,-64.989590
84.260000,-64.989633
84.270000,-64.989676
84.280000,-64.989719
84.290000,-64.989762
84.300000,-64.989805
84.310000,-64.989848
84.320000,-64.989891
84.330000,-64.989934
84.340000,-64.989977
84.350000,-64.990020
84.360000,-64.990063
84.370000,-64.990107
84.380000,-64.990150
84.390000,-64.990193
84.400000,-64.990236
84.410000,-64.990279
84.420000,-64.990322
84.430000,-64.990365
84.440000,-64.990408
84.450000,-64.990452
84.460000,-64.990495
84.470000,-64.990538
84.480000,-64.990581
84.490000,-64.990624
84.500000,-64.990667
84.510000,-64.990710
84.520000,-64.990754
84.530000,-64.990797
84.540000,-64.990840
84.550000,-64.990883
84.560000,-64.990926
84.570000,-64.990969
84.580000,-64.991012
84.590000,-64.991056
84.600000,-64.991099
84.610000,-64.991142
84.620000,-64.991185
84.630000,-64.991228
84.640000,-64.991271
84.650000,-64.991314
84.660000,-64.991357
84.670000,-64.991400
84.680000,-64.991443
84.690000,-64.991486
84.700000,-64.991529
84.710000,-64.991572
84.720000,-64.991615
84.730000,-64.991658
84.740000,-64.991701
84.750000,-64.991744
84.760000,-64.991787
84.770000,-64.991830
84.780000,-64.991872
84.790000,-64.991915
84.800000,-64.991958
84.810000,-64.992001
84.820000,-64.992043
84.830000,-64.992086
84.840000,-64.992129
84.850000,-64.992172
84.860000,-64.992214
84.870000,-64.992257
84.880000,-64.992299
84.890000,-64.992342
84.900000,-64.992384
84.910000,-64.992427
84.920000,-64.992469
84.930000,-64.992512
84.940000,-64.992554
84.950000,-64.992597
84.960000,-64.992639
84.970000,-64.992681
84.980000,-64.992723
84.990000,-64.992766
85.000000,-64.992808
85.010000,-64.992850
85.020000,-64.992892
85.030000,-64.992934
85.040000,-64.992976
85.050000,-64.993018
85.060000,-64.993060
85.070000,-64.993102
85.080000,-64.993144
85.090000,-64.993186
85.100000,-64.993227
85.110000,-64.993269
85.120000,-64.993311
85.130000,-64.993353
85.140000,-64.993394
85.150000,-64.993436
85.160000,-64.993477
85.170000,-64.993519
85.180000,-64.993560
85.190000,-64.993601
85.200000,-64.993643
85.210000,-64.993684
85.220000,-64.993725
85.230000,-64.993766
85.240000,-64.993807
85.250000,-64.993849
85.260000,-64.993890
85.270000,-64.993931
85.280000,-64.993971
85.290000,-64.994012
85.300000,-64.994053
85.310000,-64.994094
85.320000,-64.994134
85.330000,-64.994175
85.340000,-64.994216
85.350000,-64.994256
85.360000,-64.994297
85.370000,-64.994337
85.380000,-64.994377
85.390000,-64.994418
85.400000,-64.994458
85.410000,-64.994498
85.420000,-64.994538
85.430000,-64.994578
85.440000,-64.994618
85.450000,-64.994658
85.460000,-64.994698
85.470000,-64.994738
85.480000,-64.994777
85.490000,-64.994817
85.500000,-64.994857
85.510000,-64.994896
85.520000,-64.994936
85.530000,-64.994975
85.540000,-64.995014
85.550000,-64.995054
85.560000,-64.995093
85.570000,-64.995132
85.580000,-64.995171
85.590000,-64.995210
85.600000,-64.995249
85.610000,-64.995288
85.620000,-64.995326
85.630000,-64.995365
85.640000,-64.995404
85.650000,-64.995442
85.660000,-64.995481
85.670000,-64.995519
85.680000,-64.995558
85.690000,-64.995596
85.700000,-64.995634
85.710000,-64.995672
85.720000,-64.995710
85.730000,-64.995748
85.740000,-64.995786
85.750000,-64.995824
85.760000,-64.995861
85.770000,-64.995899
85.780000,-64.995937
85.790000,-64.995974
85.800000,-64.996012
85.810000,-64.996049
85.820000,-64.996086
85.830000,-64.996123
85.840000,-64.996161
85.850000,-64.996198
85.860000,-64.996235
85.870000,-64.996271
85.880000,-64.996308
85.890000,-64.996345
85.900000,-64.996381
85.910000,-64.996418
85.920000,-64.996454
85.930000,-64.996491
85.940000,-64.996527
85.950000,-64.996563
85.960000,-64.996599
85.970000,-64.996635
85.980000,-64.996671
85.990000,-64.996707
86.000000,-64.996743
86.010000,-64.996779
86.020000,-64.996814
86.030000,-64.996850
86.040000,-64.996885
86.050000,-64.996921
86.060000,-64.996956
86.070000,-64.996991
86.080000,-64.997026
86.090000,-64.997061
86.100000,-64.997096
86.110000,-64.997131
86.120000,-64.997166
86.130000,-64.997200
86.140000,-64.997235
86.150000,-64.997269
86.160000,-64.997304
86.170000,-64.997338
86.180000,-64.997372
86.190000,-64.997406
86.200000,-64.997440
86.210000,-64.997474
86.220000,-64.997508
86.230000,-64.997542
86.240000,-64.997575
86.250000,-64.997609
86.260000,-64.997642
86.270000,-64.997676
86.280000,-64.997709
86.290000,-64.997742
86.300000,-64.997775
86.310000,-64.997808
86.320000,-64.997841
86.330000,-64.997874
86.340000,-64.997906
86.350000,-64.997939
86.360000,-64.997972
86.370000,-64.998004
86.380000,-64.998036
86.390000,-64.998068
86.400000,-64.998101
86.410000,-64.998133
86.420000,-64.998165
86.430000,-64.998196
86.440000,-64.998228
86.450000,-64.998260
86.460000,-64.998291
86.470000,-64.998323
86.480000,-64.998354
86.490000,-64.998385
86.500000,-64.998416
86.510000,-64.998447
86.520000,-64.998478
86.530000,-64.998509
86.540000,-64.998540
86.550000,-64.998571
86.560000,-64.998601
86.570000,-64.998632
86.580000,-64.998662
86.590000,-64.998692
86.600000,-64.998722
86.610000,-64.998752
86.620000,-64.998782
86.630000,-64.998812
86.640000,-64.998842
86.650000,-64.998872
86.660000,-64.998901
86.670000,-64.998931
86.680000,-64.998960
86.690000,-64.998989
86.700000,-64.999018
86.710000,-64.999047
86.720000,-64.999076
86.730000,-64.999105
86.740000,-64.999134
86.750000,-64.999162
86.760000,-64.999191
86.770000,-64.999219
86.780000,-64.999248
86.790000,-64.999276
86.800000,-64.999304
86.810000,-64.999332
86.820000,-64.999360
86.830000,-64.999388
86.840000,-64.999415
86.850000,-64.999443
86.860000,-64.999470
86.870000,-64.999498
86.880000,-64.999525
86.890000,-64.999552
86.900000,-64.999579
86.910000,-64.999606
86.920000,-64.999633
86.930000,-64.999660
86.940000,-64.999687
86.950000,-64.999713
86.960000,-64.999740
86.970000,-64.999766
86.980000,-64.999792
86.990000,-64.999818
87.000000,-64.999844
87.010000,-64.999870
87.020000,-64.999896
87.030000,-64.999922
87.040000,-64.999947
87.050000,-64.999973
87.060000,-64.999998
87.070000,-65.000024
87.080000,-65.000049
87.090000,-65.000074
87.100000,-65.000099
87.110000,-65.000124
87.120000,-65.000148
87.130000,-65.000173
87.140000,-65.000198
87.150000,-65.000222
87.160000,-65.000246
87.170000,-65.000271
87.180000,-65.000295
87.190000,-65.000319
87.200000,-65.000343
87.210000,-65.000367
87.220000,-65.000390
87.230000,-65.000414
87.240000,-65.000437
87.250000,-65.000461
87.260000,-65.000484
87.270000,-65.000507
87.280000,-65.000530
87.290000,-65.000553
87.300000,-65.000576
87.310000,-65.000599
87.320000,-65.000621
87.330000,-65.000644
87.340000,-65.000666
87.350000,-65.000689
87.360000,-65.000711
87.370000,-65.000733
87.380000,-65.000755
87.390000,-65.000777
87.400000,-65.000799
87.410000,-65.000820
87.420000,-65.000842
87.430000,-65.000863
87.440000,-65.000885
87.450000,-65.000906
87.460000,-65.000927
87.470000,-65.000948
87.480000,-65.000969
87.490000,-65.000990
87.500000,-65.001011
87.510000,-65.001032
87.520000,-65.001052
87.530000,-65.001072
87.540000,-65.001093
87.550000,-65.001113
87.560000,-65.001133
87.570000,-65.001153
87.580000,-65.001173
87.590000,-65.001193
87.600000,-65.001212
87.610000,-65.001232
87.620000,-65.001251
87.630000,-65.001271
87.640000,-65.001290
87.650000,-65.001309
87.660000,-65.001328
87.670000,-65.001347
87.680000,-65.001366
87.690000,-65.001385
87.700000,-65.001403
87.710000,-65.001422
87.720000,-65.001440
87.730000,-65.001459
87.740000,-65.001477
87.750000,-65.001495
87.760000,-65.001513
87.770000,-65.001531
87.780000,-65.001549
87.790000,-65.001566
87.800000,-65.001584
87.810000,-65.001602
87.820000,-65.001619
87.830000,-65.001636
87.840000,-65.001653
87.850000,-65.001670
87.860000,-65.001687
87.870000,-65.001704
87.880000,-65.001721
87.890000,-65.001738
87.900000,-65.001754
87.910000,-65.001771
87.920000,-65.001787
87.930000,-65.001803
87.940000,-65.001819
87.950000,-65.001836
87.960000,-65.001851
87.970000,-65.001867
87.980000,-65.001883
87.990000,-65.001899
88.000000,-65.001914
88.010000,-65.001930
88.020000,-65.001945
88.030000,-65.001960
88.040000,-65.001975
88.050000,-65.001990
88.060000,-65.002005
88.070000,-65.002020
88.080000,-65.002035
88.090000,-65.002049
88.100000,-65.002064
88.110000,-65.002078
88.120000,-65.002093
88.130000,-65.002107
88.140000,-65.002121
88.150000,-65.002135
88.160000,-65.002149
88.170000,-65.002163
88.180000,-65.002177
88.190000,-65.002190
88.200000,-65.002204
88.210000,-65.002217
88.220000,-65.002230
88.230000,-65.002244
88.240000,-65.002257
88.250000,-65.002270
88.260000,-65.002283
88.270000,-65.002296
88.280000,-65.002308
88.290000,-65.002321
88.300000,-65.002334
88.310000,-65.002346
88.320000,-65.002358
88.330000,-65.002371
88.340000,-65.002383
88.350000,-65.002395
88.360000,-65.002407
88.370000,-65.002419
88.380000,-65.002430
88.390000,-65.002442
88.400000,-65.002454
88.410000,-65.002465
88.420000,-65.002476
88.430000,-65.002488
88.440000,-65.002499
88.450000,-65.002510
88.460000,-65.002521
88.470000,-65.002532
88.480000,-65.002543
88.490000,-65.002554
88.500000,-65.002564
88.510000,-65.002575
88.520000,-65.002585
88.530000,-65.002595
88.540000,-65.002606
88.550000,-65.002616
88.560000,-65.002626
88.570000,-65.002636
88.580000,-65.002646
88.590000,-65.002656
88.600000,-65.002665
88.610000,-65.002675
88.620000,-65.002684
88.630000,-65.002694
88.640000,-65.002703
88.650000,-65.002712
88.660000,-65.002721
88.670000,-65.002730
88.680000,-65.002739
88.690000,-65.002748
88.700000,-65.002757
88.710000,-65.002766
88.720000,-65.002774
88.730000,-65.002783
88.740000,-65.002791
88.750000,-65.002800
88.760000,-65.002808
88.770000,-65.002816
88.780000,-65.002824
88.790000,-65.002832
88.800000,-65.002840
88.810000,-65.002848
88.820000,-65.002855
88.830000,-65.002863
88.840000,-65.002871
88.850000,-65.002878
88.860000,-65.002885
88.870000,-65.002893
88.880000,-65.002900
88.890000,-65.002907
88.900000,-65.002914
88.910000,-65.002921
88.920000,-65.002928
88.930000,-65.002934
88.940000,-65.002941
88.950000,-65.002948
88.960000,-65.002954
88.970000,-65.002961
88.980000,-65.002967
88.990000,-65.002973
89.000000,-65.002979
89.010000,-65.002985
89.020000,-65.002991
89.030000,-65.002997
89.040000,-65.003003
89.050000,-65.003009
89.060000,-65.003014
89.070000,-65.003020
89.080000,-65.003026
89.090000,-65.003031
89.100000,-65.003036
89.110000,-65.003042
89.120000,-65.003047
89.130000,-65.003052
89.140000,-65.003057
89.150000,-65.003062
89.160000,-65.003067
89.170000,-65.003071
89.180000,-65.003076
89.190000,-65.003081
89.200000,-65.003085
89.210000,-65.003090
89.220000,-65.003094
89.230000,-65.003098
89.240000,-65.003102
89.250000,-65.003107
89.260000,-65.003111
89.270000,-65.003115
89.280000,-65.003118
89.290000,-65.003122
89.300000,-65.003126
89.310000,-65.003130
89.320000,-65.003133
89.330000,-65.003137
89.340000,-65.003140
89.350000,-65.003144
89.360000,-65.003147
89.370000,-65.003150
89.380000,-65.003153
89.390000,-65.003156
89.400000,-65.003159
89.410000,-65.003162
89.420000,-65.003165
89.430000,-65.003168
89.440000,-65.003170
89.450000,-65.003173
89.460000,-65.003176
89.470000,-65.003178
89.480000,-65.003180
89.490000,-65.003183
89.500000,-65.003185
89.510000,-65.003187
89.520000,-65.003189
89.530000,-65.003191
89.540000,-65.003193
89.550000,-65.003195
89.560000,-65.003197
89.570000,-65.003199
89.580000,-65.003200
89.590000,-65.003202
89.600000,-65.003204
89.610000,-65.003205
89.620000,-65.003206
89.630000,-65.003208
89.640000,-65.003209
89.650000,-65.003210
89.660000,-65.003211
89.670000,-65.003212
89.680000,-65.003213
89.690000,-65.003214
89.700000,-65.003215
89.710000,-65.003216
89.720000,-65.003217
89.730000,-65.003217
89.740000,-65.003218
89.750000,-65.003218
89.760000,-65.003219
89.770000,-65.003219
89.780000,-65.003220
89.790000,-65.003220
89.800000,-65.003220
89.810000,-65.003220
89.820000,-65.003220
89.830000,-65.003220
89.840000,-65.003220
89.850000,-65.003220
89.860000,-65.003220
89.870000,-65.003220
89.880000,-65.003219
89.890000,-65.003219
89.900000,-65.003218
89.910000,-65.003218
89.920000,-65.003217
89.930000,-65.003217
89.940000,-65.003216
89.950000,-65.003215
89.960000,-65.003215
89.970000,-65.003214
89.980000,-65.003213
89.990000,-65.003212
90.000000,-65.003211
90.010000,-65.003210
90.020000,-65.003208
90.030000,-65.003207
90.040000,-65.003206
90.050000,-65.003205
90.060000,-65.003203
90.070000,-65.003202
90.080000,-65.003200
90.090000,-65.003199
90.100000,-65.003197
90.110000,-65.003195
90.120000,-65.003194
90.130000,-65.003192
90.140000,-65.003190
90.150000,-65.003188
90.160000,-65.003186
90.170000,-65.003184
90.180000,-65.003182
90.190000,-65.003180
90.200000,-65.003178
90.210000,-65.003175
90.220000,-65.003173
90.230000,-65.003171
90.240000,-65.003168
90.250000,-65.003166
90.260000,-65.003163
90.270000,-65.003161
90.280000,-65.003158
90.290000,-65.003156
90.300000,-65.003153
90.310000,-65.003150
90.320000,-65.003147
90.330000,-65.003144
90.340000,-65.003142
90.350000,-65.003139
90.360000,-65.003136
90.370000,-65.003132
90.380000,-65.003129
90.390000,-65.003126
90.400000,-65.003123
90.410000,-65.003120
90.420000,-65.003116
90.430000,-65.003113
90.440000,-65.003110
90.450000,-65.003106
90.460000,-65.003103
90.470000,-65.003099
90.480000,-65.003095
90.490000,-65.003092
90.500000,-65.003088
90.510000,-65.003084
90.520000,-65.003081
90.530000,-65.003077
90.540000,-65.003073
90.550000,-65.003069
90.560000,-65.003065
90.570000,-65.003061
90.580000,-65.003057
90.590000,-65.003053
90.600000,-65.003049
90.610000,-65.003045
90.620000,-65.003040
90.630000,-65.003036
90.640000,-65.003032
90.650000,-65.003027
90.660000,-65.003023
90.670000,-65.003018
90.680000,-65.003014
90.690000,-65.003009
90.700000,-65.003005
90.710000,-65.003000
90.720000,-65.002996
90.730000,-65.002991
90.740000,-65.002986
90.750000,-65.002981
90.760000,-65.002977
90.770000,-65.002972
90.780000,-65.002967
90.790000,-65.002962
90.800000,-65.002957
90.810000,-65.002952
90.820000,-65.002947
90.830000,-65.002942
90.840000,-65.002937
90.850000,-65.002931
90.860000,-65.002926
90.870000,-65.002921
90.880000,-65.002916
90.890000,-65.002910
90.900000,-65.002905
90.910000,-65.002900
90.920000,-65.002894
90.930000,-65.002889
90.940000,-65.002883
90.950000,-65.002878
90.960000,-65.002872
90.970000,-65.002867
90.980000,-65.002861
90.990000,-65.002855
91.000000,-65.002850
91.010000,-65.002844
91.020000,-65.002838
91.030000,-65.002832
91.040000,-65.002826
91.050000,-65.002821
91.060000,-65.002815
91.070000,-65.002809
91.080000,-65.002803
91.090000,-65.002797
91.100000,-65.002791
91.110000,-65.002785
91.120000,-65.002779
91.130000,-65.002772
91.140000,-65.002766
91.150000,-65.002760
91.160000,-65.002754
91.170000,-65.002748
91.180000,-65.002741
91.190000,-65.002735
91.200000,-65.002729
91.210000,-65.002722
91.220000,-65.002716
91.230000,-65.002709
91.240000,-65.002703
91.250000,-65.002697
91.260000,-65.002690
91.270000,-65.002684
91.280000,-65.002677
91.290000,-65.002670
91.300000,-65.002664
91.310000,-65.002657
91.320000,-65.002650
91.330000,-65.002644
91.340000,-65.002637
91.350000,-65.002630
91.360000,-65.002623
91.370000,-65.002617
91.380000,-65.002610
91.390000,-65.002603
91.400000,-65.002596
91.410000,-65.002589
91.420000,-65.002582
91.430000,-65.002575
91.440000,-65.002568
91.450000,-65.002561
91.460000,-65.002554
91.470000,-65.002547
91.480000,-65.002540
91.490000,-65.002533
91.500000,-65.002526
91.510000,-65.002519
91.520000,-65.002512
91.530000,-65.002505
91.540000,-65.002497
91.550000,-65.002490
91.560000,-65.002483
91.570000,-65.002476
91.580000,-65.002468
91.590000,-65.002461
91.600000,-65.002454
91.610000,-65.002446
91.620000,-65.002439
91.630000,-65.002432
91.640000,-65.002424
91.650000,-65.002417
91.660000,-65.002409
91.670000,-65.002402
91.680000,-65.002395
91.690000,-65.002387
91.700000,-65.002380
91.710000,-65.002372
91.720000,-65.002364
91.730000,-65.002357
91.740000,-65.002349
91.750000,-65.002342
91.760000,-65.002334
91.770000,-65.002326
91.780000,-65.002319
91.790000,-65.002311
91.800000,-65.002304
91.810000,-65.002296
91.820000,-65.002288
91.830000,-65.002280
91.840000,-65.002273
91.850000,-65.002265
91.860000,-65.002257
91.870000,-65.002249
91.880000,-65.002242
91.890000,-65.002234
91.900000,-65.002226
91.910000,-65.002218
91.920000,-65.002210
91.930000,-65.002202
91.940000,-65.002194
91.950000,-65.002187
91.960000,-65.002179
91.970000,-65.002171
91.980000,-65.002163
91.990000,-65.002155
92.000000,-65.002147
92.010000,-65.002139
92.020000,-65.002131
92.030000,-65.002123
92.040000,-65.002115
92.050000,-65.002107
92.060000,-65.002099
92.070000,-65.002091
92.080000,-65.002083
92.090000,-65.002075
92.100000,-65.002067
92.110000,-65.002059
92.120000,-65.002050
92.130000,-65.002042
92.140000,-65.002034
92.150000,-65.002026
92.160000,-65.002018
92.170000,-65.002010
92.180000,-65.002002
92.190000,-65.001994
92.200000,-65.001985
92.210000,-65.001977
92.220000,-65.001969
92.230000,-65.001961
92.240000,-65.001953
92.250000,-65.001945
92.260000,-65.001936
92.270000,-65.001928
92.280000,-65.001920
92.290000,-65.001912
92.300000,-65.001903
92.310000,-65.001895
92.320000,-65.001887
92.330000,-65.001879
92.340000,-65.001871
92.350000,-65.001862
92.360000,-65.001854
92.370000,-65.001846
92.380000,-65.001837
92.390000,-65.001829
92.400000,-65.001821
92.410000,-65.001813
92.420000,-65.001804
92.430000,-65.001796
92.440000,-65.001788
92.450000,-65.001779
92.460000,-65.001771
92.470000,-65.001763
92.480000,-65.001755
92.490000,-65.001746
92.500000,-65.001738
92.510000,-65.001730
92.520000,-65.001721
92.530000,-65.001713
92.540000,-65.001705
92.550000,-65.001696
92.560000,-65.001688
92.570000,-65.001680
92.580000,-65.001671
92.590000,-65.001663
92.600000,-65.001655
92.610000,-65.001646
92.620000,-65.001638
92.630000,-65.001630
92.640000,-65.001621
92.650000,-65.001613
92.660000,-65.001605
92.670000,-65.001596
92.680000,-65.001588
92.690000,-65.001579
92.700000,-65.001571
92.710000,-65.001563
92.720000,-65.001554
92.730000,-65.001546
92.740000,-65.001538
92.750000,-65.001529
92.760000,-65.001521
92.770000,-65.001513
92.780000,-65.001504
92.790000,-65.001496
92.800000,-65.001488
92.810000,-65.001479
92.820000,-65.001471
92.830000,-65.001463
92.840000,-65.001454
92.850000,-65.001446
92.860000,-65.001438
92.870000,-65.001430
92.880000,-65.001421
92.890000,-65.001413
92.900000,-65.001405
92.910000,-65.001396
92.920000,-65.001388
92.930000,-65.001380
92.940000,-65.001371
92.950000,-65.001363
92.960000,-65.001355
92.970000,-65.001347
92.980000,-65.001338
92.990000,-65.001330
93.000000,-65.001322
93.010000,-65.001313
93.020000,-65.001305
93.030000,-65.001297
93.040000,-65.001289
93.050000,-65.001280
93.060000,-65.001272
93.070000,-65.001264
93.080000,-65.001256
93.090000,-65.001248
93.100000,-65.001239
93.110000,-65.001231
93.120000,-65.001223
93.130000,-65.001215
93.140000,-65.001207
93.150000,-65.001198
93.160000,-65.001190
93.170000,-65.001182
93.180000,-65.001174
93.190000,-65.001166
93.200000,-65.001158
93.210000,-65.001149
93.220000,-65.001141
93.230000,-65.001133
93.240000,-65.001125
93.250000,-65.001117
93.260000,-65.001109
93.270000,-65.001101
93.280000,-65.001093
93.290000,-65.001085
93.300000,-65.001077
93.310000,-65.001069
93.320000,-65.001060
93.330000,-65.001052
93.340000,-65.001044
93.350000,-65.001036
93.360000,-65.001028
93.370000,-65.001020
93.380000,-65.001012
93.390000,-65.001004
93.400000,-65.000996
93.410000,-65.000988
93.420000,-65.000981
93.430000,-65.000973
93.440000,-65.000965
93.450000,-65.000957
93.460000,-65.000949
93.470000,-65.000941
93.480000,-65.000933
93.490000,-65.000925
93.500000,-65.000917
93.510000,-65.000909
93.520000,-65.000901
93.530000,-65.000894
93.540000,-65.000886
93.550000,-65.000878
93.560000,-65.000870
93.570000,-65.000862
93.580000,-65.000855
93.590000,-65.000847
93.600000,-65.000839
93.610000,-65.000831
93.620000,-65.000824
93.630000,-65.000816
93.640000,-65.000808
93.650000,-65.000800
93.660000,-65.000793
93.670000,-65.000785
93.680000,-65.000777
93.690000,-65.000770
93.700000,-65.000762
93.710000,-65.000754
93.720000,-65.000747
93.730000,-65.000739
93.740000,-65.000732
93.750000,-65.000724
93.760000,-65.000717
93.770000,-65.000709
93.780000,-65.000701
93.790000,-65.000694
93.800000,-65.000686
93.810000,-65.000679
93.820000,-65.000671
93.830000,-65.000664
93.840000,-65.000656
93.850000,-65.000649
93.860000,-65.000642
93.870000,-65.000634
93.880000,-65.000627
93.890000,-65.000619
93.900000,-65.000612
93.910000,-65.000605
93.920000,-65.000597
93.930000,-65.000590
93.940000,-65.000583
93.950000,-65.000575
93.960000,-65.000568
93.970000,-65.000561
93.980000,-65.000554
93.990000,-65.000546
94.000000,-65.000539
94.010000,-65.000532
94.020000,-65.000525
94.030000,-65.000518
94.040000,-65.000510
94.050000,-65.000503
94.060000,-65.000496
94.070000,-65.000489
94.080000,-65.000482
94.090000,-65.000475
94.100000,-65.000468
94.110000,-65.000461
94.120000,-65.000454
94.130000,-65.000447
94.140000,-65.000440
94.150000,-65.000433
94.160000,-65.000426
94.170000,-65.000419
94.180000,-65.000412
94.190000,-65.000405
94.200000,-65.000398
94.210000,-65.000391
94.220000,-65.000384
94.230000,-65.000377
94.240000,-65.000370
94.250000,-65.000364
94.260000,-65.000357
94.270000,-65.000350
94.280000,-65.000343
94.290000,-65.000336
94.300000,-65.000330
94.310000,-65.000323
94.320000,-65.000316
94.330000,-65.000309
94.340000,-65.000303
94.350000,-65.000296
94.360000,-65.000290
94.370000,-65.000283
94.380000,-65.000276
94.390000,-65.000270
94.400000,-65.000263
94.410000,-65.000257
94.420000,-65.000250
94.430000,-65.000244
94.440000,-65.000237
94.450000,-65.000231
94.460000,-65.000224
94.470000,-65.000218
94.480000,-65.000211
94.490000,-65.000205
94.500000,-65.000198
94.510000,-65.000192
94.520000,-65.000186
94.530000,-65.000179
94.540000,-65.000173
94.550000,-65.000167
94.560000,-65.000160
94.570000,-65.000154
94.580000,-65.000148
94.590000,-65.000142
94.600000,-65.000135
94.610000,-65.000129
94.620000,-65.000123
94.630000,-65.000117
94.640000,-65.000111
94.650000,-65.000105
94.660000,-65.000099
94.670000,-65.000092
94.680000,-65.000086
94.690000,-65.000080
94.700000,-65.000074
94.710000,-65.000068
94.720000,-65.000062
94.730000,-65.000056
94.740000,-65.000050
94.750000,-65.000044
94.760000,-65.000039
94.770000,-65.000033
94.780000,-65.000027
94.790000,-65.000021
94.800000,-65.000015
94.810000,-65.000009
94.820000,-65.000003
94.830000,-64.999998
94.840000,-64.999992
94.850000,-64.999986
94.860000,-64.999980
94.870000,-64.999975
94.880000,-64.999969
94.890000,-64.999963
94.900000,-64.999958
94.910000,-64.999952
94.920000,-64.999947
94.930000,-64.999941
94.940000,-64.999935
94.950000,-64.999930
94.960000,-64.999924
94.970000,-64.999919
94.980000,-64.999913
94.990000,-64.999908
95.000000,-64.999902
95.010000,-64.999897
95.020000,-64.999892
95.030000,-64.999886
95.040000,-64.999881
95.050000,-64.999876
95.060000,-64.999870
95.070000,-64.999865
95.080000,-64.999860
95.090000,-64.999854
95.100000,-64.999849
95.110000,-64.999844
95.120000,-64.999839
95.130000,-64.999833
95.140000,-64.999828
95.150000,-64.999823
95.160000,-64.999818
95.170000,-64.999813
95.180000,-64.999808
95.190000,-64.999803
95.200000,-64.999798
95.210000,-64.999793
95.220000,-64.999788
95.230000,-64.999783
95.240000,-64.999778
95.250000,-64.999773
95.260000,-64.999768
95.270000,-64.999763
95.280000,-64.999758
95.290000,-64.999753
95.300000,-64.999748
95.310000,-64.999743
95.320000,-64.999739
95.330000,-64.999734
95.340000,-64.999729
95.350000,-64.999724
95.360000,-64.999720
95.370000,-64.999715
95.380000,-64.999710
95.390000,-64.999706
95.400000,-64.999701
95.410000,-64.999696
95.420000,-64.999692
95.430000,-64.999687
95.440000,-64.999682
95.450000,-64.999678
95.460000,-64.999673
95.470000,-64.999669
95.480000,-64.999664
95.490000,-64.999660
95.500000,-64.999655
95.510000,-64.999651
95.520000,-64.999647
95.530000,-64.999642
95.540000,-64.999638
95.550000,-64.999634
95.560000,-64.999629
95.570000,-64.999625
95.580000,-64.999621
95.590000,-64.999616
95.600000,-64.999612
95.610000,-64.999608
95.620000,-64.999604
95.630000,-64.999600
95.640000,-64.999595
95.650000,-64.999591
95.660000,-64.999587
95.670000,-64.999583
95.680000,-64.999579
95.690000,-64.999575
95.700000,-64.999571
95.710000,-64.999567
95.720000,-64.999563
95.730000,-64.999559
95.740000,-64.999555
95.750000,-64.999551
95.760000,-64.999547
95.770000,-64.999543
95.780000,-64.999539
95.790000,-64.999535
95.800000,-64.999531
95.810000,-64.999528
95.820000,-64.999524
95.830000,-64.999520
95.840000,-64.999516
95.850000,-64.999513
95.860000,-64.999509
95.870000,-64.999505
95.880000,-64.999501
95.890000,-64.999498
95.900000,-64.999494
95.910000,-64.999491
95.920000,-64.999487
95.930000,-64.999483
95.940000,-64.999480
95.950000,-64.999476
95.960000,-64.999473
95.970000,-64.999469
95.980000,-64.999466
95.990000,-64.999462
96.000000,-64.999459
96.010000,-64.999455
96.020000,-64.999452
96.030000,-64.999449
96.040000,-64.999445
96.050000,-64.999442
96.060000,-64.999439
96.070000,-64.999435
96.080000,-64.999432
96.090000,-64.999429
96.100000,-64.999425
96.110000,-64.999422
96.120000,-64.999419
96.130000,-64.999416
96.140000,-64.999413
96.150000,-64.999410
96.160000,-64.999406
96.170000,-64.999403
96.180000,-64.999400
96.190000,-64.999397
96.200000,-64.999394
96.210000,-64.999391
96.220000,-64.999388
96.230000,-64.999385
96.240000,-64.999382
96.250000,-64.999379
96.260000,-64.999376
96.270000,-64.999373
96.280000,-64.999370
96.290000,-64.999367
96.300000,-64.999365
96.310000,-64.999362
96.320000,-64.999359
96.330000,-64.999356
96.340000,-64.999353
96.350000,-64.999351
96.360000,-64.999348
96.370000,-64.999345
96.380000,-64.999342
96.390000,-64.999340
96.400000,-64.999337
96.410000,-64.999334
96.420000,-64.999332
96.430000,-64.999329
96.440000,-64.999327
96.450000,-64.999324
96.460000,-64.999321
96.470000,-64.999319
96.480000,-64.999316
96.490000,-64.999314
96.500000,-64.999311
96.510000,-64.999309
96.520000,-64.999307
96.530000,-64.999304
96.540000,-64.999302
96.550000,-64.999299
96.560000,-64.999297
96.570000,-64.999295
96.580000,-64.999292
96.590000,-64.999290
96.600000,-64.999288
96.610000,-64.999285
96.620000,-64.999283
96.630000,-64.999281
96.640000,-64.999279
96.650000,-64.999276
96.660000,-64.999274
96.670000,-64.999272
96.680000,-64.999270
96.690000,-64.999268
96.700000,-64.999266
96.710000,-64.999264
96.720000,-64.999261
96.730000,-64.999259
96.740000,-64.999257
96.750000,-64.999255
96.760000,-64.999253
96.770000,-64.999251
96.780000,-64.999249
96.790000,-64.999247
96.800000,-64.999245
96.810000,-64.999244
96.820000,-64.999242
96.830000,-64.999240
96.840000,-64.999238
96.850000,-64.999236
96.860000,-64.999234
96.870000,-64.999232
96.880000,-64.999231
96.890000,-64.999229
96.900000,-64.999227
96.910000,-64.999225
96.920000,-64.999224
96.930000,-64.999222
96.940000,-64.999220
96.950000,-64.999219
96.960000,-64.999217
96.970000,-64.999215
96.980000,-64.999214
96.990000,-64.999212
97.000000,-64.999210
97.010000,-64.999209
97.020000,-64.999207
97.030000,-64.999206
97.040000,-64.999204
97.050000,-64.999203
97.060000,-64.999201
97.070000,-64.999200
97.080000,-64.999198
97.090000,-64.999197
97.100000,-64.999195
97.110000,-64.999194
97.120000,-64.999193
97.130000,-64.999191
97.140000,-64.999190
97.150000,-64.999188
97.160000,-64.999187
97.170000,-64.999186
97.180000,-64.999185
97.190000,-64.999183
97.200000,-64.999182
97.210000,-64.999181
97.220000,-64.999180
97.230000,-64.999178
97.240000,-64.999177
97.250000,-64.999176
97.260000,-64.999175
97.270000,-64.999174
97.280000,-64.999172
97.290000,-64.999171
97.300000,-64.999170
97.310000,-64.999169
97.320000,-64.999168
97.330000,-64.999167
97.340000,-64.999166
97.350000,-64.999165
97.360000,-64.999164
97.370000,-64.999163
97.380000,-64.999162
97.390000,-64.999161
97.400000,-64.999160
97.410000,-64.999159
97.420000,-64.999158
97.430000,-64.999157
97.440000,-64.999156
97.450000,-64.999155
97.460000,-64.999155
97.470000,-64.999154
97.480000,-64.999153
97.490000,-64.999152
97.500000,-64.999151
97.510000,-64.999151
97.520000,-64.999150
97.530000,-64.999149
97.540000,-64.999148
97.550000,-64.999148
97.560000,-64.999147
97.570000,-64.999146
97.580000,-64.999145
97.590000,-64.999145
97.600000,-64.999144
97.610000,-64.999143
97.620000,-64.999143
97.630000,-64.999142
97.640000,-64.999142
97.650000,-64.999141
97.660000,-64.999140
97.670000,-64.999140
97.680000,-64.999139
97.690000,-64.999139
97.700000,-64.999138
97.710000,-64.999138
97.720000,-64.999137
97.730000,-64.999137
97.740000,-64.999136
97.750000,-64.999136
97.760000,-64.999136
97.770000,-64.999135
97.780000,-64.999135
97.790000,-64.999134
97.800000,-64.999134
97.810000,-64.999134
97.820000,-64.999133
97.830000,-64.999133
97.840000,-64.999133
97.850000,-64.999132
97.860000,-64.999132
97.870000,-64.999132
97.880000,-64.999131
97.890000,-64.999131
97.900000,-64.999131
97.910000,-64.999131
97.920000,-64.999130
97.930000,-64.999130
97.940000,-64.999130
97.950000,-64.999130
97.960000,-64.999130
97.970000,-64.999129
97.980000,-64.999129
97.990000,-64.999129
98.000000,-64.999129
98.010000,-64.999129
98.020000,-64.999129
98.030000,-64.999129
98.040000,-64.999129
98.050000,-64.999129
98.060000,-64.999129
98.070000,-64.999128
98.080000,-64.999128
98.090000,-64.999128
98.100000,-64.999128
98.110000,-64.999128
98.120000,-64.999128
98.130000,-64.999128
98.140000,-64.999129
98.150000,-64.999129
98.160000,-64.999129
98.170000,-64.999129
98.180000,-64.999129
98.190000,-64.999129
98.200000,-64.999129
98.210000,-64.999129
98.220000,-64.999129
98.230000,-64.999129
98.240000,-64.999130
98.250000,-64.999130
98.260000,-64.999130
98.270000,-64.999130
98.280000,-64.999130
98.290000,-64.999131
98.300000,-64.999131
98.310000,-64.999131
98.320000,-64.999131
98.330000,-64.999132
98.340000,-64.999132
98.350000,-64.999132
98.360000,-64.999132
98.370000,-64.999133
98.380000,-64.999133
98.390000,-64.999133
98.400000,-64.999134
98.410000,-64.999134
98.420000,-64.999134
98.430000,-64.999135
98.440000,-64.999135
98.450000,-64.999135
98.460000,-64.999136
98.470000,-64.999136
98.480000,-64.999137
98.490000,-64.999137
98.500000,-64.999137
98.510000,-64.999138
98.520000,-64.999138
98.530000,-64.999139
98.540000,-64.999139
98.550000,-64.999140
98.560000,-64.999140
98.570000,-64.999141
98.580000,-64.999141
98.590000,-64.999142
98.600000,-64.999142
98.610000,-64.999143
98.620000,-64.999143
98.630000,-64.999144
98.640000,-64.999145
98.650000,-64.999145
98.660000,-64.999146
98.670000,-64.999146
98.680000,-64.999147
98.690000,-64.999147
98.700000,-64.999148
98.710000,-64.999149
98.720000,-64.999149
98.730000,-64.999150
98.740000,-64.999151
98.750000,-64.999151
98.760000,-64.999152
98.770000,-64.999153
98.780000,-64.999153
98.790000,-64.999154
98.800000,-64.999155
98.810000,-64.999156
98.820000,-64.999156
98.830000,-64.999157
98.840000,-64.999158
98.850000,-64.999158
98.860000,-64.999159
98.870000,-64.999160
98.880000,-64.999161
98.890000,-64.999162
98.900000,-64.999162
98.910000,-64.999163
98.920000,-64.999164
98.930000,-64.999165
98.940000,-64.999166
98.950000,-64.999166
98.960000,-64.999167
98.970000,-64.999168
98.980000,-64.999169
98.990000,-64.999170
99.000000,-64.999171
99.010000,-64.999172
99.020000,-64.999172
99.030000,-64.999173
99.040000,-64.999174
99.050000,-64.999175
99.060000,-64.999176
99.070000,-64.999177
99.080000,-64.999178
99.090000,-64.999179
99.100000,-64.999180
99.110000,-64.999181
99.120000,-64.999182
99.130000,-64.999183
99.140000,-64.999184
99.150000,-64.999185
99.160000,-64.999185
99.170000,-64.999186
99.180000,-64.999187
99.190000,-64.999188
99.200000,-64.999189
99.210000,-64.999190
99.220000,-64.999192
99.230000,-64.999193
99.240000,-64.999194
99.250000,-64.999195
99.260000,-64.999196
99.270000,-64.999197
99.280000,-64.999198
99.290000,-64.999199
99.300000,-64.999200
99.310000,-64.999201
99.320000,-64.999202
99.330000,-64.999203
99.340000,-64.999204
99.350000,-64.999205
99.360000,-64.999206
99.370000,-64.999208
99.380000,-64.999209
99.390000,-64.999210
99.400000,-64.999211
99.410000,-64.999212
99.420000,-64.999213
99.430000,-64.999214
99.440000,-64.999215
99.450000,-64.999217
99.460000,-64.999218
99.470000,-64.999219
99.480000,-64.999220
99.490000,-64.999221
99.500000,-64.999223
99.510000,-64.999224
99.520000,-64.999225
99.530000,-64.999226
99.540000,-64.999227
99.550000,-64.999229
99.560000,-64.999230
99.570000,-64.999231
99.580000,-64.999232
99.590000,-64.999233
99.600000,-64.999235
99.610000,-64.999236
99.620000,-64.999237
99.630000,-64.999238
99.640000,-64.999240
99.650000,-64.999241
99.660000,-64.999242
99.670000,-64.999243
99.680000,-64.999245
99.690000,-64.999246
99.700000,-64.999247
99.710000,-64.999248
99.720000,-64.999250
99.730000,-64.999251
99.740000,-64.999252
99.750000,-64.999254
99.760000,-64.999255
99.770000,-64.999256
99.780000,-64.999258
99.790000,-64.999259
99.800000,-64.999260
99.810000,-64.999262
99.820000,-64.999263
99.830000,-64.999264
99.840000,-64.999266
99.850000,-64.999267
99.860000,-64.999268
99.870000,-64.999270
99.880000,-64.999271
99.890000,-64.999272
99.900000,-64.999274
99.910000,-64.999275
99.920000,-64.999276
99.930000,-64.999278
99.940000,-64.999279
99.950000,-64.999280
99.960000,-64.999282
99.970000,-64.999283
99.980000,-64.999285
99.990000,-64.999286
100.000000,-64.999287
