synapse_from,synapse_to,synapse_type,neurotransmitter,receptor,g_max_ns,delay_ms,weight,note
29,4103336,chem,cholinergic,ampa,5.00,0.50,1,子图 AWC 嗅觉 内部化学连接
29,16795524,chem,cholinergic,ampa,5.00,0.50,1,子图 AWC 嗅觉 内部化学连接
29,16795838,chem,cholinergic,ampa,5.00,0.50,1,子图 AWC 嗅觉 内部化学连接
40045,3712893,chem,cholinergic,ampa,5.00,0.50,2,子图 AWC 嗅觉 内部化学连接
40045,5261424,chem,cholinergic,ampa,5.00,0.50,1,子图 AWC 嗅觉 内部化学连接
40045,6451332,chem,cholinergic,ampa,5.00,0.50,5,子图 AWC 嗅觉 内部化学连接
40045,7107433,chem,cholinergic,ampa,5.00,0.50,1,子图 AWC 嗅觉 内部化学连接
40045,7865652,chem,cholinergic,ampa,5.00,0.50,72,子图 AWC 嗅觉 内部化学连接
40045,8276782,chem,cholinergic,ampa,5.00,0.50,5,子图 AWC 嗅觉 内部化学连接
40045,8480221,chem,cholinergic,ampa,5.00,0.50,1,子图 AWC 嗅觉 内部化学连接
40045,11543212,chem,cholinergic,ampa,5.00,0.50,8,子图 AWC 嗅觉 内部化学连接
40045,12225666,chem,cholinergic,ampa,5.00,0.50,11,子图 AWC 嗅觉 内部化学连接
2439134,14313750,chem,other,none,5.00,0.50,25,子图 AWC 嗅觉 内部化学连接
2568465,2568465,chem,cholinergic,ampa,5.00,0.50,3,子图 AWC 嗅觉 内部化学连接
2568465,3450751,chem,cholinergic,ampa,5.00,0.50,1,子图 AWC 嗅觉 内部化学连接
2568465,19298625,chem,cholinergic,ampa,5.00,0.50,2,子图 AWC 嗅觉 内部化学连接
2568522,17036132,chem,cholinergic,ampa,5.00,0.50,1,子图 AWC 嗅觉 内部化学连接
2571761,3538129,chem,cholinergic,ampa,5.00,0.50,4,子图 AWC 嗅觉 内部化学连接
2571761,4119387,chem,cholinergic,ampa,5.00,0.50,4,子图 AWC 嗅觉 内部化学连接
2571761,4324898,chem,cholinergic,ampa,5.00,0.50,6,子图 AWC 嗅觉 内部化学连接
2571761,4679139,chem,cholinergic,ampa,5.00,0.50,6,子图 AWC 嗅觉 内部化学连接
2571761,8243455,chem,cholinergic,ampa,5.00,0.50,111,子图 AWC 嗅觉 内部化学连接
2571761,8244723,chem,cholinergic,ampa,5.00,0.50,3,子图 AWC 嗅觉 内部化学连接
2571761,8245014,chem,cholinergic,ampa,5.00,0.50,1,子图 AWC 嗅觉 内部化学连接
2571761,11279244,chem,cholinergic,ampa,5.00,0.50,3,子图 AWC 嗅觉 内部化学连接
2571761,14604028,chem,cholinergic,ampa,5.00,0.50,11,子图 AWC 嗅觉 内部化学连接
2571761,16515871,chem,cholinergic,ampa,5.00,0.50,19,子图 AWC 嗅觉 内部化学连接
2582391,4119387,chem,cholinergic,ampa,5.00,0.50,2,子图 AWC 嗅觉 内部化学连接
2582391,8243455,chem,cholinergic,ampa,5.00,0.50,1,子图 AWC 嗅觉 内部化学连接
2582391,8245692,chem,cholinergic,ampa,5.00,0.50,2,子图 AWC 嗅觉 内部化学连接
2582391,8252067,chem,cholinergic,ampa,5.00,0.50,41,子图 AWC 嗅觉 内部化学连接
2582391,10167078,chem,cholinergic,ampa,5.00,0.50,1,子图 AWC 嗅觉 内部化学连接
2582391,10990803,chem,cholinergic,ampa,5.00,0.50,3,子图 AWC 嗅觉 内部化学连接
2582391,11279244,chem,cholinergic,ampa,5.00,0.50,3,子图 AWC 嗅觉 内部化学连接
2582391,16515871,chem,cholinergic,ampa,5.00,0.50,46,子图 AWC 嗅觉 内部化学连接
2582391,16795524,chem,cholinergic,ampa,5.00,0.50,1,子图 AWC 嗅觉 内部化学连接
2584838,3712893,chem,cholinergic,ampa,5.00,0.50,3,子图 AWC 嗅觉 内部化学连接
2584838,3958234,chem,cholinergic,ampa,5.00,0.50,1,子图 AWC 嗅觉 内部化学连接
2584838,4119387,chem,cholinergic,ampa,5.00,0.50,25,子图 AWC 嗅觉 内部化学连接
2584838,4324898,chem,cholinergic,ampa,5.00,0.50,1,子图 AWC 嗅觉 内部化学连接
2584838,4700078,chem,cholinergic,ampa,5.00,0.50,37,子图 AWC 嗅觉 内部化学连接
2584838,7503199,chem,cholinergic,ampa,5.00,0.50,16,子图 AWC 嗅觉 内部化学连接
2584838,8246081,chem,cholinergic,ampa,5.00,0.50,1,子图 AWC 嗅觉 内部化学连接
2584838,8252067,chem,cholinergic,ampa,5.00,0.50,2,子图 AWC 嗅觉 内部化学连接
2584838,8256186,chem,cholinergic,ampa,5.00,0.50,91,子图 AWC 嗅觉 内部化学连接
2584838,11543212,chem,cholinergic,ampa,5.00,0.50,8,子图 AWC 嗅觉 内部化学连接
2608843,4119387,chem,cholinergic,ampa,5.00,0.50,15,子图 AWC 嗅觉 内部化学连接
2608843,4700078,chem,cholinergic,ampa,5.00,0.50,4,子图 AWC 嗅觉 内部化学连接
2608843,8140109,chem,cholinergic,ampa,5.00,0.50,4,子图 AWC 嗅觉 内部化学连接
2608843,8244723,chem,cholinergic,ampa,5.00,0.50,1,子图 AWC 嗅觉 内部化学连接
2608843,8245692,chem,cholinergic,ampa,5.00,0.50,95,子图 AWC 嗅觉 内部化学连接
2608843,10990803,chem,cholinergic,ampa,5.00,0.50,4,子图 AWC 嗅觉 内部化学连接
2608843,16515871,chem,cholinergic,ampa,5.00,0.50,28,子图 AWC 嗅觉 内部化学连接
2610744,2612527,chem,other,none,5.00,0.50,2,子图 AWC 嗅觉 内部化学连接
2610744,3450442,chem,other,none,5.00,0.50,5,子图 AWC 嗅觉 内部化学连接
2610744,8276782,chem,other,none,5.00,0.50,6,子图 AWC 嗅觉 内部化学连接
2610744,8480221,chem,other,none,5.00,0.50,1,子图 AWC 嗅觉 内部化学连接
2610744,8704079,chem,other,none,5.00,0.50,3,子图 AWC 嗅觉 内部化学连接
2610744,12225666,chem,other,none,5.00,0.50,10,子图 AWC 嗅觉 内部化学连接
2610744,16795524,chem,other,none,5.00,0.50,13,子图 AWC 嗅觉 内部化学连接
2610744,16795838,chem,other,none,5.00,0.50,7,子图 AWC 嗅觉 内部化学连接
2611805,3450442,chem,cholinergic,ampa,5.00,0.50,1,子图 AWC 嗅觉 内部化学连接
2611805,3486381,chem,cholinergic,ampa,5.00,0.50,1,子图 AWC 嗅觉 内部化学连接
2611805,7864823,chem,cholinergic,ampa,5.00,0.50,1,子图 AWC 嗅觉 内部化学连接
2611805,7865696,chem,cholinergic,ampa,5.00,0.50,47,子图 AWC 嗅觉 内部化学连接
2611805,7865767,chem,cholinergic,ampa,5.00,0.50,9,子图 AWC 嗅觉 内部化学连接
2611805,7873135,chem,cholinergic,ampa,5.00,0.50,1,子图 AWC 嗅觉 内部化学连接
2611805,8276782,chem,cholinergic,ampa,5.00,0.50,4,子图 AWC 嗅觉 内部化学连接
2611805,8480221,chem,cholinergic,ampa,5.00,0.50,8,子图 AWC 嗅觉 内部化学连接
2611805,8509534,chem,cholinergic,ampa,5.00,0.50,37,子图 AWC 嗅觉 内部化学连接
2611805,11543212,chem,cholinergic,ampa,5.00,0.50,2,子图 AWC 嗅觉 内部化学连接
2611805,12225666,chem,cholinergic,ampa,5.00,0.50,1,子图 AWC 嗅觉 内部化学连接
2611805,12617396,chem,cholinergic,ampa,5.00,0.50,2,子图 AWC 嗅觉 内部化学连接
2611805,16795524,chem,cholinergic,ampa,5.00,0.50,1,子图 AWC 嗅觉 内部化学连接
2611805,16795838,chem,cholinergic,ampa,5.00,0.50,1,子图 AWC 嗅觉 内部化学连接
2612527,2612527,chem,cholinergic,ampa,5.00,0.50,1,子图 AWC 嗅觉 内部化学连接
2612527,7934904,chem,cholinergic,ampa,5.00,0.50,1,子图 AWC 嗅觉 内部化学连接
2612527,8509534,chem,cholinergic,ampa,5.00,0.50,2,子图 AWC 嗅觉 内部化学连接
2612527,9971209,chem,cholinergic,ampa,5.00,0.50,5,子图 AWC 嗅觉 内部化学连接
2612527,10990803,chem,cholinergic,ampa,5.00,0.50,1,子图 AWC 嗅觉 内部化学连接
2612527,11123016,chem,cholinergic,ampa,5.00,0.50,1,子图 AWC 嗅觉 内部化学连接
2612527,16795838,chem,cholinergic,ampa,5.00,0.50,1,子图 AWC 嗅觉 内部化学连接
2612527,19298625,chem,cholinergic,ampa,5.00,0.50,4,子图 AWC 嗅觉 内部化学连接
3002410,3690921,chem,cholinergic,ampa,5.00,0.50,4,子图 AWC 嗅觉 内部化学连接
3002410,3756659,chem,cholinergic,ampa,5.00,0.50,1,子图 AWC 嗅觉 内部化学连接
3158543,3712893,chem,cholinergic,ampa,5.00,0.50,10,子图 AWC 嗅觉 内部化学连接
3158543,6451332,chem,cholinergic,ampa,5.00,0.50,24,子图 AWC 嗅觉 内部化学连接
3158543,7845346,chem,cholinergic,ampa,5.00,0.50,82,子图 AWC 嗅觉 内部化学连接
3158543,8276782,chem,cholinergic,ampa,5.00,0.50,9,子图 AWC 嗅觉 内部化学连接
3158543,8480221,chem,cholinergic,ampa,5.00,0.50,2,子图 AWC 嗅觉 内部化学连接
3158543,11543212,chem,cholinergic,ampa,5.00,0.50,11,子图 AWC 嗅觉 内部化学连接
3158543,16795524,chem,cholinergic,ampa,5.00,0.50,1,子图 AWC 嗅觉 内部化学连接
3410499,3450442,chem,cholinergic,ampa,5.00,0.50,10,子图 AWC 嗅觉 内部化学连接
3410499,3486381,chem,cholinergic,ampa,5.00,0.50,2,子图 AWC 嗅觉 内部化学连接
3410499,5261424,chem,cholinergic,ampa,5.00,0.50,5,子图 AWC 嗅觉 内部化学连接
3410499,7873135,chem,cholinergic,ampa,5.00,0.50,91,子图 AWC 嗅觉 内部化学连接
3410499,8276782,chem,cholinergic,ampa,5.00,0.50,11,子图 AWC 嗅觉 内部化学连接
3410499,8509534,chem,cholinergic,ampa,5.00,0.50,16,子图 AWC 嗅觉 内部化学连接
3410499,9119558,chem,cholinergic,ampa,5.00,0.50,8,子图 AWC 嗅觉 内部化学连接
3410499,10990803,chem,cholinergic,ampa,5.00,0.50,5,子图 AWC 嗅觉 内部化学连接
3410506,3450442,chem,cholinergic,ampa,5.00,0.50,5,子图 AWC 嗅觉 内部化学连接
3410506,4354933,chem,cholinergic,ampa,5.00,0.50,72,子图 AWC 嗅觉 内部化学连接
3410506,5261424,chem,cholinergic,ampa,5.00,0.50,2,子图 AWC 嗅觉 内部化学连接
3410506,6451332,chem,cholinergic,ampa,5.00,0.50,19,子图 AWC 嗅觉 内部化学连接
3410506,7092417,chem,cholinergic,ampa,5.00,0.50,2,子图 AWC 嗅觉 内部化学连接
3410506,7515491,chem,cholinergic,ampa,5.00,0.50,5,子图 AWC 嗅觉 内部化学连接
3410506,7851153,chem,cholinergic,ampa,5.00,0.50,1,子图 AWC 嗅觉 内部化学连接
3410506,8276782,chem,cholinergic,ampa,5.00,0.50,13,子图 AWC 嗅觉 内部化学连接
3410506,11543212,chem,cholinergic,ampa,5.00,0.50,2,子图 AWC 嗅觉 内部化学连接
3450442,2568522,chem,cholinergic,ampa,5.00,0.50,1,子图 AWC 嗅觉 内部化学连接
3450442,3450442,chem,cholinergic,ampa,5.00,0.50,2,子图 AWC 嗅觉 内部化学连接
3450442,3450751,chem,cholinergic,ampa,5.00,0.50,8,子图 AWC 嗅觉 内部化学连接
3450442,8276782,chem,cholinergic,ampa,5.00,0.50,5,子图 AWC 嗅觉 内部化学连接
3450442,8704079,chem,cholinergic,ampa,5.00,0.50,1,子图 AWC 嗅觉 内部化学连接
3450751,2568465,chem,cholinergic,ampa,5.00,0.50,1,子图 AWC 嗅觉 内部化学连接
3450751,2568522,chem,cholinergic,ampa,5.00,0.50,2,子图 AWC 嗅觉 内部化学连接
3450751,3450442,chem,cholinergic,ampa,5.00,0.50,4,子图 AWC 嗅觉 内部化学连接
3450751,3450751,chem,cholinergic,ampa,5.00,0.50,2,子图 AWC 嗅觉 内部化学连接
3450751,4260935,chem,cholinergic,ampa,5.00,0.50,4,子图 AWC 嗅觉 内部化学连接
3450751,5679304,chem,cholinergic,ampa,5.00,0.50,2,子图 AWC 嗅觉 内部化学连接
3450751,7092086,chem,cholinergic,ampa,5.00,0.50,2,子图 AWC 嗅觉 内部化学连接
3450751,8509534,chem,cholinergic,ampa,5.00,0.50,1,子图 AWC 嗅觉 内部化学连接
3450751,12617396,chem,cholinergic,ampa,5.00,0.50,2,子图 AWC 嗅觉 内部化学连接
3450751,17036132,chem,cholinergic,ampa,5.00,0.50,9,子图 AWC 嗅觉 内部化学连接
3450751,17036160,chem,cholinergic,ampa,5.00,0.50,12,子图 AWC 嗅觉 内部化学连接
3464773,3486381,chem,cholinergic,ampa,5.00,0.50,119,子图 AWC 嗅觉 内部化学连接
3464773,7865767,chem,cholinergic,ampa,5.00,0.50,1,子图 AWC 嗅觉 内部化学连接
3464773,7873135,chem,cholinergic,ampa,5.00,0.50,2,子图 AWC 嗅觉 内部化学连接
3464773,8276782,chem,cholinergic,ampa,5.00,0.50,9,子图 AWC 嗅觉 内部化学连接
3464773,8509534,chem,cholinergic,ampa,5.00,0.50,3,子图 AWC 嗅觉 内部化学连接
3464773,9119558,chem,cholinergic,ampa,5.00,0.50,11,子图 AWC 嗅觉 内部化学连接
3465659,3450442,chem,cholinergic,ampa,5.00,0.50,42,子图 AWC 嗅觉 内部化学连接
3465659,3712893,chem,cholinergic,ampa,5.00,0.50,2,子图 AWC 嗅觉 内部化学连接
3465659,7843730,chem,cholinergic,ampa,5.00,0.50,3,子图 AWC 嗅觉 内部化学连接
3465659,7934904,chem,cholinergic,ampa,5.00,0.50,48,子图 AWC 嗅觉 内部化学连接
3465659,7935088,chem,cholinergic,ampa,5.00,0.50,39,子图 AWC 嗅觉 内部化学连接
3465659,8480221,chem,cholinergic,ampa,5.00,0.50,3,子图 AWC 嗅觉 内部化学连接
3465659,8509534,chem,cholinergic,ampa,5.00,0.50,6,子图 AWC 嗅觉 内部化学连接
3465659,9589146,chem,cholinergic,ampa,5.00,0.50,14,子图 AWC 嗅觉 内部化学连接
3486381,2568522,chem,cholinergic,ampa,5.00,0.50,1,子图 AWC 嗅觉 内部化学连接
3486381,3486381,chem,cholinergic,ampa,5.00,0.50,1,子图 AWC 嗅觉 内部化学连接
3486381,4260935,chem,cholinergic,ampa,5.00,0.50,2,子图 AWC 嗅觉 内部化学连接
3486381,4493199,chem,cholinergic,ampa,5.00,0.50,1,子图 AWC 嗅觉 内部化学连接
3486381,4985759,chem,cholinergic,ampa,5.00,0.50,2,子图 AWC 嗅觉 内部化学连接
3486381,5261424,chem,cholinergic,ampa,5.00,0.50,1,子图 AWC 嗅觉 内部化学连接
3486381,7865767,chem,cholinergic,ampa,5.00,0.50,4,子图 AWC 嗅觉 内部化学连接
3486381,8276782,chem,cholinergic,ampa,5.00,0.50,6,子图 AWC 嗅觉 内部化学连接
3486381,11067379,chem,cholinergic,ampa,5.00,0.50,5,子图 AWC 嗅觉 内部化学连接
3486381,16795524,chem,cholinergic,ampa,5.00,0.50,1,子图 AWC 嗅觉 内部化学连接
3486381,16795838,chem,cholinergic,ampa,5.00,0.50,1,子图 AWC 嗅觉 内部化学连接
3486381,17743170,chem,cholinergic,ampa,5.00,0.50,1,子图 AWC 嗅觉 内部化学连接
3511996,3450442,chem,cholinergic,ampa,5.00,0.50,16,子图 AWC 嗅觉 内部化学连接
3511996,3712893,chem,cholinergic,ampa,5.00,0.50,11,子图 AWC 嗅觉 内部化学连接
3511996,6451332,chem,cholinergic,ampa,5.00,0.50,17,子图 AWC 嗅觉 内部化学连接
3511996,7107433,chem,cholinergic,ampa,5.00,0.50,1,子图 AWC 嗅觉 内部化学连接
3511996,7515491,chem,cholinergic,ampa,5.00,0.50,2,子图 AWC 嗅觉 内部化学连接
3511996,8276782,chem,cholinergic,ampa,5.00,0.50,2,子图 AWC 嗅觉 内部化学连接
3511996,8399890,chem,cholinergic,ampa,5.00,0.50,70,子图 AWC 嗅觉 内部化学连接
3511996,8480221,chem,cholinergic,ampa,5.00,0.50,34,子图 AWC 嗅觉 内部化学连接
3511996,8704079,chem,cholinergic,ampa,5.00,0.50,2,子图 AWC 嗅觉 内部化学连接
3511996,11543212,chem,cholinergic,ampa,5.00,0.50,18,子图 AWC 嗅觉 内部化学连接
3511996,12225666,chem,cholinergic,ampa,5.00,0.50,6,子图 AWC 嗅觉 内部化学连接
3511996,16795524,chem,cholinergic,ampa,5.00,0.50,2,子图 AWC 嗅觉 内部化学连接
3511996,16795838,chem,cholinergic,ampa,5.00,0.50,2,子图 AWC 嗅觉 内部化学连接
3538129,3712893,chem,cholinergic,ampa,5.00,0.50,1,子图 AWC 嗅觉 内部化学连接
3538129,3756659,chem,cholinergic,ampa,5.00,0.50,1,子图 AWC 嗅觉 内部化学连接
3538129,4327684,chem,cholinergic,ampa,5.00,0.50,1,子图 AWC 嗅觉 内部化学连接
3538129,6451332,chem,cholinergic,ampa,5.00,0.50,7,子图 AWC 嗅觉 内部化学连接
3538129,9119558,chem,cholinergic,ampa,5.00,0.50,1,子图 AWC 嗅觉 内部化学连接
3538129,9971209,chem,cholinergic,ampa,5.00,0.50,4,子图 AWC 嗅觉 内部化学连接
3538129,11248536,chem,cholinergic,ampa,5.00,0.50,6,子图 AWC 嗅觉 内部化学连接
3538129,11543212,chem,cholinergic,ampa,5.00,0.50,1,子图 AWC 嗅觉 内部化学连接
3538129,13589251,chem,cholinergic,ampa,5.00,0.50,1,子图 AWC 嗅觉 内部化学连接
3538129,16795524,chem,cholinergic,ampa,5.00,0.50,2,子图 AWC 嗅觉 内部化学连接
3538129,16795838,chem,cholinergic,ampa,5.00,0.50,1,子图 AWC 嗅觉 内部化学连接
3547397,3486381,chem,cholinergic,ampa,5.00,0.50,5,子图 AWC 嗅觉 内部化学连接
3547397,4354933,chem,cholinergic,ampa,5.00,0.50,3,子图 AWC 嗅觉 内部化学连接
3547397,5261424,chem,cholinergic,ampa,5.00,0.50,6,子图 AWC 嗅觉 内部化学连接
3547397,7865696,chem,cholinergic,ampa,5.00,0.50,1,子图 AWC 嗅觉 内部化学连接
3547397,7865767,chem,cholinergic,ampa,5.00,0.50,100,子图 AWC 嗅觉 内部化学连接
3547397,8509534,chem,cholinergic,ampa,5.00,0.50,21,子图 AWC 嗅觉 内部化学连接
3547397,9119558,chem,cholinergic,ampa,5.00,0.50,2,子图 AWC 嗅觉 内部化学连接
3586984,2568522,chem,other,none,5.00,0.50,1,子图 AWC 嗅觉 内部化学连接
3586984,3450442,chem,other,none,5.00,0.50,4,子图 AWC 嗅觉 内部化学连接
3586984,8480221,chem,other,none,5.00,0.50,1,子图 AWC 嗅觉 内部化学连接
3586984,8509534,chem,other,none,5.00,0.50,3,子图 AWC 嗅觉 内部化学连接
3586984,8704079,chem,other,none,5.00,0.50,30,子图 AWC 嗅觉 内部化学连接
3586984,9589146,chem,other,none,5.00,0.50,1,子图 AWC 嗅觉 内部化学连接
3586984,12000033,chem,other,none,5.00,0.50,3,子图 AWC 嗅觉 内部化学连接
3586984,12225666,chem,other,none,5.00,0.50,13,子图 AWC 嗅觉 内部化学连接
3586984,12424328,chem,other,none,5.00,0.50,1,子图 AWC 嗅觉 内部化学连接
3592997,2612527,chem,cholinergic,ampa,5.00,0.50,2,子图 AWC 嗅觉 内部化学连接
3592997,7198338,chem,cholinergic,ampa,5.00,0.50,70,子图 AWC 嗅觉 内部化学连接
3592997,7851153,chem,cholinergic,ampa,5.00,0.50,1,子图 AWC 嗅觉 内部化学连接
3592997,7852250,chem,cholinergic,ampa,5.00,0.50,1,子图 AWC 嗅觉 内部化学连接
3592997,7865652,chem,cholinergic,ampa,5.00,0.50,1,子图 AWC 嗅觉 内部化学连接
3592997,8276782,chem,cholinergic,ampa,5.00,0.50,4,子图 AWC 嗅觉 内部化学连接
3592997,8509534,chem,cholinergic,ampa,5.00,0.50,15,子图 AWC 嗅觉 内部化学连接
3592997,9119558,chem,cholinergic,ampa,5.00,0.50,1,子图 AWC 嗅觉 内部化学连接
3650006,12617396,chem,cholinergic,ampa,5.00,0.50,1,子图 AWC 嗅觉 内部化学连接
3690921,3002410,chem,cholinergic,ampa,5.00,0.50,5,子图 AWC 嗅觉 内部化学连接
3690921,3690921,chem,cholinergic,ampa,5.00,0.50,1,子图 AWC 嗅觉 内部化学连接
3690921,3869488,chem,cholinergic,ampa,5.00,0.50,1,子图 AWC 嗅觉 内部化学连接
3690921,4620453,chem,cholinergic,ampa,5.00,0.50,7,子图 AWC 嗅觉 内部化学连接
3690921,9291474,chem,cholinergic,ampa,5.00,0.50,13,子图 AWC 嗅觉 内部化学连接
3694515,3158543,chem,cholinergic,ampa,5.00,0.50,1,子图 AWC 嗅觉 内部化学连接
3694515,3712893,chem,cholinergic,ampa,5.00,0.50,3,子图 AWC 嗅觉 内部化学连接
3694515,4354933,chem,cholinergic,ampa,5.00,0.50,8,子图 AWC 嗅觉 内部化学连接
3694515,6451332,chem,cholinergic,ampa,5.00,0.50,56,子图 AWC 嗅觉 内部化学连接
3694515,7092417,chem,cholinergic,ampa,5.00,0.50,66,子图 AWC 嗅觉 内部化学连接
3694515,7107433,chem,cholinergic,ampa,5.00,0.50,20,子图 AWC 嗅觉 内部化学连接
3694515,7515491,chem,cholinergic,ampa,5.00,0.50,1,子图 AWC 嗅觉 内部化学连接
3694515,7865652,chem,cholinergic,ampa,5.00,0.50,1,子图 AWC 嗅觉 内部化学连接
3694515,8276782,chem,cholinergic,ampa,5.00,0.50,18,子图 AWC 嗅觉 内部化学连接
3694515,8480221,chem,cholinergic,ampa,5.00,0.50,1,子图 AWC 嗅觉 内部化学连接
3694515,11543212,chem,cholinergic,ampa,5.00,0.50,19,子图 AWC 嗅觉 内部化学连接
3708875,3450442,chem,cholinergic,ampa,5.00,0.50,1,子图 AWC 嗅觉 内部化学连接
3708875,3712893,chem,cholinergic,ampa,5.00,0.50,4,子图 AWC 嗅觉 内部化学连接
3708875,3716797,chem,cholinergic,ampa,5.00,0.50,1,子图 AWC 嗅觉 内部化学连接
3708875,5261424,chem,cholinergic,ampa,5.00,0.50,1,子图 AWC 嗅觉 内部化学连接
3708875,6451332,chem,cholinergic,ampa,5.00,0.50,2,子图 AWC 嗅觉 内部化学连接
3708875,7092417,chem,cholinergic,ampa,5.00,0.50,1,子图 AWC 嗅觉 内部化学连接
3708875,7107433,chem,cholinergic,ampa,5.00,0.50,5,子图 AWC 嗅觉 内部化学连接
3708875,7515491,chem,cholinergic,ampa,5.00,0.50,1,子图 AWC 嗅觉 内部化学连接
3708875,7845346,chem,cholinergic,ampa,5.00,0.50,1,子图 AWC 嗅觉 内部化学连接
3708875,7852250,chem,cholinergic,ampa,5.00,0.50,1,子图 AWC 嗅觉 内部化学连接
3708875,8021456,chem,cholinergic,ampa,5.00,0.50,104,子图 AWC 嗅觉 内部化学连接
3708875,8276782,chem,cholinergic,ampa,5.00,0.50,1,子图 AWC 嗅觉 内部化学连接
3708875,8704079,chem,cholinergic,ampa,5.00,0.50,33,子图 AWC 嗅觉 内部化学连接
3708875,10990803,chem,cholinergic,ampa,5.00,0.50,1,子图 AWC 嗅觉 内部化学连接
3708875,11543212,chem,cholinergic,ampa,5.00,0.50,16,子图 AWC 嗅觉 内部化学连接
3708875,12225666,chem,cholinergic,ampa,5.00,0.50,18,子图 AWC 嗅觉 内部化学连接
3708875,16795524,chem,cholinergic,ampa,5.00,0.50,10,子图 AWC 嗅觉 内部化学连接
3708875,16795838,chem,cholinergic,ampa,5.00,0.50,13,子图 AWC 嗅觉 内部化学连接
3712893,2439134,chem,cholinergic,ampa,5.00,0.50,3,子图 AWC 嗅觉 内部化学连接
3712893,3712893,chem,cholinergic,ampa,5.00,0.50,3,子图 AWC 嗅觉 内部化学连接
3712893,4099900,chem,cholinergic,ampa,5.00,0.50,4,子图 AWC 嗅觉 内部化学连接
3712893,4152020,chem,cholinergic,ampa,5.00,0.50,2,子图 AWC 嗅觉 内部化学连接
3712893,4876704,chem,cholinergic,ampa,5.00,0.50,1,子图 AWC 嗅觉 内部化学连接
3712893,7092086,chem,cholinergic,ampa,5.00,0.50,1,子图 AWC 嗅觉 内部化学连接
3712893,8293958,chem,cholinergic,ampa,5.00,0.50,1,子图 AWC 嗅觉 内部化学连接
3712893,10955244,chem,cholinergic,ampa,5.00,0.50,6,子图 AWC 嗅觉 内部化学连接
3712893,11248536,chem,cholinergic,ampa,5.00,0.50,3,子图 AWC 嗅觉 内部化学连接
3712893,11543212,chem,cholinergic,ampa,5.00,0.50,2,子图 AWC 嗅觉 内部化学连接
3712893,16795838,chem,cholinergic,ampa,5.00,0.50,1,子图 AWC 嗅觉 内部化学连接
3712893,17743170,chem,cholinergic,ampa,5.00,0.50,1,子图 AWC 嗅觉 内部化学连接
3716797,3450442,chem,cholinergic,ampa,5.00,0.50,3,子图 AWC 嗅觉 内部化学连接
3716797,3712893,chem,cholinergic,ampa,5.00,0.50,2,子图 AWC 嗅觉 内部化学连接
3716797,5261424,chem,cholinergic,ampa,5.00,0.50,1,子图 AWC 嗅觉 内部化学连接
3716797,6451332,chem,cholinergic,ampa,5.00,0.50,15,子图 AWC 嗅觉 内部化学连接
3716797,7092417,chem,cholinergic,ampa,5.00,0.50,13,子图 AWC 嗅觉 内部化学连接
3716797,7107433,chem,cholinergic,ampa,5.00,0.50,2,子图 AWC 嗅觉 内部化学连接
3716797,7851153,chem,cholinergic,ampa,5.00,0.50,4,子图 AWC 嗅觉 内部化学连接
3716797,7852250,chem,cholinergic,ampa,5.00,0.50,60,子图 AWC 嗅觉 内部化学连接
3716797,8021456,chem,cholinergic,ampa,5.00,0.50,5,子图 AWC 嗅觉 内部化学连接
3716797,8276782,chem,cholinergic,ampa,5.00,0.50,7,子图 AWC 嗅觉 内部化学连接
3716797,8480221,chem,cholinergic,ampa,5.00,0.50,3,子图 AWC 嗅觉 内部化学连接
3716797,8704079,chem,cholinergic,ampa,5.00,0.50,11,子图 AWC 嗅觉 内部化学连接
3716797,11543212,chem,cholinergic,ampa,5.00,0.50,4,子图 AWC 嗅觉 内部化学连接
3716797,16795524,chem,cholinergic,ampa,5.00,0.50,2,子图 AWC 嗅觉 内部化学连接
3716797,16795838,chem,cholinergic,ampa,5.00,0.50,2,子图 AWC 嗅觉 内部化学连接
3756659,3002410,chem,cholinergic,ampa,5.00,0.50,1,子图 AWC 嗅觉 内部化学连接
3756659,3538129,chem,cholinergic,ampa,5.00,0.50,1,子图 AWC 嗅觉 内部化学连接
3756659,3814635,chem,cholinergic,ampa,5.00,0.50,2,子图 AWC 嗅觉 内部化学连接
3756659,3869488,chem,cholinergic,ampa,5.00,0.50,3,子图 AWC 嗅觉 内部化学连接
3756659,3991518,chem,cholinergic,ampa,5.00,0.50,1,子图 AWC 嗅觉 内部化学连接
3756659,4099900,chem,cholinergic,ampa,5.00,0.50,1,子图 AWC 嗅觉 内部化学连接
3756659,4152020,chem,cholinergic,ampa,5.00,0.50,3,子图 AWC 嗅觉 内部化学连接
3756659,4620453,chem,cholinergic,ampa,5.00,0.50,4,子图 AWC 嗅觉 内部化学连接
3756659,4876704,chem,cholinergic,ampa,5.00,0.50,1,子图 AWC 嗅觉 内部化学连接
3756659,9119558,chem,cholinergic,ampa,5.00,0.50,1,子图 AWC 嗅觉 内部化学连接
3756659,9291474,chem,cholinergic,ampa,5.00,0.50,3,子图 AWC 嗅觉 内部化学连接
3756659,16795524,chem,cholinergic,ampa,5.00,0.50,3,子图 AWC 嗅觉 内部化学连接
3756659,16795838,chem,cholinergic,ampa,5.00,0.50,3,子图 AWC 嗅觉 内部化学连接
3768025,2568522,chem,cholinergic,ampa,5.00,0.50,1,子图 AWC 嗅觉 内部化学连接
3768025,3450442,chem,cholinergic,ampa,5.00,0.50,21,子图 AWC 嗅觉 内部化学连接
3768025,3712893,chem,cholinergic,ampa,5.00,0.50,2,子图 AWC 嗅觉 内部化学连接
3768025,7843730,chem,cholinergic,ampa,5.00,0.50,1,子图 AWC 嗅觉 内部化学连接
3768025,7916593,chem,cholinergic,ampa,5.00,0.50,66,子图 AWC 嗅觉 内部化学连接
3768025,8276782,chem,cholinergic,ampa,5.00,0.50,20,子图 AWC 嗅觉 内部化学连接
3768025,8399890,chem,cholinergic,ampa,5.00,0.50,7,子图 AWC 嗅觉 内部化学连接
3768025,9589146,chem,cholinergic,ampa,5.00,0.50,18,子图 AWC 嗅觉 内部化学连接
3768025,11543212,chem,cholinergic,ampa,5.00,0.50,4,子图 AWC 嗅觉 内部化学连接
3768025,12225666,chem,cholinergic,ampa,5.00,0.50,2,子图 AWC 嗅觉 内部化学连接
3768025,16259595,chem,cholinergic,ampa,5.00,0.50,3,子图 AWC 嗅觉 内部化学连接
3771794,3450442,chem,cholinergic,ampa,5.00,0.50,18,子图 AWC 嗅觉 内部化学连接
3771794,3712893,chem,cholinergic,ampa,5.00,0.50,5,子图 AWC 嗅觉 内部化学连接
3771794,5261424,chem,cholinergic,ampa,5.00,0.50,1,子图 AWC 嗅觉 内部化学连接
3771794,6451332,chem,cholinergic,ampa,5.00,0.50,2,子图 AWC 嗅觉 内部化学连接
3771794,7107433,chem,cholinergic,ampa,5.00,0.50,2,子图 AWC 嗅觉 内部化学连接
3771794,7515491,chem,cholinergic,ampa,5.00,0.50,77,子图 AWC 嗅觉 内部化学连接
3771794,7845346,chem,cholinergic,ampa,5.00,0.50,1,子图 AWC 嗅觉 内部化学连接
3771794,7916593,chem,cholinergic,ampa,5.00,0.50,2,子图 AWC 嗅觉 内部化学连接
3771794,8399890,chem,cholinergic,ampa,5.00,0.50,1,子图 AWC 嗅觉 内部化学连接
3771794,8704079,chem,cholinergic,ampa,5.00,0.50,33,子图 AWC 嗅觉 内部化学连接
3771794,11543212,chem,cholinergic,ampa,5.00,0.50,9,子图 AWC 嗅觉 内部化学连接
3771794,12225666,chem,cholinergic,ampa,5.00,0.50,2,子图 AWC 嗅觉 内部化学连接
3774568,3712893,chem,cholinergic,ampa,5.00,0.50,1,子图 AWC 嗅觉 内部化学连接
3774568,4493199,chem,cholinergic,ampa,5.00,0.50,1,子图 AWC 嗅觉 内部化学连接
3774568,5261424,chem,cholinergic,ampa,5.00,0.50,1,子图 AWC 嗅觉 内部化学连接
3774568,7198338,chem,cholinergic,ampa,5.00,0.50,1,子图 AWC 嗅觉 内部化学连接
3774568,7527710,chem,cholinergic,ampa,5.00,0.50,1,子图 AWC 嗅觉 内部化学连接
3774568,7851153,chem,cholinergic,ampa,5.00,0.50,15,子图 AWC 嗅觉 内部化学连接
3774568,7852250,chem,cholinergic,ampa,5.00,0.50,14,子图 AWC 嗅觉 内部化学连接
3774568,7865652,chem,cholinergic,ampa,5.00,0.50,4,子图 AWC 嗅觉 内部化学连接
3774568,8276782,chem,cholinergic,ampa,5.00,0.50,4,子图 AWC 嗅觉 内部化学连接
3774568,8480221,chem,cholinergic,ampa,5.00,0.50,37,子图 AWC 嗅觉 内部化学连接
3774568,8704079,chem,cholinergic,ampa,5.00,0.50,7,子图 AWC 嗅觉 内部化学连接
3774568,9119558,chem,cholinergic,ampa,5.00,0.50,8,子图 AWC 嗅觉 内部化学连接
3774568,9589146,chem,cholinergic,ampa,5.00,0.50,1,子图 AWC 嗅觉 内部化学连接
3774568,10990803,chem,cholinergic,ampa,5.00,0.50,4,子图 AWC 嗅觉 内部化学连接
3774568,12225666,chem,cholinergic,ampa,5.00,0.50,16,子图 AWC 嗅觉 内部化学连接
3790004,3712893,chem,cholinergic,ampa,5.00,0.50,2,子图 AWC 嗅觉 内部化学连接
3790004,4119387,chem,cholinergic,ampa,5.00,0.50,13,子图 AWC 嗅觉 内部化学连接
3790004,4391978,chem,cholinergic,ampa,5.00,0.50,3,子图 AWC 嗅觉 内部化学连接
3790004,4700078,chem,cholinergic,ampa,5.00,0.50,26,子图 AWC 嗅觉 内部化学连接
3790004,8246081,chem,cholinergic,ampa,5.00,0.50,104,子图 AWC 嗅觉 内部化学连接
3790004,11543212,chem,cholinergic,ampa,5.00,0.50,4,子图 AWC 嗅觉 内部化学连接
3790004,16515871,chem,cholinergic,ampa,5.00,0.50,5,子图 AWC 嗅觉 内部化学连接
3813723,3712893,chem,cholinergic,ampa,5.00,0.50,7,子图 AWC 嗅觉 内部化学连接
3813723,4327684,chem,cholinergic,ampa,5.00,0.50,7,子图 AWC 嗅觉 内部化学连接
3813723,4651929,chem,cholinergic,ampa,5.00,0.50,4,子图 AWC 嗅觉 内部化学连接
3813723,4679139,chem,cholinergic,ampa,5.00,0.50,3,子图 AWC 嗅觉 内部化学连接
3813723,8245513,chem,cholinergic,ampa,5.00,0.50,2,子图 AWC 嗅觉 内部化学连接
3813723,8247451,chem,cholinergic,ampa,5.00,0.50,1,子图 AWC 嗅觉 内部化学连接
3813723,8253413,chem,cholinergic,ampa,5.00,0.50,71,子图 AWC 嗅觉 内部化学连接
3813723,11279244,chem,cholinergic,ampa,5.00,0.50,2,子图 AWC 嗅觉 内部化学连接
3813723,11543212,chem,cholinergic,ampa,5.00,0.50,10,子图 AWC 嗅觉 内部化学连接
3813723,13589251,chem,cholinergic,ampa,5.00,0.50,1,子图 AWC 嗅觉 内部化学连接
3813723,16515871,chem,cholinergic,ampa,5.00,0.50,3,子图 AWC 嗅觉 内部化学连接
3813723,16735586,chem,cholinergic,ampa,5.00,0.50,17,子图 AWC 嗅觉 内部化学连接
3813723,16795838,chem,cholinergic,ampa,5.00,0.50,2,子图 AWC 嗅觉 内部化学连接
3814635,6451332,chem,cholinergic,ampa,5.00,0.50,2,子图 AWC 嗅觉 内部化学连接
3814635,11714576,chem,cholinergic,ampa,5.00,0.50,1,子图 AWC 嗅觉 内部化学连接
3827211,3538129,chem,cholinergic,ampa,5.00,0.50,1,子图 AWC 嗅觉 内部化学连接
3827211,4119387,chem,cholinergic,ampa,5.00,0.50,19,子图 AWC 嗅觉 内部化学连接
3827211,4327684,chem,cholinergic,ampa,5.00,0.50,1,子图 AWC 嗅觉 内部化学连接
3827211,4700078,chem,cholinergic,ampa,5.00,0.50,1,子图 AWC 嗅觉 内部化学连接
3827211,8243455,chem,cholinergic,ampa,5.00,0.50,2,子图 AWC 嗅觉 内部化学连接
3827211,8244723,chem,cholinergic,ampa,5.00,0.50,121,子图 AWC 嗅觉 内部化学连接
3827211,8245692,chem,cholinergic,ampa,5.00,0.50,5,子图 AWC 嗅觉 内部化学连接
3827211,10990803,chem,cholinergic,ampa,5.00,0.50,13,子图 AWC 嗅觉 内部化学连接
3827211,16515871,chem,cholinergic,ampa,5.00,0.50,3,子图 AWC 嗅觉 内部化学连接
3840345,3844799,chem,cholinergic,ampa,5.00,0.50,2,子图 AWC 嗅觉 内部化学连接
3840345,4119387,chem,cholinergic,ampa,5.00,0.50,5,子图 AWC 嗅觉 内部化学连接
3840345,4327684,chem,cholinergic,ampa,5.00,0.50,2,子图 AWC 嗅觉 内部化学连接
3840345,4391978,chem,cholinergic,ampa,5.00,0.50,2,子图 AWC 嗅觉 内部化学连接
3840345,4679139,chem,cholinergic,ampa,5.00,0.50,1,子图 AWC 嗅觉 内部化学连接
3840345,4700078,chem,cholinergic,ampa,5.00,0.50,47,子图 AWC 嗅觉 内部化学连接
3840345,7503199,chem,cholinergic,ampa,5.00,0.50,17,子图 AWC 嗅觉 内部化学连接
3840345,7934904,chem,cholinergic,ampa,5.00,0.50,36,子图 AWC 嗅觉 内部化学连接
3840345,7935088,chem,cholinergic,ampa,5.00,0.50,53,子图 AWC 嗅觉 内部化学连接
3840345,8140109,chem,cholinergic,ampa,5.00,0.50,5,子图 AWC 嗅觉 内部化学连接
3840345,8252067,chem,cholinergic,ampa,5.00,0.50,1,子图 AWC 嗅觉 内部化学连接
3840345,10160250,chem,cholinergic,ampa,5.00,0.50,1,子图 AWC 嗅觉 内部化学连接
3840345,10167078,chem,cholinergic,ampa,5.00,0.50,1,子图 AWC 嗅觉 内部化学连接
3840345,16515871,chem,cholinergic,ampa,5.00,0.50,14,子图 AWC 嗅觉 内部化学连接
3840345,16795838,chem,cholinergic,ampa,5.00,0.50,1,子图 AWC 嗅觉 内部化学连接
3844799,4679139,chem,cholinergic,ampa,5.00,0.50,1,子图 AWC 嗅觉 内部化学连接
3844799,15829660,chem,cholinergic,ampa,5.00,0.50,2,子图 AWC 嗅觉 内部化学连接
3844961,3844961,chem,cholinergic,ampa,5.00,0.50,1,子图 AWC 嗅觉 内部化学连接
3844961,9971209,chem,cholinergic,ampa,5.00,0.50,1,子图 AWC 嗅觉 内部化学连接
3844961,10955244,chem,cholinergic,ampa,5.00,0.50,1,子图 AWC 嗅觉 内部化学连接
3848843,3844961,chem,cholinergic,ampa,5.00,0.50,1,子图 AWC 嗅觉 内部化学连接
3848843,16457812,chem,cholinergic,ampa,5.00,0.50,1,子图 AWC 嗅觉 内部化学连接
3848843,17654617,chem,cholinergic,ampa,5.00,0.50,1,子图 AWC 嗅觉 内部化学连接
3865952,3538129,chem,cholinergic,ampa,5.00,0.50,2,子图 AWC 嗅觉 内部化学连接
3865952,3827211,chem,cholinergic,ampa,5.00,0.50,1,子图 AWC 嗅觉 内部化学连接
3865952,4073353,chem,cholinergic,ampa,5.00,0.50,1,子图 AWC 嗅觉 内部化学连接
3865952,4119387,chem,cholinergic,ampa,5.00,0.50,4,子图 AWC 嗅觉 内部化学连接
3865952,4327684,chem,cholinergic,ampa,5.00,0.50,1,子图 AWC 嗅觉 内部化学连接
3865952,8244723,chem,cholinergic,ampa,5.00,0.50,1,子图 AWC 嗅觉 内部化学连接
3865952,8245869,chem,cholinergic,ampa,5.00,0.50,62,子图 AWC 嗅觉 内部化学连接
3865952,8248631,chem,cholinergic,ampa,5.00,0.50,1,子图 AWC 嗅觉 内部化学连接
3865952,10990803,chem,cholinergic,ampa,5.00,0.50,1,子图 AWC 嗅觉 内部化学连接
3865952,16515871,chem,cholinergic,ampa,5.00,0.50,5,子图 AWC 嗅觉 内部化学连接
3869488,3756659,chem,cholinergic,ampa,5.00,0.50,1,子图 AWC 嗅觉 内部化学连接
3869488,3869488,chem,cholinergic,ampa,5.00,0.50,2,子图 AWC 嗅觉 内部化学连接
3869488,4099900,chem,cholinergic,ampa,5.00,0.50,14,子图 AWC 嗅觉 内部化学连接
3869488,4620453,chem,cholinergic,ampa,5.00,0.50,1,子图 AWC 嗅觉 内部化学连接
3869488,4679139,chem,cholinergic,ampa,5.00,0.50,1,子图 AWC 嗅觉 内部化学连接
3869488,9291474,chem,cholinergic,ampa,5.00,0.50,7,子图 AWC 嗅觉 内部化学连接
3869488,9747710,chem,cholinergic,ampa,5.00,0.50,2,子图 AWC 嗅觉 内部化学连接
3869488,10990803,chem,cholinergic,ampa,5.00,0.50,1,子图 AWC 嗅觉 内部化学连接
3869488,13589251,chem,cholinergic,ampa,5.00,0.50,1,子图 AWC 嗅觉 内部化学连接
3869488,16515871,chem,cholinergic,ampa,5.00,0.50,1,子图 AWC 嗅觉 内部化学连接
3869488,16795524,chem,cholinergic,ampa,5.00,0.50,2,子图 AWC 嗅觉 内部化学连接
3872653,3538129,chem,cholinergic,ampa,5.00,0.50,1,子图 AWC 嗅觉 内部化学连接
3872653,3712893,chem,cholinergic,ampa,5.00,0.50,18,子图 AWC 嗅觉 内部化学连接
3872653,4119387,chem,cholinergic,ampa,5.00,0.50,1,子图 AWC 嗅觉 内部化学连接
3872653,4327684,chem,cholinergic,ampa,5.00,0.50,19,子图 AWC 嗅觉 内部化学连接
3872653,8245513,chem,cholinergic,ampa,5.00,0.50,1,子图 AWC 嗅觉 内部化学连接
3872653,8246750,chem,cholinergic,ampa,5.00,0.50,2,子图 AWC 嗅觉 内部化学连接
3872653,8247451,chem,cholinergic,ampa,5.00,0.50,2,子图 AWC 嗅觉 内部化学连接
3872653,8253413,chem,cholinergic,ampa,5.00,0.50,4,子图 AWC 嗅觉 内部化学连接
3872653,11543212,chem,cholinergic,ampa,5.00,0.50,9,子图 AWC 嗅觉 内部化学连接
3872653,13589251,chem,cholinergic,ampa,5.00,0.50,100,子图 AWC 嗅觉 内部化学连接
3872653,16735586,chem,cholinergic,ampa,5.00,0.50,18,子图 AWC 嗅觉 内部化学连接
3872653,16795524,chem,cholinergic,ampa,5.00,0.50,10,子图 AWC 嗅觉 内部化学连接
3872653,16795838,chem,cholinergic,ampa,5.00,0.50,5,子图 AWC 嗅觉 内部化学连接
3885215,4119387,chem,cholinergic,ampa,5.00,0.50,4,子图 AWC 嗅觉 内部化学连接
3885215,4327684,chem,cholinergic,ampa,5.00,0.50,1,子图 AWC 嗅觉 内部化学连接
3885215,4391978,chem,cholinergic,ampa,5.00,0.50,11,子图 AWC 嗅觉 内部化学连接
3885215,4700078,chem,cholinergic,ampa,5.00,0.50,16,子图 AWC 嗅觉 内部化学连接
3885215,7503199,chem,cholinergic,ampa,5.00,0.50,23,子图 AWC 嗅觉 内部化学连接
3885215,7934904,chem,cholinergic,ampa,5.00,0.50,1,子图 AWC 嗅觉 内部化学连接
3885215,7935088,chem,cholinergic,ampa,5.00,0.50,2,子图 AWC 嗅觉 内部化学连接
3885215,8140109,chem,cholinergic,ampa,5.00,0.50,99,子图 AWC 嗅觉 内部化学连接
3885215,8244723,chem,cholinergic,ampa,5.00,0.50,1,子图 AWC 嗅觉 内部化学连接
3885215,8245692,chem,cholinergic,ampa,5.00,0.50,10,子图 AWC 嗅觉 内部化学连接
3885215,8252067,chem,cholinergic,ampa,5.00,0.50,2,子图 AWC 嗅觉 内部化学连接
3885215,10160250,chem,cholinergic,ampa,5.00,0.50,1,子图 AWC 嗅觉 内部化学连接
3885215,10167078,chem,cholinergic,ampa,5.00,0.50,11,子图 AWC 嗅觉 内部化学连接
3885215,16515871,chem,cholinergic,ampa,5.00,0.50,13,子图 AWC 嗅觉 内部化学连接
3893195,3538129,chem,cholinergic,ampa,5.00,0.50,25,子图 AWC 嗅觉 内部化学连接
3893195,3712893,chem,cholinergic,ampa,5.00,0.50,1,子图 AWC 嗅觉 内部化学连接
3893195,4119387,chem,cholinergic,ampa,5.00,0.50,21,子图 AWC 嗅觉 内部化学连接
3893195,4679139,chem,cholinergic,ampa,5.00,0.50,5,子图 AWC 嗅觉 内部化学连接
3893195,4700078,chem,cholinergic,ampa,5.00,0.50,3,子图 AWC 嗅觉 内部化学连接
3893195,8246750,chem,cholinergic,ampa,5.00,0.50,7,子图 AWC 嗅觉 内部化学连接
3893195,8247451,chem,cholinergic,ampa,5.00,0.50,4,子图 AWC 嗅觉 内部化学连接
3893195,8253413,chem,cholinergic,ampa,5.00,0.50,2,子图 AWC 嗅觉 内部化学连接
3893195,10990803,chem,cholinergic,ampa,5.00,0.50,1,子图 AWC 嗅觉 内部化学连接
3893195,11543212,chem,cholinergic,ampa,5.00,0.50,2,子图 AWC 嗅觉 内部化学连接
3893195,14604028,chem,cholinergic,ampa,5.00,0.50,64,子图 AWC 嗅觉 内部化学连接
3893195,16795524,chem,cholinergic,ampa,5.00,0.50,1,子图 AWC 嗅觉 内部化学连接
3896629,3538129,chem,cholinergic,ampa,5.00,0.50,54,子图 AWC 嗅觉 内部化学连接
3896629,3712893,chem,cholinergic,ampa,5.00,0.50,19,子图 AWC 嗅觉 内部化学连接
3896629,4119387,chem,cholinergic,ampa,5.00,0.50,18,子图 AWC 嗅觉 内部化学连接
3896629,8246750,chem,cholinergic,ampa,5.00,0.50,84,子图 AWC 嗅觉 内部化学连接
3896629,8253413,chem,cholinergic,ampa,5.00,0.50,24,子图 AWC 嗅觉 内部化学连接
3896629,11543212,chem,cholinergic,ampa,5.00,0.50,19,子图 AWC 嗅觉 内部化学连接
3896629,13589251,chem,cholinergic,ampa,5.00,0.50,1,子图 AWC 嗅觉 内部化学连接
3896629,16515871,chem,cholinergic,ampa,5.00,0.50,1,子图 AWC 嗅觉 内部化学连接
3896629,16795524,chem,cholinergic,ampa,5.00,0.50,1,子图 AWC 嗅觉 内部化学连接
3954014,3538129,chem,cholinergic,ampa,5.00,0.50,4,子图 AWC 嗅觉 内部化学连接
3954014,3712893,chem,cholinergic,ampa,5.00,0.50,6,子图 AWC 嗅觉 内部化学连接
3954014,4119387,chem,cholinergic,ampa,5.00,0.50,3,子图 AWC 嗅觉 内部化学连接
3954014,4327684,chem,cholinergic,ampa,5.00,0.50,6,子图 AWC 嗅觉 内部化学连接
3954014,4391978,chem,cholinergic,ampa,5.00,0.50,1,子图 AWC 嗅觉 内部化学连接
3954014,8245513,chem,cholinergic,ampa,5.00,0.50,1,子图 AWC 嗅觉 内部化学连接
3954014,8246750,chem,cholinergic,ampa,5.00,0.50,3,子图 AWC 嗅觉 内部化学连接
3954014,8248631,chem,cholinergic,ampa,5.00,0.50,62,子图 AWC 嗅觉 内部化学连接
3954014,13589251,chem,cholinergic,ampa,5.00,0.50,4,子图 AWC 嗅觉 内部化学连接
3954014,16515871,chem,cholinergic,ampa,5.00,0.50,3,子图 AWC 嗅觉 内部化学连接
3958234,3538129,chem,cholinergic,ampa,5.00,0.50,17,子图 AWC 嗅觉 内部化学连接
3958234,3712893,chem,cholinergic,ampa,5.00,0.50,19,子图 AWC 嗅觉 内部化学连接
3958234,3869488,chem,cholinergic,ampa,5.00,0.50,1,子图 AWC 嗅觉 内部化学连接
3958234,4119387,chem,cholinergic,ampa,5.00,0.50,2,子图 AWC 嗅觉 内部化学连接
3958234,4324898,chem,cholinergic,ampa,5.00,0.50,54,子图 AWC 嗅觉 内部化学连接
3958234,4651929,chem,cholinergic,ampa,5.00,0.50,79,子图 AWC 嗅觉 内部化学连接
3958234,4700078,chem,cholinergic,ampa,5.00,0.50,15,子图 AWC 嗅觉 内部化学连接
3958234,8245146,chem,cholinergic,ampa,5.00,0.50,5,子图 AWC 嗅觉 内部化学连接
3958234,11543212,chem,cholinergic,ampa,5.00,0.50,19,子图 AWC 嗅觉 内部化学连接
3958234,16795838,chem,cholinergic,ampa,5.00,0.50,2,子图 AWC 嗅觉 内部化学连接
3963891,3538129,chem,cholinergic,ampa,5.00,0.50,26,子图 AWC 嗅觉 内部化学连接
3963891,3712893,chem,cholinergic,ampa,5.00,0.50,11,子图 AWC 嗅觉 内部化学连接
3963891,4119387,chem,cholinergic,ampa,5.00,0.50,18,子图 AWC 嗅觉 内部化学连接
3963891,4327684,chem,cholinergic,ampa,5.00,0.50,8,子图 AWC 嗅觉 内部化学连接
3963891,4679139,chem,cholinergic,ampa,5.00,0.50,1,子图 AWC 嗅觉 内部化学连接
3963891,4700078,chem,cholinergic,ampa,5.00,0.50,19,子图 AWC 嗅觉 内部化学连接
3963891,8245146,chem,cholinergic,ampa,5.00,0.50,4,子图 AWC 嗅觉 内部化学连接
3963891,8247451,chem,cholinergic,ampa,5.00,0.50,80,子图 AWC 嗅觉 内部化学连接
3963891,10990803,chem,cholinergic,ampa,5.00,0.50,2,子图 AWC 嗅觉 内部化学连接
3963891,11543212,chem,cholinergic,ampa,5.00,0.50,4,子图 AWC 嗅觉 内部化学连接
3963891,13589251,chem,cholinergic,ampa,5.00,0.50,5,子图 AWC 嗅觉 内部化学连接
3963891,16515871,chem,cholinergic,ampa,5.00,0.50,2,子图 AWC 嗅觉 内部化学连接
3963891,16735586,chem,cholinergic,ampa,5.00,0.50,3,子图 AWC 嗅觉 内部化学连接
3963891,16795524,chem,cholinergic,ampa,5.00,0.50,5,子图 AWC 嗅觉 内部化学连接
3963891,16795838,chem,cholinergic,ampa,5.00,0.50,1,子图 AWC 嗅觉 内部化学连接
3966683,4327684,chem,other,none,5.00,0.50,4,子图 AWC 嗅觉 内部化学连接
3966683,4700078,chem,other,none,5.00,0.50,2,子图 AWC 嗅觉 内部化学连接
3966683,16735586,chem,other,none,5.00,0.50,31,子图 AWC 嗅觉 内部化学连接
3980315,3538129,chem,cholinergic,ampa,5.00,0.50,8,子图 AWC 嗅觉 内部化学连接
3980315,3963891,chem,cholinergic,ampa,5.00,0.50,1,子图 AWC 嗅觉 内部化学连接
3980315,4073353,chem,cholinergic,ampa,5.00,0.50,1,子图 AWC 嗅觉 内部化学连接
3980315,4119387,chem,cholinergic,ampa,5.00,0.50,6,子图 AWC 嗅觉 内部化学连接
3980315,4324898,chem,cholinergic,ampa,5.00,0.50,27,子图 AWC 嗅觉 内部化学连接
3980315,4327684,chem,cholinergic,ampa,5.00,0.50,26,子图 AWC 嗅觉 内部化学连接
3980315,4391978,chem,cholinergic,ampa,5.00,0.50,1,子图 AWC 嗅觉 内部化学连接
3980315,4651929,chem,cholinergic,ampa,5.00,0.50,2,子图 AWC 嗅觉 内部化学连接
3980315,4700078,chem,cholinergic,ampa,5.00,0.50,2,子图 AWC 嗅觉 内部化学连接
3980315,7503199,chem,cholinergic,ampa,5.00,0.50,4,子图 AWC 嗅觉 内部化学连接
3980315,8245146,chem,cholinergic,ampa,5.00,0.50,24,子图 AWC 嗅觉 内部化学连接
3980315,8245869,chem,cholinergic,ampa,5.00,0.50,3,子图 AWC 嗅觉 内部化学连接
3980315,8247451,chem,cholinergic,ampa,5.00,0.50,4,子图 AWC 嗅觉 内部化学连接
3980315,8248631,chem,cholinergic,ampa,5.00,0.50,7,子图 AWC 嗅觉 内部化学连接
3980315,9119558,chem,cholinergic,ampa,5.00,0.50,1,子图 AWC 嗅觉 内部化学连接
3980315,10990803,chem,cholinergic,ampa,5.00,0.50,13,子图 AWC 嗅觉 内部化学连接
3980315,11543212,chem,cholinergic,ampa,5.00,0.50,1,子图 AWC 嗅觉 内部化学连接
3980315,16735586,chem,cholinergic,ampa,5.00,0.50,2,子图 AWC 嗅觉 内部化学连接
3985829,4119387,chem,other,none,5.00,0.50,5,子图 AWC 嗅觉 内部化学连接
3985829,4327684,chem,other,none,5.00,0.50,3,子图 AWC 嗅觉 内部化学连接
3985829,4700078,chem,other,none,5.00,0.50,9,子图 AWC 嗅觉 内部化学连接
3985829,16735586,chem,other,none,5.00,0.50,2,子图 AWC 嗅觉 内部化学连接
3985829,16795524,chem,other,none,5.00,0.50,3,子图 AWC 嗅觉 内部化学连接
3985829,16795838,chem,other,none,5.00,0.50,7,子图 AWC 嗅觉 内部化学连接
3991518,3002410,chem,cholinergic,ampa,5.00,0.50,2,子图 AWC 嗅觉 内部化学连接
3991518,3486381,chem,cholinergic,ampa,5.00,0.50,1,子图 AWC 嗅觉 内部化学连接
3991518,3690921,chem,cholinergic,ampa,5.00,0.50,12,子图 AWC 嗅觉 内部化学连接
3991518,3712893,chem,cholinergic,ampa,5.00,0.50,3,子图 AWC 嗅觉 内部化学连接
3991518,3756659,chem,cholinergic,ampa,5.00,0.50,1,子图 AWC 嗅觉 内部化学连接
3991518,3869488,chem,cholinergic,ampa,5.00,0.50,5,子图 AWC 嗅觉 内部化学连接
3991518,4108016,chem,cholinergic,ampa,5.00,0.50,7,子图 AWC 嗅觉 内部化学连接
3991518,4152020,chem,cholinergic,ampa,5.00,0.50,1,子图 AWC 嗅觉 内部化学连接
3991518,4154421,chem,cholinergic,ampa,5.00,0.50,14,子图 AWC 嗅觉 内部化学连接
3991518,4260935,chem,cholinergic,ampa,5.00,0.50,2,子图 AWC 嗅觉 内部化学连接
3991518,4620453,chem,cholinergic,ampa,5.00,0.50,3,子图 AWC 嗅觉 内部化学连接
3991518,4876704,chem,cholinergic,ampa,5.00,0.50,1,子图 AWC 嗅觉 内部化学连接
3991518,4985759,chem,cholinergic,ampa,5.00,0.50,7,子图 AWC 嗅觉 内部化学连接
3991518,8293958,chem,cholinergic,ampa,5.00,0.50,19,子图 AWC 嗅觉 内部化学连接
3991518,8704079,chem,cholinergic,ampa,5.00,0.50,2,子图 AWC 嗅觉 内部化学连接
3991518,9291474,chem,cholinergic,ampa,5.00,0.50,1,子图 AWC 嗅觉 内部化学连接
3991518,9747710,chem,cholinergic,ampa,5.00,0.50,39,子图 AWC 嗅觉 内部化学连接
3991518,11123016,chem,cholinergic,ampa,5.00,0.50,3,子图 AWC 嗅觉 内部化学连接
3991518,11543212,chem,cholinergic,ampa,5.00,0.50,1,子图 AWC 嗅觉 内部化学连接
3991518,16735586,chem,cholinergic,ampa,5.00,0.50,3,子图 AWC 嗅觉 内部化学连接
3991518,16795524,chem,cholinergic,ampa,5.00,0.50,1,子图 AWC 嗅觉 内部化学连接
3991518,16795838,chem,cholinergic,ampa,5.00,0.50,3,子图 AWC 嗅觉 内部化学连接
4023881,4119387,chem,other,none,5.00,0.50,6,子图 AWC 嗅觉 内部化学连接
4023881,4327684,chem,other,none,5.00,0.50,11,子图 AWC 嗅觉 内部化学连接
4023881,4391978,chem,other,none,5.00,0.50,1,子图 AWC 嗅觉 内部化学连接
4023881,4700078,chem,other,none,5.00,0.50,4,子图 AWC 嗅觉 内部化学连接
4023881,16735586,chem,other,none,5.00,0.50,2,子图 AWC 嗅觉 内部化学连接
4023881,16795524,chem,other,none,5.00,0.50,12,子图 AWC 嗅觉 内部化学连接
4023881,16795838,chem,other,none,5.00,0.50,15,子图 AWC 嗅觉 内部化学连接
4073353,3538129,chem,cholinergic,ampa,5.00,0.50,3,子图 AWC 嗅觉 内部化学连接
4073353,3869488,chem,cholinergic,ampa,5.00,0.50,1,子图 AWC 嗅觉 内部化学连接
4073353,4119387,chem,cholinergic,ampa,5.00,0.50,9,子图 AWC 嗅觉 内部化学连接
4073353,4391978,chem,cholinergic,ampa,5.00,0.50,2,子图 AWC 嗅觉 内部化学连接
4073353,4393049,chem,cholinergic,ampa,5.00,0.50,2,子图 AWC 嗅觉 内部化学连接
4073353,4651929,chem,cholinergic,ampa,5.00,0.50,1,子图 AWC 嗅觉 内部化学连接
4073353,7503199,chem,cholinergic,ampa,5.00,0.50,1,子图 AWC 嗅觉 内部化学连接
4073353,8244823,chem,cholinergic,ampa,5.00,0.50,101,子图 AWC 嗅觉 内部化学连接
4073353,8245146,chem,cholinergic,ampa,5.00,0.50,6,子图 AWC 嗅觉 内部化学连接
4073353,8245869,chem,cholinergic,ampa,5.00,0.50,7,子图 AWC 嗅觉 内部化学连接
4073353,8256186,chem,cholinergic,ampa,5.00,0.50,1,子图 AWC 嗅觉 内部化学连接
4073353,9119558,chem,cholinergic,ampa,5.00,0.50,1,子图 AWC 嗅觉 内部化学连接
4073353,10990803,chem,cholinergic,ampa,5.00,0.50,2,子图 AWC 嗅觉 内部化学连接
4073353,16735586,chem,cholinergic,ampa,5.00,0.50,3,子图 AWC 嗅觉 内部化学连接
4076389,3712893,chem,cholinergic,ampa,5.00,0.50,5,子图 AWC 嗅觉 内部化学连接
4076389,4119387,chem,cholinergic,ampa,5.00,0.50,11,子图 AWC 嗅觉 内部化学连接
4076389,4327684,chem,cholinergic,ampa,5.00,0.50,1,子图 AWC 嗅觉 内部化学连接
4076389,4700078,chem,cholinergic,ampa,5.00,0.50,37,子图 AWC 嗅觉 内部化学连接
4076389,8243455,chem,cholinergic,ampa,5.00,0.50,1,子图 AWC 嗅觉 内部化学连接
4076389,8245014,chem,cholinergic,ampa,5.00,0.50,77,子图 AWC 嗅觉 内部化学连接
4076389,8245513,chem,cholinergic,ampa,5.00,0.50,3,子图 AWC 嗅觉 内部化学连接
4076389,11543212,chem,cholinergic,ampa,5.00,0.50,1,子图 AWC 嗅觉 内部化学连接
4076389,13589251,chem,cholinergic,ampa,5.00,0.50,1,子图 AWC 嗅觉 内部化学连接
4076389,16515871,chem,cholinergic,ampa,5.00,0.50,5,子图 AWC 嗅觉 内部化学连接
4076389,16735586,chem,cholinergic,ampa,5.00,0.50,20,子图 AWC 嗅觉 内部化学连接
4076389,16795524,chem,cholinergic,ampa,5.00,0.50,1,子图 AWC 嗅觉 内部化学连接
4076389,16795838,chem,cholinergic,ampa,5.00,0.50,1,子图 AWC 嗅觉 内部化学连接
4099900,4103336,chem,other,none,5.00,0.50,1,子图 AWC 嗅觉 内部化学连接
4099900,11889676,chem,other,none,5.00,0.50,18,子图 AWC 嗅觉 内部化学连接
4099900,13038489,chem,other,none,5.00,0.50,1,子图 AWC 嗅觉 内部化学连接
4103336,4099900,chem,other,none,5.00,0.50,1,子图 AWC 嗅觉 内部化学连接
4103336,11889676,chem,other,none,5.00,0.50,1,子图 AWC 嗅觉 内部化学连接
4103336,13038489,chem,other,none,5.00,0.50,2,子图 AWC 嗅觉 内部化学连接
4108016,4108016,chem,cholinergic,ampa,5.00,0.50,5,子图 AWC 嗅觉 内部化学连接
4108016,4154421,chem,cholinergic,ampa,5.00,0.50,12,子图 AWC 嗅觉 内部化学连接
4119387,4391978,chem,cholinergic,ampa,5.00,0.50,1,子图 AWC 嗅觉 内部化学连接
4119387,4700078,chem,cholinergic,ampa,5.00,0.50,4,子图 AWC 嗅觉 内部化学连接
4119387,7503199,chem,cholinergic,ampa,5.00,0.50,3,子图 AWC 嗅觉 内部化学连接
4119387,9291474,chem,cholinergic,ampa,5.00,0.50,1,子图 AWC 嗅觉 内部化学连接
4119387,10160250,chem,cholinergic,ampa,5.00,0.50,1,子图 AWC 嗅觉 内部化学连接
4119387,16795838,chem,cholinergic,ampa,5.00,0.50,1,子图 AWC 嗅觉 内部化学连接
4119387,17819985,chem,cholinergic,ampa,5.00,0.50,1,子图 AWC 嗅觉 内部化学连接
4152020,3690921,chem,other,none,5.00,0.50,1,子图 AWC 嗅觉 内部化学连接
4152020,3756659,chem,other,none,5.00,0.50,2,子图 AWC 嗅觉 内部化学连接
4152020,3869488,chem,other,none,5.00,0.50,1,子图 AWC 嗅觉 内部化学连接
4152020,4620453,chem,other,none,5.00,0.50,6,子图 AWC 嗅觉 内部化学连接
4152020,9291474,chem,other,none,5.00,0.50,3,子图 AWC 嗅觉 内部化学连接
4152020,9747710,chem,other,none,5.00,0.50,1,子图 AWC 嗅觉 内部化学连接
4152020,16795524,chem,other,none,5.00,0.50,1,子图 AWC 嗅觉 内部化学连接
4152020,16795838,chem,other,none,5.00,0.50,3,子图 AWC 嗅觉 内部化学连接
4154421,4108016,chem,cholinergic,ampa,5.00,0.50,11,子图 AWC 嗅觉 内部化学连接
4154421,4154421,chem,cholinergic,ampa,5.00,0.50,3,子图 AWC 嗅觉 内部化学连接
4154421,4985759,chem,cholinergic,ampa,5.00,0.50,16,子图 AWC 嗅觉 内部化学连接
4154421,7843730,chem,cholinergic,ampa,5.00,0.50,1,子图 AWC 嗅觉 内部化学连接
4260935,3991518,chem,cholinergic,ampa,5.00,0.50,1,子图 AWC 嗅觉 内部化学连接
4260935,4108016,chem,cholinergic,ampa,5.00,0.50,2,子图 AWC 嗅觉 内部化学连接
4260935,4985759,chem,cholinergic,ampa,5.00,0.50,4,子图 AWC 嗅觉 内部化学连接
4260935,6451332,chem,cholinergic,ampa,5.00,0.50,1,子图 AWC 嗅觉 内部化学连接
4260935,7092086,chem,cholinergic,ampa,5.00,0.50,4,子图 AWC 嗅觉 内部化学连接
4260935,7843730,chem,cholinergic,ampa,5.00,0.50,1,子图 AWC 嗅觉 内部化学连接
4260935,8276782,chem,cholinergic,ampa,5.00,0.50,1,子图 AWC 嗅觉 内部化学连接
4260935,8293958,chem,cholinergic,ampa,5.00,0.50,4,子图 AWC 嗅觉 内部化学连接
4260935,10955244,chem,cholinergic,ampa,5.00,0.50,1,子图 AWC 嗅觉 内部化学连接
4260935,11543212,chem,cholinergic,ampa,5.00,0.50,1,子图 AWC 嗅觉 内部化学连接
4260935,16795524,chem,cholinergic,ampa,5.00,0.50,1,子图 AWC 嗅觉 内部化学连接
4260935,16795838,chem,cholinergic,ampa,5.00,0.50,1,子图 AWC 嗅觉 内部化学连接
4324898,3848843,chem,cholinergic,ampa,5.00,0.50,1,子图 AWC 嗅觉 内部化学连接
4324898,4119387,chem,cholinergic,ampa,5.00,0.50,1,子图 AWC 嗅觉 内部化学连接
4324898,4327684,chem,cholinergic,ampa,5.00,0.50,1,子图 AWC 嗅觉 内部化学连接
4324898,4651929,chem,cholinergic,ampa,5.00,0.50,1,子图 AWC 嗅觉 内部化学连接
4324898,4679139,chem,cholinergic,ampa,5.00,0.50,2,子图 AWC 嗅觉 内部化学连接
4324898,4700078,chem,cholinergic,ampa,5.00,0.50,9,子图 AWC 嗅觉 内部化学连接
4324898,7503199,chem,cholinergic,ampa,5.00,0.50,4,子图 AWC 嗅觉 内部化学连接
4324898,7719118,chem,cholinergic,ampa,5.00,0.50,7,子图 AWC 嗅觉 内部化学连接
4324898,10167078,chem,cholinergic,ampa,5.00,0.50,1,子图 AWC 嗅觉 内部化学连接
4324898,11543212,chem,cholinergic,ampa,5.00,0.50,1,子图 AWC 嗅觉 内部化学连接
4324898,16735586,chem,cholinergic,ampa,5.00,0.50,1,子图 AWC 嗅觉 内部化学连接
4327684,4099900,chem,cholinergic,ampa,5.00,0.50,1,子图 AWC 嗅觉 内部化学连接
4327684,4327684,chem,cholinergic,ampa,5.00,0.50,3,子图 AWC 嗅觉 内部化学连接
4327684,10990803,chem,cholinergic,ampa,5.00,0.50,2,子图 AWC 嗅觉 内部化学连接
4327684,13038489,chem,cholinergic,ampa,5.00,0.50,1,子图 AWC 嗅觉 内部化学连接
4354933,3547397,chem,cholinergic,ampa,5.00,0.50,1,子图 AWC 嗅觉 内部化学连接
4354933,4260935,chem,cholinergic,ampa,5.00,0.50,1,子图 AWC 嗅觉 内部化学连接
4354933,5261424,chem,cholinergic,ampa,5.00,0.50,3,子图 AWC 嗅觉 内部化学连接
4354933,6451332,chem,cholinergic,ampa,5.00,0.50,2,子图 AWC 嗅觉 内部化学连接
4354933,7845346,chem,cholinergic,ampa,5.00,0.50,1,子图 AWC 嗅觉 内部化学连接
4354933,7865652,chem,cholinergic,ampa,5.00,0.50,3,子图 AWC 嗅觉 内部化学连接
4354933,8276782,chem,cholinergic,ampa,5.00,0.50,11,子图 AWC 嗅觉 内部化学连接
4354933,11543212,chem,cholinergic,ampa,5.00,0.50,2,子图 AWC 嗅觉 内部化学连接
4391978,3869488,chem,cholinergic,ampa,5.00,0.50,1,子图 AWC 嗅觉 内部化学连接
4391978,4119387,chem,cholinergic,ampa,5.00,0.50,1,子图 AWC 嗅觉 内部化学连接
4391978,4152020,chem,cholinergic,ampa,5.00,0.50,1,子图 AWC 嗅觉 内部化学连接
4391978,4391978,chem,cholinergic,ampa,5.00,0.50,2,子图 AWC 嗅觉 内部化学连接
4391978,10990803,chem,cholinergic,ampa,5.00,0.50,1,子图 AWC 嗅觉 内部化学连接
4391978,11248536,chem,cholinergic,ampa,5.00,0.50,1,子图 AWC 嗅觉 内部化学连接
4391978,11714576,chem,cholinergic,ampa,5.00,0.50,1,子图 AWC 嗅觉 内部化学连接
4391978,17884299,chem,cholinergic,ampa,5.00,0.50,1,子图 AWC 嗅觉 内部化学连接
4393049,3538129,chem,cholinergic,ampa,5.00,0.50,1,子图 AWC 嗅觉 内部化学连接
4393049,3814635,chem,cholinergic,ampa,5.00,0.50,1,子图 AWC 嗅觉 内部化学连接
4393049,4099900,chem,cholinergic,ampa,5.00,0.50,1,子图 AWC 嗅觉 内部化学连接
4393049,7503199,chem,cholinergic,ampa,5.00,0.50,2,子图 AWC 嗅觉 内部化学连接
4393049,8243455,chem,cholinergic,ampa,5.00,0.50,1,子图 AWC 嗅觉 内部化学连接
4393049,8246081,chem,cholinergic,ampa,5.00,0.50,2,子图 AWC 嗅觉 内部化学连接
4393049,9291474,chem,cholinergic,ampa,5.00,0.50,1,子图 AWC 嗅觉 内部化学连接
4393049,13038489,chem,cholinergic,ampa,5.00,0.50,1,子图 AWC 嗅觉 内部化学连接
4393049,14604028,chem,cholinergic,ampa,5.00,0.50,1,子图 AWC 嗅觉 内部化学连接
4393049,16735586,chem,cholinergic,ampa,5.00,0.50,1,子图 AWC 嗅觉 内部化学连接
4493199,4493199,chem,cholinergic,ampa,5.00,0.50,1,子图 AWC 嗅觉 内部化学连接
4493199,4985759,chem,cholinergic,ampa,5.00,0.50,1,子图 AWC 嗅觉 内部化学连接
4493199,7864823,chem,cholinergic,ampa,5.00,0.50,1,子图 AWC 嗅觉 内部化学连接
4493199,8276782,chem,cholinergic,ampa,5.00,0.50,2,子图 AWC 嗅觉 内部化学连接
4493199,8399890,chem,cholinergic,ampa,5.00,0.50,1,子图 AWC 嗅觉 内部化学连接
4493199,8704079,chem,cholinergic,ampa,5.00,0.50,1,子图 AWC 嗅觉 内部化学连接
4514494,11889676,chem,other,none,5.00,0.50,4,子图 AWC 嗅觉 内部化学连接
4620453,3690921,chem,other,none,5.00,0.50,4,子图 AWC 嗅觉 内部化学连接
4620453,4152020,chem,other,none,5.00,0.50,1,子图 AWC 嗅觉 内部化学连接
4620453,4620453,chem,other,none,5.00,0.50,2,子图 AWC 嗅觉 内部化学连接
4620453,9291474,chem,other,none,5.00,0.50,1,子图 AWC 嗅觉 内部化学连接
4620453,9747710,chem,other,none,5.00,0.50,2,子图 AWC 嗅觉 内部化学连接
4620453,16795524,chem,other,none,5.00,0.50,1,子图 AWC 嗅觉 内部化学连接
4651929,29,chem,cholinergic,ampa,5.00,0.50,7,子图 AWC 嗅觉 内部化学连接
4651929,4099900,chem,cholinergic,ampa,5.00,0.50,2,子图 AWC 嗅觉 内部化学连接
4651929,4119387,chem,cholinergic,ampa,5.00,0.50,1,子图 AWC 嗅觉 内部化学连接
4651929,9291474,chem,cholinergic,ampa,5.00,0.50,1,子图 AWC 嗅觉 内部化学连接
4651929,11248536,chem,cholinergic,ampa,5.00,0.50,3,子图 AWC 嗅觉 内部化学连接
4651929,11279244,chem,cholinergic,ampa,5.00,0.50,3,子图 AWC 嗅觉 内部化学连接
4679139,3538129,chem,cholinergic,ampa,5.00,0.50,1,子图 AWC 嗅觉 内部化学连接
4679139,4679139,chem,cholinergic,ampa,5.00,0.50,2,子图 AWC 嗅觉 内部化学连接
4679139,8245513,chem,cholinergic,ampa,5.00,0.50,1,子图 AWC 嗅觉 内部化学连接
4679139,17654617,chem,cholinergic,ampa,5.00,0.50,1,子图 AWC 嗅觉 内部化学连接
4700078,4119387,chem,cholinergic,ampa,5.00,0.50,1,子图 AWC 嗅觉 内部化学连接
4700078,4700078,chem,cholinergic,ampa,5.00,0.50,2,子图 AWC 嗅觉 内部化学连接
4700078,10160250,chem,cholinergic,ampa,5.00,0.50,8,子图 AWC 嗅觉 内部化学连接
4749004,4749004,chem,other,none,5.00,0.50,1,子图 AWC 嗅觉 内部化学连接
4876704,3538129,chem,other,none,5.00,0.50,1,子图 AWC 嗅觉 内部化学连接
4876704,3712893,chem,other,none,5.00,0.50,1,子图 AWC 嗅觉 内部化学连接
4876704,3756659,chem,other,none,5.00,0.50,1,子图 AWC 嗅觉 内部化学连接
4876704,4119387,chem,other,none,5.00,0.50,1,子图 AWC 嗅觉 内部化学连接
4876704,4327684,chem,other,none,5.00,0.50,1,子图 AWC 嗅觉 内部化学连接
4876704,4876704,chem,other,none,5.00,0.50,1,子图 AWC 嗅觉 内部化学连接
4876704,9291474,chem,other,none,5.00,0.50,2,子图 AWC 嗅觉 内部化学连接
4876704,16795524,chem,other,none,5.00,0.50,1,子图 AWC 嗅觉 内部化学连接
4876704,16795838,chem,other,none,5.00,0.50,1,子图 AWC 嗅觉 内部化学连接
4985759,4154421,chem,other,none,5.00,0.50,2,子图 AWC 嗅觉 内部化学连接
4985759,4985759,chem,other,none,5.00,0.50,1,子图 AWC 嗅觉 内部化学连接
4985759,11543212,chem,other,none,5.00,0.50,1,子图 AWC 嗅觉 内部化学连接
5090549,3450442,chem,cholinergic,ampa,5.00,0.50,3,子图 AWC 嗅觉 内部化学连接
5090549,3712893,chem,cholinergic,ampa,5.00,0.50,5,子图 AWC 嗅觉 内部化学连接
5090549,5261424,chem,cholinergic,ampa,5.00,0.50,4,子图 AWC 嗅觉 内部化学连接
5090549,6451332,chem,cholinergic,ampa,5.00,0.50,1,子图 AWC 嗅觉 内部化学连接
5090549,7092417,chem,cholinergic,ampa,5.00,0.50,9,子图 AWC 嗅觉 内部化学连接
5090549,7107433,chem,cholinergic,ampa,5.00,0.50,73,子图 AWC 嗅觉 内部化学连接
5090549,7845346,chem,cholinergic,ampa,5.00,0.50,3,子图 AWC 嗅觉 内部化学连接
5090549,8021456,chem,cholinergic,ampa,5.00,0.50,1,子图 AWC 嗅觉 内部化学连接
5090549,8509534,chem,cholinergic,ampa,5.00,0.50,11,子图 AWC 嗅觉 内部化学连接
5090549,8704079,chem,cholinergic,ampa,5.00,0.50,9,子图 AWC 嗅觉 内部化学连接
5090549,11543212,chem,cholinergic,ampa,5.00,0.50,4,子图 AWC 嗅觉 内部化学连接
5090549,16795524,chem,cholinergic,ampa,5.00,0.50,4,子图 AWC 嗅觉 内部化学连接
5090549,16795838,chem,cholinergic,ampa,5.00,0.50,2,子图 AWC 嗅觉 内部化学连接
5093516,3450442,chem,other,none,5.00,0.50,4,子图 AWC 嗅觉 内部化学连接
5093516,4260935,chem,other,none,5.00,0.50,2,子图 AWC 嗅觉 内部化学连接
5093516,8293958,chem,other,none,5.00,0.50,2,子图 AWC 嗅觉 内部化学连接
5093516,8704079,chem,other,none,5.00,0.50,3,子图 AWC 嗅觉 内部化学连接
5093516,12225666,chem,other,none,5.00,0.50,2,子图 AWC 嗅觉 内部化学连接
5093516,16795524,chem,other,none,5.00,0.50,5,子图 AWC 嗅觉 内部化学连接
5093516,16795838,chem,other,none,5.00,0.50,5,子图 AWC 嗅觉 内部化学连接
5261424,2439134,chem,cholinergic,ampa,5.00,0.50,2,子图 AWC 嗅觉 内部化学连接
5261424,3650006,chem,cholinergic,ampa,5.00,0.50,1,子图 AWC 嗅觉 内部化学连接
5261424,9971209,chem,cholinergic,ampa,5.00,0.50,2,子图 AWC 嗅觉 内部化学连接
5261424,10955244,chem,cholinergic,ampa,5.00,0.50,1,子图 AWC 嗅觉 内部化学连接
5261424,17423412,chem,cholinergic,ampa,5.00,0.50,1,子图 AWC 嗅觉 内部化学连接
5679304,5679304,chem,other,none,5.00,0.50,1,子图 AWC 嗅觉 内部化学连接
5679304,12670738,chem,other,none,5.00,0.50,1,子图 AWC 嗅觉 内部化学连接
5708994,5679304,chem,cholinergic,ampa,5.00,0.50,1,子图 AWC 嗅觉 内部化学连接
5708994,9971209,chem,cholinergic,ampa,5.00,0.50,3,子图 AWC 嗅觉 内部化学连接
6340439,3450442,chem,cholinergic,ampa,5.00,0.50,37,子图 AWC 嗅觉 内部化学连接
6340439,4354933,chem,cholinergic,ampa,5.00,0.50,3,子图 AWC 嗅觉 内部化学连接
6340439,5261424,chem,cholinergic,ampa,5.00,0.50,1,子图 AWC 嗅觉 内部化学连接
6340439,6451332,chem,cholinergic,ampa,5.00,0.50,5,子图 AWC 嗅觉 内部化学连接
6340439,7107433,chem,cholinergic,ampa,5.00,0.50,3,子图 AWC 嗅觉 内部化学连接
6340439,7845346,chem,cholinergic,ampa,5.00,0.50,3,子图 AWC 嗅觉 内部化学连接
6340439,7864823,chem,cholinergic,ampa,5.00,0.50,72,子图 AWC 嗅觉 内部化学连接
6340439,8021456,chem,cholinergic,ampa,5.00,0.50,2,子图 AWC 嗅觉 内部化学连接
6340439,8276782,chem,cholinergic,ampa,5.00,0.50,10,子图 AWC 嗅觉 内部化学连接
6340439,8704079,chem,cholinergic,ampa,5.00,0.50,29,子图 AWC 嗅觉 内部化学连接
6340439,11543212,chem,cholinergic,ampa,5.00,0.50,1,子图 AWC 嗅觉 内部化学连接
6340439,12225666,chem,cholinergic,ampa,5.00,0.50,3,子图 AWC 嗅觉 内部化学连接
6340439,16795524,chem,cholinergic,ampa,5.00,0.50,2,子图 AWC 嗅觉 内部化学连接
6340439,16795838,chem,cholinergic,ampa,5.00,0.50,3,子图 AWC 嗅觉 内部化学连接
6451332,2439134,chem,cholinergic,ampa,5.00,0.50,2,子图 AWC 嗅觉 内部化学连接
6451332,3538129,chem,cholinergic,ampa,5.00,0.50,3,子图 AWC 嗅觉 内部化学连接
6451332,4391978,chem,cholinergic,ampa,5.00,0.50,1,子图 AWC 嗅觉 内部化学连接
6451332,8140109,chem,cholinergic,ampa,5.00,0.50,1,子图 AWC 嗅觉 内部化学连接
6451332,8704079,chem,cholinergic,ampa,5.00,0.50,2,子图 AWC 嗅觉 内部化学连接
6451332,9119558,chem,cholinergic,ampa,5.00,0.50,2,子图 AWC 嗅觉 内部化学连接
6451332,9971209,chem,cholinergic,ampa,5.00,0.50,3,子图 AWC 嗅觉 内部化学连接
6451332,10955244,chem,cholinergic,ampa,5.00,0.50,3,子图 AWC 嗅觉 内部化学连接
6451332,10990803,chem,cholinergic,ampa,5.00,0.50,1,子图 AWC 嗅觉 内部化学连接
6451332,11067379,chem,cholinergic,ampa,5.00,0.50,1,子图 AWC 嗅觉 内部化学连接
6451332,11248536,chem,cholinergic,ampa,5.00,0.50,3,子图 AWC 嗅觉 内部化学连接
6451332,16795524,chem,cholinergic,ampa,5.00,0.50,2,子图 AWC 嗅觉 内部化学连接
6451332,16795838,chem,cholinergic,ampa,5.00,0.50,2,子图 AWC 嗅觉 内部化学连接
6791927,2612527,chem,cholinergic,ampa,5.00,0.50,4,子图 AWC 嗅觉 内部化学连接
6791927,3450442,chem,cholinergic,ampa,5.00,0.50,34,子图 AWC 嗅觉 内部化学连接
6791927,3712893,chem,cholinergic,ampa,5.00,0.50,3,子图 AWC 嗅觉 内部化学连接
6791927,7865652,chem,cholinergic,ampa,5.00,0.50,4,子图 AWC 嗅觉 内部化学连接
6791927,7916593,chem,cholinergic,ampa,5.00,0.50,1,子图 AWC 嗅觉 内部化学连接
6791927,8276782,chem,cholinergic,ampa,5.00,0.50,16,子图 AWC 嗅觉 内部化学连接
6791927,8399890,chem,cholinergic,ampa,5.00,0.50,5,子图 AWC 嗅觉 内部化学连接
6791927,9589146,chem,cholinergic,ampa,5.00,0.50,4,子图 AWC 嗅觉 内部化学连接
6791927,11543212,chem,cholinergic,ampa,5.00,0.50,7,子图 AWC 嗅觉 内部化学连接
6791927,16259595,chem,cholinergic,ampa,5.00,0.50,105,子图 AWC 嗅觉 内部化学连接
7092086,4260935,chem,other,none,5.00,0.50,2,子图 AWC 嗅觉 内部化学连接
7092086,7092086,chem,other,none,5.00,0.50,6,子图 AWC 嗅觉 内部化学连接
7092086,10955244,chem,other,none,5.00,0.50,1,子图 AWC 嗅觉 内部化学连接
7092417,5261424,chem,cholinergic,ampa,5.00,0.50,1,子图 AWC 嗅觉 内部化学连接
7092417,6451332,chem,cholinergic,ampa,5.00,0.50,1,子图 AWC 嗅觉 内部化学连接
7092417,7092417,chem,cholinergic,ampa,5.00,0.50,3,子图 AWC 嗅觉 内部化学连接
7092417,7107433,chem,cholinergic,ampa,5.00,0.50,2,子图 AWC 嗅觉 内部化学连接
7092417,7198338,chem,cholinergic,ampa,5.00,0.50,1,子图 AWC 嗅觉 内部化学连接
7092417,7852250,chem,cholinergic,ampa,5.00,0.50,2,子图 AWC 嗅觉 内部化学连接
7092417,7873135,chem,cholinergic,ampa,5.00,0.50,1,子图 AWC 嗅觉 内部化学连接
7092417,7916593,chem,cholinergic,ampa,5.00,0.50,1,子图 AWC 嗅觉 内部化学连接
7092417,8276782,chem,cholinergic,ampa,5.00,0.50,9,子图 AWC 嗅觉 内部化学连接
7092417,8704079,chem,cholinergic,ampa,5.00,0.50,1,子图 AWC 嗅觉 内部化学连接
7092417,11543212,chem,cholinergic,ampa,5.00,0.50,4,子图 AWC 嗅觉 内部化学连接
7107433,5090549,chem,cholinergic,ampa,5.00,0.50,1,子图 AWC 嗅觉 内部化学连接
7107433,5261424,chem,cholinergic,ampa,5.00,0.50,3,子图 AWC 嗅觉 内部化学连接
7107433,6451332,chem,cholinergic,ampa,5.00,0.50,2,子图 AWC 嗅觉 内部化学连接
7107433,7092417,chem,cholinergic,ampa,5.00,0.50,2,子图 AWC 嗅觉 内部化学连接
7107433,7515491,chem,cholinergic,ampa,5.00,0.50,1,子图 AWC 嗅觉 内部化学连接
7107433,8021456,chem,cholinergic,ampa,5.00,0.50,1,子图 AWC 嗅觉 内部化学连接
7107433,8509534,chem,cholinergic,ampa,5.00,0.50,1,子图 AWC 嗅觉 内部化学连接
7107433,8704079,chem,cholinergic,ampa,5.00,0.50,2,子图 AWC 嗅觉 内部化学连接
7107433,11543212,chem,cholinergic,ampa,5.00,0.50,2,子图 AWC 嗅觉 内部化学连接
7107433,16259595,chem,cholinergic,ampa,5.00,0.50,1,子图 AWC 嗅觉 内部化学连接
7168356,18740553,chem,other,none,5.00,0.50,1,子图 AWC 嗅觉 内部化学连接
7198338,3486381,chem,cholinergic,ampa,5.00,0.50,1,子图 AWC 嗅觉 内部化学连接
7198338,4354933,chem,cholinergic,ampa,5.00,0.50,1,子图 AWC 嗅觉 内部化学连接
7198338,4493199,chem,cholinergic,ampa,5.00,0.50,1,子图 AWC 嗅觉 内部化学连接
7198338,5261424,chem,cholinergic,ampa,5.00,0.50,1,子图 AWC 嗅觉 内部化学连接
7198338,7092417,chem,cholinergic,ampa,5.00,0.50,1,子图 AWC 嗅觉 内部化学连接
7198338,7843730,chem,cholinergic,ampa,5.00,0.50,1,子图 AWC 嗅觉 内部化学连接
7198338,7851153,chem,cholinergic,ampa,5.00,0.50,1,子图 AWC 嗅觉 内部化学连接
7198338,7865652,chem,cholinergic,ampa,5.00,0.50,2,子图 AWC 嗅觉 内部化学连接
7198338,7873135,chem,cholinergic,ampa,5.00,0.50,3,子图 AWC 嗅觉 内部化学连接
7198338,8276782,chem,cholinergic,ampa,5.00,0.50,3,子图 AWC 嗅觉 内部化学连接
7198338,11543212,chem,cholinergic,ampa,5.00,0.50,1,子图 AWC 嗅觉 内部化学连接
7198338,16259595,chem,cholinergic,ampa,5.00,0.50,1,子图 AWC 嗅觉 内部化学连接
7198338,17743170,chem,cholinergic,ampa,5.00,0.50,1,子图 AWC 嗅觉 内部化学连接
7503199,3844799,chem,cholinergic,ampa,5.00,0.50,9,子图 AWC 嗅觉 内部化学连接
7503199,4119387,chem,cholinergic,ampa,5.00,0.50,1,子图 AWC 嗅觉 内部化学连接
7503199,6451332,chem,cholinergic,ampa,5.00,0.50,1,子图 AWC 嗅觉 内部化学连接
7503199,7503199,chem,cholinergic,ampa,5.00,0.50,1,子图 AWC 嗅觉 内部化学连接
7503199,7935088,chem,cholinergic,ampa,5.00,0.50,1,子图 AWC 嗅觉 内部化学连接
7503199,11279244,chem,cholinergic,ampa,5.00,0.50,1,子图 AWC 嗅觉 内部化学连接
7515491,3450442,chem,cholinergic,ampa,5.00,0.50,1,子图 AWC 嗅觉 内部化学连接
7515491,3708875,chem,cholinergic,ampa,5.00,0.50,2,子图 AWC 嗅觉 内部化学连接
7515491,3712893,chem,cholinergic,ampa,5.00,0.50,1,子图 AWC 嗅觉 内部化学连接
7515491,3771794,chem,cholinergic,ampa,5.00,0.50,1,子图 AWC 嗅觉 内部化学连接
7515491,4354933,chem,cholinergic,ampa,5.00,0.50,1,子图 AWC 嗅觉 内部化学连接
7515491,4493199,chem,cholinergic,ampa,5.00,0.50,2,子图 AWC 嗅觉 内部化学连接
7515491,5261424,chem,cholinergic,ampa,5.00,0.50,1,子图 AWC 嗅觉 内部化学连接
7515491,7107433,chem,cholinergic,ampa,5.00,0.50,1,子图 AWC 嗅觉 内部化学连接
7515491,7843730,chem,cholinergic,ampa,5.00,0.50,1,子图 AWC 嗅觉 内部化学连接
7515491,7845346,chem,cholinergic,ampa,5.00,0.50,1,子图 AWC 嗅觉 内部化学连接
7515491,7851153,chem,cholinergic,ampa,5.00,0.50,1,子图 AWC 嗅觉 内部化学连接
7515491,7864823,chem,cholinergic,ampa,5.00,0.50,4,子图 AWC 嗅觉 内部化学连接
7515491,7873135,chem,cholinergic,ampa,5.00,0.50,1,子图 AWC 嗅觉 内部化学连接
7515491,8276782,chem,cholinergic,ampa,5.00,0.50,6,子图 AWC 嗅觉 内部化学连接
7515491,8399890,chem,cholinergic,ampa,5.00,0.50,2,子图 AWC 嗅觉 内部化学连接
7515491,8704079,chem,cholinergic,ampa,5.00,0.50,1,子图 AWC 嗅觉 内部化学连接
7515491,11543212,chem,cholinergic,ampa,5.00,0.50,2,子图 AWC 嗅觉 内部化学连接
7515491,17423412,chem,cholinergic,ampa,5.00,0.50,1,子图 AWC 嗅觉 内部化学连接
7527710,2612527,chem,cholinergic,ampa,5.00,0.50,3,子图 AWC 嗅觉 内部化学连接
7527710,4493199,chem,cholinergic,ampa,5.00,0.50,70,子图 AWC 嗅觉 内部化学连接
7527710,7843730,chem,cholinergic,ampa,5.00,0.50,1,子图 AWC 嗅觉 内部化学连接
7527710,7851153,chem,cholinergic,ampa,5.00,0.50,1,子图 AWC 嗅觉 内部化学连接
7527710,7873135,chem,cholinergic,ampa,5.00,0.50,3,子图 AWC 嗅觉 内部化学连接
7527710,8276782,chem,cholinergic,ampa,5.00,0.50,1,子图 AWC 嗅觉 内部化学连接
7527710,8480221,chem,cholinergic,ampa,5.00,0.50,8,子图 AWC 嗅觉 内部化学连接
7527710,8704079,chem,cholinergic,ampa,5.00,0.50,7,子图 AWC 嗅觉 内部化学连接
7527710,9589146,chem,cholinergic,ampa,5.00,0.50,2,子图 AWC 嗅觉 内部化学连接
7542938,2568465,chem,cholinergic,ampa,5.00,0.50,6,子图 AWC 嗅觉 内部化学连接
7542938,2612527,chem,cholinergic,ampa,5.00,0.50,16,子图 AWC 嗅觉 内部化学连接
7542938,3450442,chem,cholinergic,ampa,5.00,0.50,22,子图 AWC 嗅觉 内部化学连接
7542938,3450751,chem,cholinergic,ampa,5.00,0.50,11,子图 AWC 嗅觉 内部化学连接
7542938,7843730,chem,cholinergic,ampa,5.00,0.50,95,子图 AWC 嗅觉 内部化学连接
7542938,8276782,chem,cholinergic,ampa,5.00,0.50,13,子图 AWC 嗅觉 内部化学连接
7542938,8509534,chem,cholinergic,ampa,5.00,0.50,11,子图 AWC 嗅觉 内部化学连接
7542938,9119558,chem,cholinergic,ampa,5.00,0.50,2,子图 AWC 嗅觉 内部化学连接
7542938,9589146,chem,cholinergic,ampa,5.00,0.50,11,子图 AWC 嗅觉 内部化学连接
7542938,12000033,chem,cholinergic,ampa,5.00,0.50,2,子图 AWC 嗅觉 内部化学连接
7542938,12225666,chem,cholinergic,ampa,5.00,0.50,5,子图 AWC 嗅觉 内部化学连接
7542938,16259595,chem,cholinergic,ampa,5.00,0.50,1,子图 AWC 嗅觉 内部化学连接
7658146,3712893,chem,cholinergic,ampa,5.00,0.50,5,子图 AWC 嗅觉 内部化学连接
7658146,4119387,chem,cholinergic,ampa,5.00,0.50,1,子图 AWC 嗅觉 内部化学连接
7658146,4651929,chem,cholinergic,ampa,5.00,0.50,4,子图 AWC 嗅觉 内部化学连接
7658146,4679139,chem,cholinergic,ampa,5.00,0.50,2,子图 AWC 嗅觉 内部化学连接
7658146,4700078,chem,cholinergic,ampa,5.00,0.50,17,子图 AWC 嗅觉 内部化学连接
7658146,8245014,chem,cholinergic,ampa,5.00,0.50,1,子图 AWC 嗅觉 内部化学连接
7658146,8245146,chem,cholinergic,ampa,5.00,0.50,3,子图 AWC 嗅觉 内部化学连接
7658146,8245513,chem,cholinergic,ampa,5.00,0.50,2,子图 AWC 嗅觉 内部化学连接
7658146,11279244,chem,cholinergic,ampa,5.00,0.50,83,子图 AWC 嗅觉 内部化学连接
7658146,11543212,chem,cholinergic,ampa,5.00,0.50,8,子图 AWC 嗅觉 内部化学连接
7658146,16515871,chem,cholinergic,ampa,5.00,0.50,3,子图 AWC 嗅觉 内部化学连接
7658146,16735586,chem,cholinergic,ampa,5.00,0.50,32,子图 AWC 嗅觉 内部化学连接
7719118,11037238,chem,other,none,5.00,0.50,4,子图 AWC 嗅觉 内部化学连接
7719547,3538129,chem,cholinergic,ampa,5.00,0.50,18,子图 AWC 嗅觉 内部化学连接
7719547,3712893,chem,cholinergic,ampa,5.00,0.50,13,子图 AWC 嗅觉 内部化学连接
7719547,4119387,chem,cholinergic,ampa,5.00,0.50,9,子图 AWC 嗅觉 内部化学连接
7719547,4327684,chem,cholinergic,ampa,5.00,0.50,1,子图 AWC 嗅觉 内部化学连接
7719547,4679139,chem,cholinergic,ampa,5.00,0.50,2,子图 AWC 嗅觉 内部化学连接
7719547,8245513,chem,cholinergic,ampa,5.00,0.50,79,子图 AWC 嗅觉 内部化学连接
7719547,8246750,chem,cholinergic,ampa,5.00,0.50,5,子图 AWC 嗅觉 内部化学连接
7719547,8253413,chem,cholinergic,ampa,5.00,0.50,5,子图 AWC 嗅觉 内部化学连接
7719547,11543212,chem,cholinergic,ampa,5.00,0.50,6,子图 AWC 嗅觉 内部化学连接
7719547,13589251,chem,cholinergic,ampa,5.00,0.50,2,子图 AWC 嗅觉 内部化学连接
7719547,16795838,chem,cholinergic,ampa,5.00,0.50,1,子图 AWC 嗅觉 内部化学连接
7843730,2568465,chem,cholinergic,ampa,5.00,0.50,3,子图 AWC 嗅觉 内部化学连接
7843730,4493199,chem,cholinergic,ampa,5.00,0.50,1,子图 AWC 嗅觉 内部化学连接
7843730,8276782,chem,cholinergic,ampa,5.00,0.50,15,子图 AWC 嗅觉 内部化学连接
7843730,9589146,chem,cholinergic,ampa,5.00,0.50,2,子图 AWC 嗅觉 内部化学连接
7843730,12225666,chem,cholinergic,ampa,5.00,0.50,2,子图 AWC 嗅觉 内部化学连接
7843730,12617396,chem,cholinergic,ampa,5.00,0.50,3,子图 AWC 嗅觉 内部化学连接
7843730,17743170,chem,cholinergic,ampa,5.00,0.50,1,子图 AWC 嗅觉 内部化学连接
7845346,3158543,chem,cholinergic,ampa,5.00,0.50,1,子图 AWC 嗅觉 内部化学连接
7845346,6451332,chem,cholinergic,ampa,5.00,0.50,2,子图 AWC 嗅觉 内部化学连接
7845346,7865652,chem,cholinergic,ampa,5.00,0.50,1,子图 AWC 嗅觉 内部化学连接
7845346,8012953,chem,cholinergic,ampa,5.00,0.50,1,子图 AWC 嗅觉 内部化学连接
7845346,8276782,chem,cholinergic,ampa,5.00,0.50,7,子图 AWC 嗅觉 内部化学连接
7845346,8704079,chem,cholinergic,ampa,5.00,0.50,2,子图 AWC 嗅觉 内部化学连接
7845346,16795838,chem,cholinergic,ampa,5.00,0.50,1,子图 AWC 嗅觉 内部化学连接
7851153,4493199,chem,cholinergic,ampa,5.00,0.50,1,子图 AWC 嗅觉 内部化学连接
7851153,7198338,chem,cholinergic,ampa,5.00,0.50,1,子图 AWC 嗅觉 内部化学连接
7852250,8021456,chem,cholinergic,ampa,5.00,0.50,1,子图 AWC 嗅觉 内部化学连接
7852250,8276782,chem,cholinergic,ampa,5.00,0.50,3,子图 AWC 嗅觉 内部化学连接
7852250,8399890,chem,cholinergic,ampa,5.00,0.50,1,子图 AWC 嗅觉 内部化学连接
7852250,8480221,chem,cholinergic,ampa,5.00,0.50,2,子图 AWC 嗅觉 内部化学连接
7852250,11067379,chem,cholinergic,ampa,5.00,0.50,1,子图 AWC 嗅觉 内部化学连接
7852250,16259595,chem,cholinergic,ampa,5.00,0.50,1,子图 AWC 嗅觉 内部化学连接
7852250,17423412,chem,cholinergic,ampa,5.00,0.50,1,子图 AWC 嗅觉 内部化学连接
7864823,4354933,chem,cholinergic,ampa,5.00,0.50,1,子图 AWC 嗅觉 内部化学连接
7864823,7198338,chem,cholinergic,ampa,5.00,0.50,2,子图 AWC 嗅觉 内部化学连接
7864823,7515491,chem,cholinergic,ampa,5.00,0.50,1,子图 AWC 嗅觉 内部化学连接
7864823,7852250,chem,cholinergic,ampa,5.00,0.50,3,子图 AWC 嗅觉 内部化学连接
7864823,8276782,chem,cholinergic,ampa,5.00,0.50,3,子图 AWC 嗅觉 内部化学连接
7864823,8704079,chem,cholinergic,ampa,5.00,0.50,3,子图 AWC 嗅觉 内部化学连接
7865652,8276782,chem,cholinergic,ampa,5.00,0.50,6,子图 AWC 嗅觉 内部化学连接
7865652,16259595,chem,cholinergic,ampa,5.00,0.50,1,子图 AWC 嗅觉 内部化学连接
7865652,17423412,chem,cholinergic,ampa,5.00,0.50,1,子图 AWC 嗅觉 内部化学连接
7865696,2612527,chem,cholinergic,ampa,5.00,0.50,1,子图 AWC 嗅觉 内部化学连接
7865696,7092417,chem,cholinergic,ampa,5.00,0.50,1,子图 AWC 嗅觉 内部化学连接
7865696,7851153,chem,cholinergic,ampa,5.00,0.50,1,子图 AWC 嗅觉 内部化学连接
7865696,8276782,chem,cholinergic,ampa,5.00,0.50,1,子图 AWC 嗅觉 内部化学连接
7865696,11067379,chem,cholinergic,ampa,5.00,0.50,1,子图 AWC 嗅觉 内部化学连接
7865767,3486381,chem,cholinergic,ampa,5.00,0.50,1,子图 AWC 嗅觉 内部化学连接
7865767,4354933,chem,cholinergic,ampa,5.00,0.50,2,子图 AWC 嗅觉 内部化学连接
7865767,4493199,chem,cholinergic,ampa,5.00,0.50,1,子图 AWC 嗅觉 内部化学连接
7865767,5261424,chem,cholinergic,ampa,5.00,0.50,2,子图 AWC 嗅觉 内部化学连接
7865767,7198338,chem,cholinergic,ampa,5.00,0.50,1,子图 AWC 嗅觉 内部化学连接
7865767,7515491,chem,cholinergic,ampa,5.00,0.50,2,子图 AWC 嗅觉 内部化学连接
7865767,7852250,chem,cholinergic,ampa,5.00,0.50,2,子图 AWC 嗅觉 内部化学连接
7865767,7864823,chem,cholinergic,ampa,5.00,0.50,2,子图 AWC 嗅觉 内部化学连接
7865767,7934904,chem,cholinergic,ampa,5.00,0.50,2,子图 AWC 嗅觉 内部化学连接
7865767,8276782,chem,cholinergic,ampa,5.00,0.50,6,子图 AWC 嗅觉 内部化学连接
7865767,8704079,chem,cholinergic,ampa,5.00,0.50,2,子图 AWC 嗅觉 内部化学连接
7865767,9589146,chem,cholinergic,ampa,5.00,0.50,1,子图 AWC 嗅觉 内部化学连接
7865767,16795524,chem,cholinergic,ampa,5.00,0.50,2,子图 AWC 嗅觉 内部化学连接
7865767,17743170,chem,cholinergic,ampa,5.00,0.50,1,子图 AWC 嗅觉 内部化学连接
7873135,4354933,chem,cholinergic,ampa,5.00,0.50,5,子图 AWC 嗅觉 内部化学连接
7873135,5261424,chem,cholinergic,ampa,5.00,0.50,1,子图 AWC 嗅觉 内部化学连接
7873135,7092417,chem,cholinergic,ampa,5.00,0.50,1,子图 AWC 嗅觉 内部化学连接
7873135,7198338,chem,cholinergic,ampa,5.00,0.50,1,子图 AWC 嗅觉 内部化学连接
7873135,7843730,chem,cholinergic,ampa,5.00,0.50,3,子图 AWC 嗅觉 内部化学连接
7873135,7851153,chem,cholinergic,ampa,5.00,0.50,2,子图 AWC 嗅觉 内部化学连接
7873135,7852250,chem,cholinergic,ampa,5.00,0.50,1,子图 AWC 嗅觉 内部化学连接
7873135,7865652,chem,cholinergic,ampa,5.00,0.50,2,子图 AWC 嗅觉 内部化学连接
7873135,7865696,chem,cholinergic,ampa,5.00,0.50,1,子图 AWC 嗅觉 内部化学连接
7873135,7873135,chem,cholinergic,ampa,5.00,0.50,1,子图 AWC 嗅觉 内部化学连接
7873135,7935088,chem,cholinergic,ampa,5.00,0.50,1,子图 AWC 嗅觉 内部化学连接
7873135,8276782,chem,cholinergic,ampa,5.00,0.50,11,子图 AWC 嗅觉 内部化学连接
7873135,8399890,chem,cholinergic,ampa,5.00,0.50,1,子图 AWC 嗅觉 内部化学连接
7873135,11067379,chem,cholinergic,ampa,5.00,0.50,1,子图 AWC 嗅觉 内部化学连接
7873135,16259595,chem,cholinergic,ampa,5.00,0.50,1,子图 AWC 嗅觉 内部化学连接
7873135,17743170,chem,cholinergic,ampa,5.00,0.50,1,子图 AWC 嗅觉 内部化学连接
7916593,3450442,chem,cholinergic,ampa,5.00,0.50,4,子图 AWC 嗅觉 内部化学连接
7916593,4493199,chem,cholinergic,ampa,5.00,0.50,1,子图 AWC 嗅觉 内部化学连接
7916593,5261424,chem,cholinergic,ampa,5.00,0.50,7,子图 AWC 嗅觉 内部化学连接
7916593,7198338,chem,cholinergic,ampa,5.00,0.50,2,子图 AWC 嗅觉 内部化学连接
7916593,8276782,chem,cholinergic,ampa,5.00,0.50,10,子图 AWC 嗅觉 内部化学连接
7916593,8704079,chem,cholinergic,ampa,5.00,0.50,5,子图 AWC 嗅觉 内部化学连接
7916593,9589146,chem,cholinergic,ampa,5.00,0.50,3,子图 AWC 嗅觉 内部化学连接
7916593,12225666,chem,cholinergic,ampa,5.00,0.50,3,子图 AWC 嗅觉 内部化学连接
7916593,16259595,chem,cholinergic,ampa,5.00,0.50,2,子图 AWC 嗅觉 内部化学连接
7916593,16795524,chem,cholinergic,ampa,5.00,0.50,1,子图 AWC 嗅觉 内部化学连接
7934904,3450442,chem,cholinergic,ampa,5.00,0.50,1,子图 AWC 嗅觉 内部化学连接
7934904,3538129,chem,cholinergic,ampa,5.00,0.50,1,子图 AWC 嗅觉 内部化学连接
7934904,3756659,chem,cholinergic,ampa,5.00,0.50,1,子图 AWC 嗅觉 内部化学连接
7934904,3844799,chem,cholinergic,ampa,5.00,0.50,1,子图 AWC 嗅觉 内部化学连接
7934904,4119387,chem,cholinergic,ampa,5.00,0.50,4,子图 AWC 嗅觉 内部化学连接
7934904,4700078,chem,cholinergic,ampa,5.00,0.50,3,子图 AWC 嗅觉 内部化学连接
7934904,6451332,chem,cholinergic,ampa,5.00,0.50,1,子图 AWC 嗅觉 内部化学连接
7934904,7935088,chem,cholinergic,ampa,5.00,0.50,4,子图 AWC 嗅觉 内部化学连接
7934904,8021456,chem,cholinergic,ampa,5.00,0.50,1,子图 AWC 嗅觉 内部化学连接
7934904,8252067,chem,cholinergic,ampa,5.00,0.50,1,子图 AWC 嗅觉 内部化学连接
7934904,8276782,chem,cholinergic,ampa,5.00,0.50,4,子图 AWC 嗅觉 内部化学连接
7934904,8480221,chem,cholinergic,ampa,5.00,0.50,1,子图 AWC 嗅觉 内部化学连接
7934904,9119558,chem,cholinergic,ampa,5.00,0.50,1,子图 AWC 嗅觉 内部化学连接
7934904,11067379,chem,cholinergic,ampa,5.00,0.50,1,子图 AWC 嗅觉 内部化学连接
7934904,11279244,chem,cholinergic,ampa,5.00,0.50,1,子图 AWC 嗅觉 内部化学连接
7934904,12617396,chem,cholinergic,ampa,5.00,0.50,1,子图 AWC 嗅觉 内部化学连接
7935088,29,chem,cholinergic,ampa,5.00,0.50,8,子图 AWC 嗅觉 内部化学连接
7935088,2612527,chem,cholinergic,ampa,5.00,0.50,1,子图 AWC 嗅觉 内部化学连接
7935088,3844799,chem,cholinergic,ampa,5.00,0.50,4,子图 AWC 嗅觉 内部化学连接
7935088,4119387,chem,cholinergic,ampa,5.00,0.50,5,子图 AWC 嗅觉 内部化学连接
7935088,4393049,chem,cholinergic,ampa,5.00,0.50,1,子图 AWC 嗅觉 内部化学连接
7935088,4700078,chem,cholinergic,ampa,5.00,0.50,2,子图 AWC 嗅觉 内部化学连接
7935088,7503199,chem,cholinergic,ampa,5.00,0.50,1,子图 AWC 嗅觉 内部化学连接
7935088,7934904,chem,cholinergic,ampa,5.00,0.50,3,子图 AWC 嗅觉 内部化学连接
7935088,7935088,chem,cholinergic,ampa,5.00,0.50,1,子图 AWC 嗅觉 内部化学连接
7935088,8243455,chem,cholinergic,ampa,5.00,0.50,1,子图 AWC 嗅觉 内部化学连接
7935088,8276782,chem,cholinergic,ampa,5.00,0.50,3,子图 AWC 嗅觉 内部化学连接
7935088,9589146,chem,cholinergic,ampa,5.00,0.50,1,子图 AWC 嗅觉 内部化学连接
7935088,16318521,chem,cholinergic,ampa,5.00,0.50,1,子图 AWC 嗅觉 内部化学连接
8012953,7198338,chem,cholinergic,ampa,5.00,0.50,1,子图 AWC 嗅觉 内部化学连接
8012953,9971209,chem,cholinergic,ampa,5.00,0.50,1,子图 AWC 嗅觉 内部化学连接
8012953,17423412,chem,cholinergic,ampa,5.00,0.50,4,子图 AWC 嗅觉 内部化学连接
8021456,7852250,chem,cholinergic,ampa,5.00,0.50,1,子图 AWC 嗅觉 内部化学连接
8021456,7865696,chem,cholinergic,ampa,5.00,0.50,1,子图 AWC 嗅觉 内部化学连接
8021456,7873135,chem,cholinergic,ampa,5.00,0.50,1,子图 AWC 嗅觉 内部化学连接
8021456,8276782,chem,cholinergic,ampa,5.00,0.50,1,子图 AWC 嗅觉 内部化学连接
8021456,8704079,chem,cholinergic,ampa,5.00,0.50,1,子图 AWC 嗅觉 内部化学连接
8021456,16259595,chem,cholinergic,ampa,5.00,0.50,4,子图 AWC 嗅觉 内部化学连接
8021456,17423412,chem,cholinergic,ampa,5.00,0.50,1,子图 AWC 嗅觉 内部化学连接
8140109,3844799,chem,cholinergic,ampa,5.00,0.50,3,子图 AWC 嗅觉 内部化学连接
8140109,3869488,chem,cholinergic,ampa,5.00,0.50,1,子图 AWC 嗅觉 内部化学连接
8140109,4119387,chem,cholinergic,ampa,5.00,0.50,10,子图 AWC 嗅觉 内部化学连接
8140109,4391978,chem,cholinergic,ampa,5.00,0.50,1,子图 AWC 嗅觉 内部化学连接
8140109,4393049,chem,cholinergic,ampa,5.00,0.50,1,子图 AWC 嗅觉 内部化学连接
8140109,4679139,chem,cholinergic,ampa,5.00,0.50,1,子图 AWC 嗅觉 内部化学连接
8140109,6451332,chem,cholinergic,ampa,5.00,0.50,1,子图 AWC 嗅觉 内部化学连接
8140109,7503199,chem,cholinergic,ampa,5.00,0.50,3,子图 AWC 嗅觉 内部化学连接
8140109,7935088,chem,cholinergic,ampa,5.00,0.50,2,子图 AWC 嗅觉 内部化学连接
8140109,10167078,chem,cholinergic,ampa,5.00,0.50,2,子图 AWC 嗅觉 内部化学连接
8140109,16318521,chem,cholinergic,ampa,5.00,0.50,2,子图 AWC 嗅觉 内部化学连接
8243455,3538129,chem,cholinergic,ampa,5.00,0.50,2,子图 AWC 嗅觉 内部化学连接
8243455,4119387,chem,cholinergic,ampa,5.00,0.50,6,子图 AWC 嗅觉 内部化学连接
8243455,4393049,chem,cholinergic,ampa,5.00,0.50,3,子图 AWC 嗅觉 内部化学连接
8243455,4679139,chem,cholinergic,ampa,5.00,0.50,1,子图 AWC 嗅觉 内部化学连接
8243455,7934904,chem,cholinergic,ampa,5.00,0.50,1,子图 AWC 嗅觉 内部化学连接
8243455,8244723,chem,cholinergic,ampa,5.00,0.50,2,子图 AWC 嗅觉 内部化学连接
8243455,8244823,chem,cholinergic,ampa,5.00,0.50,1,子图 AWC 嗅觉 内部化学连接
8243455,8252067,chem,cholinergic,ampa,5.00,0.50,1,子图 AWC 嗅觉 内部化学连接
8243455,8253413,chem,cholinergic,ampa,5.00,0.50,1,子图 AWC 嗅觉 内部化学连接
8243455,13038489,chem,cholinergic,ampa,5.00,0.50,1,子图 AWC 嗅觉 内部化学连接
8243455,13589251,chem,cholinergic,ampa,5.00,0.50,1,子图 AWC 嗅觉 内部化学连接
8243455,16515871,chem,cholinergic,ampa,5.00,0.50,1,子图 AWC 嗅觉 内部化学连接
8244723,4119387,chem,cholinergic,ampa,5.00,0.50,14,子图 AWC 嗅觉 内部化学连接
8244723,8244723,chem,cholinergic,ampa,5.00,0.50,1,子图 AWC 嗅觉 内部化学连接
8244723,11279244,chem,cholinergic,ampa,5.00,0.50,1,子图 AWC 嗅觉 内部化学连接
8244723,16795524,chem,cholinergic,ampa,5.00,0.50,1,子图 AWC 嗅觉 内部化学连接
8244823,4119387,chem,cholinergic,ampa,5.00,0.50,8,子图 AWC 嗅觉 内部化学连接
8244823,4391978,chem,cholinergic,ampa,5.00,0.50,1,子图 AWC 嗅觉 内部化学连接
8244823,7934904,chem,cholinergic,ampa,5.00,0.50,1,子图 AWC 嗅觉 内部化学连接
8244823,7935088,chem,cholinergic,ampa,5.00,0.50,1,子图 AWC 嗅觉 内部化学连接
8244823,8244823,chem,cholinergic,ampa,5.00,0.50,1,子图 AWC 嗅觉 内部化学连接
8244823,8245014,chem,cholinergic,ampa,5.00,0.50,1,子图 AWC 嗅觉 内部化学连接
8244823,8245869,chem,cholinergic,ampa,5.00,0.50,1,子图 AWC 嗅觉 内部化学连接
8245014,29,chem,cholinergic,ampa,5.00,0.50,7,子图 AWC 嗅觉 内部化学连接
8245014,3538129,chem,cholinergic,ampa,5.00,0.50,1,子图 AWC 嗅觉 内部化学连接
8245014,4099900,chem,cholinergic,ampa,5.00,0.50,3,子图 AWC 嗅觉 内部化学连接
8245014,4119387,chem,cholinergic,ampa,5.00,0.50,5,子图 AWC 嗅觉 内部化学连接
8245014,8243455,chem,cholinergic,ampa,5.00,0.50,1,子图 AWC 嗅觉 内部化学连接
8245014,8246081,chem,cholinergic,ampa,5.00,0.50,1,子图 AWC 嗅觉 内部化学连接
8245146,8245692,chem,cholinergic,ampa,5.00,0.50,1,子图 AWC 嗅觉 内部化学连接
8245146,8246750,chem,cholinergic,ampa,5.00,0.50,1,子图 AWC 嗅觉 内部化学连接
8245146,8252067,chem,cholinergic,ampa,5.00,0.50,1,子图 AWC 嗅觉 内部化学连接
8245513,3712893,chem,cholinergic,ampa,5.00,0.50,1,子图 AWC 嗅觉 内部化学连接
8245513,4119387,chem,cholinergic,ampa,5.00,0.50,7,子图 AWC 嗅觉 内部化学连接
8245513,4393049,chem,cholinergic,ampa,5.00,0.50,1,子图 AWC 嗅觉 内部化学连接
8245513,4679139,chem,cholinergic,ampa,5.00,0.50,2,子图 AWC 嗅觉 内部化学连接
8245513,7719547,chem,cholinergic,ampa,5.00,0.50,1,子图 AWC 嗅觉 内部化学连接
8245513,7934904,chem,cholinergic,ampa,5.00,0.50,1,子图 AWC 嗅觉 内部化学连接
8245513,8243455,chem,cholinergic,ampa,5.00,0.50,1,子图 AWC 嗅觉 内部化学连接
8245513,8245513,chem,cholinergic,ampa,5.00,0.50,1,子图 AWC 嗅觉 内部化学连接
8245513,8247451,chem,cholinergic,ampa,5.00,0.50,1,子图 AWC 嗅觉 内部化学连接
8245513,8253413,chem,cholinergic,ampa,5.00,0.50,1,子图 AWC 嗅觉 内部化学连接
8245513,13589251,chem,cholinergic,ampa,5.00,0.50,1,子图 AWC 嗅觉 内部化学连接
8245513,16735586,chem,cholinergic,ampa,5.00,0.50,1,子图 AWC 嗅觉 内部化学连接
8245692,4099900,chem,cholinergic,ampa,5.00,0.50,1,子图 AWC 嗅觉 内部化学连接
8245692,4119387,chem,cholinergic,ampa,5.00,0.50,24,子图 AWC 嗅觉 内部化学连接
8245692,4651929,chem,cholinergic,ampa,5.00,0.50,1,子图 AWC 嗅觉 内部化学连接
8245692,8140109,chem,cholinergic,ampa,5.00,0.50,1,子图 AWC 嗅觉 内部化学连接
8245692,8244723,chem,cholinergic,ampa,5.00,0.50,3,子图 AWC 嗅觉 内部化学连接
8245692,8245513,chem,cholinergic,ampa,5.00,0.50,3,子图 AWC 嗅觉 内部化学连接
8245692,8245869,chem,cholinergic,ampa,5.00,0.50,1,子图 AWC 嗅觉 内部化学连接
8245692,16515871,chem,cholinergic,ampa,5.00,0.50,1,子图 AWC 嗅觉 内部化学连接
8245869,4119387,chem,cholinergic,ampa,5.00,0.50,13,子图 AWC 嗅觉 内部化学连接
8245869,4391978,chem,cholinergic,ampa,5.00,0.50,1,子图 AWC 嗅觉 内部化学连接
8245869,4651929,chem,cholinergic,ampa,5.00,0.50,2,子图 AWC 嗅觉 内部化学连接
8245869,7934904,chem,cholinergic,ampa,5.00,0.50,1,子图 AWC 嗅觉 内部化学连接
8245869,8243455,chem,cholinergic,ampa,5.00,0.50,1,子图 AWC 嗅觉 内部化学连接
8245869,8244823,chem,cholinergic,ampa,5.00,0.50,2,子图 AWC 嗅觉 内部化学连接
8245869,8245692,chem,cholinergic,ampa,5.00,0.50,2,子图 AWC 嗅觉 内部化学连接
8245869,8245869,chem,cholinergic,ampa,5.00,0.50,1,子图 AWC 嗅觉 内部化学连接
8245869,8246081,chem,cholinergic,ampa,5.00,0.50,1,子图 AWC 嗅觉 内部化学连接
8245869,8252067,chem,cholinergic,ampa,5.00,0.50,1,子图 AWC 嗅觉 内部化学连接
8246081,29,chem,cholinergic,ampa,5.00,0.50,10,子图 AWC 嗅觉 内部化学连接
8246081,4119387,chem,cholinergic,ampa,5.00,0.50,22,子图 AWC 嗅觉 内部化学连接
8246081,4152020,chem,cholinergic,ampa,5.00,0.50,1,子图 AWC 嗅觉 内部化学连接
8246081,4391978,chem,cholinergic,ampa,5.00,0.50,2,子图 AWC 嗅觉 内部化学连接
8246081,4679139,chem,cholinergic,ampa,5.00,0.50,1,子图 AWC 嗅觉 内部化学连接
8246081,7503199,chem,cholinergic,ampa,5.00,0.50,1,子图 AWC 嗅觉 内部化学连接
8246081,8244823,chem,cholinergic,ampa,5.00,0.50,1,子图 AWC 嗅觉 内部化学连接
8246081,8245869,chem,cholinergic,ampa,5.00,0.50,1,子图 AWC 嗅觉 内部化学连接
8246081,8246081,chem,cholinergic,ampa,5.00,0.50,1,子图 AWC 嗅觉 内部化学连接
8246081,8247451,chem,cholinergic,ampa,5.00,0.50,1,子图 AWC 嗅觉 内部化学连接
8246081,8248631,chem,cholinergic,ampa,5.00,0.50,2,子图 AWC 嗅觉 内部化学连接
8246081,8252067,chem,cholinergic,ampa,5.00,0.50,3,子图 AWC 嗅觉 内部化学连接
8246081,8256186,chem,cholinergic,ampa,5.00,0.50,2,子图 AWC 嗅觉 内部化学连接
8246081,13038489,chem,cholinergic,ampa,5.00,0.50,1,子图 AWC 嗅觉 内部化学连接
8246750,3538129,chem,cholinergic,ampa,5.00,0.50,3,子图 AWC 嗅觉 内部化学连接
8246750,4119387,chem,cholinergic,ampa,5.00,0.50,11,子图 AWC 嗅觉 内部化学连接
8246750,8245014,chem,cholinergic,ampa,5.00,0.50,1,子图 AWC 嗅觉 内部化学连接
8246750,8245692,chem,cholinergic,ampa,5.00,0.50,1,子图 AWC 嗅觉 内部化学连接
8246750,8245869,chem,cholinergic,ampa,5.00,0.50,2,子图 AWC 嗅觉 内部化学连接
8246750,8246081,chem,cholinergic,ampa,5.00,0.50,1,子图 AWC 嗅觉 内部化学连接
8246750,8253413,chem,cholinergic,ampa,5.00,0.50,2,子图 AWC 嗅觉 内部化学连接
8246750,11543212,chem,cholinergic,ampa,5.00,0.50,1,子图 AWC 嗅觉 内部化学连接
8246750,13038489,chem,cholinergic,ampa,5.00,0.50,1,子图 AWC 嗅觉 内部化学连接
8247451,29,chem,cholinergic,ampa,5.00,0.50,14,子图 AWC 嗅觉 内部化学连接
8247451,3538129,chem,cholinergic,ampa,5.00,0.50,3,子图 AWC 嗅觉 内部化学连接
8247451,4119387,chem,cholinergic,ampa,5.00,0.50,7,子图 AWC 嗅觉 内部化学连接
8247451,4393049,chem,cholinergic,ampa,5.00,0.50,1,子图 AWC 嗅觉 内部化学连接
8247451,4679139,chem,cholinergic,ampa,5.00,0.50,3,子图 AWC 嗅觉 内部化学连接
8247451,6451332,chem,cholinergic,ampa,5.00,0.50,2,子图 AWC 嗅觉 内部化学连接
8247451,8140109,chem,cholinergic,ampa,5.00,0.50,1,子图 AWC 嗅觉 内部化学连接
8247451,8244823,chem,cholinergic,ampa,5.00,0.50,1,子图 AWC 嗅觉 内部化学连接
8247451,8245146,chem,cholinergic,ampa,5.00,0.50,1,子图 AWC 嗅觉 内部化学连接
8247451,13589251,chem,cholinergic,ampa,5.00,0.50,1,子图 AWC 嗅觉 内部化学连接
8248631,4119387,chem,cholinergic,ampa,5.00,0.50,6,子图 AWC 嗅觉 内部化学连接
8248631,4324898,chem,cholinergic,ampa,5.00,0.50,1,子图 AWC 嗅觉 内部化学连接
8248631,8246081,chem,cholinergic,ampa,5.00,0.50,2,子图 AWC 嗅觉 内部化学连接
8248631,8252067,chem,cholinergic,ampa,5.00,0.50,1,子图 AWC 嗅觉 内部化学连接
8248631,16795524,chem,cholinergic,ampa,5.00,0.50,1,子图 AWC 嗅觉 内部化学连接
8248631,17884299,chem,cholinergic,ampa,5.00,0.50,1,子图 AWC 嗅觉 内部化学连接
8252067,4119387,chem,cholinergic,ampa,5.00,0.50,5,子图 AWC 嗅觉 内部化学连接
8252067,4152020,chem,cholinergic,ampa,5.00,0.50,1,子图 AWC 嗅觉 内部化学连接
8252067,4391978,chem,cholinergic,ampa,5.00,0.50,1,子图 AWC 嗅觉 内部化学连接
8252067,4393049,chem,cholinergic,ampa,5.00,0.50,1,子图 AWC 嗅觉 内部化学连接
8252067,7503199,chem,cholinergic,ampa,5.00,0.50,1,子图 AWC 嗅觉 内部化学连接
8252067,7934904,chem,cholinergic,ampa,5.00,0.50,1,子图 AWC 嗅觉 内部化学连接
8252067,8245692,chem,cholinergic,ampa,5.00,0.50,1,子图 AWC 嗅觉 内部化学连接
8252067,8245869,chem,cholinergic,ampa,5.00,0.50,3,子图 AWC 嗅觉 内部化学连接
8252067,8246081,chem,cholinergic,ampa,5.00,0.50,2,子图 AWC 嗅觉 内部化学连接
8252067,8248631,chem,cholinergic,ampa,5.00,0.50,1,子图 AWC 嗅觉 内部化学连接
8252067,10990803,chem,cholinergic,ampa,5.00,0.50,1,子图 AWC 嗅觉 内部化学连接
8252067,16515871,chem,cholinergic,ampa,5.00,0.50,2,子图 AWC 嗅觉 内部化学连接
8252067,16735586,chem,cholinergic,ampa,5.00,0.50,1,子图 AWC 嗅觉 内部化学连接
8252067,16795524,chem,cholinergic,ampa,5.00,0.50,1,子图 AWC 嗅觉 内部化学连接
8252067,16795838,chem,cholinergic,ampa,5.00,0.50,1,子图 AWC 嗅觉 内部化学连接
8252067,17884299,chem,cholinergic,ampa,5.00,0.50,2,子图 AWC 嗅觉 内部化学连接
8253413,29,chem,cholinergic,ampa,5.00,0.50,5,子图 AWC 嗅觉 内部化学连接
8253413,3538129,chem,cholinergic,ampa,5.00,0.50,2,子图 AWC 嗅觉 内部化学连接
8253413,3813723,chem,cholinergic,ampa,5.00,0.50,1,子图 AWC 嗅觉 内部化学连接
8253413,4119387,chem,cholinergic,ampa,5.00,0.50,4,子图 AWC 嗅觉 内部化学连接
8253413,4651929,chem,cholinergic,ampa,5.00,0.50,1,子图 AWC 嗅觉 内部化学连接
8253413,4679139,chem,cholinergic,ampa,5.00,0.50,3,子图 AWC 嗅觉 内部化学连接
8253413,8243455,chem,cholinergic,ampa,5.00,0.50,1,子图 AWC 嗅觉 内部化学连接
8253413,8246750,chem,cholinergic,ampa,5.00,0.50,1,子图 AWC 嗅觉 内部化学连接
8253413,8253413,chem,cholinergic,ampa,5.00,0.50,1,子图 AWC 嗅觉 内部化学连接
8253413,11543212,chem,cholinergic,ampa,5.00,0.50,2,子图 AWC 嗅觉 内部化学连接
8253413,16795524,chem,cholinergic,ampa,5.00,0.50,1,子图 AWC 嗅觉 内部化学连接
8254894,3650006,chem,cholinergic,ampa,5.00,0.50,1,子图 AWC 嗅觉 内部化学连接
8254894,3844799,chem,cholinergic,ampa,5.00,0.50,1,子图 AWC 嗅觉 内部化学连接
8254894,13038489,chem,cholinergic,ampa,5.00,0.50,1,子图 AWC 嗅觉 内部化学连接
8254894,16318521,chem,cholinergic,ampa,5.00,0.50,1,子图 AWC 嗅觉 内部化学连接
8256186,4119387,chem,cholinergic,ampa,5.00,0.50,15,子图 AWC 嗅觉 内部化学连接
8256186,4679139,chem,cholinergic,ampa,5.00,0.50,6,子图 AWC 嗅觉 内部化学连接
8256186,4700078,chem,cholinergic,ampa,5.00,0.50,7,子图 AWC 嗅觉 内部化学连接
8256186,7503199,chem,cholinergic,ampa,5.00,0.50,3,子图 AWC 嗅觉 内部化学连接
8256186,8140109,chem,cholinergic,ampa,5.00,0.50,1,子图 AWC 嗅觉 内部化学连接
8256186,8243455,chem,cholinergic,ampa,5.00,0.50,1,子图 AWC 嗅觉 内部化学连接
8256186,8246081,chem,cholinergic,ampa,5.00,0.50,1,子图 AWC 嗅觉 内部化学连接
8256186,8247451,chem,cholinergic,ampa,5.00,0.50,1,子图 AWC 嗅觉 内部化学连接
8256186,8252067,chem,cholinergic,ampa,5.00,0.50,5,子图 AWC 嗅觉 内部化学连接
8276782,2568522,chem,cholinergic,ampa,5.00,0.50,5,子图 AWC 嗅觉 内部化学连接
8276782,3450442,chem,cholinergic,ampa,5.00,0.50,4,子图 AWC 嗅觉 内部化学连接
8276782,3450751,chem,cholinergic,ampa,5.00,0.50,3,子图 AWC 嗅觉 内部化学连接
8276782,3511996,chem,cholinergic,ampa,5.00,0.50,1,子图 AWC 嗅觉 内部化学连接
8276782,5261424,chem,cholinergic,ampa,5.00,0.50,1,子图 AWC 嗅觉 内部化学连接
8276782,8021456,chem,cholinergic,ampa,5.00,0.50,1,子图 AWC 嗅觉 内部化学连接
8276782,8276782,chem,cholinergic,ampa,5.00,0.50,1,子图 AWC 嗅觉 内部化学连接
8276782,8293958,chem,cholinergic,ampa,5.00,0.50,1,子图 AWC 嗅觉 内部化学连接
8276782,8704079,chem,cholinergic,ampa,5.00,0.50,2,子图 AWC 嗅觉 内部化学连接
8276782,9589146,chem,cholinergic,ampa,5.00,0.50,5,子图 AWC 嗅觉 内部化学连接
8276782,11037238,chem,cholinergic,ampa,5.00,0.50,1,子图 AWC 嗅觉 内部化学连接
8276782,11123016,chem,cholinergic,ampa,5.00,0.50,3,子图 AWC 嗅觉 内部化学连接
8276782,11543212,chem,cholinergic,ampa,5.00,0.50,1,子图 AWC 嗅觉 内部化学连接
8276782,12360656,chem,cholinergic,ampa,5.00,0.50,1,子图 AWC 嗅觉 内部化学连接
8276782,12617396,chem,cholinergic,ampa,5.00,0.50,1,子图 AWC 嗅觉 内部化学连接
8276782,16795524,chem,cholinergic,ampa,5.00,0.50,3,子图 AWC 嗅觉 内部化学连接
8276782,16795838,chem,cholinergic,ampa,5.00,0.50,2,子图 AWC 嗅觉 内部化学连接
8276782,17743170,chem,cholinergic,ampa,5.00,0.50,1,子图 AWC 嗅觉 内部化学连接
8276782,19298625,chem,cholinergic,ampa,5.00,0.50,7,子图 AWC 嗅觉 内部化学连接
8293958,2439134,chem,cholinergic,ampa,5.00,0.50,28,子图 AWC 嗅觉 内部化学连接
8293958,3991518,chem,cholinergic,ampa,5.00,0.50,2,子图 AWC 嗅觉 内部化学连接
8293958,4260935,chem,cholinergic,ampa,5.00,0.50,3,子图 AWC 嗅觉 内部化学连接
8293958,4985759,chem,cholinergic,ampa,5.00,0.50,5,子图 AWC 嗅觉 内部化学连接
8293958,8293958,chem,cholinergic,ampa,5.00,0.50,4,子图 AWC 嗅觉 内部化学连接
8293958,9747710,chem,cholinergic,ampa,5.00,0.50,1,子图 AWC 嗅觉 内部化学连接
8293958,10990803,chem,cholinergic,ampa,5.00,0.50,2,子图 AWC 嗅觉 内部化学连接
8293958,11067379,chem,cholinergic,ampa,5.00,0.50,2,子图 AWC 嗅觉 内部化学连接
8293958,11123016,chem,cholinergic,ampa,5.00,0.50,7,子图 AWC 嗅觉 内部化学连接
8293958,16795524,chem,cholinergic,ampa,5.00,0.50,2,子图 AWC 嗅觉 内部化学连接
8293958,17743170,chem,cholinergic,ampa,5.00,0.50,1,子图 AWC 嗅觉 内部化学连接
8399890,6451332,chem,cholinergic,ampa,5.00,0.50,2,子图 AWC 嗅觉 内部化学连接
8399890,7515491,chem,cholinergic,ampa,5.00,0.50,4,子图 AWC 嗅觉 内部化学连接
8399890,8276782,chem,cholinergic,ampa,5.00,0.50,3,子图 AWC 嗅觉 内部化学连接
8399890,17423412,chem,cholinergic,ampa,5.00,0.50,1,子图 AWC 嗅觉 内部化学连接
8399890,17743170,chem,cholinergic,ampa,5.00,0.50,3,子图 AWC 嗅觉 内部化学连接
8480221,3450442,chem,cholinergic,ampa,5.00,0.50,14,子图 AWC 嗅觉 内部化学连接
8480221,3511996,chem,cholinergic,ampa,5.00,0.50,1,子图 AWC 嗅觉 内部化学连接
8480221,7843730,chem,cholinergic,ampa,5.00,0.50,1,子图 AWC 嗅觉 内部化学连接
8480221,7934904,chem,cholinergic,ampa,5.00,0.50,1,子图 AWC 嗅觉 内部化学连接
8480221,8399890,chem,cholinergic,ampa,5.00,0.50,2,子图 AWC 嗅觉 内部化学连接
8480221,8509534,chem,cholinergic,ampa,5.00,0.50,1,子图 AWC 嗅觉 内部化学连接
8480221,8704079,chem,cholinergic,ampa,5.00,0.50,1,子图 AWC 嗅觉 内部化学连接
8480221,9589146,chem,cholinergic,ampa,5.00,0.50,3,子图 AWC 嗅觉 内部化学连接
8480221,11037238,chem,cholinergic,ampa,5.00,0.50,5,子图 AWC 嗅觉 内部化学连接
8509534,3450751,chem,cholinergic,ampa,5.00,0.50,1,子图 AWC 嗅觉 内部化学连接
8509534,8078096,chem,cholinergic,ampa,5.00,0.50,9,子图 AWC 嗅觉 内部化学连接
8704079,2568522,chem,cholinergic,ampa,5.00,0.50,1,子图 AWC 嗅觉 内部化学连接
8704079,3450751,chem,cholinergic,ampa,5.00,0.50,2,子图 AWC 嗅觉 内部化学连接
8704079,3486381,chem,cholinergic,ampa,5.00,0.50,1,子图 AWC 嗅觉 内部化学连接
8704079,3538129,chem,cholinergic,ampa,5.00,0.50,3,子图 AWC 嗅觉 内部化学连接
8704079,7843730,chem,cholinergic,ampa,5.00,0.50,1,子图 AWC 嗅觉 内部化学连接
8704079,7865767,chem,cholinergic,ampa,5.00,0.50,1,子图 AWC 嗅觉 内部化学连接
8704079,7916593,chem,cholinergic,ampa,5.00,0.50,1,子图 AWC 嗅觉 内部化学连接
8704079,8276782,chem,cholinergic,ampa,5.00,0.50,3,子图 AWC 嗅觉 内部化学连接
8704079,8293958,chem,cholinergic,ampa,5.00,0.50,1,子图 AWC 嗅觉 内部化学连接
8704079,8704079,chem,cholinergic,ampa,5.00,0.50,1,子图 AWC 嗅觉 内部化学连接
8704079,9589146,chem,cholinergic,ampa,5.00,0.50,1,子图 AWC 嗅觉 内部化学连接
8704079,9971209,chem,cholinergic,ampa,5.00,0.50,3,子图 AWC 嗅觉 内部化学连接
9119558,3538129,chem,cholinergic,ampa,5.00,0.50,2,子图 AWC 嗅觉 内部化学连接
9119558,3869488,chem,cholinergic,ampa,5.00,0.50,1,子图 AWC 嗅觉 内部化学连接
9119558,4099900,chem,cholinergic,ampa,5.00,0.50,1,子图 AWC 嗅觉 内部化学连接
9119558,4152020,chem,cholinergic,ampa,5.00,0.50,1,子图 AWC 嗅觉 内部化学连接
9119558,4327684,chem,cholinergic,ampa,5.00,0.50,1,子图 AWC 嗅觉 内部化学连接
9119558,4393049,chem,cholinergic,ampa,5.00,0.50,1,子图 AWC 嗅觉 内部化学连接
9119558,6451332,chem,cholinergic,ampa,5.00,0.50,6,子图 AWC 嗅觉 内部化学连接
9119558,7503199,chem,cholinergic,ampa,5.00,0.50,1,子图 AWC 嗅觉 内部化学连接
9119558,8252067,chem,cholinergic,ampa,5.00,0.50,1,子图 AWC 嗅觉 内部化学连接
9119558,8293958,chem,cholinergic,ampa,5.00,0.50,2,子图 AWC 嗅觉 内部化学连接
9119558,8480221,chem,cholinergic,ampa,5.00,0.50,1,子图 AWC 嗅觉 内部化学连接
9119558,8704079,chem,cholinergic,ampa,5.00,0.50,2,子图 AWC 嗅觉 内部化学连接
9119558,9119558,chem,cholinergic,ampa,5.00,0.50,1,子图 AWC 嗅觉 内部化学连接
9119558,10955244,chem,cholinergic,ampa,5.00,0.50,1,子图 AWC 嗅觉 内部化学连接
9119558,10990803,chem,cholinergic,ampa,5.00,0.50,16,子图 AWC 嗅觉 内部化学连接
9119558,16795524,chem,cholinergic,ampa,5.00,0.50,2,子图 AWC 嗅觉 内部化学连接
9291474,3690921,chem,other,none,5.00,0.50,1,子图 AWC 嗅觉 内部化学连接
9291474,4152020,chem,other,none,5.00,0.50,1,子图 AWC 嗅觉 内部化学连接
9291474,4620453,chem,other,none,5.00,0.50,1,子图 AWC 嗅觉 内部化学连接
9589146,2612527,chem,cholinergic,ampa,5.00,0.50,1,子图 AWC 嗅觉 内部化学连接
9589146,3450442,chem,cholinergic,ampa,5.00,0.50,2,子图 AWC 嗅觉 内部化学连接
9589146,9119558,chem,cholinergic,ampa,5.00,0.50,1,子图 AWC 嗅觉 内部化学连接
9589146,9589146,chem,cholinergic,ampa,5.00,0.50,1,子图 AWC 嗅觉 内部化学连接
9589146,11067379,chem,cholinergic,ampa,5.00,0.50,1,子图 AWC 嗅觉 内部化学连接
9589146,12424328,chem,cholinergic,ampa,5.00,0.50,1,子图 AWC 嗅觉 内部化学连接
9589146,12617396,chem,cholinergic,ampa,5.00,0.50,1,子图 AWC 嗅觉 内部化学连接
9589146,19298625,chem,cholinergic,ampa,5.00,0.50,1,子图 AWC 嗅觉 内部化学连接
9747710,3002410,chem,cholinergic,ampa,5.00,0.50,2,子图 AWC 嗅觉 内部化学连接
9747710,3690921,chem,cholinergic,ampa,5.00,0.50,9,子图 AWC 嗅觉 内部化学连接
9747710,3712893,chem,cholinergic,ampa,5.00,0.50,2,子图 AWC 嗅觉 内部化学连接
9747710,3869488,chem,cholinergic,ampa,5.00,0.50,12,子图 AWC 嗅觉 内部化学连接
9747710,3991518,chem,cholinergic,ampa,5.00,0.50,24,子图 AWC 嗅觉 内部化学连接
9747710,4108016,chem,cholinergic,ampa,5.00,0.50,4,子图 AWC 嗅觉 内部化学连接
9747710,4154421,chem,cholinergic,ampa,5.00,0.50,10,子图 AWC 嗅觉 内部化学连接
9747710,4620453,chem,cholinergic,ampa,5.00,0.50,1,子图 AWC 嗅觉 内部化学连接
9747710,4985759,chem,cholinergic,ampa,5.00,0.50,3,子图 AWC 嗅觉 内部化学连接
9747710,8293958,chem,cholinergic,ampa,5.00,0.50,23,子图 AWC 嗅觉 内部化学连接
9747710,8704079,chem,cholinergic,ampa,5.00,0.50,1,子图 AWC 嗅觉 内部化学连接
9747710,9291474,chem,cholinergic,ampa,5.00,0.50,1,子图 AWC 嗅觉 内部化学连接
9747710,9747710,chem,cholinergic,ampa,5.00,0.50,7,子图 AWC 嗅觉 内部化学连接
9747710,11067379,chem,cholinergic,ampa,5.00,0.50,2,子图 AWC 嗅觉 内部化学连接
9747710,11543212,chem,cholinergic,ampa,5.00,0.50,1,子图 AWC 嗅觉 内部化学连接
9747710,16735586,chem,cholinergic,ampa,5.00,0.50,2,子图 AWC 嗅觉 内部化学连接
9747710,16795524,chem,cholinergic,ampa,5.00,0.50,5,子图 AWC 嗅觉 内部化学连接
9747710,16795838,chem,cholinergic,ampa,5.00,0.50,4,子图 AWC 嗅觉 内部化学连接
9971209,7107433,chem,other,none,5.00,0.50,2,子图 AWC 嗅觉 内部化学连接
9971209,8021456,chem,other,none,5.00,0.50,2,子图 AWC 嗅觉 内部化学连接
9971209,17423412,chem,other,none,5.00,0.50,1,子图 AWC 嗅觉 内部化学连接
10160250,4391978,chem,cholinergic,ampa,5.00,0.50,1,子图 AWC 嗅觉 内部化学连接
10160250,4620453,chem,cholinergic,ampa,5.00,0.50,1,子图 AWC 嗅觉 内部化学连接
10160250,4700078,chem,cholinergic,ampa,5.00,0.50,4,子图 AWC 嗅觉 内部化学连接
10160250,10160250,chem,cholinergic,ampa,5.00,0.50,1,子图 AWC 嗅觉 内部化学连接
10160250,10167078,chem,cholinergic,ampa,5.00,0.50,2,子图 AWC 嗅觉 内部化学连接
10160250,11157622,chem,cholinergic,ampa,5.00,0.50,8,子图 AWC 嗅觉 内部化学连接
10160250,15547235,chem,cholinergic,ampa,5.00,0.50,9,子图 AWC 嗅觉 内部化学连接
10160250,16735586,chem,cholinergic,ampa,5.00,0.50,2,子图 AWC 嗅觉 内部化学连接
10167078,16735586,chem,cholinergic,ampa,5.00,0.50,2,子图 AWC 嗅觉 内部化学连接
10990803,2612527,chem,cholinergic,ampa,5.00,0.50,1,子图 AWC 嗅觉 内部化学连接
10990803,3538129,chem,cholinergic,ampa,5.00,0.50,1,子图 AWC 嗅觉 内部化学连接
10990803,3756659,chem,cholinergic,ampa,5.00,0.50,1,子图 AWC 嗅觉 内部化学连接
10990803,3814635,chem,cholinergic,ampa,5.00,0.50,1,子图 AWC 嗅觉 内部化学连接
10990803,4099900,chem,cholinergic,ampa,5.00,0.50,3,子图 AWC 嗅觉 内部化学连接
10990803,4260935,chem,cholinergic,ampa,5.00,0.50,1,子图 AWC 嗅觉 内部化学连接
10990803,4327684,chem,cholinergic,ampa,5.00,0.50,1,子图 AWC 嗅觉 内部化学连接
10990803,6451332,chem,cholinergic,ampa,5.00,0.50,2,子图 AWC 嗅觉 内部化学连接
10990803,8293958,chem,cholinergic,ampa,5.00,0.50,1,子图 AWC 嗅觉 内部化学连接
10990803,9119558,chem,cholinergic,ampa,5.00,0.50,27,子图 AWC 嗅觉 内部化学连接
10990803,10955244,chem,cholinergic,ampa,5.00,0.50,1,子图 AWC 嗅觉 内部化学连接
10990803,11123016,chem,cholinergic,ampa,5.00,0.50,2,子图 AWC 嗅觉 内部化学连接
10990803,16795838,chem,cholinergic,ampa,5.00,0.50,1,子图 AWC 嗅觉 内部化学连接
10990803,18740553,chem,cholinergic,ampa,5.00,0.50,1,子图 AWC 嗅觉 内部化学连接
11037238,7719118,chem,other,none,5.00,0.50,1,子图 AWC 嗅觉 内部化学连接
11067379,7092417,chem,cholinergic,ampa,5.00,0.50,2,子图 AWC 嗅觉 内部化学连接
11067379,7852250,chem,cholinergic,ampa,5.00,0.50,1,子图 AWC 嗅觉 内部化学连接
11067379,7865652,chem,cholinergic,ampa,5.00,0.50,1,子图 AWC 嗅觉 内部化学连接
11067379,7873135,chem,cholinergic,ampa,5.00,0.50,1,子图 AWC 嗅觉 内部化学连接
11067379,7916593,chem,cholinergic,ampa,5.00,0.50,1,子图 AWC 嗅觉 内部化学连接
11067379,8276782,chem,cholinergic,ampa,5.00,0.50,1,子图 AWC 嗅觉 内部化学连接
11067379,9589146,chem,cholinergic,ampa,5.00,0.50,1,子图 AWC 嗅觉 内部化学连接
11067379,10955244,chem,cholinergic,ampa,5.00,0.50,1,子图 AWC 嗅觉 内部化学连接
11067379,11067379,chem,cholinergic,ampa,5.00,0.50,1,子图 AWC 嗅觉 内部化学连接
11123016,4260935,chem,other,none,5.00,0.50,1,子图 AWC 嗅觉 内部化学连接
11123016,4985759,chem,other,none,5.00,0.50,1,子图 AWC 嗅觉 内部化学连接
11123016,8293958,chem,other,none,5.00,0.50,3,子图 AWC 嗅觉 内部化学连接
11123016,9119558,chem,other,none,5.00,0.50,1,子图 AWC 嗅觉 内部化学连接
11123016,9747710,chem,other,none,5.00,0.50,1,子图 AWC 嗅觉 内部化学连接
11123016,10990803,chem,other,none,5.00,0.50,3,子图 AWC 嗅觉 内部化学连接
11123016,11543212,chem,other,none,5.00,0.50,2,子图 AWC 嗅觉 内部化学连接
11123016,16795524,chem,other,none,5.00,0.50,1,子图 AWC 嗅觉 内部化学连接
11123016,16795838,chem,other,none,5.00,0.50,4,子图 AWC 嗅觉 内部化学连接
11123016,17743170,chem,other,none,5.00,0.50,1,子图 AWC 嗅觉 内部化学连接
11157622,4324898,chem,cholinergic,ampa,5.00,0.50,7,子图 AWC 嗅觉 内部化学连接
11157622,10160250,chem,cholinergic,ampa,5.00,0.50,2,子图 AWC 嗅觉 内部化学连接
11157622,11714576,chem,cholinergic,ampa,5.00,0.50,4,子图 AWC 嗅觉 内部化学连接
11157622,15547235,chem,cholinergic,ampa,5.00,0.50,1,子图 AWC 嗅觉 内部化学连接
11248536,7719118,chem,other,none,5.00,0.50,1,子图 AWC 嗅觉 内部化学连接
11279244,29,chem,cholinergic,ampa,5.00,0.50,1,子图 AWC 嗅觉 内部化学连接
11279244,3538129,chem,cholinergic,ampa,5.00,0.50,1,子图 AWC 嗅觉 内部化学连接
11279244,3712893,chem,cholinergic,ampa,5.00,0.50,1,子图 AWC 嗅觉 内部化学连接
11279244,4099900,chem,cholinergic,ampa,5.00,0.50,2,子图 AWC 嗅觉 内部化学连接
11279244,4119387,chem,cholinergic,ampa,5.00,0.50,4,子图 AWC 嗅觉 内部化学连接
11279244,4651929,chem,cholinergic,ampa,5.00,0.50,1,子图 AWC 嗅觉 内部化学连接
11279244,4700078,chem,cholinergic,ampa,5.00,0.50,1,子图 AWC 嗅觉 内部化学连接
11279244,7935088,chem,cholinergic,ampa,5.00,0.50,2,子图 AWC 嗅觉 内部化学连接
11279244,8244723,chem,cholinergic,ampa,5.00,0.50,2,子图 AWC 嗅觉 内部化学连接
11279244,8245869,chem,cholinergic,ampa,5.00,0.50,1,子图 AWC 嗅觉 内部化学连接
11279244,10990803,chem,cholinergic,ampa,5.00,0.50,1,子图 AWC 嗅觉 内部化学连接
11279244,13589251,chem,cholinergic,ampa,5.00,0.50,1,子图 AWC 嗅觉 内部化学连接
11279244,13858824,chem,cholinergic,ampa,5.00,0.50,1,子图 AWC 嗅觉 内部化学连接
11279244,16515871,chem,cholinergic,ampa,5.00,0.50,1,子图 AWC 嗅觉 内部化学连接
11279244,16795838,chem,cholinergic,ampa,5.00,0.50,1,子图 AWC 嗅觉 内部化学连接
11333054,7198338,chem,cholinergic,ampa,5.00,0.50,1,子图 AWC 嗅觉 内部化学连接
11333054,7845346,chem,cholinergic,ampa,5.00,0.50,1,子图 AWC 嗅觉 内部化学连接
11333054,8012953,chem,cholinergic,ampa,5.00,0.50,2,子图 AWC 嗅觉 内部化学连接
11333054,8293958,chem,cholinergic,ampa,5.00,0.50,2,子图 AWC 嗅觉 内部化学连接
11333054,12225666,chem,cholinergic,ampa,5.00,0.50,2,子图 AWC 嗅觉 内部化学连接
11543212,2439134,chem,cholinergic,ampa,5.00,0.50,6,子图 AWC 嗅觉 内部化学连接
11543212,3712893,chem,cholinergic,ampa,5.00,0.50,5,子图 AWC 嗅觉 内部化学连接
11543212,3869488,chem,cholinergic,ampa,5.00,0.50,1,子图 AWC 嗅觉 内部化学连接
11543212,4099900,chem,cholinergic,ampa,5.00,0.50,2,子图 AWC 嗅觉 内部化学连接
11543212,4152020,chem,cholinergic,ampa,5.00,0.50,8,子图 AWC 嗅觉 内部化学连接
11543212,7092086,chem,cholinergic,ampa,5.00,0.50,1,子图 AWC 嗅觉 内部化学连接
11543212,9291474,chem,cholinergic,ampa,5.00,0.50,2,子图 AWC 嗅觉 内部化学连接
11543212,10955244,chem,cholinergic,ampa,5.00,0.50,6,子图 AWC 嗅觉 内部化学连接
11543212,11248536,chem,cholinergic,ampa,5.00,0.50,6,子图 AWC 嗅觉 内部化学连接
11543212,11543212,chem,cholinergic,ampa,5.00,0.50,2,子图 AWC 嗅觉 内部化学连接
11543212,17743170,chem,cholinergic,ampa,5.00,0.50,2,子图 AWC 嗅觉 内部化学连接
11714576,10167078,chem,other,none,5.00,0.50,1,子图 AWC 嗅觉 内部化学连接
11889676,14313750,chem,other,none,5.00,0.50,5,子图 AWC 嗅觉 内部化学连接
11889676,17423412,chem,other,none,5.00,0.50,1,子图 AWC 嗅觉 内部化学连接
11934107,3650006,chem,cholinergic,ampa,5.00,0.50,1,子图 AWC 嗅觉 内部化学连接
11934107,3844961,chem,cholinergic,ampa,5.00,0.50,2,子图 AWC 嗅觉 内部化学连接
11934107,11934107,chem,cholinergic,ampa,5.00,0.50,1,子图 AWC 嗅觉 内部化学连接
11934107,12617396,chem,cholinergic,ampa,5.00,0.50,1,子图 AWC 嗅觉 内部化学连接
11986594,3844961,chem,cholinergic,ampa,5.00,0.50,1,子图 AWC 嗅觉 内部化学连接
11986594,11934107,chem,cholinergic,ampa,5.00,0.50,3,子图 AWC 嗅觉 内部化学连接
11986594,11986594,chem,cholinergic,ampa,5.00,0.50,1,子图 AWC 嗅觉 内部化学连接
12225666,9971209,chem,cholinergic,ampa,5.00,0.50,5,子图 AWC 嗅觉 内部化学连接
12360656,5679304,chem,cholinergic,ampa,5.00,0.50,9,子图 AWC 嗅觉 内部化学连接
12360656,11934107,chem,cholinergic,ampa,5.00,0.50,1,子图 AWC 嗅觉 内部化学连接
12424328,2612527,chem,cholinergic,ampa,5.00,0.50,1,子图 AWC 嗅觉 内部化学连接
12424328,7168356,chem,cholinergic,ampa,5.00,0.50,1,子图 AWC 嗅觉 内部化学连接
12424328,9589146,chem,cholinergic,ampa,5.00,0.50,2,子图 AWC 嗅觉 内部化学连接
12424328,9971209,chem,cholinergic,ampa,5.00,0.50,1,子图 AWC 嗅觉 内部化学连接
12424328,12424328,chem,cholinergic,ampa,5.00,0.50,3,子图 AWC 嗅觉 内部化学连接
12617396,3650006,chem,cholinergic,ampa,5.00,0.50,1,子图 AWC 嗅觉 内部化学连接
12617396,7934904,chem,cholinergic,ampa,5.00,0.50,1,子图 AWC 嗅觉 内部化学连接
12617396,8480221,chem,cholinergic,ampa,5.00,0.50,1,子图 AWC 嗅觉 内部化学连接
12617396,9589146,chem,cholinergic,ampa,5.00,0.50,1,子图 AWC 嗅觉 内部化学连接
12617396,9971209,chem,cholinergic,ampa,5.00,0.50,5,子图 AWC 嗅觉 内部化学连接
12617396,12617396,chem,cholinergic,ampa,5.00,0.50,1,子图 AWC 嗅觉 内部化学连接
13038489,4099900,chem,other,none,5.00,0.50,2,子图 AWC 嗅觉 内部化学连接
13038489,4103336,chem,other,none,5.00,0.50,1,子图 AWC 嗅觉 内部化学连接
13038489,13038489,chem,other,none,5.00,0.50,1,子图 AWC 嗅觉 内部化学连接
13038489,16318521,chem,other,none,5.00,0.50,1,子图 AWC 嗅觉 内部化学连接
13589251,4103336,chem,cholinergic,ampa,5.00,0.50,1,子图 AWC 嗅觉 内部化学连接
13589251,4393049,chem,cholinergic,ampa,5.00,0.50,3,子图 AWC 嗅觉 内部化学连接
13589251,8243455,chem,cholinergic,ampa,5.00,0.50,1,子图 AWC 嗅觉 内部化学连接
13589251,8246750,chem,cholinergic,ampa,5.00,0.50,4,子图 AWC 嗅觉 内部化学连接
13589251,8253413,chem,cholinergic,ampa,5.00,0.50,1,子图 AWC 嗅觉 内部化学连接
13589251,8256186,chem,cholinergic,ampa,5.00,0.50,1,子图 AWC 嗅觉 内部化学连接
13589251,14604028,chem,cholinergic,ampa,5.00,0.50,3,子图 AWC 嗅觉 内部化学连接
13858824,3844799,chem,cholinergic,ampa,5.00,0.50,1,子图 AWC 嗅觉 内部化学连接
13858824,4119387,chem,cholinergic,ampa,5.00,0.50,2,子图 AWC 嗅觉 内部化学连接
13858824,4152020,chem,cholinergic,ampa,5.00,0.50,1,子图 AWC 嗅觉 内部化学连接
13858824,4324898,chem,cholinergic,ampa,5.00,0.50,1,子图 AWC 嗅觉 内部化学连接
13858824,4327684,chem,cholinergic,ampa,5.00,0.50,1,子图 AWC 嗅觉 内部化学连接
13858824,4391978,chem,cholinergic,ampa,5.00,0.50,12,子图 AWC 嗅觉 内部化学连接
13858824,4876704,chem,cholinergic,ampa,5.00,0.50,1,子图 AWC 嗅觉 内部化学连接
13858824,6451332,chem,cholinergic,ampa,5.00,0.50,1,子图 AWC 嗅觉 内部化学连接
13858824,7935088,chem,cholinergic,ampa,5.00,0.50,5,子图 AWC 嗅觉 内部化学连接
13858824,8244723,chem,cholinergic,ampa,5.00,0.50,4,子图 AWC 嗅觉 内部化学连接
13858824,9291474,chem,cholinergic,ampa,5.00,0.50,2,子图 AWC 嗅觉 内部化学连接
13858824,10167078,chem,cholinergic,ampa,5.00,0.50,2,子图 AWC 嗅觉 内部化学连接
13858824,11279244,chem,cholinergic,ampa,5.00,0.50,1,子图 AWC 嗅觉 内部化学连接
13858824,11543212,chem,cholinergic,ampa,5.00,0.50,1,子图 AWC 嗅觉 内部化学连接
13858824,11714576,chem,cholinergic,ampa,5.00,0.50,2,子图 AWC 嗅觉 内部化学连接
13858824,13858824,chem,cholinergic,ampa,5.00,0.50,2,子图 AWC 嗅觉 内部化学连接
14313750,11889676,chem,other,none,5.00,0.50,3,子图 AWC 嗅觉 内部化学连接
14604028,3538129,chem,cholinergic,ampa,5.00,0.50,7,子图 AWC 嗅觉 内部化学连接
14604028,3865952,chem,cholinergic,ampa,5.00,0.50,1,子图 AWC 嗅觉 内部化学连接
14604028,4119387,chem,cholinergic,ampa,5.00,0.50,19,子图 AWC 嗅觉 内部化学连接
14604028,4327684,chem,cholinergic,ampa,5.00,0.50,1,子图 AWC 嗅觉 内部化学连接
14604028,4651929,chem,cholinergic,ampa,5.00,0.50,1,子图 AWC 嗅觉 内部化学连接
14604028,4679139,chem,cholinergic,ampa,5.00,0.50,5,子图 AWC 嗅觉 内部化学连接
14604028,4700078,chem,cholinergic,ampa,5.00,0.50,1,子图 AWC 嗅觉 内部化学连接
14604028,8244723,chem,cholinergic,ampa,5.00,0.50,1,子图 AWC 嗅觉 内部化学连接
14604028,8245513,chem,cholinergic,ampa,5.00,0.50,2,子图 AWC 嗅觉 内部化学连接
14604028,8246081,chem,cholinergic,ampa,5.00,0.50,1,子图 AWC 嗅觉 内部化学连接
14604028,11543212,chem,cholinergic,ampa,5.00,0.50,1,子图 AWC 嗅觉 内部化学连接
14604028,13038489,chem,cholinergic,ampa,5.00,0.50,3,子图 AWC 嗅觉 内部化学连接
14604028,13589251,chem,cholinergic,ampa,5.00,0.50,3,子图 AWC 嗅觉 内部化学连接
14604028,16795524,chem,cholinergic,ampa,5.00,0.50,1,子图 AWC 嗅觉 内部化学连接
15547235,4324898,chem,cholinergic,ampa,5.00,0.50,1,子图 AWC 嗅觉 内部化学连接
15547235,4391978,chem,cholinergic,ampa,5.00,0.50,1,子图 AWC 嗅觉 内部化学连接
15547235,10160250,chem,cholinergic,ampa,5.00,0.50,2,子图 AWC 嗅觉 内部化学连接
15547235,11157622,chem,cholinergic,ampa,5.00,0.50,4,子图 AWC 嗅觉 内部化学连接
15547235,11714576,chem,cholinergic,ampa,5.00,0.50,1,子图 AWC 嗅觉 内部化学连接
15547235,14604028,chem,cholinergic,ampa,5.00,0.50,1,子图 AWC 嗅觉 内部化学连接
15829660,11986594,chem,cholinergic,ampa,5.00,0.50,2,子图 AWC 嗅觉 内部化学连接
16259595,3450442,chem,cholinergic,ampa,5.00,0.50,2,子图 AWC 嗅觉 内部化学连接
16259595,3712893,chem,cholinergic,ampa,5.00,0.50,1,子图 AWC 嗅觉 内部化学连接
16259595,6791927,chem,cholinergic,ampa,5.00,0.50,1,子图 AWC 嗅觉 内部化学连接
16259595,7851153,chem,cholinergic,ampa,5.00,0.50,1,子图 AWC 嗅觉 内部化学连接
16259595,8276782,chem,cholinergic,ampa,5.00,0.50,12,子图 AWC 嗅觉 内部化学连接
16259595,8509534,chem,cholinergic,ampa,5.00,0.50,1,子图 AWC 嗅觉 内部化学连接
16259595,16259595,chem,cholinergic,ampa,5.00,0.50,1,子图 AWC 嗅觉 内部化学连接
16259595,17423412,chem,cholinergic,ampa,5.00,0.50,1,子图 AWC 嗅觉 内部化学连接
16259595,17743170,chem,cholinergic,ampa,5.00,0.50,2,子图 AWC 嗅觉 内部化学连接
16318521,4514494,chem,cholinergic,ampa,5.00,0.50,3,子图 AWC 嗅觉 内部化学连接
16318521,13038489,chem,cholinergic,ampa,5.00,0.50,3,子图 AWC 嗅觉 内部化学连接
16457812,7503199,chem,cholinergic,ampa,5.00,0.50,1,子图 AWC 嗅觉 内部化学连接
16515871,4514494,chem,cholinergic,ampa,5.00,0.50,7,子图 AWC 嗅觉 内部化学连接
16735586,3756659,chem,cholinergic,ampa,5.00,0.50,1,子图 AWC 嗅觉 内部化学连接
16735586,4073353,chem,cholinergic,ampa,5.00,0.50,1,子图 AWC 嗅觉 内部化学连接
16735586,4099900,chem,cholinergic,ampa,5.00,0.50,1,子图 AWC 嗅觉 内部化学连接
16735586,4119387,chem,cholinergic,ampa,5.00,0.50,5,子图 AWC 嗅觉 内部化学连接
16735586,4391978,chem,cholinergic,ampa,5.00,0.50,1,子图 AWC 嗅觉 内部化学连接
16735586,4700078,chem,cholinergic,ampa,5.00,0.50,1,子图 AWC 嗅觉 内部化学连接
16735586,6451332,chem,cholinergic,ampa,5.00,0.50,1,子图 AWC 嗅觉 内部化学连接
16735586,8140109,chem,cholinergic,ampa,5.00,0.50,1,子图 AWC 嗅觉 内部化学连接
16735586,8244823,chem,cholinergic,ampa,5.00,0.50,1,子图 AWC 嗅觉 内部化学连接
16735586,10160250,chem,cholinergic,ampa,5.00,0.50,6,子图 AWC 嗅觉 内部化学连接
16735586,11248536,chem,cholinergic,ampa,5.00,0.50,2,子图 AWC 嗅觉 内部化学连接
16735586,11279244,chem,cholinergic,ampa,5.00,0.50,2,子图 AWC 嗅觉 内部化学连接
16735586,16457812,chem,cholinergic,ampa,5.00,0.50,1,子图 AWC 嗅觉 内部化学连接
16735586,16515871,chem,cholinergic,ampa,5.00,0.50,1,子图 AWC 嗅觉 内部化学连接
16795524,29,chem,cholinergic,ampa,5.00,0.50,9,子图 AWC 嗅觉 内部化学连接
16795524,3450442,chem,cholinergic,ampa,5.00,0.50,1,子图 AWC 嗅觉 内部化学连接
16795524,3486381,chem,cholinergic,ampa,5.00,0.50,1,子图 AWC 嗅觉 内部化学连接
16795524,3538129,chem,cholinergic,ampa,5.00,0.50,2,子图 AWC 嗅觉 内部化学连接
16795524,3708875,chem,cholinergic,ampa,5.00,0.50,1,子图 AWC 嗅觉 内部化学连接
16795524,3869488,chem,cholinergic,ampa,5.00,0.50,7,子图 AWC 嗅觉 内部化学连接
16795524,4119387,chem,cholinergic,ampa,5.00,0.50,5,子图 AWC 嗅觉 内部化学连接
16795524,4152020,chem,cholinergic,ampa,5.00,0.50,4,子图 AWC 嗅觉 内部化学连接
16795524,4260935,chem,cholinergic,ampa,5.00,0.50,1,子图 AWC 嗅觉 内部化学连接
16795524,4327684,chem,cholinergic,ampa,5.00,0.50,1,子图 AWC 嗅觉 内部化学连接
16795524,4393049,chem,cholinergic,ampa,5.00,0.50,1,子图 AWC 嗅觉 内部化学连接
16795524,4620453,chem,cholinergic,ampa,5.00,0.50,1,子图 AWC 嗅觉 内部化学连接
16795524,4651929,chem,cholinergic,ampa,5.00,0.50,1,子图 AWC 嗅觉 内部化学连接
16795524,4679139,chem,cholinergic,ampa,5.00,0.50,3,子图 AWC 嗅觉 内部化学连接
16795524,4700078,chem,cholinergic,ampa,5.00,0.50,1,子图 AWC 嗅觉 内部化学连接
16795524,5261424,chem,cholinergic,ampa,5.00,0.50,7,子图 AWC 嗅觉 内部化学连接
16795524,7503199,chem,cholinergic,ampa,5.00,0.50,1,子图 AWC 嗅觉 内部化学连接
16795524,7934904,chem,cholinergic,ampa,5.00,0.50,2,子图 AWC 嗅觉 内部化学连接
16795524,8140109,chem,cholinergic,ampa,5.00,0.50,1,子图 AWC 嗅觉 内部化学连接
16795524,8245869,chem,cholinergic,ampa,5.00,0.50,2,子图 AWC 嗅觉 内部化学连接
16795524,8252067,chem,cholinergic,ampa,5.00,0.50,1,子图 AWC 嗅觉 内部化学连接
16795524,8276782,chem,cholinergic,ampa,5.00,0.50,12,子图 AWC 嗅觉 内部化学连接
16795524,8293958,chem,cholinergic,ampa,5.00,0.50,7,子图 AWC 嗅觉 内部化学连接
16795524,8399890,chem,cholinergic,ampa,5.00,0.50,1,子图 AWC 嗅觉 内部化学连接
16795524,8704079,chem,cholinergic,ampa,5.00,0.50,10,子图 AWC 嗅觉 内部化学连接
16795524,9119558,chem,cholinergic,ampa,5.00,0.50,2,子图 AWC 嗅觉 内部化学连接
16795524,9589146,chem,cholinergic,ampa,5.00,0.50,1,子图 AWC 嗅觉 内部化学连接
16795524,9747710,chem,cholinergic,ampa,5.00,0.50,2,子图 AWC 嗅觉 内部化学连接
16795524,10990803,chem,cholinergic,ampa,5.00,0.50,2,子图 AWC 嗅觉 内部化学连接
16795524,11067379,chem,cholinergic,ampa,5.00,0.50,1,子图 AWC 嗅觉 内部化学连接
16795524,12225666,chem,cholinergic,ampa,5.00,0.50,3,子图 AWC 嗅觉 内部化学连接
16795524,13589251,chem,cholinergic,ampa,5.00,0.50,1,子图 AWC 嗅觉 内部化学连接
16795524,16515871,chem,cholinergic,ampa,5.00,0.50,5,子图 AWC 嗅觉 内部化学连接
16795524,16735586,chem,cholinergic,ampa,5.00,0.50,6,子图 AWC 嗅觉 内部化学连接
16795524,16795524,chem,cholinergic,ampa,5.00,0.50,3,子图 AWC 嗅觉 内部化学连接
16795524,16795838,chem,cholinergic,ampa,5.00,0.50,7,子图 AWC 嗅觉 内部化学连接
16795838,29,chem,cholinergic,ampa,5.00,0.50,4,子图 AWC 嗅觉 内部化学连接
16795838,3538129,chem,cholinergic,ampa,5.00,0.50,1,子图 AWC 嗅觉 内部化学连接
16795838,3712893,chem,cholinergic,ampa,5.00,0.50,2,子图 AWC 嗅觉 内部化学连接
16795838,3869488,chem,cholinergic,ampa,5.00,0.50,6,子图 AWC 嗅觉 内部化学连接
16795838,4119387,chem,cholinergic,ampa,5.00,0.50,2,子图 AWC 嗅觉 内部化学连接
16795838,4327684,chem,cholinergic,ampa,5.00,0.50,1,子图 AWC 嗅觉 内部化学连接
16795838,4393049,chem,cholinergic,ampa,5.00,0.50,2,子图 AWC 嗅觉 内部化学连接
16795838,4651929,chem,cholinergic,ampa,5.00,0.50,1,子图 AWC 嗅觉 内部化学连接
16795838,4679139,chem,cholinergic,ampa,5.00,0.50,1,子图 AWC 嗅觉 内部化学连接
16795838,4700078,chem,cholinergic,ampa,5.00,0.50,1,子图 AWC 嗅觉 内部化学连接
16795838,5261424,chem,cholinergic,ampa,5.00,0.50,2,子图 AWC 嗅觉 内部化学连接
16795838,6451332,chem,cholinergic,ampa,5.00,0.50,1,子图 AWC 嗅觉 内部化学连接
16795838,7107433,chem,cholinergic,ampa,5.00,0.50,1,子图 AWC 嗅觉 内部化学连接
16795838,7515491,chem,cholinergic,ampa,5.00,0.50,1,子图 AWC 嗅觉 内部化学连接
16795838,7865696,chem,cholinergic,ampa,5.00,0.50,2,子图 AWC 嗅觉 内部化学连接
16795838,8276782,chem,cholinergic,ampa,5.00,0.50,4,子图 AWC 嗅觉 内部化学连接
16795838,8293958,chem,cholinergic,ampa,5.00,0.50,3,子图 AWC 嗅觉 内部化学连接
16795838,8399890,chem,cholinergic,ampa,5.00,0.50,1,子图 AWC 嗅觉 内部化学连接
16795838,8509534,chem,cholinergic,ampa,5.00,0.50,2,子图 AWC 嗅觉 内部化学连接
16795838,8704079,chem,cholinergic,ampa,5.00,0.50,6,子图 AWC 嗅觉 内部化学连接
16795838,9119558,chem,cholinergic,ampa,5.00,0.50,4,子图 AWC 嗅觉 内部化学连接
16795838,9747710,chem,cholinergic,ampa,5.00,0.50,2,子图 AWC 嗅觉 内部化学连接
16795838,10990803,chem,cholinergic,ampa,5.00,0.50,4,子图 AWC 嗅觉 内部化学连接
16795838,11067379,chem,cholinergic,ampa,5.00,0.50,2,子图 AWC 嗅觉 内部化学连接
16795838,11123016,chem,cholinergic,ampa,5.00,0.50,4,子图 AWC 嗅觉 内部化学连接
16795838,11248536,chem,cholinergic,ampa,5.00,0.50,1,子图 AWC 嗅觉 内部化学连接
16795838,11279244,chem,cholinergic,ampa,5.00,0.50,3,子图 AWC 嗅觉 内部化学连接
16795838,11543212,chem,cholinergic,ampa,5.00,0.50,1,子图 AWC 嗅觉 内部化学连接
16795838,12225666,chem,cholinergic,ampa,5.00,0.50,1,子图 AWC 嗅觉 内部化学连接
16795838,13589251,chem,cholinergic,ampa,5.00,0.50,1,子图 AWC 嗅觉 内部化学连接
16795838,13858824,chem,cholinergic,ampa,5.00,0.50,1,子图 AWC 嗅觉 内部化学连接
16795838,14604028,chem,cholinergic,ampa,5.00,0.50,1,子图 AWC 嗅觉 内部化学连接
16795838,16515871,chem,cholinergic,ampa,5.00,0.50,4,子图 AWC 嗅觉 内部化学连接
16795838,16735586,chem,cholinergic,ampa,5.00,0.50,5,子图 AWC 嗅觉 内部化学连接
16795838,16795524,chem,cholinergic,ampa,5.00,0.50,3,子图 AWC 嗅觉 内部化学连接
17036132,2568522,chem,cholinergic,ampa,5.00,0.50,1,子图 AWC 嗅觉 内部化学连接
17036132,3450751,chem,cholinergic,ampa,5.00,0.50,2,子图 AWC 嗅觉 内部化学连接
17036132,5679304,chem,cholinergic,ampa,5.00,0.50,1,子图 AWC 嗅觉 内部化学连接
17036132,7168356,chem,cholinergic,ampa,5.00,0.50,2,子图 AWC 嗅觉 内部化学连接
17036132,8480221,chem,cholinergic,ampa,5.00,0.50,8,子图 AWC 嗅觉 内部化学连接
17036132,17036160,chem,cholinergic,ampa,5.00,0.50,5,子图 AWC 嗅觉 内部化学连接
17036160,3450751,chem,cholinergic,ampa,5.00,0.50,4,子图 AWC 嗅觉 内部化学连接
17036160,8480221,chem,cholinergic,ampa,5.00,0.50,3,子图 AWC 嗅觉 内部化学连接
17036160,16795524,chem,cholinergic,ampa,5.00,0.50,1,子图 AWC 嗅觉 内部化学连接
17036160,17036132,chem,cholinergic,ampa,5.00,0.50,2,子图 AWC 嗅觉 内部化学连接
17036160,17743170,chem,cholinergic,ampa,5.00,0.50,1,子图 AWC 嗅觉 内部化学连接
17654617,3650006,chem,cholinergic,ampa,5.00,0.50,1,子图 AWC 嗅觉 内部化学连接
17654617,8254894,chem,cholinergic,ampa,5.00,0.50,1,子图 AWC 嗅觉 内部化学连接
17654617,9971209,chem,cholinergic,ampa,5.00,0.50,4,子图 AWC 嗅觉 内部化学连接
17743170,2568465,chem,cholinergic,ampa,5.00,0.50,7,子图 AWC 嗅觉 内部化学连接
17743170,2568522,chem,cholinergic,ampa,5.00,0.50,1,子图 AWC 嗅觉 内部化学连接
17743170,2612527,chem,cholinergic,ampa,5.00,0.50,8,子图 AWC 嗅觉 内部化学连接
17743170,7168356,chem,cholinergic,ampa,5.00,0.50,2,子图 AWC 嗅觉 内部化学连接
17743170,7873135,chem,cholinergic,ampa,5.00,0.50,1,子图 AWC 嗅觉 内部化学连接
17743170,8276782,chem,cholinergic,ampa,5.00,0.50,3,子图 AWC 嗅觉 内部化学连接
17743170,8704079,chem,cholinergic,ampa,5.00,0.50,1,子图 AWC 嗅觉 内部化学连接
17743170,9589146,chem,cholinergic,ampa,5.00,0.50,1,子图 AWC 嗅觉 内部化学连接
17743170,11067379,chem,cholinergic,ampa,5.00,0.50,1,子图 AWC 嗅觉 内部化学连接
17743170,12225666,chem,cholinergic,ampa,5.00,0.50,1,子图 AWC 嗅觉 内部化学连接
17743170,12617396,chem,cholinergic,ampa,5.00,0.50,6,子图 AWC 嗅觉 内部化学连接
17884299,4099900,chem,cholinergic,ampa,5.00,0.50,17,子图 AWC 嗅觉 内部化学连接
17884299,4152020,chem,cholinergic,ampa,5.00,0.50,1,子图 AWC 嗅觉 内部化学连接
17884299,4391978,chem,cholinergic,ampa,5.00,0.50,1,子图 AWC 嗅觉 内部化学连接
17884299,8252067,chem,cholinergic,ampa,5.00,0.50,1,子图 AWC 嗅觉 内部化学连接
17884299,11279244,chem,cholinergic,ampa,5.00,0.50,1,子图 AWC 嗅觉 内部化学连接
17884299,17884299,chem,cholinergic,ampa,5.00,0.50,4,子图 AWC 嗅觉 内部化学连接
18740553,6451332,chem,cholinergic,ampa,5.00,0.50,1,子图 AWC 嗅觉 内部化学连接
18740553,12000033,chem,cholinergic,ampa,5.00,0.50,1,子图 AWC 嗅觉 内部化学连接
