synapse_from,synapse_to,synapse_type,neurotransmitter,receptor,g_max_ns,delay_ms,weight,note
858479,3797420,chem,other,none,5.00,0.50,1,子图 运动命令 内部化学连接
858479,4541081,chem,other,none,5.00,0.50,1,子图 运动命令 内部化学连接
858479,8154054,chem,other,none,5.00,0.50,4,子图 运动命令 内部化学连接
858479,8216541,chem,other,none,5.00,0.50,3,子图 运动命令 内部化学连接
865151,16588928,chem,other,none,5.00,0.50,1,子图 运动命令 内部化学连接
865151,17355892,chem,other,none,5.00,0.50,5,子图 运动命令 内部化学连接
865151,17359101,chem,other,none,5.00,0.50,7,子图 运动命令 内部化学连接
869360,869360,chem,other,none,5.00,0.50,1,子图 运动命令 内部化学连接
869360,3797420,chem,other,none,5.00,0.50,1,子图 运动命令 内部化学连接
869360,10865025,chem,other,none,5.00,0.50,1,子图 运动命令 内部化学连接
869360,17351780,chem,other,none,5.00,0.50,1,子图 运动命令 内部化学连接
869360,17359133,chem,other,none,5.00,0.50,3,子图 运动命令 内部化学连接
869360,19054481,chem,other,none,5.00,0.50,3,子图 运动命令 内部化学连接
992646,15599768,chem,other,none,5.00,0.50,4,子图 运动命令 内部化学连接
1065967,5462159,chem,other,none,5.00,0.50,1,子图 运动命令 内部化学连接
1065967,13557064,chem,other,none,5.00,0.50,1,子图 运动命令 内部化学连接
1065967,14586769,chem,other,none,5.00,0.50,1,子图 运动命令 内部化学连接
1065967,14621584,chem,other,none,5.00,0.50,1,子图 运动命令 内部化学连接
1591270,1591270,chem,other,none,5.00,0.50,3,子图 运动命令 内部化学连接
1591270,3814701,chem,other,none,5.00,0.50,8,子图 运动命令 内部化学连接
1591270,5675990,chem,other,none,5.00,0.50,6,子图 运动命令 内部化学连接
1591270,8159396,chem,other,none,5.00,0.50,1,子图 运动命令 内部化学连接
1591270,8755914,chem,other,none,5.00,0.50,16,子图 运动命令 内部化学连接
1591270,10411574,chem,other,none,5.00,0.50,1,子图 运动命令 内部化学连接
1591270,10523825,chem,other,none,5.00,0.50,1,子图 运动命令 内部化学连接
1591270,11027071,chem,other,none,5.00,0.50,1,子图 运动命令 内部化学连接
1591270,11073313,chem,other,none,5.00,0.50,1,子图 运动命令 内部化学连接
1591270,12279909,chem,other,none,5.00,0.50,15,子图 运动命令 内部化学连接
1591270,13849557,chem,other,none,5.00,0.50,3,子图 运动命令 内部化学连接
1591270,15517247,chem,other,none,5.00,0.50,1,子图 运动命令 内部化学连接
1591270,15605301,chem,other,none,5.00,0.50,3,子图 运动命令 内部化学连接
1591270,16422727,chem,other,none,5.00,0.50,2,子图 运动命令 内部化学连接
1591270,16422744,chem,other,none,5.00,0.50,5,子图 运动命令 内部化学连接
1591270,16433696,chem,other,none,5.00,0.50,2,子图 运动命令 内部化学连接
1591270,19051762,chem,other,none,5.00,0.50,1,子图 运动命令 内部化学连接
1591270,19298644,chem,other,none,5.00,0.50,9,子图 运动命令 内部化学连接
1622901,7057730,chem,other,none,5.00,0.50,1,子图 运动命令 内部化学连接
1622901,10728333,chem,other,none,5.00,0.50,1,子图 运动命令 内部化学连接
1622901,10964258,chem,other,none,5.00,0.50,1,子图 运动命令 内部化学连接
1622901,12474164,chem,other,none,5.00,0.50,1,子图 运动命令 内部化学连接
1622901,13028455,chem,other,none,5.00,0.50,1,子图 运动命令 内部化学连接
1622901,14586769,chem,other,none,5.00,0.50,1,子图 运动命令 内部化学连接
1622901,14621584,chem,other,none,5.00,0.50,3,子图 运动命令 内部化学连接
1622901,16545113,chem,other,none,5.00,0.50,2,子图 运动命令 内部化学连接
1622901,16667592,chem,other,none,5.00,0.50,7,子图 运动命令 内部化学连接
1622901,16670540,chem,other,none,5.00,0.50,2,子图 运动命令 内部化学连接
1622901,16851577,chem,other,none,5.00,0.50,1,子图 运动命令 内部化学连接
1622901,16952642,chem,other,none,5.00,0.50,1,子图 运动命令 内部化学连接
1622901,16952691,chem,other,none,5.00,0.50,6,子图 运动命令 内部化学连接
1622901,17022668,chem,other,none,5.00,0.50,2,子图 运动命令 内部化学连接
1622901,17356024,chem,other,none,5.00,0.50,1,子图 运动命令 内部化学连接
1622901,17448356,chem,other,none,5.00,0.50,4,子图 运动命令 内部化学连接
1622901,17647621,chem,other,none,5.00,0.50,2,子图 运动命令 内部化学连接
1622901,17732256,chem,other,none,5.00,0.50,1,子图 运动命令 内部化学连接
1622901,17736654,chem,other,none,5.00,0.50,1,子图 运动命令 内部化学连接
1622901,18551732,chem,other,none,5.00,0.50,1,子图 运动命令 内部化学连接
1622901,19298644,chem,other,none,5.00,0.50,1,子图 运动命令 内部化学连接
1622901,19361427,chem,other,none,5.00,0.50,2,子图 运动命令 内部化学连接
1646076,1678567,chem,other,none,5.00,0.50,2,子图 运动命令 内部化学连接
1646076,3979181,chem,other,none,5.00,0.50,1,子图 运动命令 内部化学连接
1646076,4966994,chem,other,none,5.00,0.50,3,子图 运动命令 内部化学连接
1646076,8025665,chem,other,none,5.00,0.50,2,子图 运动命令 内部化学连接
1646076,8161148,chem,other,none,5.00,0.50,1,子图 运动命令 内部化学连接
1646076,8271875,chem,other,none,5.00,0.50,1,子图 运动命令 内部化学连接
1646076,10276161,chem,other,none,5.00,0.50,1,子图 运动命令 内部化学连接
1646076,10581624,chem,other,none,5.00,0.50,2,子图 运动命令 内部化学连接
1646076,10600188,chem,other,none,5.00,0.50,1,子图 运动命令 内部化学连接
1646076,10728328,chem,other,none,5.00,0.50,12,子图 运动命令 内部化学连接
1646076,10728333,chem,other,none,5.00,0.50,14,子图 运动命令 内部化学连接
1646076,10921106,chem,other,none,5.00,0.50,8,子图 运动命令 内部化学连接
1646076,12474815,chem,other,none,5.00,0.50,1,子图 运动命令 内部化学连接
1646076,13557064,chem,other,none,5.00,0.50,10,子图 运动命令 内部化学连接
1646076,13714311,chem,other,none,5.00,0.50,2,子图 运动命令 内部化学连接
1646076,13727202,chem,other,none,5.00,0.50,2,子图 运动命令 内部化学连接
1646076,14492880,chem,other,none,5.00,0.50,4,子图 运动命令 内部化学连接
1646076,14655602,chem,other,none,5.00,0.50,3,子图 运动命令 内部化学连接
1646076,14726069,chem,other,none,5.00,0.50,1,子图 运动命令 内部化学连接
1646076,15672269,chem,other,none,5.00,0.50,3,子图 运动命令 内部化学连接
1646076,16167914,chem,other,none,5.00,0.50,2,子图 运动命令 内部化学连接
1646076,16195633,chem,other,none,5.00,0.50,1,子图 运动命令 内部化学连接
1646076,16342197,chem,other,none,5.00,0.50,1,子图 运动命令 内部化学连接
1646076,16851496,chem,other,none,5.00,0.50,1,子图 运动命令 内部化学连接
1646076,16851718,chem,other,none,5.00,0.50,1,子图 运动命令 内部化学连接
1646076,16852589,chem,other,none,5.00,0.50,1,子图 运动命令 内部化学连接
1646076,17022668,chem,other,none,5.00,0.50,6,子图 运动命令 内部化学连接
1646076,17087885,chem,other,none,5.00,0.50,4,子图 运动命令 内部化学连接
1646076,17379420,chem,other,none,5.00,0.50,2,子图 运动命令 内部化学连接
1646076,17454636,chem,other,none,5.00,0.50,3,子图 运动命令 内部化学连接
1646076,18232369,chem,other,none,5.00,0.50,2,子图 运动命令 内部化学连接
1646076,18464581,chem,other,none,5.00,0.50,2,子图 运动命令 内部化学连接
1646076,18545747,chem,other,none,5.00,0.50,3,子图 运动命令 内部化学连接
1646076,18551732,chem,other,none,5.00,0.50,6,子图 运动命令 内部化学连接
1678567,1678567,chem,other,none,5.00,0.50,2,子图 运动命令 内部化学连接
1678567,10238739,chem,other,none,5.00,0.50,1,子图 运动命令 内部化学连接
1678567,10553248,chem,other,none,5.00,0.50,1,子图 运动命令 内部化学连接
1678567,13652117,chem,other,none,5.00,0.50,16,子图 运动命令 内部化学连接
1678567,14586769,chem,other,none,5.00,0.50,3,子图 运动命令 内部化学连接
1678567,15894178,chem,other,none,5.00,0.50,1,子图 运动命令 内部化学连接
1678567,16545113,chem,other,none,5.00,0.50,4,子图 运动命令 内部化学连接
1678567,16667592,chem,other,none,5.00,0.50,5,子图 运动命令 内部化学连接
1678567,16670540,chem,other,none,5.00,0.50,1,子图 运动命令 内部化学连接
1678567,16952665,chem,other,none,5.00,0.50,1,子图 运动命令 内部化学连接
1678567,16952691,chem,other,none,5.00,0.50,5,子图 运动命令 内部化学连接
1678567,17448356,chem,other,none,5.00,0.50,4,子图 运动命令 内部化学连接
1679034,1678567,chem,other,none,5.00,0.50,4,子图 运动命令 内部化学连接
1679034,6190181,chem,other,none,5.00,0.50,3,子图 运动命令 内部化学连接
1679034,8025665,chem,other,none,5.00,0.50,4,子图 运动命令 内部化学连接
1679034,9077224,chem,other,none,5.00,0.50,1,子图 运动命令 内部化学连接
1679034,11362334,chem,other,none,5.00,0.50,1,子图 运动命令 内部化学连接
1679034,11625573,chem,other,none,5.00,0.50,1,子图 运动命令 内部化学连接
1679034,13714311,chem,other,none,5.00,0.50,1,子图 运动命令 内部化学连接
1679034,16671014,chem,other,none,5.00,0.50,1,子图 运动命令 内部化学连接
1679034,16851496,chem,other,none,5.00,0.50,4,子图 运动命令 内部化学连接
1679034,16851718,chem,other,none,5.00,0.50,1,子图 运动命令 内部化学连接
1679034,16851791,chem,other,none,5.00,0.50,3,子图 运动命令 内部化学连接
1679034,17165755,chem,other,none,5.00,0.50,1,子图 运动命令 内部化学连接
1679034,17813457,chem,other,none,5.00,0.50,2,子图 运动命令 内部化学连接
1679034,18500988,chem,other,none,5.00,0.50,6,子图 运动命令 内部化学连接
1679034,18566361,chem,other,none,5.00,0.50,2,子图 运动命令 内部化学连接
1805418,1805418,chem,other,none,5.00,0.50,1,子图 运动命令 内部化学连接
1805418,2659504,chem,other,none,5.00,0.50,11,子图 运动命令 内部化学连接
1805418,2669844,chem,other,none,5.00,0.50,3,子图 运动命令 内部化学连接
1805418,3021609,chem,other,none,5.00,0.50,4,子图 运动命令 内部化学连接
1805418,5162462,chem,other,none,5.00,0.50,2,子图 运动命令 内部化学连接
1805418,5898284,chem,other,none,5.00,0.50,7,子图 运动命令 内部化学连接
1805418,5936935,chem,other,none,5.00,0.50,18,子图 运动命令 内部化学连接
1805418,8127390,chem,other,none,5.00,0.50,1,子图 运动命令 内部化学连接
1805418,9077224,chem,other,none,5.00,0.50,4,子图 运动命令 内部化学连接
1805418,9116228,chem,other,none,5.00,0.50,2,子图 运动命令 内部化学连接
1805418,9177218,chem,other,none,5.00,0.50,2,子图 运动命令 内部化学连接
1805418,13167730,chem,other,none,5.00,0.50,1,子图 运动命令 内部化学连接
1805418,15629759,chem,other,none,5.00,0.50,1,子图 运动命令 内部化学连接
1805418,16115255,chem,other,none,5.00,0.50,1,子图 运动命令 内部化学连接
1805418,16937799,chem,other,none,5.00,0.50,1,子图 运动命令 内部化学连接
1805418,17587730,chem,other,none,5.00,0.50,3,子图 运动命令 内部化学连接
1805418,17658948,chem,other,none,5.00,0.50,6,子图 运动命令 内部化学连接
1805418,17660233,chem,other,none,5.00,0.50,4,子图 运动命令 内部化学连接
1805418,18232369,chem,other,none,5.00,0.50,3,子图 运动命令 内部化学连接
1805418,19090042,chem,other,none,5.00,0.50,3,子图 运动命令 内部化学连接
1805418,19091995,chem,other,none,5.00,0.50,1,子图 运动命令 内部化学连接
1805418,20316708,chem,other,none,5.00,0.50,1,子图 运动命令 内部化学连接
1805418,20443362,chem,other,none,5.00,0.50,1,子图 运动命令 内部化学连接
1805418,20479904,chem,other,none,5.00,0.50,2,子图 运动命令 内部化学连接
1805669,4127096,chem,other,none,5.00,0.50,3,子图 运动命令 内部化学连接
1805669,6700147,chem,other,none,5.00,0.50,1,子图 运动命令 内部化学连接
1805669,6702943,chem,other,none,5.00,0.50,2,子图 运动命令 内部化学连接
1805669,13007383,chem,other,none,5.00,0.50,1,子图 运动命令 内部化学连接
1805669,13411445,chem,other,none,5.00,0.50,1,子图 运动命令 内部化学连接
1805669,13835439,chem,other,none,5.00,0.50,3,子图 运动命令 内部化学连接
1805669,14656798,chem,other,none,5.00,0.50,1,子图 运动命令 内部化学连接
1805669,14680483,chem,other,none,5.00,0.50,1,子图 运动命令 内部化学连接
1805669,19190681,chem,other,none,5.00,0.50,6,子图 运动命令 内部化学连接
1805669,20443571,chem,other,none,5.00,0.50,1,子图 运动命令 内部化学连接
1868538,2283495,chem,other,none,5.00,0.50,1,子图 运动命令 内部化学连接
1868538,3027876,chem,other,none,5.00,0.50,1,子图 运动命令 内部化学连接
1868538,3414508,chem,other,none,5.00,0.50,1,子图 运动命令 内部化学连接
1868538,3498479,chem,other,none,5.00,0.50,3,子图 运动命令 内部化学连接
1868538,3595837,chem,other,none,5.00,0.50,1,子图 运动命令 内部化学连接
1868538,3620633,chem,other,none,5.00,0.50,1,子图 运动命令 内部化学连接
1868538,3765735,chem,other,none,5.00,0.50,1,子图 运动命令 内部化学连接
1868538,3946166,chem,other,none,5.00,0.50,6,子图 运动命令 内部化学连接
1868538,3979181,chem,other,none,5.00,0.50,1,子图 运动命令 内部化学连接
1868538,4127096,chem,other,none,5.00,0.50,4,子图 运动命令 内部化学连接
1868538,4215611,chem,other,none,5.00,0.50,1,子图 运动命令 内部化学连接
1868538,6153877,chem,other,none,5.00,0.50,2,子图 运动命令 内部化学连接
1868538,7700444,chem,other,none,5.00,0.50,6,子图 运动命令 内部化学连接
1868538,7982307,chem,other,none,5.00,0.50,1,子图 运动命令 内部化学连接
1868538,8572353,chem,other,none,5.00,0.50,1,子图 运动命令 内部化学连接
1868538,9234420,chem,other,none,5.00,0.50,2,子图 运动命令 内部化学连接
1868538,9424902,chem,other,none,5.00,0.50,2,子图 运动命令 内部化学连接
1868538,10100020,chem,other,none,5.00,0.50,4,子图 运动命令 内部化学连接
1868538,10276161,chem,other,none,5.00,0.50,1,子图 运动命令 内部化学连接
1868538,10596949,chem,other,none,5.00,0.50,1,子图 运动命令 内部化学连接
1868538,10781924,chem,other,none,5.00,0.50,1,子图 运动命令 内部化学连接
1868538,10872426,chem,other,none,5.00,0.50,2,子图 运动命令 内部化学连接
1868538,10922928,chem,other,none,5.00,0.50,1,子图 运动命令 内部化学连接
1868538,10986253,chem,other,none,5.00,0.50,6,子图 运动命令 内部化学连接
1868538,11639192,chem,other,none,5.00,0.50,1,子图 运动命令 内部化学连接
1868538,13749806,chem,other,none,5.00,0.50,4,子图 运动命令 内部化学连接
1868538,14034206,chem,other,none,5.00,0.50,2,子图 运动命令 内部化学连接
1868538,16422727,chem,other,none,5.00,0.50,3,子图 运动命令 内部化学连接
1868538,16468935,chem,other,none,5.00,0.50,4,子图 运动命令 内部化学连接
1868538,16848587,chem,other,none,5.00,0.50,1,子图 运动命令 内部化学连接
1868538,16910799,chem,other,none,5.00,0.50,10,子图 运动命令 内部化学连接
1868538,17728922,chem,other,none,5.00,0.50,1,子图 运动命令 内部化学连接
1868538,18232369,chem,other,none,5.00,0.50,4,子图 运动命令 内部化学连接
1868538,20443362,chem,other,none,5.00,0.50,2,子图 运动命令 内部化学连接
1868538,20443571,chem,other,none,5.00,0.50,5,子图 运动命令 内部化学连接
1924051,3797420,chem,other,none,5.00,0.50,2,子图 运动命令 内部化学连接
1924051,8154054,chem,other,none,5.00,0.50,6,子图 运动命令 内部化学连接
1924051,17359101,chem,other,none,5.00,0.50,7,子图 运动命令 内部化学连接
1924051,17423125,chem,other,none,5.00,0.50,1,子图 运动命令 内部化学连接
1924051,17698681,chem,other,none,5.00,0.50,2,子图 运动命令 内部化学连接
1961182,1065967,chem,other,none,5.00,0.50,2,子图 运动命令 内部化学连接
1961182,3027876,chem,other,none,5.00,0.50,1,子图 运动命令 内部化学连接
1961182,3765735,chem,other,none,5.00,0.50,1,子图 运动命令 内部化学连接
1961182,3944626,chem,other,none,5.00,0.50,1,子图 运动命令 内部化学连接
1961182,3945756,chem,other,none,5.00,0.50,1,子图 运动命令 内部化学连接
1961182,4876839,chem,other,none,5.00,0.50,1,子图 运动命令 内部化学连接
1961182,8566140,chem,other,none,5.00,0.50,1,子图 运动命令 内部化学连接
1961182,8572353,chem,other,none,5.00,0.50,1,子图 运动命令 内部化学连接
1961182,9116228,chem,other,none,5.00,0.50,2,子图 运动命令 内部化学连接
1961182,9753494,chem,other,none,5.00,0.50,3,子图 运动命令 内部化学连接
1961182,10276161,chem,other,none,5.00,0.50,3,子图 运动命令 内部化学连接
1961182,10882750,chem,other,none,5.00,0.50,1,子图 运动命令 内部化学连接
1961182,13411445,chem,other,none,5.00,0.50,1,子图 运动命令 内部化学连接
1961182,13763548,chem,other,none,5.00,0.50,6,子图 运动命令 内部化学连接
1961182,14753815,chem,other,none,5.00,0.50,6,子图 运动命令 内部化学连接
1961182,15048530,chem,other,none,5.00,0.50,1,子图 运动命令 内部化学连接
1961182,15548844,chem,other,none,5.00,0.50,2,子图 运动命令 内部化学连接
1961182,16115255,chem,other,none,5.00,0.50,2,子图 运动命令 内部化学连接
1961182,16167914,chem,other,none,5.00,0.50,1,子图 运动命令 内部化学连接
1961182,16195633,chem,other,none,5.00,0.50,7,子图 运动命令 内部化学连接
1961182,16361363,chem,other,none,5.00,0.50,4,子图 运动命令 内部化学连接
1961182,16848587,chem,other,none,5.00,0.50,10,子图 运动命令 内部化学连接
1961182,17087885,chem,other,none,5.00,0.50,1,子图 运动命令 内部化学连接
1961182,17324711,chem,other,none,5.00,0.50,4,子图 运动命令 内部化学连接
1961182,17359501,chem,other,none,5.00,0.50,1,子图 运动命令 内部化学连接
1961182,17813001,chem,other,none,5.00,0.50,2,子图 运动命令 内部化学连接
1961182,20479904,chem,other,none,5.00,0.50,1,子图 运动命令 内部化学连接
1980134,5680013,chem,other,none,5.00,0.50,4,子图 运动命令 内部化学连接
1980134,8391330,chem,other,none,5.00,0.50,6,子图 运动命令 内部化学连接
2138427,5010581,chem,other,none,5.00,0.50,1,子图 运动命令 内部化学连接
2142817,2283495,chem,other,none,5.00,0.50,2,子图 运动命令 内部化学连接
2142817,2355126,chem,other,none,5.00,0.50,1,子图 运动命令 内部化学连接
2142817,2357110,chem,other,none,5.00,0.50,2,子图 运动命令 内部化学连接
2142817,2597151,chem,other,none,5.00,0.50,2,子图 运动命令 内部化学连接
2142817,2852273,chem,other,none,5.00,0.50,4,子图 运动命令 内部化学连接
2142817,3046503,chem,other,none,5.00,0.50,4,子图 运动命令 内部化学连接
2142817,3158085,chem,other,none,5.00,0.50,4,子图 运动命令 内部化学连接
2142817,3276003,chem,other,none,5.00,0.50,8,子图 运动命令 内部化学连接
2142817,3281684,chem,other,none,5.00,0.50,1,子图 运动命令 内部化学连接
2142817,3561724,chem,other,none,5.00,0.50,3,子图 运动命令 内部化学连接
2142817,3928522,chem,other,none,5.00,0.50,2,子图 运动命令 内部化学连接
2142817,3946166,chem,other,none,5.00,0.50,1,子图 运动命令 内部化学连接
2142817,4506509,chem,other,none,5.00,0.50,2,子图 运动命令 内部化学连接
2142817,5996485,chem,other,none,5.00,0.50,5,子图 运动命令 内部化学连接
2142817,6554358,chem,other,none,5.00,0.50,1,子图 运动命令 内部化学连接
2142817,7557604,chem,other,none,5.00,0.50,3,子图 运动命令 内部化学连接
2142817,9372642,chem,other,none,5.00,0.50,3,子图 运动命令 内部化学连接
2142817,9842000,chem,other,none,5.00,0.50,5,子图 运动命令 内部化学连接
2142817,10059655,chem,other,none,5.00,0.50,1,子图 运动命令 内部化学连接
2142817,10329208,chem,other,none,5.00,0.50,1,子图 运动命令 内部化学连接
2142817,10459723,chem,other,none,5.00,0.50,1,子图 运动命令 内部化学连接
2142817,11605567,chem,other,none,5.00,0.50,2,子图 运动命令 内部化学连接
2142817,12634154,chem,other,none,5.00,0.50,2,子图 运动命令 内部化学连接
2142817,13535380,chem,other,none,5.00,0.50,3,子图 运动命令 内部化学连接
2142817,16434842,chem,other,none,5.00,0.50,6,子图 运动命令 内部化学连接
2438653,1065967,chem,other,none,5.00,0.50,1,子图 运动命令 内部化学连接
2438653,1868538,chem,other,none,5.00,0.50,2,子图 运动命令 内部化学连接
2438653,3044500,chem,other,none,5.00,0.50,1,子图 运动命令 内部化学连接
2438653,3436420,chem,other,none,5.00,0.50,1,子图 运动命令 内部化学连接
2438653,3765735,chem,other,none,5.00,0.50,1,子图 运动命令 内部化学连接
2438653,3814701,chem,other,none,5.00,0.50,2,子图 运动命令 内部化学连接
2438653,3945756,chem,other,none,5.00,0.50,3,子图 运动命令 内部化学连接
2438653,5033480,chem,other,none,5.00,0.50,1,子图 运动命令 内部化学连接
2438653,5690425,chem,other,none,5.00,0.50,5,子图 运动命令 内部化学连接
2438653,5700090,chem,other,none,5.00,0.50,1,子图 运动命令 内部化学连接
2438653,6143930,chem,other,none,5.00,0.50,1,子图 运动命令 内部化学连接
2438653,7388340,chem,other,none,5.00,0.50,1,子图 运动命令 内部化学连接
2438653,7590264,chem,other,none,5.00,0.50,1,子图 运动命令 内部化学连接
2438653,7982307,chem,other,none,5.00,0.50,1,子图 运动命令 内部化学连接
2438653,8566140,chem,other,none,5.00,0.50,1,子图 运动命令 内部化学连接
2438653,9177218,chem,other,none,5.00,0.50,1,子图 运动命令 内部化学连接
2438653,9753494,chem,other,none,5.00,0.50,1,子图 运动命令 内部化学连接
2438653,10100020,chem,other,none,5.00,0.50,2,子图 运动命令 内部化学连接
2438653,10276161,chem,other,none,5.00,0.50,4,子图 运动命令 内部化学连接
2438653,10627239,chem,other,none,5.00,0.50,1,子图 运动命令 内部化学连接
2438653,10768709,chem,other,none,5.00,0.50,1,子图 运动命令 内部化学连接
2438653,10781924,chem,other,none,5.00,0.50,4,子图 运动命令 内部化学连接
2438653,10842099,chem,other,none,5.00,0.50,1,子图 运动命令 内部化学连接
2438653,10870424,chem,other,none,5.00,0.50,1,子图 运动命令 内部化学连接
2438653,10885466,chem,other,none,5.00,0.50,1,子图 运动命令 内部化学连接
2438653,10986253,chem,other,none,5.00,0.50,1,子图 运动命令 内部化学连接
2438653,12782494,chem,other,none,5.00,0.50,1,子图 运动命令 内部化学连接
2438653,13849557,chem,other,none,5.00,0.50,1,子图 运动命令 内部化学连接
2438653,14034206,chem,other,none,5.00,0.50,1,子图 运动命令 内部化学连接
2438653,15608953,chem,other,none,5.00,0.50,1,子图 运动命令 内部化学连接
2438653,15632120,chem,other,none,5.00,0.50,3,子图 运动命令 内部化学连接
2438653,16433696,chem,other,none,5.00,0.50,4,子图 运动命令 内部化学连接
2438653,16468935,chem,other,none,5.00,0.50,1,子图 运动命令 内部化学连接
2438653,17224013,chem,other,none,5.00,0.50,1,子图 运动命令 内部化学连接
2438653,17324711,chem,other,none,5.00,0.50,1,子图 运动命令 内部化学连接
2438653,17729973,chem,other,none,5.00,0.50,3,子图 运动命令 内部化学连接
2438653,17756162,chem,other,none,5.00,0.50,3,子图 运动命令 内部化学连接
2438653,17927604,chem,other,none,5.00,0.50,1,子图 运动命令 内部化学连接
2438653,19010160,chem,other,none,5.00,0.50,4,子图 运动命令 内部化学连接
2438653,19132527,chem,other,none,5.00,0.50,4,子图 运动命令 内部化学连接
2504517,2504517,chem,other,none,5.00,0.50,2,子图 运动命令 内部化学连接
2504517,2669844,chem,other,none,5.00,0.50,3,子图 运动命令 内部化学连接
2504517,3027876,chem,other,none,5.00,0.50,1,子图 运动命令 内部化学连接
2504517,4812481,chem,other,none,5.00,0.50,10,子图 运动命令 内部化学连接
2504517,5162462,chem,other,none,5.00,0.50,2,子图 运动命令 内部化学连接
2504517,8142831,chem,other,none,5.00,0.50,2,子图 运动命令 内部化学连接
2504517,8801715,chem,other,none,5.00,0.50,1,子图 运动命令 内部化学连接
2504517,8801736,chem,other,none,5.00,0.50,1,子图 运动命令 内部化学连接
2504517,8810141,chem,other,none,5.00,0.50,2,子图 运动命令 内部化学连接
2504517,9116228,chem,other,none,5.00,0.50,1,子图 运动命令 内部化学连接
2504517,9532295,chem,other,none,5.00,0.50,5,子图 运动命令 内部化学连接
2504517,10317031,chem,other,none,5.00,0.50,1,子图 运动命令 内部化学连接
2504517,10523825,chem,other,none,5.00,0.50,1,子图 运动命令 内部化学连接
2504517,12031406,chem,other,none,5.00,0.50,1,子图 运动命令 内部化学连接
2504517,12420898,chem,other,none,5.00,0.50,2,子图 运动命令 内部化学连接
2504517,12422355,chem,other,none,5.00,0.50,5,子图 运动命令 内部化学连接
2504517,13652117,chem,other,none,5.00,0.50,1,子图 运动命令 内部化学连接
2504517,14723506,chem,other,none,5.00,0.50,1,子图 运动命令 内部化学连接
2504517,14754777,chem,other,none,5.00,0.50,3,子图 运动命令 内部化学连接
2504517,15481779,chem,other,none,5.00,0.50,1,子图 运动命令 内部化学连接
2504517,15589738,chem,other,none,5.00,0.50,2,子图 运动命令 内部化学连接
2504517,15897280,chem,other,none,5.00,0.50,3,子图 运动命令 内部化学连接
2504517,16348875,chem,other,none,5.00,0.50,1,子图 运动命令 内部化学连接
2504517,16355225,chem,other,none,5.00,0.50,1,子图 运动命令 内部化学连接
2504517,16545101,chem,other,none,5.00,0.50,3,子图 运动命令 内部化学连接
2504517,16851791,chem,other,none,5.00,0.50,1,子图 运动命令 内部化学连接
2504517,17360282,chem,other,none,5.00,0.50,1,子图 运动命令 内部化学连接
2504517,17378648,chem,other,none,5.00,0.50,4,子图 运动命令 内部化学连接
2504517,17455871,chem,other,none,5.00,0.50,5,子图 运动命令 内部化学连接
2504517,17655000,chem,other,none,5.00,0.50,3,子图 运动命令 内部化学连接
2504517,17658602,chem,other,none,5.00,0.50,1,子图 运动命令 内部化学连接
2504517,17660233,chem,other,none,5.00,0.50,2,子图 运动命令 内部化学连接
2504517,17732346,chem,other,none,5.00,0.50,2,子图 运动命令 内部化学连接
2504517,18088813,chem,other,none,5.00,0.50,1,子图 运动命令 内部化学连接
2504517,19167389,chem,other,none,5.00,0.50,1,子图 运动命令 内部化学连接
2557644,9750356,chem,other,none,5.00,0.50,3,子图 运动命令 内部化学连接
2557644,14517691,chem,other,none,5.00,0.50,1,子图 运动命令 内部化学连接
2557644,16158918,chem,other,none,5.00,0.50,7,子图 运动命令 内部化学连接
2557644,16316981,chem,other,none,5.00,0.50,3,子图 运动命令 内部化学连接
2597151,3046503,chem,other,none,5.00,0.50,4,子图 运动命令 内部化学连接
2597151,3281684,chem,other,none,5.00,0.50,7,子图 运动命令 内部化学连接
2597151,3436420,chem,other,none,5.00,0.50,2,子图 运动命令 内部化学连接
2597151,3498479,chem,other,none,5.00,0.50,13,子图 运动命令 内部化学连接
2597151,3926669,chem,other,none,5.00,0.50,1,子图 运动命令 内部化学连接
2597151,3946166,chem,other,none,5.00,0.50,13,子图 运动命令 内部化学连接
2597151,4453485,chem,other,none,5.00,0.50,11,子图 运动命令 内部化学连接
2597151,4506509,chem,other,none,5.00,0.50,5,子图 运动命令 内部化学连接
2597151,4523584,chem,other,none,5.00,0.50,3,子图 运动命令 内部化学连接
2597151,4523803,chem,other,none,5.00,0.50,9,子图 运动命令 内部化学连接
2597151,6445994,chem,other,none,5.00,0.50,4,子图 运动命令 内部化学连接
2597151,7476468,chem,other,none,5.00,0.50,1,子图 运动命令 内部化学连接
2597151,7557604,chem,other,none,5.00,0.50,4,子图 运动命令 内部化学连接
2597151,10059655,chem,other,none,5.00,0.50,7,子图 运动命令 内部化学连接
2597151,10329208,chem,other,none,5.00,0.50,7,子图 运动命令 内部化学连接
2597151,10459723,chem,other,none,5.00,0.50,7,子图 运动命令 内部化学连接
2597151,10563755,chem,other,none,5.00,0.50,1,子图 运动命令 内部化学连接
2597151,10728318,chem,other,none,5.00,0.50,3,子图 运动命令 内部化学连接
2597151,12634154,chem,other,none,5.00,0.50,9,子图 运动命令 内部化学连接
2648254,4188325,chem,other,none,5.00,0.50,1,子图 运动命令 内部化学连接
2648254,4847079,chem,other,none,5.00,0.50,1,子图 运动命令 内部化学连接
2648254,5319633,chem,other,none,5.00,0.50,1,子图 运动命令 内部化学连接
2648254,5794678,chem,other,none,5.00,0.50,2,子图 运动命令 内部化学连接
2648254,13411445,chem,other,none,5.00,0.50,5,子图 运动命令 内部化学连接
2648254,13760954,chem,other,none,5.00,0.50,2,子图 运动命令 内部化学连接
2648254,14374534,chem,other,none,5.00,0.50,1,子图 运动命令 内部化学连接
2648254,14539753,chem,other,none,5.00,0.50,4,子图 运动命令 内部化学连接
2648254,14656798,chem,other,none,5.00,0.50,1,子图 运动命令 内部化学连接
2648254,15732485,chem,other,none,5.00,0.50,1,子图 运动命令 内部化学连接
2648254,16388736,chem,other,none,5.00,0.50,1,子图 运动命令 内部化学连接
2648254,20443571,chem,other,none,5.00,0.50,1,子图 运动命令 内部化学连接
2650887,2650887,chem,other,none,5.00,0.50,1,子图 运动命令 内部化学连接
2650887,3010486,chem,other,none,5.00,0.50,1,子图 运动命令 内部化学连接
2650887,5900426,chem,other,none,5.00,0.50,1,子图 运动命令 内部化学连接
2650887,8801736,chem,other,none,5.00,0.50,2,子图 运动命令 内部化学连接
2650887,10411574,chem,other,none,5.00,0.50,1,子图 运动命令 内部化学连接
2650887,10473853,chem,other,none,5.00,0.50,3,子图 运动命令 内部化学连接
2650887,10758204,chem,other,none,5.00,0.50,7,子图 运动命令 内部化学连接
2650887,11022546,chem,other,none,5.00,0.50,2,子图 运动命令 内部化学连接
2650887,14754777,chem,other,none,5.00,0.50,1,子图 运动命令 内部化学连接
2650887,16355225,chem,other,none,5.00,0.50,2,子图 运动命令 内部化学连接
2650887,16383966,chem,other,none,5.00,0.50,2,子图 运动命令 内部化学连接
2650887,16443509,chem,other,none,5.00,0.50,7,子图 运动命令 内部化学连接
2650887,16545101,chem,other,none,5.00,0.50,1,子图 运动命令 内部化学连接
2650887,16992171,chem,other,none,5.00,0.50,1,子图 运动命令 内部化学连接
2650887,17025508,chem,other,none,5.00,0.50,1,子图 运动命令 内部化学连接
2650887,17353986,chem,other,none,5.00,0.50,9,子图 运动命令 内部化学连接
2650887,17356024,chem,other,none,5.00,0.50,3,子图 运动命令 内部化学连接
2650887,17356442,chem,other,none,5.00,0.50,8,子图 运动命令 内部化学连接
2650887,17378648,chem,other,none,5.00,0.50,4,子图 运动命令 内部化学连接
2650887,17647621,chem,other,none,5.00,0.50,1,子图 运动命令 内部化学连接
2650887,17663944,chem,other,none,5.00,0.50,2,子图 运动命令 内部化学连接
2650887,18088813,chem,other,none,5.00,0.50,1,子图 运动命令 内部化学连接
2650887,18604097,chem,other,none,5.00,0.50,7,子图 运动命令 内部化学连接
2650887,20556072,chem,other,none,5.00,0.50,1,子图 运动命令 内部化学连接
2655798,2655798,chem,other,none,5.00,0.50,1,子图 运动命令 内部化学连接
2655798,3149791,chem,other,none,5.00,0.50,2,子图 运动命令 内部化学连接
2655798,3620633,chem,other,none,5.00,0.50,1,子图 运动命令 内部化学连接
2655798,10527147,chem,other,none,5.00,0.50,2,子图 运动命令 内部化学连接
2655798,10781924,chem,other,none,5.00,0.50,5,子图 运动命令 内部化学连接
2655798,10959064,chem,other,none,5.00,0.50,1,子图 运动命令 内部化学连接
2659504,1646076,chem,other,none,5.00,0.50,10,子图 运动命令 内部化学连接
2659504,1980134,chem,other,none,5.00,0.50,5,子图 运动命令 内部化学连接
2659504,2659504,chem,other,none,5.00,0.50,14,子图 运动命令 内部化学连接
2659504,3944626,chem,other,none,5.00,0.50,7,子图 运动命令 内部化学连接
2659504,5768240,chem,other,none,5.00,0.50,1,子图 运动命令 内部化学连接
2659504,8571259,chem,other,none,5.00,0.50,5,子图 运动命令 内部化学连接
2659504,8723983,chem,other,none,5.00,0.50,2,子图 运动命令 内部化学连接
2659504,10523825,chem,other,none,5.00,0.50,2,子图 运动命令 内部化学连接
2659504,10583715,chem,other,none,5.00,0.50,1,子图 运动命令 内部化学连接
2659504,10600188,chem,other,none,5.00,0.50,7,子图 运动命令 内部化学连接
2659504,11217208,chem,other,none,5.00,0.50,1,子图 运动命令 内部化学连接
2659504,11278919,chem,other,none,5.00,0.50,2,子图 运动命令 内部化学连接
2659504,12654063,chem,other,none,5.00,0.50,1,子图 运动命令 内部化学连接
2659504,13818467,chem,other,none,5.00,0.50,5,子图 运动命令 内部化学连接
2659504,14638686,chem,other,none,5.00,0.50,3,子图 运动命令 内部化学连接
2659504,15055590,chem,other,none,5.00,0.50,2,子图 运动命令 内部化学连接
2659504,16340977,chem,other,none,5.00,0.50,1,子图 运动命令 内部化学连接
2659504,16415910,chem,other,none,5.00,0.50,1,子图 运动命令 内部化学连接
2659504,16851791,chem,other,none,5.00,0.50,29,子图 运动命令 内部化学连接
2659504,17352824,chem,other,none,5.00,0.50,1,子图 运动命令 内部化学连接
2659504,17729335,chem,other,none,5.00,0.50,1,子图 运动命令 内部化学连接
2659504,17729347,chem,other,none,5.00,0.50,1,子图 运动命令 内部化学连接
2659504,17827011,chem,other,none,5.00,0.50,3,子图 运动命令 内部化学连接
2659504,18305433,chem,other,none,5.00,0.50,1,子图 运动命令 内部化学连接
2659504,19167389,chem,other,none,5.00,0.50,2,子图 运动命令 内部化学连接
2669844,1980134,chem,other,none,5.00,0.50,1,子图 运动命令 内部化学连接
2669844,15897280,chem,other,none,5.00,0.50,1,子图 运动命令 内部化学连接
2669844,16851496,chem,other,none,5.00,0.50,1,子图 运动命令 内部化学连接
2670619,2655798,chem,other,none,5.00,0.50,2,子图 运动命令 内部化学连接
2670619,7227010,chem,other,none,5.00,0.50,1,子图 运动命令 内部化学连接
2670619,7422253,chem,other,none,5.00,0.50,1,子图 运动命令 内部化学连接
2670619,7467027,chem,other,none,5.00,0.50,1,子图 运动命令 内部化学连接
2670619,9234420,chem,other,none,5.00,0.50,3,子图 运动命令 内部化学连接
2670619,10882750,chem,other,none,5.00,0.50,1,子图 运动命令 内部化学连接
2670619,10922928,chem,other,none,5.00,0.50,1,子图 运动命令 内部化学连接
2670619,10945111,chem,other,none,5.00,0.50,1,子图 运动命令 内部化学连接
2670619,10945795,chem,other,none,5.00,0.50,2,子图 运动命令 内部化学连接
2670619,13749806,chem,other,none,5.00,0.50,1,子图 运动命令 内部化学连接
2670619,17378483,chem,other,none,5.00,0.50,1,子图 运动命令 内部化学连接
2670619,18639459,chem,other,none,5.00,0.50,1,子图 运动命令 内部化学连接
2772093,2772093,chem,other,none,5.00,0.50,1,子图 运动命令 内部化学连接
2772093,3009700,chem,other,none,5.00,0.50,1,子图 运动命令 内部化学连接
2772093,5700090,chem,other,none,5.00,0.50,1,子图 运动命令 内部化学连接
2772093,6125806,chem,other,none,5.00,0.50,1,子图 运动命令 内部化学连接
2772093,6317793,chem,other,none,5.00,0.50,13,子图 运动命令 内部化学连接
2772093,7449767,chem,other,none,5.00,0.50,1,子图 运动命令 内部化学连接
2772093,7467027,chem,other,none,5.00,0.50,8,子图 运动命令 内部化学连接
2772093,7573476,chem,other,none,5.00,0.50,5,子图 运动命令 内部化学连接
2772093,7587948,chem,other,none,5.00,0.50,3,子图 运动命令 内部化学连接
2772093,8461082,chem,other,none,5.00,0.50,2,子图 运动命令 内部化学连接
2772093,10725068,chem,other,none,5.00,0.50,2,子图 运动命令 内部化学连接
2772093,10882750,chem,other,none,5.00,0.50,2,子图 运动命令 内部化学连接
2772093,11271082,chem,other,none,5.00,0.50,1,子图 运动命令 内部化学连接
2772093,12548756,chem,other,none,5.00,0.50,3,子图 运动命令 内部化学连接
2772093,14753815,chem,other,none,5.00,0.50,2,子图 运动命令 内部化学连接
2772093,17654645,chem,other,none,5.00,0.50,3,子图 运动命令 内部化学连接
2772093,17658672,chem,other,none,5.00,0.50,1,子图 运动命令 内部化学连接
2772093,18302665,chem,other,none,5.00,0.50,1,子图 运动命令 内部化学连接
2797480,5746180,chem,other,none,5.00,0.50,1,子图 运动命令 内部化学连接
2797480,5936935,chem,other,none,5.00,0.50,1,子图 运动命令 内部化学连接
2797480,7388340,chem,other,none,5.00,0.50,1,子图 运动命令 内部化学连接
2797480,10596949,chem,other,none,5.00,0.50,2,子图 运动命令 内部化学连接
2797480,14651659,chem,other,none,5.00,0.50,4,子图 运动命令 内部化学连接
2797480,16415910,chem,other,none,5.00,0.50,1,子图 运动命令 内部化学连接
2797480,16422744,chem,other,none,5.00,0.50,1,子图 运动命令 内部化学连接
2797480,16444758,chem,other,none,5.00,0.50,1,子图 运动命令 内部化学连接
2797480,16545179,chem,other,none,5.00,0.50,1,子图 运动命令 内部化学连接
2797480,17075832,chem,other,none,5.00,0.50,1,子图 运动命令 内部化学连接
2797480,17358891,chem,other,none,5.00,0.50,3,子图 运动命令 内部化学连接
2797480,18501001,chem,other,none,5.00,0.50,3,子图 运动命令 内部化学连接
2797480,19017386,chem,other,none,5.00,0.50,5,子图 运动命令 内部化学连接
2797480,19298625,chem,other,none,5.00,0.50,5,子图 运动命令 内部化学连接
2797480,19298644,chem,other,none,5.00,0.50,2,子图 运动命令 内部化学连接
2797480,20139548,chem,other,none,5.00,0.50,4,子图 运动命令 内部化学连接
2964760,4901087,chem,other,none,5.00,0.50,1,子图 运动命令 内部化学连接
2964760,9351843,chem,other,none,5.00,0.50,2,子图 运动命令 内部化学连接
2964760,15431408,chem,other,none,5.00,0.50,1,子图 运动命令 内部化学连接
2964760,16445338,chem,other,none,5.00,0.50,5,子图 运动命令 内部化学连接
2964760,17000062,chem,other,none,5.00,0.50,1,子图 运动命令 内部化学连接
2964760,17359501,chem,other,none,5.00,0.50,4,子图 运动命令 内部化学连接
2964760,19298625,chem,other,none,5.00,0.50,1,子图 运动命令 内部化学连接
2979675,3946166,chem,other,none,5.00,0.50,2,子图 运动命令 内部化学连接
2979675,5134110,chem,other,none,5.00,0.50,1,子图 运动命令 内部化学连接
2979675,5462159,chem,other,none,5.00,0.50,3,子图 运动命令 内部化学连接
2979675,5657004,chem,other,none,5.00,0.50,6,子图 运动命令 内部化学连接
2979675,5684940,chem,other,none,5.00,0.50,2,子图 运动命令 内部化学连接
2979675,5745110,chem,other,none,5.00,0.50,1,子图 运动命令 内部化学连接
2979675,6572414,chem,other,none,5.00,0.50,1,子图 运动命令 内部化学连接
2979675,9643439,chem,other,none,5.00,0.50,1,子图 运动命令 内部化学连接
2979675,10527147,chem,other,none,5.00,0.50,1,子图 运动命令 内部化学连接
2979675,10842047,chem,other,none,5.00,0.50,2,子图 运动命令 内部化学连接
2979675,15636958,chem,other,none,5.00,0.50,1,子图 运动命令 内部化学连接
2979675,15638906,chem,other,none,5.00,0.50,1,子图 运动命令 内部化学连接
2979675,16931001,chem,other,none,5.00,0.50,6,子图 运动命令 内部化学连接
2979675,17732270,chem,other,none,5.00,0.50,2,子图 运动命令 内部化学连接
2988292,2988292,chem,other,none,5.00,0.50,1,子图 运动命令 内部化学连接
2988292,3882998,chem,other,none,5.00,0.50,1,子图 运动命令 内部化学连接
2988292,5462159,chem,other,none,5.00,0.50,1,子图 运动命令 内部化学连接
2988292,5746180,chem,other,none,5.00,0.50,7,子图 运动命令 内部化学连接
2988292,5760480,chem,other,none,5.00,0.50,1,子图 运动命令 内部化学连接
2988292,6143930,chem,other,none,5.00,0.50,1,子图 运动命令 内部化学连接
2988292,6572414,chem,other,none,5.00,0.50,9,子图 运动命令 内部化学连接
2988292,7700444,chem,other,none,5.00,0.50,1,子图 运动命令 内部化学连接
2988292,17732334,chem,other,none,5.00,0.50,2,子图 运动命令 内部化学连接
2988292,18500988,chem,other,none,5.00,0.50,6,子图 运动命令 内部化学连接
2988292,18501001,chem,other,none,5.00,0.50,17,子图 运动命令 内部化学连接
2988292,20151537,chem,other,none,5.00,0.50,1,子图 运动命令 内部化学连接
3009700,3182103,chem,other,none,5.00,0.50,1,子图 运动命令 内部化学连接
3009700,4400767,chem,other,none,5.00,0.50,1,子图 运动命令 内部化学连接
3009700,5038920,chem,other,none,5.00,0.50,1,子图 运动命令 内部化学连接
3009700,8755914,chem,other,none,5.00,0.50,1,子图 运动命令 内部化学连接
3009700,9424902,chem,other,none,5.00,0.50,1,子图 运动命令 内部化学连接
3009700,14034206,chem,other,none,5.00,0.50,1,子图 运动命令 内部化学连接
3009700,15590555,chem,other,none,5.00,0.50,1,子图 运动命令 内部化学连接
3009700,16571210,chem,other,none,5.00,0.50,1,子图 运动命令 内部化学连接
3009700,17732270,chem,other,none,5.00,0.50,3,子图 运动命令 内部化学连接
3010486,3010486,chem,other,none,5.00,0.50,1,子图 运动命令 内部化学连接
3010486,3027876,chem,other,none,5.00,0.50,2,子图 运动命令 内部化学连接
3010486,3436420,chem,other,none,5.00,0.50,1,子图 运动命令 内部化学连接
3010486,3620633,chem,other,none,5.00,0.50,16,子图 运动命令 内部化学连接
3010486,4215611,chem,other,none,5.00,0.50,1,子图 运动命令 内部化学连接
3010486,5956787,chem,other,none,5.00,0.50,2,子图 运动命令 内部化学连接
3010486,5993001,chem,other,none,5.00,0.50,2,子图 运动命令 内部化学连接
3010486,6317793,chem,other,none,5.00,0.50,2,子图 运动命令 内部化学连接
3010486,8471817,chem,other,none,5.00,0.50,7,子图 运动命令 内部化学连接
3010486,9034378,chem,other,none,5.00,0.50,1,子图 运动命令 内部化学连接
3010486,10768709,chem,other,none,5.00,0.50,6,子图 运动命令 内部化学连接
3010486,11306294,chem,other,none,5.00,0.50,1,子图 运动命令 内部化学连接
3010486,13645610,chem,other,none,5.00,0.50,1,子图 运动命令 内部化学连接
3010486,13948718,chem,other,none,5.00,0.50,2,子图 运动命令 内部化学连接
3010486,14034206,chem,other,none,5.00,0.50,2,子图 运动命令 内部化学连接
3010486,14756061,chem,other,none,5.00,0.50,1,子图 运动命令 内部化学连接
3010486,15576292,chem,other,none,5.00,0.50,1,子图 运动命令 内部化学连接
3010486,15610774,chem,other,none,5.00,0.50,8,子图 运动命令 内部化学连接
3010486,16195633,chem,other,none,5.00,0.50,1,子图 运动命令 内部化学连接
3010486,16335254,chem,other,none,5.00,0.50,1,子图 运动命令 内部化学连接
3010486,16347476,chem,other,none,5.00,0.50,1,子图 运动命令 内部化学连接
3010486,17324711,chem,other,none,5.00,0.50,1,子图 运动命令 内部化学连接
3010486,17384874,chem,other,none,5.00,0.50,2,子图 运动命令 内部化学连接
3010486,17728922,chem,other,none,5.00,0.50,1,子图 运动命令 内部化学连接
3010486,17755491,chem,other,none,5.00,0.50,1,子图 运动命令 内部化学连接
3010486,18133444,chem,other,none,5.00,0.50,5,子图 运动命令 内部化学连接
3010486,18644088,chem,other,none,5.00,0.50,1,子图 运动命令 内部化学连接
3021609,1805418,chem,other,none,5.00,0.50,1,子图 运动命令 内部化学连接
3021609,2659504,chem,other,none,5.00,0.50,2,子图 运动命令 内部化学连接
3021609,2669844,chem,other,none,5.00,0.50,3,子图 运动命令 内部化学连接
3021609,3044500,chem,other,none,5.00,0.50,1,子图 运动命令 内部化学连接
3021609,3945756,chem,other,none,5.00,0.50,1,子图 运动命令 内部化学连接
3021609,5898284,chem,other,none,5.00,0.50,1,子图 运动命令 内部化学连接
3021609,5936935,chem,other,none,5.00,0.50,1,子图 运动命令 内部化学连接
3021609,6623089,chem,other,none,5.00,0.50,1,子图 运动命令 内部化学连接
3021609,8070872,chem,other,none,5.00,0.50,2,子图 运动命令 内部化学连接
3021609,8127390,chem,other,none,5.00,0.50,1,子图 运动命令 内部化学连接
3021609,8801715,chem,other,none,5.00,0.50,1,子图 运动命令 内部化学连接
3021609,9116228,chem,other,none,5.00,0.50,1,子图 运动命令 内部化学连接
3021609,9429085,chem,other,none,5.00,0.50,4,子图 运动命令 内部化学连接
3021609,11891098,chem,other,none,5.00,0.50,2,子图 运动命令 内部化学连接
3021609,12030078,chem,other,none,5.00,0.50,1,子图 运动命令 内部化学连接
3021609,12252572,chem,other,none,5.00,0.50,1,子图 运动命令 内部化学连接
3021609,12422147,chem,other,none,5.00,0.50,1,子图 运动命令 内部化学连接
3021609,12736001,chem,other,none,5.00,0.50,1,子图 运动命令 内部化学连接
3021609,13167730,chem,other,none,5.00,0.50,1,子图 运动命令 内部化学连接
3021609,13834125,chem,other,none,5.00,0.50,1,子图 运动命令 内部化学连接
3021609,14492757,chem,other,none,5.00,0.50,1,子图 运动命令 内部化学连接
3021609,14754777,chem,other,none,5.00,0.50,2,子图 运动命令 内部化学连接
3021609,16167914,chem,other,none,5.00,0.50,1,子图 运动命令 内部化学连接
3021609,16342197,chem,other,none,5.00,0.50,1,子图 运动命令 内部化学连接
3021609,16415910,chem,other,none,5.00,0.50,1,子图 运动命令 内部化学连接
3021609,16445338,chem,other,none,5.00,0.50,1,子图 运动命令 内部化学连接
3021609,16685117,chem,other,none,5.00,0.50,1,子图 运动命令 内部化学连接
3021609,16851791,chem,other,none,5.00,0.50,1,子图 运动命令 内部化学连接
3021609,16937799,chem,other,none,5.00,0.50,1,子图 运动命令 内部化学连接
3021609,17587730,chem,other,none,5.00,0.50,2,子图 运动命令 内部化学连接
3021609,17777981,chem,other,none,5.00,0.50,1,子图 运动命令 内部化学连接
3021609,18023286,chem,other,none,5.00,0.50,3,子图 运动命令 内部化学连接
3021609,18302931,chem,other,none,5.00,0.50,1,子图 运动命令 内部化学连接
3021609,19167389,chem,other,none,5.00,0.50,2,子图 运动命令 内部化学连接
3021609,19298625,chem,other,none,5.00,0.50,1,子图 运动命令 内部化学连接
3021609,20316708,chem,other,none,5.00,0.50,1,子图 运动命令 内部化学连接
3027876,1868538,chem,other,none,5.00,0.50,1,子图 运动命令 内部化学连接
3027876,2283495,chem,other,none,5.00,0.50,1,子图 运动命令 内部化学连接
3027876,3044500,chem,other,none,5.00,0.50,1,子图 运动命令 内部化学连接
3027876,3149791,chem,other,none,5.00,0.50,2,子图 运动命令 内部化学连接
3027876,3620633,chem,other,none,5.00,0.50,7,子图 运动命令 内部化学连接
3027876,3729496,chem,other,none,5.00,0.50,2,子图 运动命令 内部化学连接
3027876,3762317,chem,other,none,5.00,0.50,3,子图 运动命令 内部化学连接
3027876,4215611,chem,other,none,5.00,0.50,1,子图 运动命令 内部化学连接
3027876,5010581,chem,other,none,5.00,0.50,1,子图 运动命令 内部化学连接
3027876,7130033,chem,other,none,5.00,0.50,2,子图 运动命令 内部化学连接
3027876,9234420,chem,other,none,5.00,0.50,6,子图 运动命令 内部化学连接
3027876,10781924,chem,other,none,5.00,0.50,5,子图 运动命令 内部化学连接
3027876,13564607,chem,other,none,5.00,0.50,1,子图 运动命令 内部化学连接
3027876,13645610,chem,other,none,5.00,0.50,1,子图 运动命令 内部化学连接
3027876,13674287,chem,other,none,5.00,0.50,1,子图 运动命令 内部化学连接
3027876,14034206,chem,other,none,5.00,0.50,8,子图 运动命令 内部化学连接
3027876,14034311,chem,other,none,5.00,0.50,3,子图 运动命令 内部化学连接
3027876,14539753,chem,other,none,5.00,0.50,1,子图 运动命令 内部化学连接
3027876,15590555,chem,other,none,5.00,0.50,1,子图 运动命令 内部化学连接
3027876,15672269,chem,other,none,5.00,0.50,1,子图 运动命令 内部化学连接
3027876,15732050,chem,other,none,5.00,0.50,6,子图 运动命令 内部化学连接
3027876,16195633,chem,other,none,5.00,0.50,1,子图 运动命令 内部化学连接
3027876,16910799,chem,other,none,5.00,0.50,1,子图 运动命令 内部化学连接
3027876,17728922,chem,other,none,5.00,0.50,7,子图 运动命令 内部化学连接
3044500,3027876,chem,other,none,5.00,0.50,2,子图 运动命令 内部化学连接
3044500,3414508,chem,other,none,5.00,0.50,2,子图 运动命令 内部化学连接
3044500,3620633,chem,other,none,5.00,0.50,2,子图 运动命令 内部化学连接
3044500,3762317,chem,other,none,5.00,0.50,1,子图 运动命令 内部化学连接
3044500,3926438,chem,other,none,5.00,0.50,5,子图 运动命令 内部化学连接
3044500,3926669,chem,other,none,5.00,0.50,3,子图 运动命令 内部化学连接
3044500,3946166,chem,other,none,5.00,0.50,5,子图 运动命令 内部化学连接
3044500,4215611,chem,other,none,5.00,0.50,4,子图 运动命令 内部化学连接
3044500,4523584,chem,other,none,5.00,0.50,4,子图 运动命令 内部化学连接
3044500,5512988,chem,other,none,5.00,0.50,1,子图 运动命令 内部化学连接
3044500,5657004,chem,other,none,5.00,0.50,1,子图 运动命令 内部化学连接
3044500,5680013,chem,other,none,5.00,0.50,1,子图 运动命令 内部化学连接
3044500,5684940,chem,other,none,5.00,0.50,6,子图 运动命令 内部化学连接
3044500,5745110,chem,other,none,5.00,0.50,1,子图 运动命令 内部化学连接
3044500,5754346,chem,other,none,5.00,0.50,1,子图 运动命令 内部化学连接
3044500,5763407,chem,other,none,5.00,0.50,1,子图 运动命令 内部化学连接
3044500,6554358,chem,other,none,5.00,0.50,5,子图 运动命令 内部化学连接
3044500,7388340,chem,other,none,5.00,0.50,1,子图 运动命令 内部化学连接
3044500,8047280,chem,other,none,5.00,0.50,1,子图 运动命令 内部化学连接
3044500,8496618,chem,other,none,5.00,0.50,2,子图 运动命令 内部化学连接
3044500,10781924,chem,other,none,5.00,0.50,1,子图 运动命令 内部化学连接
3044500,11027071,chem,other,none,5.00,0.50,1,子图 运动命令 内部化学连接
3044500,13645610,chem,other,none,5.00,0.50,11,子图 运动命令 内部化学连接
3044500,13749806,chem,other,none,5.00,0.50,1,子图 运动命令 内部化学连接
3044500,13834125,chem,other,none,5.00,0.50,2,子图 运动命令 内部化学连接
3044500,14034206,chem,other,none,5.00,0.50,7,子图 运动命令 内部化学连接
3044500,14034311,chem,other,none,5.00,0.50,1,子图 运动命令 内部化学连接
3044500,14519756,chem,other,none,5.00,0.50,1,子图 运动命令 内部化学连接
3044500,14656798,chem,other,none,5.00,0.50,6,子图 运动命令 内部化学连接
3044500,14726069,chem,other,none,5.00,0.50,1,子图 运动命令 内部化学连接
3044500,15365184,chem,other,none,5.00,0.50,1,子图 运动命令 内部化学连接
3044500,15894278,chem,other,none,5.00,0.50,1,子图 运动命令 内部化学连接
3044500,16617920,chem,other,none,5.00,0.50,1,子图 运动命令 内部化学连接
3044500,17087885,chem,other,none,5.00,0.50,1,子图 运动命令 内部化学连接
3044500,17321919,chem,other,none,5.00,0.50,4,子图 运动命令 内部化学连接
3044500,17360038,chem,other,none,5.00,0.50,3,子图 运动命令 内部化学连接
3044500,17728922,chem,other,none,5.00,0.50,4,子图 运动命令 内部化学连接
3044500,17776982,chem,other,none,5.00,0.50,3,子图 运动命令 内部化学连接
3044500,20151537,chem,other,none,5.00,0.50,6,子图 运动命令 内部化学连接
3046503,4506509,chem,other,none,5.00,0.50,1,子图 运动命令 内部化学连接
3046503,4523584,chem,other,none,5.00,0.50,1,子图 运动命令 内部化学连接
3048606,10945795,chem,other,none,5.00,0.50,1,子图 运动命令 内部化学连接
3048606,11905911,chem,other,none,5.00,0.50,1,子图 运动命令 内部化学连接
3048606,16115575,chem,other,none,5.00,0.50,1,子图 运动命令 内部化学连接
3048606,17473163,chem,other,none,5.00,0.50,1,子图 运动命令 内部化学连接
3058132,3009700,chem,other,none,5.00,0.50,1,子图 运动命令 内部化学连接
3058132,3048606,chem,other,none,5.00,0.50,3,子图 运动命令 内部化学连接
3058132,3182103,chem,other,none,5.00,0.50,3,子图 运动命令 内部化学连接
3058132,5512988,chem,other,none,5.00,0.50,1,子图 运动命令 内部化学连接
3058132,8687096,chem,other,none,5.00,0.50,3,子图 运动命令 内部化学连接
3058132,8979434,chem,other,none,5.00,0.50,2,子图 运动命令 内部化学连接
3058132,9643439,chem,other,none,5.00,0.50,1,子图 运动命令 内部化学连接
3058132,9739780,chem,other,none,5.00,0.50,3,子图 运动命令 内部化学连接
3058132,14034206,chem,other,none,5.00,0.50,1,子图 运动命令 内部化学连接
3058132,15590555,chem,other,none,5.00,0.50,5,子图 运动命令 内部化学连接
3058132,15594113,chem,other,none,5.00,0.50,4,子图 运动命令 内部化学连接
3058132,15639216,chem,other,none,5.00,0.50,1,子图 运动命令 内部化学连接
3058132,15655801,chem,other,none,5.00,0.50,1,子图 运动命令 内部化学连接
3058132,15676016,chem,other,none,5.00,0.50,6,子图 运动命令 内部化学连接
3058132,17354392,chem,other,none,5.00,0.50,4,子图 运动命令 内部化学连接
3058132,17360038,chem,other,none,5.00,0.50,2,子图 运动命令 内部化学连接
3058132,17732031,chem,other,none,5.00,0.50,3,子图 运动命令 内部化学连接
3060480,2988292,chem,other,none,5.00,0.50,5,子图 运动命令 内部化学连接
3060480,3060480,chem,other,none,5.00,0.50,1,子图 运动命令 内部化学连接
3060480,5754346,chem,other,none,5.00,0.50,5,子图 运动命令 内部化学连接
3060480,5764924,chem,other,none,5.00,0.50,5,子图 运动命令 内部化学连接
3060480,8348277,chem,other,none,5.00,0.50,2,子图 运动命令 内部化学连接
3060480,9739780,chem,other,none,5.00,0.50,1,子图 运动命令 内部化学连接
3060480,10345590,chem,other,none,5.00,0.50,1,子图 运动命令 内部化学连接
3060480,10609443,chem,other,none,5.00,0.50,1,子图 运动命令 内部化学连接
3060480,10842099,chem,other,none,5.00,0.50,3,子图 运动命令 内部化学连接
3060480,10915553,chem,other,none,5.00,0.50,3,子图 运动命令 内部化学连接
3060480,14519756,chem,other,none,5.00,0.50,14,子图 运动命令 内部化学连接
3060480,15365184,chem,other,none,5.00,0.50,4,子图 运动命令 内部化学连接
3060480,15576292,chem,other,none,5.00,0.50,3,子图 运动命令 内部化学连接
3060480,15588711,chem,other,none,5.00,0.50,1,子图 运动命令 内部化学连接
3060480,16096934,chem,other,none,5.00,0.50,5,子图 运动命令 内部化学连接
3060480,17224013,chem,other,none,5.00,0.50,2,子图 运动命令 内部化学连接
3060480,17360038,chem,other,none,5.00,0.50,3,子图 运动命令 内部化学连接
3060480,17728922,chem,other,none,5.00,0.50,2,子图 运动命令 内部化学连接
3060480,17732270,chem,other,none,5.00,0.50,1,子图 运动命令 内部化学连接
3149791,1065967,chem,other,none,5.00,0.50,2,子图 运动命令 内部化学连接
3149791,1805669,chem,other,none,5.00,0.50,1,子图 运动命令 内部化学连接
3149791,1980134,chem,other,none,5.00,0.50,9,子图 运动命令 内部化学连接
3149791,3764792,chem,other,none,5.00,0.50,4,子图 运动命令 内部化学连接
3149791,4876839,chem,other,none,5.00,0.50,4,子图 运动命令 内部化学连接
3149791,5134110,chem,other,none,5.00,0.50,1,子图 运动命令 内部化学连接
3149791,5462159,chem,other,none,5.00,0.50,1,子图 运动命令 内部化学连接
3149791,5680013,chem,other,none,5.00,0.50,7,子图 运动命令 内部化学连接
3149791,5684940,chem,other,none,5.00,0.50,1,子图 运动命令 内部化学连接
3149791,5690425,chem,other,none,5.00,0.50,8,子图 运动命令 内部化学连接
3149791,5754346,chem,other,none,5.00,0.50,1,子图 运动命令 内部化学连接
3149791,5760480,chem,other,none,5.00,0.50,1,子图 运动命令 内部化学连接
3149791,5763407,chem,other,none,5.00,0.50,3,子图 运动命令 内部化学连接
3149791,5764924,chem,other,none,5.00,0.50,2,子图 运动命令 内部化学连接
3149791,6114695,chem,other,none,5.00,0.50,2,子图 运动命令 内部化学连接
3149791,6446394,chem,other,none,5.00,0.50,5,子图 运动命令 内部化学连接
3149791,7130033,chem,other,none,5.00,0.50,1,子图 运动命令 内部化学连接
3149791,7982307,chem,other,none,5.00,0.50,15,子图 运动命令 内部化学连接
3149791,7982324,chem,other,none,5.00,0.50,1,子图 运动命令 内部化学连接
3149791,8047280,chem,other,none,5.00,0.50,1,子图 运动命令 内部化学连接
3149791,8566140,chem,other,none,5.00,0.50,1,子图 运动命令 内部化学连接
3149791,10449035,chem,other,none,5.00,0.50,1,子图 运动命令 内部化学连接
3149791,10781924,chem,other,none,5.00,0.50,2,子图 运动命令 内部化学连接
3149791,10842099,chem,other,none,5.00,0.50,1,子图 运动命令 内部化学连接
3149791,10870424,chem,other,none,5.00,0.50,3,子图 运动命令 内部化学连接
3149791,10882750,chem,other,none,5.00,0.50,4,子图 运动命令 内部化学连接
3149791,10921106,chem,other,none,5.00,0.50,1,子图 运动命令 内部化学连接
3149791,10945111,chem,other,none,5.00,0.50,4,子图 运动命令 内部化学连接
3149791,10945795,chem,other,none,5.00,0.50,1,子图 运动命令 内部化学连接
3149791,11081239,chem,other,none,5.00,0.50,1,子图 运动命令 内部化学连接
3149791,11217208,chem,other,none,5.00,0.50,1,子图 运动命令 内部化学连接
3149791,11623145,chem,other,none,5.00,0.50,1,子图 运动命令 内部化学连接
3149791,12474815,chem,other,none,5.00,0.50,2,子图 运动命令 内部化学连接
3149791,13081886,chem,other,none,5.00,0.50,2,子图 运动命令 内部化学连接
3149791,13411445,chem,other,none,5.00,0.50,1,子图 运动命令 内部化学连接
3149791,14753815,chem,other,none,5.00,0.50,1,子图 运动命令 内部化学连接
3149791,14760757,chem,other,none,5.00,0.50,1,子图 运动命令 内部化学连接
3149791,14914182,chem,other,none,5.00,0.50,1,子图 运动命令 内部化学连接
3149791,15588711,chem,other,none,5.00,0.50,4,子图 运动命令 内部化学连接
3149791,15590555,chem,other,none,5.00,0.50,7,子图 运动命令 内部化学连接
3149791,15897280,chem,other,none,5.00,0.50,6,子图 运动命令 内部化学连接
3149791,16115255,chem,other,none,5.00,0.50,3,子图 运动命令 内部化学连接
3149791,16340977,chem,other,none,5.00,0.50,1,子图 运动命令 内部化学连接
3149791,16347786,chem,other,none,5.00,0.50,2,子图 运动命令 内部化学连接
3149791,16388736,chem,other,none,5.00,0.50,1,子图 运动命令 内部化学连接
3149791,16863538,chem,other,none,5.00,0.50,3,子图 运动命令 内部化学连接
3149791,17102002,chem,other,none,5.00,0.50,3,子图 运动命令 内部化学连接
3149791,17324711,chem,other,none,5.00,0.50,1,子图 运动命令 内部化学连接
3149791,17360038,chem,other,none,5.00,0.50,2,子图 运动命令 内部化学连接
3149791,17378483,chem,other,none,5.00,0.50,2,子图 运动命令 内部化学连接
3149791,17658948,chem,other,none,5.00,0.50,1,子图 运动命令 内部化学连接
3149791,17658978,chem,other,none,5.00,0.50,10,子图 运动命令 内部化学连接
3149791,17728922,chem,other,none,5.00,0.50,1,子图 运动命令 内部化学连接
3149791,17732031,chem,other,none,5.00,0.50,1,子图 运动命令 内部化学连接
3149791,18111410,chem,other,none,5.00,0.50,4,子图 运动命令 内部化学连接
3149791,18133444,chem,other,none,5.00,0.50,1,子图 运动命令 内部化学连接
3149791,18305433,chem,other,none,5.00,0.50,1,子图 运动命令 内部化学连接
3149791,18501001,chem,other,none,5.00,0.50,4,子图 运动命令 内部化学连接
3149791,19010160,chem,other,none,5.00,0.50,11,子图 运动命令 内部化学连接
3149791,20443571,chem,other,none,5.00,0.50,2,子图 运动命令 内部化学连接
3158085,2283495,chem,other,none,5.00,0.50,17,子图 运动命令 内部化学连接
3158085,2355126,chem,other,none,5.00,0.50,4,子图 运动命令 内部化学连接
3158085,2357110,chem,other,none,5.00,0.50,10,子图 运动命令 内部化学连接
3158085,2659386,chem,other,none,5.00,0.50,5,子图 运动命令 内部化学连接
3158085,2852273,chem,other,none,5.00,0.50,9,子图 运动命令 内部化学连接
3158085,3276003,chem,other,none,5.00,0.50,3,子图 运动命令 内部化学连接
3158085,3414508,chem,other,none,5.00,0.50,8,子图 运动命令 内部化学连接
3158085,3436420,chem,other,none,5.00,0.50,2,子图 运动命令 内部化学连接
3158085,3561724,chem,other,none,5.00,0.50,7,子图 运动命令 内部化学连接
3158085,3620633,chem,other,none,5.00,0.50,14,子图 运动命令 内部化学连接
3158085,5010581,chem,other,none,5.00,0.50,1,子图 运动命令 内部化学连接
3158085,7530253,chem,other,none,5.00,0.50,4,子图 运动命令 内部化学连接
3158085,11639192,chem,other,none,5.00,0.50,4,子图 运动命令 内部化学连接
3158085,13535380,chem,other,none,5.00,0.50,8,子图 运动命令 内部化学连接
3158085,13793212,chem,other,none,5.00,0.50,7,子图 运动命令 内部化学连接
3158085,15202263,chem,other,none,5.00,0.50,6,子图 运动命令 内部化学连接
3158085,16434842,chem,other,none,5.00,0.50,1,子图 运动命令 内部化学连接
3180681,2655798,chem,other,none,5.00,0.50,4,子图 运动命令 内部化学连接
3180681,3009700,chem,other,none,5.00,0.50,3,子图 运动命令 内部化学连接
3180681,4127926,chem,other,none,5.00,0.50,10,子图 运动命令 内部化学连接
3180681,4876839,chem,other,none,5.00,0.50,3,子图 运动命令 内部化学连接
3180681,5134110,chem,other,none,5.00,0.50,8,子图 运动命令 内部化学连接
3180681,6125806,chem,other,none,5.00,0.50,1,子图 运动命令 内部化学连接
3180681,7422253,chem,other,none,5.00,0.50,1,子图 运动命令 内部化学连接
3180681,7429933,chem,other,none,5.00,0.50,3,子图 运动命令 内部化学连接
3180681,7573476,chem,other,none,5.00,0.50,2,子图 运动命令 内部化学连接
3180681,8461082,chem,other,none,5.00,0.50,1,子图 运动命令 内部化学连接
3180681,8979434,chem,other,none,5.00,0.50,1,子图 运动命令 内部化学连接
3180681,9234420,chem,other,none,5.00,0.50,1,子图 运动命令 内部化学连接
3180681,11271082,chem,other,none,5.00,0.50,1,子图 运动命令 内部化学连接
3180681,17378483,chem,other,none,5.00,0.50,1,子图 运动命令 内部化学连接
3182103,3009700,chem,other,none,5.00,0.50,3,子图 运动命令 内部化学连接
3182103,5134110,chem,other,none,5.00,0.50,2,子图 运动命令 内部化学连接
3182103,7449767,chem,other,none,5.00,0.50,2,子图 运动命令 内部化学连接
3182103,8461082,chem,other,none,5.00,0.50,2,子图 运动命令 内部化学连接
3182103,9234420,chem,other,none,5.00,0.50,5,子图 运动命令 内部化学连接
3182103,10663559,chem,other,none,5.00,0.50,1,子图 运动命令 内部化学连接
3182103,10725068,chem,other,none,5.00,0.50,2,子图 运动命令 内部化学连接
3182103,11623145,chem,other,none,5.00,0.50,1,子图 运动命令 内部化学连接
3182103,11905911,chem,other,none,5.00,0.50,1,子图 运动命令 内部化学连接
3182103,12548756,chem,other,none,5.00,0.50,1,子图 运动命令 内部化学连接
3182103,15023987,chem,other,none,5.00,0.50,4,子图 运动命令 内部化学连接
3182103,15655801,chem,other,none,5.00,0.50,1,子图 运动命令 内部化学连接
3182103,16666673,chem,other,none,5.00,0.50,1,子图 运动命令 内部化学连接
3182103,18639459,chem,other,none,5.00,0.50,3,子图 运动命令 内部化学连接
3182103,19857577,chem,other,none,5.00,0.50,2,子图 运动命令 内部化学连接
3276003,2283495,chem,other,none,5.00,0.50,5,子图 运动命令 内部化学连接
3276003,2355126,chem,other,none,5.00,0.50,6,子图 运动命令 内部化学连接
3276003,2357110,chem,other,none,5.00,0.50,11,子图 运动命令 内部化学连接
3276003,2659386,chem,other,none,5.00,0.50,6,子图 运动命令 内部化学连接
3276003,2852273,chem,other,none,5.00,0.50,5,子图 运动命令 内部化学连接
3276003,3158085,chem,other,none,5.00,0.50,1,子图 运动命令 内部化学连接
3276003,3414508,chem,other,none,5.00,0.50,12,子图 运动命令 内部化学连接
3276003,3436420,chem,other,none,5.00,0.50,8,子图 运动命令 内部化学连接
3276003,3620633,chem,other,none,5.00,0.50,14,子图 运动命令 内部化学连接
3276003,7530253,chem,other,none,5.00,0.50,2,子图 运动命令 内部化学连接
3276003,11639192,chem,other,none,5.00,0.50,10,子图 运动命令 内部化学连接
3276003,13535380,chem,other,none,5.00,0.50,3,子图 运动命令 内部化学连接
3276003,13793212,chem,other,none,5.00,0.50,6,子图 运动命令 内部化学连接
3276003,15202263,chem,other,none,5.00,0.50,5,子图 运动命令 内部化学连接
3276003,16434842,chem,other,none,5.00,0.50,1,子图 运动命令 内部化学连接
3414508,5476653,chem,other,none,5.00,0.50,8,子图 运动命令 内部化学连接
3414508,5559657,chem,other,none,5.00,0.50,4,子图 运动命令 内部化学连接
3414508,10158972,chem,other,none,5.00,0.50,1,子图 运动命令 内部化学连接
3414508,13167025,chem,other,none,5.00,0.50,4,子图 运动命令 内部化学连接
3414508,14517691,chem,other,none,5.00,0.50,1,子图 运动命令 内部化学连接
3414508,15202263,chem,other,none,5.00,0.50,3,子图 运动命令 内部化学连接
3414508,15250080,chem,other,none,5.00,0.50,8,子图 运动命令 内部化学连接
3414508,15334461,chem,other,none,5.00,0.50,1,子图 运动命令 内部化学连接
3436420,4523584,chem,other,none,5.00,0.50,5,子图 运动命令 内部化学连接
3436420,4523803,chem,other,none,5.00,0.50,1,子图 运动命令 内部化学连接
3436420,9787859,chem,other,none,5.00,0.50,1,子图 运动命令 内部化学连接
3436420,11105182,chem,other,none,5.00,0.50,1,子图 运动命令 内部化学连接
3436420,12634154,chem,other,none,5.00,0.50,1,子图 运动命令 内部化学连接
3436420,16424131,chem,other,none,5.00,0.50,1,子图 运动命令 内部化学连接
3486867,858479,chem,other,none,5.00,0.50,1,子图 运动命令 内部化学连接
3486867,3797420,chem,other,none,5.00,0.50,2,子图 运动命令 内部化学连接
3486867,4523803,chem,other,none,5.00,0.50,1,子图 运动命令 内部化学连接
3486867,5478818,chem,other,none,5.00,0.50,2,子图 运动命令 内部化学连接
3486867,5558724,chem,other,none,5.00,0.50,1,子图 运动命令 内部化学连接
3486867,8154054,chem,other,none,5.00,0.50,1,子图 运动命令 内部化学连接
3486867,13380660,chem,other,none,5.00,0.50,1,子图 运动命令 内部化学连接
3486867,13793212,chem,other,none,5.00,0.50,1,子图 运动命令 内部化学连接
3486867,14517691,chem,other,none,5.00,0.50,2,子图 运动命令 内部化学连接
3486867,18440675,chem,other,none,5.00,0.50,1,子图 运动命令 内部化学连接
3498479,3436420,chem,other,none,5.00,0.50,1,子图 运动命令 内部化学连接
3498479,3498479,chem,other,none,5.00,0.50,1,子图 运动命令 内部化学连接
3498479,4453485,chem,other,none,5.00,0.50,2,子图 运动命令 内部化学连接
3498479,9428865,chem,other,none,5.00,0.50,1,子图 运动命令 内部化学连接
3498479,9787592,chem,other,none,5.00,0.50,3,子图 运动命令 内部化学连接
3498479,9795662,chem,other,none,5.00,0.50,9,子图 运动命令 内部化学连接
3498479,9842383,chem,other,none,5.00,0.50,2,子图 运动命令 内部化学连接
3498479,12000033,chem,other,none,5.00,0.50,1,子图 运动命令 内部化学连接
3498479,13854190,chem,other,none,5.00,0.50,10,子图 运动命令 内部化学连接
3498479,16424131,chem,other,none,5.00,0.50,6,子图 运动命令 内部化学连接
3539170,4991243,chem,other,none,5.00,0.50,1,子图 运动命令 内部化学连接
3539170,11105182,chem,other,none,5.00,0.50,2,子图 运动命令 内部化学连接
3539170,11229136,chem,other,none,5.00,0.50,1,子图 运动命令 内部化学连接
3539170,17814107,chem,other,none,5.00,0.50,3,子图 运动命令 内部化学连接
3539170,18440675,chem,other,none,5.00,0.50,2,子图 运动命令 内部化学连接
3595837,1065967,chem,other,none,5.00,0.50,1,子图 运动命令 内部化学连接
3595837,1961182,chem,other,none,5.00,0.50,2,子图 运动命令 内部化学连接
3595837,3149791,chem,other,none,5.00,0.50,1,子图 运动命令 内部化学连接
3595837,3436420,chem,other,none,5.00,0.50,1,子图 运动命令 内部化学连接
3595837,3598000,chem,other,none,5.00,0.50,15,子图 运动命令 内部化学连接
3595837,3764792,chem,other,none,5.00,0.50,1,子图 运动命令 内部化学连接
3595837,6193472,chem,other,none,5.00,0.50,1,子图 运动命令 内部化学连接
3595837,6317793,chem,other,none,5.00,0.50,1,子图 运动命令 内部化学连接
3595837,8496618,chem,other,none,5.00,0.50,4,子图 运动命令 内部化学连接
3595837,8571259,chem,other,none,5.00,0.50,1,子图 运动命令 内部化学连接
3595837,8572353,chem,other,none,5.00,0.50,1,子图 运动命令 内部化学连接
3595837,9234420,chem,other,none,5.00,0.50,1,子图 运动命令 内部化学连接
3595837,10716080,chem,other,none,5.00,0.50,2,子图 运动命令 内部化学连接
3595837,10728318,chem,other,none,5.00,0.50,2,子图 运动命令 内部化学连接
3595837,10728328,chem,other,none,5.00,0.50,1,子图 运动命令 内部化学连接
3595837,10922928,chem,other,none,5.00,0.50,1,子图 运动命令 内部化学连接
3595837,17324711,chem,other,none,5.00,0.50,1,子图 运动命令 内部化学连接
3595837,17351780,chem,other,none,5.00,0.50,1,子图 运动命令 内部化学连接
3595837,18644088,chem,other,none,5.00,0.50,1,子图 运动命令 内部化学连接
3598000,2655798,chem,other,none,5.00,0.50,2,子图 运动命令 内部化学连接
3598000,3149791,chem,other,none,5.00,0.50,1,子图 运动命令 内部化学连接
3598000,3595837,chem,other,none,5.00,0.50,10,子图 运动命令 内部化学连接
3598000,5134110,chem,other,none,5.00,0.50,1,子图 运动命令 内部化学连接
3598000,6446394,chem,other,none,5.00,0.50,2,子图 运动命令 内部化学连接
3598000,8496618,chem,other,none,5.00,0.50,4,子图 运动命令 内部化学连接
3598000,10716080,chem,other,none,5.00,0.50,6,子图 运动命令 内部化学连接
3598000,10728318,chem,other,none,5.00,0.50,3,子图 运动命令 内部化学连接
3598000,13411445,chem,other,none,5.00,0.50,1,子图 运动命令 内部化学连接
3598000,13557064,chem,other,none,5.00,0.50,2,子图 运动命令 内部化学连接
3598000,17357979,chem,other,none,5.00,0.50,1,子图 运动命令 内部化学连接
3598000,17379420,chem,other,none,5.00,0.50,1,子图 运动命令 内部化学连接
3598000,17658948,chem,other,none,5.00,0.50,1,子图 运动命令 内部化学连接
3598000,18464581,chem,other,none,5.00,0.50,2,子图 运动命令 内部化学连接
3620633,3498479,chem,other,none,5.00,0.50,3,子图 运动命令 内部化学连接
3620633,3595837,chem,other,none,5.00,0.50,2,子图 运动命令 内部化学连接
3620633,3620633,chem,other,none,5.00,0.50,1,子图 运动命令 内部化学连接
3620633,3882998,chem,other,none,5.00,0.50,1,子图 运动命令 内部化学连接
3620633,3925724,chem,other,none,5.00,0.50,4,子图 运动命令 内部化学连接
3620633,3926904,chem,other,none,5.00,0.50,4,子图 运动命令 内部化学连接
3620633,3928522,chem,other,none,5.00,0.50,1,子图 运动命令 内部化学连接
3620633,3944330,chem,other,none,5.00,0.50,3,子图 运动命令 内部化学连接
3620633,3944626,chem,other,none,5.00,0.50,3,子图 运动命令 内部化学连接
3620633,3946166,chem,other,none,5.00,0.50,5,子图 运动命令 内部化学连接
3620633,4188290,chem,other,none,5.00,0.50,2,子图 运动命令 内部化学连接
3620633,4400767,chem,other,none,5.00,0.50,1,子图 运动命令 内部化学连接
3620633,4874953,chem,other,none,5.00,0.50,2,子图 运动命令 内部化学连接
3620633,5038920,chem,other,none,5.00,0.50,2,子图 运动命令 内部化学连接
3620633,5469039,chem,other,none,5.00,0.50,6,子图 运动命令 内部化学连接
3620633,5500958,chem,other,none,5.00,0.50,4,子图 运动命令 内部化学连接
3620633,5996485,chem,other,none,5.00,0.50,2,子图 运动命令 内部化学连接
3620633,6445994,chem,other,none,5.00,0.50,9,子图 运动命令 内部化学连接
3620633,7005184,chem,other,none,5.00,0.50,3,子图 运动命令 内部化学连接
3620633,7130033,chem,other,none,5.00,0.50,1,子图 运动命令 内部化学连接
3620633,7476468,chem,other,none,5.00,0.50,3,子图 运动命令 内部化学连接
3620633,7569260,chem,other,none,5.00,0.50,4,子图 运动命令 内部化学连接
3620633,7589765,chem,other,none,5.00,0.50,3,子图 运动命令 内部化学连接
3620633,9424902,chem,other,none,5.00,0.50,1,子图 运动命令 内部化学连接
3620633,10059655,chem,other,none,5.00,0.50,6,子图 运动命令 内部化学连接
3620633,10345590,chem,other,none,5.00,0.50,1,子图 运动命令 内部化学连接
3620633,10418394,chem,other,none,5.00,0.50,1,子图 运动命令 内部化学连接
3620633,10609443,chem,other,none,5.00,0.50,1,子图 运动命令 内部化学连接
3620633,10716080,chem,other,none,5.00,0.50,5,子图 运动命令 内部化学连接
3620633,10728318,chem,other,none,5.00,0.50,1,子图 运动命令 内部化学连接
3620633,11356523,chem,other,none,5.00,0.50,1,子图 运动命令 内部化学连接
3620633,13749806,chem,other,none,5.00,0.50,1,子图 运动命令 内部化学连接
3620633,14034206,chem,other,none,5.00,0.50,3,子图 运动命令 内部化学连接
3620633,14034311,chem,other,none,5.00,0.50,1,子图 运动命令 内部化学连接
3620633,14760757,chem,other,none,5.00,0.50,3,子图 运动命令 内部化学连接
3620633,16571210,chem,other,none,5.00,0.50,1,子图 运动命令 内部化学连接
3620633,16683883,chem,other,none,5.00,0.50,6,子图 运动命令 内部化学连接
3620633,16683943,chem,other,none,5.00,0.50,5,子图 运动命令 内部化学连接
3620633,17053270,chem,other,none,5.00,0.50,1,子图 运动命令 内部化学连接
3620633,17352470,chem,other,none,5.00,0.50,2,子图 运动命令 内部化学连接
3729496,865151,chem,other,none,5.00,0.50,7,子图 运动命令 内部化学连接
3729496,3762317,chem,other,none,5.00,0.50,1,子图 运动命令 内部化学连接
3729496,14154154,chem,other,none,5.00,0.50,4,子图 运动命令 内部化学连接
3729496,17728922,chem,other,none,5.00,0.50,1,子图 运动命令 内部化学连接
3732322,5558724,chem,other,none,5.00,0.50,5,子图 运动命令 内部化学连接
3762317,992646,chem,other,none,5.00,0.50,1,子图 运动命令 内部化学连接
3762317,1924051,chem,other,none,5.00,0.50,1,子图 运动命令 内部化学连接
3762317,17359101,chem,other,none,5.00,0.50,5,子图 运动命令 内部化学连接
3762317,17423125,chem,other,none,5.00,0.50,3,子图 运动命令 内部化学连接
3764792,3979181,chem,other,none,5.00,0.50,3,子图 运动命令 内部化学连接
3764792,4188290,chem,other,none,5.00,0.50,1,子图 运动命令 内部化学连接
3764792,4215611,chem,other,none,5.00,0.50,1,子图 运动命令 内部化学连接
3764792,6317793,chem,other,none,5.00,0.50,2,子图 运动命令 内部化学连接
3764792,10922928,chem,other,none,5.00,0.50,3,子图 运动命令 内部化学连接
3764792,13727202,chem,other,none,5.00,0.50,1,子图 运动命令 内部化学连接
3764792,13749806,chem,other,none,5.00,0.50,2,子图 运动命令 内部化学连接
3764792,15365184,chem,other,none,5.00,0.50,1,子图 运动命令 内部化学连接
3764792,16676038,chem,other,none,5.00,0.50,1,子图 运动命令 内部化学连接
3764792,17321919,chem,other,none,5.00,0.50,1,子图 运动命令 内部化学连接
3764792,17324711,chem,other,none,5.00,0.50,1,子图 运动命令 内部化学连接
3765735,3027876,chem,other,none,5.00,0.50,11,子图 运动命令 内部化学连接
3765735,5993001,chem,other,none,5.00,0.50,2,子图 运动命令 内部化学连接
3765735,6143930,chem,other,none,5.00,0.50,1,子图 运动命令 内部化学连接
3765735,8471817,chem,other,none,5.00,0.50,3,子图 运动命令 内部化学连接
3765735,8571259,chem,other,none,5.00,0.50,2,子图 运动命令 内部化学连接
3765735,8572353,chem,other,none,5.00,0.50,4,子图 运动命令 内部化学连接
3765735,9116228,chem,other,none,5.00,0.50,2,子图 运动命令 内部化学连接
3765735,10276161,chem,other,none,5.00,0.50,1,子图 运动命令 内部化学连接
3765735,10583715,chem,other,none,5.00,0.50,1,子图 运动命令 内部化学连接
3765735,10600188,chem,other,none,5.00,0.50,1,子图 运动命令 内部化学连接
3765735,11306294,chem,other,none,5.00,0.50,1,子图 运动命令 内部化学连接
3765735,13652117,chem,other,none,5.00,0.50,1,子图 运动命令 内部化学连接
3765735,13674287,chem,other,none,5.00,0.50,3,子图 运动命令 内部化学连接
3765735,13763548,chem,other,none,5.00,0.50,8,子图 运动命令 内部化学连接
3765735,13835439,chem,other,none,5.00,0.50,1,子图 运动命令 内部化学连接
3765735,13953184,chem,other,none,5.00,0.50,3,子图 运动命令 内部化学连接
3765735,14756061,chem,other,none,5.00,0.50,1,子图 运动命令 内部化学连接
3765735,15155348,chem,other,none,5.00,0.50,4,子图 运动命令 内部化学连接
3765735,15548844,chem,other,none,5.00,0.50,1,子图 运动命令 内部化学连接
3765735,15585114,chem,other,none,5.00,0.50,1,子图 运动命令 内部化学连接
3765735,15610774,chem,other,none,5.00,0.50,1,子图 运动命令 内部化学连接
3765735,15800115,chem,other,none,5.00,0.50,1,子图 运动命令 内部化学连接
3765735,16051878,chem,other,none,5.00,0.50,1,子图 运动命令 内部化学连接
3765735,16195633,chem,other,none,5.00,0.50,9,子图 运动命令 内部化学连接
3765735,16340461,chem,other,none,5.00,0.50,3,子图 运动命令 内部化学连接
3765735,16350988,chem,other,none,5.00,0.50,9,子图 运动命令 内部化学连接
3765735,16471422,chem,other,none,5.00,0.50,4,子图 运动命令 内部化学连接
3765735,16714214,chem,other,none,5.00,0.50,2,子图 运动命令 内部化学连接
3765735,16910799,chem,other,none,5.00,0.50,1,子图 运动命令 内部化学连接
3765735,17328632,chem,other,none,5.00,0.50,3,子图 运动命令 内部化学连接
3765735,17755491,chem,other,none,5.00,0.50,2,子图 运动命令 内部化学连接
3765735,17990556,chem,other,none,5.00,0.50,2,子图 运动命令 内部化学连接
3765735,18604097,chem,other,none,5.00,0.50,1,子图 运动命令 内部化学连接
3765735,19048289,chem,other,none,5.00,0.50,1,子图 运动命令 内部化学连接
3797420,858479,chem,other,none,5.00,0.50,1,子图 运动命令 内部化学连接
3797420,3486867,chem,other,none,5.00,0.50,1,子图 运动命令 内部化学连接
3797420,4116174,chem,other,none,5.00,0.50,1,子图 运动命令 内部化学连接
3797420,5478818,chem,other,none,5.00,0.50,3,子图 运动命令 内部化学连接
3797420,8154054,chem,other,none,5.00,0.50,3,子图 运动命令 内部化学连接
3797420,13380660,chem,other,none,5.00,0.50,2,子图 运动命令 内部化学连接
3806652,2557644,chem,other,none,5.00,0.50,1,子图 运动命令 内部化学连接
3806652,8159396,chem,other,none,5.00,0.50,1,子图 运动命令 内部化学连接
3806652,16158918,chem,other,none,5.00,0.50,4,子图 运动命令 内部化学连接
3806652,16393165,chem,other,none,5.00,0.50,11,子图 运动命令 内部化学连接
3806652,17355872,chem,other,none,5.00,0.50,1,子图 运动命令 内部化学连接
3806652,17529547,chem,other,none,5.00,0.50,1,子图 运动命令 内部化学连接
3814701,2964760,chem,other,none,5.00,0.50,3,子图 运动命令 内部化学连接
3814701,3539170,chem,other,none,5.00,0.50,1,子图 运动命令 内部化学连接
3814701,5688091,chem,other,none,5.00,0.50,1,子图 运动命令 内部化学连接
3814701,6143930,chem,other,none,5.00,0.50,3,子图 运动命令 内部化学连接
3814701,8347907,chem,other,none,5.00,0.50,1,子图 运动命令 内部化学连接
3814701,8687096,chem,other,none,5.00,0.50,1,子图 运动命令 内部化学连接
3814701,9351843,chem,other,none,5.00,0.50,1,子图 运动命令 内部化学连接
3814701,9787859,chem,other,none,5.00,0.50,1,子图 运动命令 内部化学连接
3814701,10915553,chem,other,none,5.00,0.50,2,子图 运动命令 内部化学连接
3814701,13313410,chem,other,none,5.00,0.50,1,子图 运动命令 内部化学连接
3814701,13833814,chem,other,none,5.00,0.50,3,子图 运动命令 内部化学连接
3814701,15686444,chem,other,none,5.00,0.50,1,子图 运动命令 内部化学连接
3814701,16335254,chem,other,none,5.00,0.50,1,子图 运动命令 内部化学连接
3814701,17315288,chem,other,none,5.00,0.50,2,子图 运动命令 内部化学连接
3814701,17354392,chem,other,none,5.00,0.50,1,子图 运动命令 内部化学连接
3814701,17356454,chem,other,none,5.00,0.50,3,子图 运动命令 内部化学连接
3814701,17360010,chem,other,none,5.00,0.50,1,子图 运动命令 内部化学连接
3814701,17360022,chem,other,none,5.00,0.50,2,子图 运动命令 内部化学连接
3814701,17732031,chem,other,none,5.00,0.50,2,子图 运动命令 内部化学连接
3814701,17740547,chem,other,none,5.00,0.50,2,子图 运动命令 内部化学连接
3882998,3149791,chem,other,none,5.00,0.50,6,子图 运动命令 内部化学连接
3882998,4188290,chem,other,none,5.00,0.50,1,子图 运动命令 内部化学连接
3882998,5976168,chem,other,none,5.00,0.50,1,子图 运动命令 内部化学连接
3882998,6554358,chem,other,none,5.00,0.50,1,子图 运动命令 内部化学连接
3882998,6572414,chem,other,none,5.00,0.50,1,子图 运动命令 内部化学连接
3882998,9234420,chem,other,none,5.00,0.50,1,子图 运动命令 内部化学连接
3882998,10781924,chem,other,none,5.00,0.50,2,子图 运动命令 内部化学连接
3882998,10872426,chem,other,none,5.00,0.50,1,子图 运动命令 内部化学连接
3882998,10922928,chem,other,none,5.00,0.50,2,子图 运动命令 内部化学连接
3882998,11261332,chem,other,none,5.00,0.50,1,子图 运动命令 内部化学连接
3882998,16468935,chem,other,none,5.00,0.50,2,子图 运动命令 内部化学连接
3882998,16676038,chem,other,none,5.00,0.50,1,子图 运动命令 内部化学连接
3925724,16683943,chem,other,none,5.00,0.50,2,子图 运动命令 内部化学连接
3926438,5010581,chem,other,none,5.00,0.50,1,子图 运动命令 内部化学连接
3926669,3926438,chem,other,none,5.00,0.50,1,子图 运动命令 内部化学连接
3926904,3727004,chem,other,none,5.00,0.50,1,子图 运动命令 内部化学连接
3926904,5010581,chem,other,none,5.00,0.50,1,子图 运动命令 内部化学连接
3926904,5955853,chem,other,none,5.00,0.50,1,子图 运动命令 内部化学连接
3926904,13751194,chem,other,none,5.00,0.50,1,子图 运动命令 内部化学连接
3944330,9750356,chem,other,none,5.00,0.50,1,子图 运动命令 内部化学连接
3944330,14154154,chem,other,none,5.00,0.50,1,子图 运动命令 内部化学连接
3944330,16910799,chem,other,none,5.00,0.50,1,子图 运动命令 内部化学连接
3944626,1868538,chem,other,none,5.00,0.50,1,子图 运动命令 内部化学连接
3944626,3498479,chem,other,none,5.00,0.50,7,子图 运动命令 内部化学连接
3944626,3620633,chem,other,none,5.00,0.50,1,子图 运动命令 内部化学连接
3944626,3944626,chem,other,none,5.00,0.50,1,子图 运动命令 内部化学连接
3944626,4215611,chem,other,none,5.00,0.50,3,子图 运动命令 内部化学连接
3944626,5976168,chem,other,none,5.00,0.50,1,子图 运动命令 内部化学连接
3944626,5996485,chem,other,none,5.00,0.50,2,子图 运动命令 内部化学连接
3944626,6317793,chem,other,none,5.00,0.50,1,子图 运动命令 内部化学连接
3944626,6554358,chem,other,none,5.00,0.50,4,子图 运动命令 内部化学连接
3944626,7227010,chem,other,none,5.00,0.50,1,子图 运动命令 内部化学连接
3944626,7569260,chem,other,none,5.00,0.50,1,子图 运动命令 内部化学连接
3944626,9424902,chem,other,none,5.00,0.50,1,子图 运动命令 内部化学连接
3944626,10018150,chem,other,none,5.00,0.50,1,子图 运动命令 内部化学连接
3944626,10059655,chem,other,none,5.00,0.50,2,子图 运动命令 内部化学连接
3944626,10100020,chem,other,none,5.00,0.50,1,子图 运动命令 内部化学连接
3944626,10922928,chem,other,none,5.00,0.50,3,子图 运动命令 内部化学连接
3944626,11022546,chem,other,none,5.00,0.50,1,子图 运动命令 内部化学连接
3944626,14034206,chem,other,none,5.00,0.50,1,子图 运动命令 内部化学连接
3944626,16676038,chem,other,none,5.00,0.50,1,子图 运动命令 内部化学连接
3944626,17321919,chem,other,none,5.00,0.50,1,子图 运动命令 内部化学连接
3944626,17776982,chem,other,none,5.00,0.50,2,子图 运动命令 内部化学连接
3945136,2655798,chem,other,none,5.00,0.50,1,子图 运动命令 内部化学连接
3945136,3764792,chem,other,none,5.00,0.50,1,子图 运动命令 内部化学连接
3945136,4127926,chem,other,none,5.00,0.50,1,子图 运动命令 内部化学连接
3945136,5512988,chem,other,none,5.00,0.50,6,子图 运动命令 内部化学连接
3945136,6114695,chem,other,none,5.00,0.50,4,子图 运动命令 内部化学连接
3945136,7422253,chem,other,none,5.00,0.50,1,子图 运动命令 内部化学连接
3945136,8253620,chem,other,none,5.00,0.50,1,子图 运动命令 内部化学连接
3945136,8546775,chem,other,none,5.00,0.50,2,子图 运动命令 内部化学连接
3945136,9234420,chem,other,none,5.00,0.50,2,子图 运动命令 内部化学连接
3945136,10945795,chem,other,none,5.00,0.50,2,子图 运动命令 内部化学连接
3945136,12474815,chem,other,none,5.00,0.50,1,子图 运动命令 内部化学连接
3945136,13081886,chem,other,none,5.00,0.50,3,子图 运动命令 内部化学连接
3945136,14034206,chem,other,none,5.00,0.50,2,子图 运动命令 内部化学连接
3945136,15048530,chem,other,none,5.00,0.50,7,子图 运动命令 内部化学连接
3945136,15590555,chem,other,none,5.00,0.50,1,子图 运动命令 内部化学连接
3945136,16115575,chem,other,none,5.00,0.50,1,子图 运动命令 内部化学连接
3945136,17378483,chem,other,none,5.00,0.50,4,子图 运动命令 内部化学连接
3945136,17658978,chem,other,none,5.00,0.50,2,子图 运动命令 内部化学连接
3945136,17732031,chem,other,none,5.00,0.50,2,子图 运动命令 内部化学连接
3945136,17804729,chem,other,none,5.00,0.50,1,子图 运动命令 内部化学连接
3945756,1065967,chem,other,none,5.00,0.50,2,子图 运动命令 内部化学连接
3945756,1646076,chem,other,none,5.00,0.50,3,子图 运动命令 内部化学连接
3945756,1868538,chem,other,none,5.00,0.50,2,子图 运动命令 内部化学连接
3945756,3021609,chem,other,none,5.00,0.50,1,子图 运动命令 内部化学连接
3945756,3027876,chem,other,none,5.00,0.50,2,子图 运动命令 内部化学连接
3945756,4110483,chem,other,none,5.00,0.50,1,子图 运动命令 内部化学连接
3945756,5675990,chem,other,none,5.00,0.50,1,子图 运动命令 内部化学连接
3945756,5902352,chem,other,none,5.00,0.50,4,子图 运动命令 内部化学连接
3945756,5936935,chem,other,none,5.00,0.50,1,子图 运动命令 内部化学连接
3945756,7005145,chem,other,none,5.00,0.50,4,子图 运动命令 内部化学连接
3945756,7982307,chem,other,none,5.00,0.50,2,子图 运动命令 内部化学连接
3945756,8127390,chem,other,none,5.00,0.50,6,子图 运动命令 内部化学连接
3945756,8566140,chem,other,none,5.00,0.50,8,子图 运动命令 内部化学连接
3945756,9077224,chem,other,none,5.00,0.50,1,子图 运动命令 内部化学连接
3945756,9116228,chem,other,none,5.00,0.50,1,子图 运动命令 内部化学连接
3945756,9424902,chem,other,none,5.00,0.50,2,子图 运动命令 内部化学连接
3945756,9480916,chem,other,none,5.00,0.50,2,子图 运动命令 内部化学连接
3945756,9753494,chem,other,none,5.00,0.50,1,子图 运动命令 内部化学连接
3945756,10100020,chem,other,none,5.00,0.50,2,子图 运动命令 内部化学连接
3945756,10276161,chem,other,none,5.00,0.50,8,子图 运动命令 内部化学连接
3945756,10345590,chem,other,none,5.00,0.50,1,子图 运动命令 内部化学连接
3945756,10596949,chem,other,none,5.00,0.50,3,子图 运动命令 内部化学连接
3945756,10781924,chem,other,none,5.00,0.50,2,子图 运动命令 内部化学连接
3945756,10872426,chem,other,none,5.00,0.50,2,子图 运动命令 内部化学连接
3945756,10875178,chem,other,none,5.00,0.50,2,子图 运动命令 内部化学连接
3945756,11348509,chem,other,none,5.00,0.50,1,子图 运动命令 内部化学连接
3945756,12031406,chem,other,none,5.00,0.50,1,子图 运动命令 内部化学连接
3945756,12551020,chem,other,none,5.00,0.50,3,子图 运动命令 内部化学连接
3945756,13652117,chem,other,none,5.00,0.50,4,子图 运动命令 内部化学连接
3945756,13834125,chem,other,none,5.00,0.50,1,子图 运动命令 内部化学连接
3945756,14617508,chem,other,none,5.00,0.50,6,子图 运动命令 内部化学连接
3945756,14680483,chem,other,none,5.00,0.50,7,子图 运动命令 内部化学连接
3945756,14754777,chem,other,none,5.00,0.50,3,子图 运动命令 内部化学连接
3945756,14756061,chem,other,none,5.00,0.50,6,子图 运动命令 内部化学连接
3945756,15048530,chem,other,none,5.00,0.50,2,子图 运动命令 内部化学连接
3945756,15431408,chem,other,none,5.00,0.50,1,子图 运动命令 内部化学连接
3945756,15522152,chem,other,none,5.00,0.50,9,子图 运动命令 内部化学连接
3945756,15548844,chem,other,none,5.00,0.50,8,子图 运动命令 内部化学连接
3945756,15610774,chem,other,none,5.00,0.50,2,子图 运动命令 内部化学连接
3945756,15792643,chem,other,none,5.00,0.50,1,子图 运动命令 内部化学连接
3945756,16167914,chem,other,none,5.00,0.50,1,子图 运动命令 内部化学连接
3945756,16347786,chem,other,none,5.00,0.50,1,子图 运动命令 内部化学连接
3945756,16361363,chem,other,none,5.00,0.50,1,子图 运动命令 内部化学连接
3945756,16415910,chem,other,none,5.00,0.50,21,子图 运动命令 内部化学连接
3945756,16433696,chem,other,none,5.00,0.50,1,子图 运动命令 内部化学连接
3945756,16561660,chem,other,none,5.00,0.50,2,子图 运动命令 内部化学连接
3945756,17102002,chem,other,none,5.00,0.50,3,子图 运动命令 内部化学连接
3945756,17324711,chem,other,none,5.00,0.50,1,子图 运动命令 内部化学连接
3945756,17328580,chem,other,none,5.00,0.50,1,子图 运动命令 内部化学连接
3945756,17360282,chem,other,none,5.00,0.50,2,子图 运动命令 内部化学连接
3945756,17587730,chem,other,none,5.00,0.50,1,子图 运动命令 内部化学连接
3945756,18023286,chem,other,none,5.00,0.50,1,子图 运动命令 内部化学连接
3945756,18305433,chem,other,none,5.00,0.50,4,子图 运动命令 内部化学连接
3945756,19017386,chem,other,none,5.00,0.50,3,子图 运动命令 内部化学连接
3945756,19167389,chem,other,none,5.00,0.50,1,子图 运动命令 内部化学连接
3946166,2659386,chem,other,none,5.00,0.50,2,子图 运动命令 内部化学连接
3946166,3027876,chem,other,none,5.00,0.50,1,子图 运动命令 内部化学连接
3946166,3276003,chem,other,none,5.00,0.50,1,子图 运动命令 内部化学连接
3946166,3414508,chem,other,none,5.00,0.50,6,子图 运动命令 内部化学连接
3946166,3436420,chem,other,none,5.00,0.50,9,子图 运动命令 内部化学连接
3946166,3595837,chem,other,none,5.00,0.50,1,子图 运动命令 内部化学连接
3946166,3620633,chem,other,none,5.00,0.50,3,子图 运动命令 内部化学连接
3946166,3727026,chem,other,none,5.00,0.50,1,子图 运动命令 内部化学连接
3946166,3762787,chem,other,none,5.00,0.50,3,子图 运动命令 内部化学连接
3946166,4215611,chem,other,none,5.00,0.50,1,子图 运动命令 内部化学连接
3946166,4874953,chem,other,none,5.00,0.50,7,子图 运动命令 内部化学连接
3946166,5010581,chem,other,none,5.00,0.50,1,子图 运动命令 内部化学连接
3946166,5469039,chem,other,none,5.00,0.50,8,子图 运动命令 内部化学连接
3946166,5601924,chem,other,none,5.00,0.50,1,子图 运动命令 内部化学连接
3946166,5688091,chem,other,none,5.00,0.50,1,子图 运动命令 内部化学连接
3946166,5955853,chem,other,none,5.00,0.50,3,子图 运动命令 内部化学连接
3946166,5956787,chem,other,none,5.00,0.50,4,子图 运动命令 内部化学连接
3946166,6445994,chem,other,none,5.00,0.50,1,子图 运动命令 内部化学连接
3946166,7005184,chem,other,none,5.00,0.50,3,子图 运动命令 内部化学连接
3946166,7130033,chem,other,none,5.00,0.50,1,子图 运动命令 内部化学连接
3946166,7335439,chem,other,none,5.00,0.50,2,子图 运动命令 内部化学连接
3946166,7338309,chem,other,none,5.00,0.50,1,子图 运动命令 内部化学连接
3946166,7529574,chem,other,none,5.00,0.50,1,子图 运动命令 内部化学连接
3946166,7530253,chem,other,none,5.00,0.50,5,子图 运动命令 内部化学连接
3946166,7569260,chem,other,none,5.00,0.50,1,子图 运动命令 内部化学连接
3946166,9842000,chem,other,none,5.00,0.50,2,子图 运动命令 内部化学连接
3946166,10797407,chem,other,none,5.00,0.50,1,子图 运动命令 内部化学连接
3946166,11639192,chem,other,none,5.00,0.50,4,子图 运动命令 内部化学连接
3946166,13645610,chem,other,none,5.00,0.50,2,子图 运动命令 内部化学连接
3946166,13749806,chem,other,none,5.00,0.50,5,子图 运动命令 内部化学连接
3946166,14760757,chem,other,none,5.00,0.50,2,子图 运动命令 内部化学连接
3946166,16195633,chem,other,none,5.00,0.50,1,子图 运动命令 内部化学连接
3946166,16434842,chem,other,none,5.00,0.50,1,子图 运动命令 内部化学连接
3946166,17473163,chem,other,none,5.00,0.50,1,子图 运动命令 内部化学连接
3979181,3764792,chem,other,none,5.00,0.50,2,子图 运动命令 内部化学连接
3979181,9424902,chem,other,none,5.00,0.50,1,子图 运动命令 内部化学连接
4017464,4017464,chem,other,none,5.00,0.50,1,子图 运动命令 内部化学连接
4017464,4876839,chem,other,none,5.00,0.50,1,子图 运动命令 内部化学连接
4017464,4917442,chem,other,none,5.00,0.50,5,子图 运动命令 内部化学连接
4017464,5790355,chem,other,none,5.00,0.50,4,子图 运动命令 内部化学连接
4017464,6154921,chem,other,none,5.00,0.50,2,子图 运动命令 内部化学连接
4017464,6700147,chem,other,none,5.00,0.50,3,子图 运动命令 内部化学连接
4017464,6702943,chem,other,none,5.00,0.50,1,子图 运动命令 内部化学连接
4017464,13675374,chem,other,none,5.00,0.50,1,子图 运动命令 内部化学连接
4017464,13722900,chem,other,none,5.00,0.50,1,子图 运动命令 内部化学连接
4017464,13842372,chem,other,none,5.00,0.50,4,子图 运动命令 内部化学连接
4017464,16327998,chem,other,none,5.00,0.50,4,子图 运动命令 内部化学连接
4017464,16520950,chem,other,none,5.00,0.50,6,子图 运动命令 内部化学连接
4017464,16560178,chem,other,none,5.00,0.50,33,子图 运动命令 内部化学连接
4017464,16950443,chem,other,none,5.00,0.50,4,子图 运动命令 内部化学连接
4017464,16950550,chem,other,none,5.00,0.50,3,子图 运动命令 内部化学连接
4017464,16950767,chem,other,none,5.00,0.50,8,子图 运动命令 内部化学连接
4017464,17323054,chem,other,none,5.00,0.50,1,子图 运动命令 内部化学连接
4017464,17654514,chem,other,none,5.00,0.50,17,子图 运动命令 内部化学连接
4017464,20911955,chem,other,none,5.00,0.50,6,子图 运动命令 内部化学连接
4017464,20911961,chem,other,none,5.00,0.50,5,子图 运动命令 内部化学连接
4110483,17359501,chem,other,none,5.00,0.50,1,子图 运动命令 内部化学连接
4110483,18305433,chem,other,none,5.00,0.50,1,子图 运动命令 内部化学连接
4116174,3806652,chem,other,none,5.00,0.50,1,子图 运动命令 内部化学连接
4116174,5559657,chem,other,none,5.00,0.50,1,子图 运动命令 内部化学连接
4116174,6143930,chem,other,none,5.00,0.50,1,子图 运动命令 内部化学连接
4116174,10158972,chem,other,none,5.00,0.50,1,子图 运动命令 内部化学连接
4116174,10865025,chem,other,none,5.00,0.50,8,子图 运动命令 内部化学连接
4116174,11714576,chem,other,none,5.00,0.50,1,子图 运动命令 内部化学连接
4116174,12000033,chem,other,none,5.00,0.50,1,子图 运动命令 内部化学连接
4116174,13580849,chem,other,none,5.00,0.50,2,子图 运动命令 内部化学连接
4116174,13830600,chem,other,none,5.00,0.50,2,子图 运动命令 内部化学连接
4116174,13849557,chem,other,none,5.00,0.50,2,子图 运动命令 内部化学连接
4116174,13968203,chem,other,none,5.00,0.50,1,子图 运动命令 内部化学连接
4116174,15334461,chem,other,none,5.00,0.50,1,子图 运动命令 内部化学连接
4116174,16057212,chem,other,none,5.00,0.50,1,子图 运动命令 内部化学连接
4116174,16316981,chem,other,none,5.00,0.50,1,子图 运动命令 内部化学连接
4116174,16393165,chem,other,none,5.00,0.50,2,子图 运动命令 内部化学连接
4116174,16463097,chem,other,none,5.00,0.50,1,子图 运动命令 内部化学连接
4116174,17062823,chem,other,none,5.00,0.50,1,子图 运动命令 内部化学连接
4116174,19054481,chem,other,none,5.00,0.50,1,子图 运动命令 内部化学连接
4127096,1805669,chem,other,none,5.00,0.50,1,子图 运动命令 内部化学连接
4127096,2648254,chem,other,none,5.00,0.50,1,子图 运动命令 内部化学连接
4127096,6702943,chem,other,none,5.00,0.50,1,子图 运动命令 内部化学连接
4127096,13760954,chem,other,none,5.00,0.50,3,子图 运动命令 内部化学连接
4127096,13835439,chem,other,none,5.00,0.50,7,子图 运动命令 内部化学连接
4127096,14680483,chem,other,none,5.00,0.50,1,子图 运动命令 内部化学连接
4127096,16388736,chem,other,none,5.00,0.50,2,子图 运动命令 内部化学连接
4127096,16852421,chem,other,none,5.00,0.50,1,子图 运动命令 内部化学连接
4127096,17358864,chem,other,none,5.00,0.50,1,子图 运动命令 内部化学连接
4127096,19190681,chem,other,none,5.00,0.50,6,子图 运动命令 内部化学连接
4127096,19508873,chem,other,none,5.00,0.50,2,子图 运动命令 内部化学连接
4127926,1805669,chem,other,none,5.00,0.50,4,子图 运动命令 内部化学连接
4127926,4127926,chem,other,none,5.00,0.50,1,子图 运动命令 内部化学连接
4127926,5134110,chem,other,none,5.00,0.50,2,子图 运动命令 内部化学连接
4127926,5680013,chem,other,none,5.00,0.50,6,子图 运动命令 内部化学连接
4127926,5745110,chem,other,none,5.00,0.50,2,子图 运动命令 内部化学连接
4127926,6125806,chem,other,none,5.00,0.50,1,子图 运动命令 内部化学连接
4127926,6572414,chem,other,none,5.00,0.50,2,子图 运动命令 内部化学连接
4127926,7422253,chem,other,none,5.00,0.50,3,子图 运动命令 内部化学连接
4127926,7429933,chem,other,none,5.00,0.50,1,子图 运动命令 内部化学连接
4127926,7700444,chem,other,none,5.00,0.50,1,子图 运动命令 内部化学连接
4127926,8253620,chem,other,none,5.00,0.50,1,子图 运动命令 内部化学连接
4127926,8709865,chem,other,none,5.00,0.50,1,子图 运动命令 内部化学连接
4127926,9234420,chem,other,none,5.00,0.50,2,子图 运动命令 内部化学连接
4127926,9235545,chem,other,none,5.00,0.50,1,子图 运动命令 内部化学连接
4127926,10609443,chem,other,none,5.00,0.50,1,子图 运动命令 内部化学连接
4127926,10842047,chem,other,none,5.00,0.50,1,子图 运动命令 内部化学连接
4127926,10945111,chem,other,none,5.00,0.50,2,子图 运动命令 内部化学连接
4127926,10945795,chem,other,none,5.00,0.50,1,子图 运动命令 内部化学连接
4127926,11261332,chem,other,none,5.00,0.50,3,子图 运动命令 内部化学连接
4127926,14519756,chem,other,none,5.00,0.50,1,子图 运动命令 内部化学连接
4127926,14760757,chem,other,none,5.00,0.50,1,子图 运动命令 内部化学连接
4127926,15590555,chem,other,none,5.00,0.50,1,子图 运动命令 内部化学连接
4127926,15606239,chem,other,none,5.00,0.50,1,子图 运动命令 内部化学连接
4127926,17328632,chem,other,none,5.00,0.50,7,子图 运动命令 内部化学连接
4127926,17378483,chem,other,none,5.00,0.50,4,子图 运动命令 内部化学连接
4127926,17384874,chem,other,none,5.00,0.50,2,子图 运动命令 内部化学连接
4127926,17658978,chem,other,none,5.00,0.50,8,子图 运动命令 内部化学连接
4127926,17729973,chem,other,none,5.00,0.50,2,子图 运动命令 内部化学连接
4127926,17732270,chem,other,none,5.00,0.50,1,子图 运动命令 内部化学连接
4127926,18133444,chem,other,none,5.00,0.50,1,子图 运动命令 内部化学连接
4127926,18639459,chem,other,none,5.00,0.50,1,子图 运动命令 内部化学连接
4142619,4017464,chem,other,none,5.00,0.50,6,子图 运动命令 内部化学连接
4142619,4173633,chem,other,none,5.00,0.50,3,子图 运动命令 内部化学连接
4142619,4390116,chem,other,none,5.00,0.50,2,子图 运动命令 内部化学连接
4142619,6153877,chem,other,none,5.00,0.50,4,子图 运动命令 内部化学连接
4142619,6188181,chem,other,none,5.00,0.50,6,子图 运动命令 内部化学连接
4142619,6190181,chem,other,none,5.00,0.50,1,子图 运动命令 内部化学连接
4142619,6653450,chem,other,none,5.00,0.50,1,子图 运动命令 内部化学连接
4142619,9067063,chem,other,none,5.00,0.50,8,子图 运动命令 内部化学连接
4142619,9068346,chem,other,none,5.00,0.50,8,子图 运动命令 内部化学连接
4142619,9069084,chem,other,none,5.00,0.50,12,子图 运动命令 内部化学连接
4142619,9091922,chem,other,none,5.00,0.50,3,子图 运动命令 内部化学连接
4142619,9384504,chem,other,none,5.00,0.50,1,子图 运动命令 内部化学连接
4142619,9961098,chem,other,none,5.00,0.50,1,子图 运动命令 内部化学连接
4142619,10017944,chem,other,none,5.00,0.50,2,子图 运动命令 内部化学连接
4142619,15018449,chem,other,none,5.00,0.50,4,子图 运动命令 内部化学连接
4142619,15732509,chem,other,none,5.00,0.50,1,子图 运动命令 内部化学连接
4142619,15894278,chem,other,none,5.00,0.50,2,子图 运动命令 内部化学连接
4142619,16671014,chem,other,none,5.00,0.50,8,子图 运动命令 内部化学连接
4142619,16934932,chem,other,none,5.00,0.50,8,子图 运动命令 内部化学连接
4142619,17105218,chem,other,none,5.00,0.50,1,子图 运动命令 内部化学连接
4142619,17356024,chem,other,none,5.00,0.50,10,子图 运动命令 内部化学连接
4142619,17535542,chem,other,none,5.00,0.50,14,子图 运动命令 内部化学连接
4173633,4591713,chem,other,none,5.00,0.50,7,子图 运动命令 内部化学连接
4173633,6153877,chem,other,none,5.00,0.50,7,子图 运动命令 内部化学连接
4173633,6188181,chem,other,none,5.00,0.50,5,子图 运动命令 内部化学连接
4173633,6190181,chem,other,none,5.00,0.50,1,子图 运动命令 内部化学连接
4173633,6653450,chem,other,none,5.00,0.50,7,子图 运动命令 内部化学连接
4173633,8709865,chem,other,none,5.00,0.50,1,子图 运动命令 内部化学连接
4173633,9067063,chem,other,none,5.00,0.50,4,子图 运动命令 内部化学连接
4173633,9068346,chem,other,none,5.00,0.50,1,子图 运动命令 内部化学连接
4173633,9604434,chem,other,none,5.00,0.50,2,子图 运动命令 内部化学连接
4173633,10248031,chem,other,none,5.00,0.50,1,子图 运动命令 内部化学连接
4173633,14999928,chem,other,none,5.00,0.50,14,子图 运动命令 内部化学连接
4173633,15018449,chem,other,none,5.00,0.50,1,子图 运动命令 内部化学连接
4173633,17083341,chem,other,none,5.00,0.50,2,子图 运动命令 内部化学连接
4173633,17105218,chem,other,none,5.00,0.50,1,子图 运动命令 内部化学连接
4173633,17535542,chem,other,none,5.00,0.50,1,子图 运动命令 内部化学连接
4173633,17813457,chem,other,none,5.00,0.50,5,子图 运动命令 内部化学连接
4188290,2138427,chem,other,none,5.00,0.50,1,子图 运动命令 内部化学连接
4188290,2260755,chem,other,none,5.00,0.50,1,子图 运动命令 内部化学连接
4188290,2283495,chem,other,none,5.00,0.50,1,子图 运动命令 内部化学连接
4188290,2355126,chem,other,none,5.00,0.50,2,子图 运动命令 内部化学连接
4188290,2659386,chem,other,none,5.00,0.50,1,子图 运动命令 内部化学连接
4188290,3498479,chem,other,none,5.00,0.50,1,子图 运动命令 内部化学连接
4188290,3620633,chem,other,none,5.00,0.50,9,子图 运动命令 内部化学连接
4188290,3926438,chem,other,none,5.00,0.50,1,子图 运动命令 内部化学连接
4188290,3926904,chem,other,none,5.00,0.50,1,子图 运动命令 内部化学连接
4188290,3946166,chem,other,none,5.00,0.50,1,子图 运动命令 内部化学连接
4188290,5010581,chem,other,none,5.00,0.50,2,子图 运动命令 内部化学连接
4188290,5601924,chem,other,none,5.00,0.50,4,子图 运动命令 内部化学连接
4188290,5956787,chem,other,none,5.00,0.50,1,子图 运动命令 内部化学连接
4188290,7529574,chem,other,none,5.00,0.50,2,子图 运动命令 内部化学连接
4188290,7569260,chem,other,none,5.00,0.50,5,子图 运动命令 内部化学连接
4188290,9424902,chem,other,none,5.00,0.50,2,子图 运动命令 内部化学连接
4188290,13081886,chem,other,none,5.00,0.50,1,子图 运动命令 内部化学连接
4188290,13535380,chem,other,none,5.00,0.50,1,子图 运动命令 内部化学连接
4188290,13535387,chem,other,none,5.00,0.50,1,子图 运动命令 内部化学连接
4188290,13749806,chem,other,none,5.00,0.50,3,子图 运动命令 内部化学连接
4188290,13751194,chem,other,none,5.00,0.50,1,子图 运动命令 内部化学连接
4188290,16676038,chem,other,none,5.00,0.50,1,子图 运动命令 内部化学连接
4188290,17321919,chem,other,none,5.00,0.50,1,子图 运动命令 内部化学连接
4188290,17352470,chem,other,none,5.00,0.50,1,子图 运动命令 内部化学连接
4188290,17776982,chem,other,none,5.00,0.50,1,子图 运动命令 内部化学连接
4188325,2648254,chem,other,none,5.00,0.50,1,子图 运动命令 内部化学连接
4188325,4017464,chem,other,none,5.00,0.50,3,子图 运动命令 内部化学连接
4188325,4749004,chem,other,none,5.00,0.50,1,子图 运动命令 内部化学连接
4188325,4917442,chem,other,none,5.00,0.50,25,子图 运动命令 内部化学连接
4188325,5052370,chem,other,none,5.00,0.50,16,子图 运动命令 内部化学连接
4188325,5164129,chem,other,none,5.00,0.50,2,子图 运动命令 内部化学连接
4188325,5786898,chem,other,none,5.00,0.50,25,子图 运动命令 内部化学连接
4188325,6153877,chem,other,none,5.00,0.50,3,子图 运动命令 内部化学连接
4188325,6156152,chem,other,none,5.00,0.50,6,子图 运动命令 内部化学连接
4188325,8496618,chem,other,none,5.00,0.50,5,子图 运动命令 内部化学连接
4188325,9069084,chem,other,none,5.00,0.50,1,子图 运动命令 内部化学连接
4188325,9097065,chem,other,none,5.00,0.50,19,子图 运动命令 内部化学连接
4188325,9235545,chem,other,none,5.00,0.50,3,子图 运动命令 内部化学连接
4188325,12474164,chem,other,none,5.00,0.50,2,子图 运动命令 内部化学连接
4188325,13727202,chem,other,none,5.00,0.50,2,子图 运动命令 内部化学连接
4188325,15018449,chem,other,none,5.00,0.50,1,子图 运动命令 内部化学连接
4188325,15467736,chem,other,none,5.00,0.50,1,子图 运动命令 内部化学连接
4188325,15674282,chem,other,none,5.00,0.50,1,子图 运动命令 内部化学连接
4188325,15894178,chem,other,none,5.00,0.50,2,子图 运动命令 内部化学连接
4188325,16327998,chem,other,none,5.00,0.50,9,子图 运动命令 内部化学连接
4188325,16340011,chem,other,none,5.00,0.50,1,子图 运动命令 内部化学连接
4188325,16950354,chem,other,none,5.00,0.50,2,子图 运动命令 内部化学连接
4188325,16950550,chem,other,none,5.00,0.50,5,子图 运动命令 内部化学连接
4188325,16950798,chem,other,none,5.00,0.50,1,子图 运动命令 内部化学连接
4188325,17380309,chem,other,none,5.00,0.50,2,子图 运动命令 内部化学连接
4215611,2670619,chem,other,none,5.00,0.50,1,子图 运动命令 内部化学连接
4215611,3944626,chem,other,none,5.00,0.50,5,子图 运动命令 内部化学连接
4215611,3946166,chem,other,none,5.00,0.50,1,子图 运动命令 内部化学连接
4215611,3979181,chem,other,none,5.00,0.50,1,子图 运动命令 内部化学连接
4215611,4188290,chem,other,none,5.00,0.50,1,子图 运动命令 内部化学连接
4215611,6317793,chem,other,none,5.00,0.50,3,子图 运动命令 内部化学连接
4215611,6554358,chem,other,none,5.00,0.50,1,子图 运动命令 内部化学连接
4215611,8979434,chem,other,none,5.00,0.50,1,子图 运动命令 内部化学连接
4215611,10922928,chem,other,none,5.00,0.50,2,子图 运动命令 内部化学连接
4215611,13081886,chem,other,none,5.00,0.50,1,子图 运动命令 内部化学连接
4215611,15689046,chem,other,none,5.00,0.50,1,子图 运动命令 内部化学连接
4215611,17053270,chem,other,none,5.00,0.50,2,子图 运动命令 内部化学连接
4215611,17324711,chem,other,none,5.00,0.50,2,子图 运动命令 内部化学连接
4215611,17776982,chem,other,none,5.00,0.50,2,子图 运动命令 内部化学连接
4215611,18644088,chem,other,none,5.00,0.50,1,子图 运动命令 内部化学连接
4227880,4228105,chem,other,none,5.00,0.50,2,子图 运动命令 内部化学连接
4227880,6188181,chem,other,none,5.00,0.50,3,子图 运动命令 内部化学连接
4227880,6653450,chem,other,none,5.00,0.50,1,子图 运动命令 内部化学连接
4227880,9519425,chem,other,none,5.00,0.50,1,子图 运动命令 内部化学连接
4227880,11362334,chem,other,none,5.00,0.50,6,子图 运动命令 内部化学连接
4227880,13007383,chem,other,none,5.00,0.50,1,子图 运动命令 内部化学连接
4227880,14656798,chem,other,none,5.00,0.50,1,子图 运动命令 内部化学连接
4227880,15894278,chem,other,none,5.00,0.50,4,子图 运动命令 内部化学连接
4227880,16947349,chem,other,none,5.00,0.50,2,子图 运动命令 内部化学连接
4227880,17535542,chem,other,none,5.00,0.50,3,子图 运动命令 内部化学连接
4227880,17587734,chem,other,none,5.00,0.50,5,子图 运动命令 内部化学连接
4228105,4227880,chem,other,none,5.00,0.50,3,子图 运动命令 内部化学连接
4228105,5319633,chem,other,none,5.00,0.50,1,子图 运动命令 内部化学连接
4228105,6188181,chem,other,none,5.00,0.50,2,子图 运动命令 内部化学连接
4228105,8025665,chem,other,none,5.00,0.50,1,子图 运动命令 内部化学连接
4228105,9519425,chem,other,none,5.00,0.50,1,子图 运动命令 内部化学连接
4228105,11362334,chem,other,none,5.00,0.50,1,子图 运动命令 内部化学连接
4228105,13007383,chem,other,none,5.00,0.50,2,子图 运动命令 内部化学连接
4228105,14539753,chem,other,none,5.00,0.50,1,子图 运动命令 内部化学连接
4228105,15590555,chem,other,none,5.00,0.50,1,子图 运动命令 内部化学连接
4228105,15894178,chem,other,none,5.00,0.50,1,子图 运动命令 内部化学连接
4228105,15894278,chem,other,none,5.00,0.50,6,子图 运动命令 内部化学连接
4228105,16339338,chem,other,none,5.00,0.50,3,子图 运动命令 内部化学连接
4228105,16350988,chem,other,none,5.00,0.50,1,子图 运动命令 内部化学连接
4228105,16947349,chem,other,none,5.00,0.50,2,子图 运动命令 内部化学连接
4228105,17535542,chem,other,none,5.00,0.50,2,子图 运动命令 内部化学连接
4228105,17587734,chem,other,none,5.00,0.50,3,子图 运动命令 内部化学连接
4274518,4324479,chem,other,none,5.00,0.50,1,子图 运动命令 内部化学连接
4274518,8993049,chem,other,none,5.00,0.50,1,子图 运动命令 内部化学连接
4274518,10411574,chem,other,none,5.00,0.50,13,子图 运动命令 内部化学连接
4274518,10756813,chem,other,none,5.00,0.50,1,子图 运动命令 内部化学连接
4274518,10880408,chem,other,none,5.00,0.50,18,子图 运动命令 内部化学连接
4274518,13736919,chem,other,none,5.00,0.50,1,子图 运动命令 内部化学连接
4274518,16422744,chem,other,none,5.00,0.50,4,子图 运动命令 内部化学连接
4274518,16545101,chem,other,none,5.00,0.50,1,子图 运动命令 内部化学连接
4274518,17728781,chem,other,none,5.00,0.50,4,子图 运动命令 内部化学连接
4274518,19361427,chem,other,none,5.00,0.50,1,子图 运动命令 内部化学连接
4274518,20139548,chem,other,none,5.00,0.50,3,子图 运动命令 内部化学连接
4311241,1678567,chem,other,none,5.00,0.50,4,子图 运动命令 内部化学连接
4311241,4311241,chem,other,none,5.00,0.50,1,子图 运动命令 内部化学连接
4311241,4324567,chem,other,none,5.00,0.50,1,子图 运动命令 内部化学连接
4311241,5935744,chem,other,none,5.00,0.50,1,子图 运动命令 内部化学连接
4311241,6188181,chem,other,none,5.00,0.50,1,子图 运动命令 内部化学连接
4311241,7025831,chem,other,none,5.00,0.50,2,子图 运动命令 内部化学连接
4311241,9594273,chem,other,none,5.00,0.50,2,子图 运动命令 内部化学连接
4311241,9612903,chem,other,none,5.00,0.50,2,子图 运动命令 内部化学连接
4311241,11841664,chem,other,none,5.00,0.50,2,子图 运动命令 内部化学连接
4311241,14334367,chem,other,none,5.00,0.50,1,子图 运动命令 内部化学连接
4311241,15005403,chem,other,none,5.00,0.50,2,子图 运动命令 内部化学连接
4311241,15525711,chem,other,none,5.00,0.50,1,子图 运动命令 内部化学连接
4311241,15525794,chem,other,none,5.00,0.50,7,子图 运动命令 内部化学连接
4311241,16345627,chem,other,none,5.00,0.50,2,子图 运动命令 内部化学连接
4311241,16560178,chem,other,none,5.00,0.50,1,子图 运动命令 内部化学连接
4311241,16562142,chem,other,none,5.00,0.50,1,子图 运动命令 内部化学连接
4311241,16635345,chem,other,none,5.00,0.50,1,子图 运动命令 内部化学连接
4311241,16667592,chem,other,none,5.00,0.50,1,子图 运动命令 内部化学连接
4311241,16913476,chem,other,none,5.00,0.50,1,子图 运动命令 内部化学连接
4311241,16992171,chem,other,none,5.00,0.50,6,子图 运动命令 内部化学连接
4311241,17105218,chem,other,none,5.00,0.50,2,子图 运动命令 内部化学连接
4311241,17110007,chem,other,none,5.00,0.50,6,子图 运动命令 内部化学连接
4311241,17357979,chem,other,none,5.00,0.50,1,子图 运动命令 内部化学连接
4311241,17535542,chem,other,none,5.00,0.50,1,子图 运动命令 内部化学连接
4311241,17736755,chem,other,none,5.00,0.50,1,子图 运动命令 内部化学连接
4311241,17777031,chem,other,none,5.00,0.50,2,子图 运动命令 内部化学连接
4311241,18111410,chem,other,none,5.00,0.50,1,子图 运动命令 内部化学连接
4311241,18267838,chem,other,none,5.00,0.50,1,子图 运动命令 内部化学连接
4324479,4274518,chem,other,none,5.00,0.50,2,子图 运动命令 内部化学连接
4324479,4324567,chem,other,none,5.00,0.50,10,子图 运动命令 内部化学连接
4324479,6188181,chem,other,none,5.00,0.50,1,子图 运动命令 内部化学连接
4324479,7025831,chem,other,none,5.00,0.50,3,子图 运动命令 内部化学连接
4324479,7057730,chem,other,none,5.00,0.50,1,子图 运动命令 内部化学连接
4324479,9594273,chem,other,none,5.00,0.50,2,子图 运动命令 内部化学连接
4324479,11022546,chem,other,none,5.00,0.50,1,子图 运动命令 内部化学连接
4324479,11876076,chem,other,none,5.00,0.50,1,子图 运动命令 内部化学连接
4324479,12598741,chem,other,none,5.00,0.50,1,子图 运动命令 内部化学连接
4324479,13028455,chem,other,none,5.00,0.50,1,子图 运动命令 内部化学连接
4324479,14617508,chem,other,none,5.00,0.50,1,子图 运动命令 内部化学连接
4324479,15522152,chem,other,none,5.00,0.50,1,子图 运动命令 内部化学连接
4324479,16547292,chem,other,none,5.00,0.50,3,子图 运动命令 内部化学连接
4324479,16675987,chem,other,none,5.00,0.50,4,子图 运动命令 内部化学连接
4324479,16928740,chem,other,none,5.00,0.50,1,子图 运动命令 内部化学连接
4324479,16950115,chem,other,none,5.00,0.50,1,子图 运动命令 内部化学连接
4324479,16992171,chem,other,none,5.00,0.50,1,子图 运动命令 内部化学连接
4324479,17053270,chem,other,none,5.00,0.50,9,子图 运动命令 内部化学连接
4324479,17173852,chem,other,none,5.00,0.50,2,子图 运动命令 内部化学连接
4324479,17353986,chem,other,none,5.00,0.50,1,子图 运动命令 内部化学连接
4324479,17358891,chem,other,none,5.00,0.50,1,子图 运动命令 内部化学连接
4324479,17736755,chem,other,none,5.00,0.50,4,子图 运动命令 内部化学连接
4324479,18058793,chem,other,none,5.00,0.50,4,子图 运动命令 内部化学连接
4324479,18123575,chem,other,none,5.00,0.50,2,子图 运动命令 内部化学连接
4324479,18929470,chem,other,none,5.00,0.50,1,子图 运动命令 内部化学连接
4324479,19166349,chem,other,none,5.00,0.50,2,子图 运动命令 内部化学连接
4324567,1622901,chem,other,none,5.00,0.50,1,子图 运动命令 内部化学连接
4324567,4274518,chem,other,none,5.00,0.50,9,子图 运动命令 内部化学连接
4324567,4311241,chem,other,none,5.00,0.50,1,子图 运动命令 内部化学连接
4324567,4324479,chem,other,none,5.00,0.50,1,子图 运动命令 内部化学连接
4324567,4324567,chem,other,none,5.00,0.50,2,子图 运动命令 内部化学连接
4324567,5856647,chem,other,none,5.00,0.50,2,子图 运动命令 内部化学连接
4324567,6188181,chem,other,none,5.00,0.50,1,子图 运动命令 内部化学连接
4324567,8271875,chem,other,none,5.00,0.50,1,子图 运动命令 内部化学连接
4324567,10553248,chem,other,none,5.00,0.50,1,子图 运动命令 内部化学连接
4324567,10880408,chem,other,none,5.00,0.50,1,子图 运动命令 内部化学连接
4324567,11303036,chem,other,none,5.00,0.50,2,子图 运动命令 内部化学连接
4324567,14651659,chem,other,none,5.00,0.50,2,子图 运动命令 内部化学连接
4324567,15516413,chem,other,none,5.00,0.50,1,子图 运动命令 内部化学连接
4324567,15894178,chem,other,none,5.00,0.50,1,子图 运动命令 内部化学连接
4324567,16545264,chem,other,none,5.00,0.50,1,子图 运动命令 内部化学连接
4324567,16547268,chem,other,none,5.00,0.50,1,子图 运动命令 内部化学连接
4324567,16561224,chem,other,none,5.00,0.50,1,子图 运动命令 内部化学连接
4324567,16562142,chem,other,none,5.00,0.50,1,子图 运动命令 内部化学连接
4324567,16667306,chem,other,none,5.00,0.50,4,子图 运动命令 内部化学连接
4324567,16667592,chem,other,none,5.00,0.50,2,子图 运动命令 内部化学连接
4324567,16675987,chem,other,none,5.00,0.50,1,子图 运动命令 内部化学连接
4324567,16851577,chem,other,none,5.00,0.50,1,子图 运动命令 内部化学连接
4324567,16852622,chem,other,none,5.00,0.50,2,子图 运动命令 内部化学连接
4324567,16952691,chem,other,none,5.00,0.50,7,子图 运动命令 内部化学连接
4324567,16992171,chem,other,none,5.00,0.50,4,子图 运动命令 内部化学连接
4324567,17173852,chem,other,none,5.00,0.50,3,子图 运动命令 内部化学连接
4324567,17358891,chem,other,none,5.00,0.50,1,子图 运动命令 内部化学连接
4324567,17732346,chem,other,none,5.00,0.50,2,子图 运动命令 内部化学连接
4324567,17736641,chem,other,none,5.00,0.50,4,子图 运动命令 内部化学连接
4324567,17736654,chem,other,none,5.00,0.50,13,子图 运动命令 内部化学连接
4324567,18267838,chem,other,none,5.00,0.50,1,子图 运动命令 内部化学连接
4324567,18929470,chem,other,none,5.00,0.50,2,子图 运动命令 内部化学连接
4390116,4017464,chem,other,none,5.00,0.50,4,子图 运动命令 内部化学连接
4390116,4142619,chem,other,none,5.00,0.50,3,子图 运动命令 内部化学连接
4390116,4173633,chem,other,none,5.00,0.50,2,子图 运动命令 内部化学连接
4390116,4390116,chem,other,none,5.00,0.50,1,子图 运动命令 内部化学连接
4390116,5782947,chem,other,none,5.00,0.50,1,子图 运动命令 内部化学连接
4390116,6153877,chem,other,none,5.00,0.50,2,子图 运动命令 内部化学连接
4390116,6188181,chem,other,none,5.00,0.50,6,子图 运动命令 内部化学连接
4390116,9067063,chem,other,none,5.00,0.50,9,子图 运动命令 内部化学连接
4390116,9068346,chem,other,none,5.00,0.50,13,子图 运动命令 内部化学连接
4390116,9069084,chem,other,none,5.00,0.50,10,子图 运动命令 内部化学连接
4390116,9384504,chem,other,none,5.00,0.50,1,子图 运动命令 内部化学连接
4390116,10017944,chem,other,none,5.00,0.50,3,子图 运动命令 内部化学连接
4390116,15732509,chem,other,none,5.00,0.50,1,子图 运动命令 内部化学连接
4390116,15894178,chem,other,none,5.00,0.50,3,子图 运动命令 内部化学连接
4390116,16671014,chem,other,none,5.00,0.50,5,子图 运动命令 内部化学连接
4390116,16934932,chem,other,none,5.00,0.50,1,子图 运动命令 内部化学连接
4390116,17110007,chem,other,none,5.00,0.50,1,子图 运动命令 内部化学连接
4390116,17356024,chem,other,none,5.00,0.50,1,子图 运动命令 内部化学连接
4390116,17535542,chem,other,none,5.00,0.50,5,子图 运动命令 内部化学连接
4400767,2283495,chem,other,none,5.00,0.50,1,子图 运动命令 内部化学连接
4523584,3945756,chem,other,none,5.00,0.50,1,子图 运动命令 内部化学连接
4523803,10059655,chem,other,none,5.00,0.50,1,子图 运动命令 内部化学连接
4523803,17415439,chem,other,none,5.00,0.50,1,子图 运动命令 内部化学连接
4541081,858479,chem,other,none,5.00,0.50,1,子图 运动命令 内部化学连接
4541081,8216541,chem,other,none,5.00,0.50,2,子图 运动命令 内部化学连接
4591713,1678567,chem,other,none,5.00,0.50,15,子图 运动命令 内部化学连接
4591713,8025665,chem,other,none,5.00,0.50,3,子图 运动命令 内部化学连接
4591713,9594273,chem,other,none,5.00,0.50,7,子图 运动命令 内部化学连接
4591713,14999928,chem,other,none,5.00,0.50,1,子图 运动命令 内部化学连接
4591713,15525794,chem,other,none,5.00,0.50,1,子图 运动命令 内部化学连接
4591713,15722990,chem,other,none,5.00,0.50,1,子图 运动命令 内部化学连接
4591713,16345627,chem,other,none,5.00,0.50,11,子图 运动命令 内部化学连接
4591713,16578252,chem,other,none,5.00,0.50,1,子图 运动命令 内部化学连接
4591713,16671014,chem,other,none,5.00,0.50,2,子图 运动命令 内部化学连接
4591713,16851496,chem,other,none,5.00,0.50,5,子图 运动命令 内部化学连接
4591713,17053270,chem,other,none,5.00,0.50,1,子图 运动命令 内部化学连接
4591713,17083341,chem,other,none,5.00,0.50,8,子图 运动命令 内部化学连接
4591713,17105218,chem,other,none,5.00,0.50,1,子图 运动命令 内部化学连接
4591713,17165755,chem,other,none,5.00,0.50,1,子图 运动命令 内部化学连接
4591713,17380319,chem,other,none,5.00,0.50,3,子图 运动命令 内部化学连接
4591713,17975547,chem,other,none,5.00,0.50,1,子图 运动命令 内部化学连接
4591713,18551732,chem,other,none,5.00,0.50,1,子图 运动命令 内部化学连接
4663875,2670619,chem,other,none,5.00,0.50,1,子图 运动命令 内部化学连接
4663875,3044500,chem,other,none,5.00,0.50,7,子图 运动命令 内部化学连接
4663875,3060480,chem,other,none,5.00,0.50,1,子图 运动命令 内部化学连接
4663875,3595837,chem,other,none,5.00,0.50,1,子图 运动命令 内部化学连接
4663875,3620633,chem,other,none,5.00,0.50,1,子图 运动命令 内部化学连接
4663875,3764792,chem,other,none,5.00,0.50,1,子图 运动命令 内部化学连接
4663875,4127926,chem,other,none,5.00,0.50,2,子图 运动命令 内部化学连接
4663875,5745110,chem,other,none,5.00,0.50,4,子图 运动命令 内部化学连接
4663875,5754346,chem,other,none,5.00,0.50,2,子图 运动命令 内部化学连接
4663875,6317793,chem,other,none,5.00,0.50,4,子图 运动命令 内部化学连接
4663875,7467027,chem,other,none,5.00,0.50,1,子图 运动命令 内部化学连接
4663875,8253620,chem,other,none,5.00,0.50,6,子图 运动命令 内部化学连接
4663875,8461082,chem,other,none,5.00,0.50,1,子图 运动命令 内部化学连接
4663875,11084320,chem,other,none,5.00,0.50,3,子图 运动命令 内部化学连接
4663875,11271082,chem,other,none,5.00,0.50,3,子图 运动命令 内部化学连接
4663875,14034206,chem,other,none,5.00,0.50,1,子图 运动命令 内部化学连接
4663875,14753815,chem,other,none,5.00,0.50,2,子图 运动命令 内部化学连接
4663875,17380080,chem,other,none,5.00,0.50,1,子图 运动命令 内部化学连接
4663875,17473163,chem,other,none,5.00,0.50,1,子图 运动命令 内部化学连接
4663875,18302610,chem,other,none,5.00,0.50,1,子图 运动命令 内部化学连接
4663875,18639459,chem,other,none,5.00,0.50,1,子图 运动命令 内部化学连接
4749004,2650887,chem,other,none,5.00,0.50,2,子图 运动命令 内部化学连接
4749004,4017464,chem,other,none,5.00,0.50,1,子图 运动命令 内部化学连接
4749004,4188325,chem,other,none,5.00,0.50,1,子图 运动命令 内部化学连接
4749004,4749004,chem,other,none,5.00,0.50,1,子图 运动命令 内部化学连接
4749004,5052370,chem,other,none,5.00,0.50,7,子图 运动命令 内部化学连接
4749004,5164129,chem,other,none,5.00,0.50,1,子图 运动命令 内部化学连接
4749004,5319633,chem,other,none,5.00,0.50,2,子图 运动命令 内部化学连接
4749004,5786898,chem,other,none,5.00,0.50,1,子图 运动命令 内部化学连接
4749004,5856647,chem,other,none,5.00,0.50,1,子图 运动命令 内部化学连接
4749004,6153877,chem,other,none,5.00,0.50,4,子图 运动命令 内部化学连接
4749004,6154921,chem,other,none,5.00,0.50,1,子图 运动命令 内部化学连接
4749004,6156152,chem,other,none,5.00,0.50,9,子图 运动命令 内部化学连接
4749004,6609380,chem,other,none,5.00,0.50,1,子图 运动命令 内部化学连接
4749004,6700147,chem,other,none,5.00,0.50,2,子图 运动命令 内部化学连接
4749004,9097065,chem,other,none,5.00,0.50,15,子图 运动命令 内部化学连接
4749004,10367190,chem,other,none,5.00,0.50,5,子图 运动命令 内部化学连接
4749004,10964258,chem,other,none,5.00,0.50,3,子图 运动命令 内部化学连接
4749004,11841664,chem,other,none,5.00,0.50,1,子图 运动命令 内部化学连接
4749004,13722900,chem,other,none,5.00,0.50,9,子图 运动命令 内部化学连接
4749004,13727202,chem,other,none,5.00,0.50,1,子图 运动命令 内部化学连接
4749004,15018449,chem,other,none,5.00,0.50,1,子图 运动命令 内部化学连接
4749004,15539984,chem,other,none,5.00,0.50,7,子图 运动命令 内部化学连接
4749004,15706875,chem,other,none,5.00,0.50,1,子图 运动命令 内部化学连接
4749004,15732503,chem,other,none,5.00,0.50,5,子图 运动命令 内部化学连接
4749004,15732509,chem,other,none,5.00,0.50,12,子图 运动命令 内部化学连接
4749004,15800115,chem,other,none,5.00,0.50,3,子图 运动命令 内部化学连接
4749004,16327998,chem,other,none,5.00,0.50,1,子图 运动命令 内部化学连接
4749004,16339338,chem,other,none,5.00,0.50,1,子图 运动命令 内部化学连接
4749004,16520950,chem,other,none,5.00,0.50,2,子图 运动命令 内部化学连接
4749004,16924423,chem,other,none,5.00,0.50,1,子图 运动命令 内部化学连接
4749004,16947349,chem,other,none,5.00,0.50,1,子图 运动命令 内部化学连接
4749004,16950354,chem,other,none,5.00,0.50,3,子图 运动命令 内部化学连接
4749004,16950798,chem,other,none,5.00,0.50,6,子图 运动命令 内部化学连接
4749004,17323054,chem,other,none,5.00,0.50,1,子图 运动命令 内部化学连接
4749004,17357979,chem,other,none,5.00,0.50,1,子图 运动命令 内部化学连接
4749004,17435815,chem,other,none,5.00,0.50,1,子图 运动命令 内部化学连接
4749004,18080008,chem,other,none,5.00,0.50,5,子图 运动命令 内部化学连接
4812481,5167842,chem,other,none,5.00,0.50,1,子图 运动命令 内部化学连接
4812481,5859372,chem,other,none,5.00,0.50,3,子图 运动命令 内部化学连接
4812481,5995125,chem,other,none,5.00,0.50,1,子图 运动命令 内部化学连接
4812481,8127390,chem,other,none,5.00,0.50,2,子图 运动命令 内部化学连接
4812481,10875178,chem,other,none,5.00,0.50,1,子图 运动命令 内部化学连接
4812481,11303036,chem,other,none,5.00,0.50,12,子图 运动命令 内部化学连接
4812481,13646473,chem,other,none,5.00,0.50,7,子图 运动命令 内部化学连接
4812481,14241490,chem,other,none,5.00,0.50,18,子图 运动命令 内部化学连接
4812481,14334367,chem,other,none,5.00,0.50,1,子图 运动命令 内部化学连接
4812481,15589591,chem,other,none,5.00,0.50,1,子图 运动命令 内部化学连接
4812481,15589738,chem,other,none,5.00,0.50,14,子图 运动命令 内部化学连接
4812481,15607335,chem,other,none,5.00,0.50,4,子图 运动命令 内部化学连接
4812481,15732497,chem,other,none,5.00,0.50,8,子图 运动命令 内部化学连接
4812481,15823055,chem,other,none,5.00,0.50,11,子图 运动命令 内部化学连接
4812481,16635345,chem,other,none,5.00,0.50,22,子图 运动命令 内部化学连接
4812481,16924423,chem,other,none,5.00,0.50,5,子图 运动命令 内部化学连接
4812481,16992171,chem,other,none,5.00,0.50,1,子图 运动命令 内部化学连接
4812481,17660233,chem,other,none,5.00,0.50,2,子图 运动命令 内部化学连接
4847079,4188325,chem,other,none,5.00,0.50,1,子图 运动命令 内部化学连接
4847079,5319633,chem,other,none,5.00,0.50,3,子图 运动命令 内部化学连接
4847079,6609380,chem,other,none,5.00,0.50,2,子图 运动命令 内部化学连接
4847079,9116228,chem,other,none,5.00,0.50,5,子图 运动命令 内部化学连接
4847079,13411445,chem,other,none,5.00,0.50,1,子图 运动命令 内部化学连接
4847079,13760954,chem,other,none,5.00,0.50,4,子图 运动命令 内部化学连接
4847079,14039007,chem,other,none,5.00,0.50,3,子图 运动命令 内部化学连接
4847079,14588375,chem,other,none,5.00,0.50,1,子图 运动命令 内部化学连接
4847079,14680483,chem,other,none,5.00,0.50,3,子图 运动命令 内部化学连接
4847079,15548844,chem,other,none,5.00,0.50,4,子图 运动命令 内部化学连接
4847079,16347786,chem,other,none,5.00,0.50,1,子图 运动命令 内部化学连接
4847079,17297936,chem,other,none,5.00,0.50,2,子图 运动命令 内部化学连接
4847079,19950281,chem,other,none,5.00,0.50,1,子图 运动命令 内部化学连接
4847079,20911955,chem,other,none,5.00,0.50,3,子图 运动命令 内部化学连接
4874953,2355126,chem,other,none,5.00,0.50,1,子图 运动命令 内部化学连接
4874953,2852273,chem,other,none,5.00,0.50,1,子图 运动命令 内部化学连接
4876839,2648254,chem,other,none,5.00,0.50,2,子图 运动命令 内部化学连接
4876839,4017464,chem,other,none,5.00,0.50,1,子图 运动命令 内部化学连接
4876839,5052370,chem,other,none,5.00,0.50,3,子图 运动命令 内部化学连接
4876839,5790355,chem,other,none,5.00,0.50,3,子图 运动命令 内部化学连接
4876839,6154921,chem,other,none,5.00,0.50,2,子图 运动命令 内部化学连接
4876839,6193472,chem,other,none,5.00,0.50,2,子图 运动命令 内部化学连接
4876839,6700147,chem,other,none,5.00,0.50,9,子图 运动命令 内部化学连接
4876839,6702943,chem,other,none,5.00,0.50,1,子图 运动命令 内部化学连接
4876839,7700444,chem,other,none,5.00,0.50,1,子图 运动命令 内部化学连接
4876839,8161142,chem,other,none,5.00,0.50,2,子图 运动命令 内部化学连接
4876839,8496618,chem,other,none,5.00,0.50,3,子图 运动命令 内部化学连接
4876839,8710444,chem,other,none,5.00,0.50,1,子图 运动命令 内部化学连接
4876839,10875178,chem,other,none,5.00,0.50,1,子图 运动命令 内部化学连接
4876839,13842372,chem,other,none,5.00,0.50,1,子图 运动命令 内部化学连接
4876839,16327998,chem,other,none,5.00,0.50,2,子图 运动命令 内部化学连接
4876839,16339338,chem,other,none,5.00,0.50,2,子图 运动命令 内部化学连接
4876839,16340011,chem,other,none,5.00,0.50,1,子图 运动命令 内部化学连接
4876839,16342197,chem,other,none,5.00,0.50,1,子图 运动命令 内部化学连接
4876839,16520950,chem,other,none,5.00,0.50,6,子图 运动命令 内部化学连接
4876839,16560178,chem,other,none,5.00,0.50,2,子图 运动命令 内部化学连接
4876839,16950550,chem,other,none,5.00,0.50,2,子图 运动命令 内部化学连接
4876839,17025508,chem,other,none,5.00,0.50,3,子图 运动命令 内部化学连接
4876839,17173852,chem,other,none,5.00,0.50,1,子图 运动命令 内部化学连接
4876839,17435815,chem,other,none,5.00,0.50,1,子图 运动命令 内部化学连接
4876839,17659014,chem,other,none,5.00,0.50,7,子图 运动命令 内部化学连接
4876839,18485293,chem,other,none,5.00,0.50,1,子图 运动命令 内部化学连接
4876839,19048289,chem,other,none,5.00,0.50,8,子图 运动命令 内部化学连接
4901087,3764792,chem,other,none,5.00,0.50,4,子图 运动命令 内部化学连接
4901087,4127926,chem,other,none,5.00,0.50,1,子图 运动命令 内部化学连接
4901087,5512988,chem,other,none,5.00,0.50,4,子图 运动命令 内部化学连接
4901087,5745110,chem,other,none,5.00,0.50,1,子图 运动命令 内部化学连接
4901087,6114695,chem,other,none,5.00,0.50,6,子图 运动命令 内部化学连接
4901087,8546775,chem,other,none,5.00,0.50,1,子图 运动命令 内部化学连接
4901087,9234420,chem,other,none,5.00,0.50,3,子图 运动命令 内部化学连接
4901087,9565674,chem,other,none,5.00,0.50,2,子图 运动命令 内部化学连接
4901087,10945111,chem,other,none,5.00,0.50,1,子图 运动命令 内部化学连接
4901087,10945795,chem,other,none,5.00,0.50,5,子图 运动命令 内部化学连接
4901087,10947427,chem,other,none,5.00,0.50,1,子图 运动命令 内部化学连接
4901087,11261332,chem,other,none,5.00,0.50,2,子图 运动命令 内部化学连接
4901087,11905911,chem,other,none,5.00,0.50,1,子图 运动命令 内部化学连接
4901087,13081886,chem,other,none,5.00,0.50,6,子图 运动命令 内部化学连接
4901087,14914182,chem,other,none,5.00,0.50,1,子图 运动命令 内部化学连接
4901087,16115575,chem,other,none,5.00,0.50,1,子图 运动命令 内部化学连接
4901087,17328632,chem,other,none,5.00,0.50,2,子图 运动命令 内部化学连接
4901087,17378483,chem,other,none,5.00,0.50,9,子图 运动命令 内部化学连接
4901087,17658978,chem,other,none,5.00,0.50,4,子图 运动命令 内部化学连接
4901087,18644088,chem,other,none,5.00,0.50,1,子图 运动命令 内部化学连接
4917442,4017464,chem,other,none,5.00,0.50,19,子图 运动命令 内部化学连接
4917442,4876839,chem,other,none,5.00,0.50,1,子图 运动命令 内部化学连接
4917442,5319633,chem,other,none,5.00,0.50,1,子图 运动命令 内部化学连接
4917442,5790355,chem,other,none,5.00,0.50,6,子图 运动命令 内部化学连接
4917442,6154921,chem,other,none,5.00,0.50,9,子图 运动命令 内部化学连接
4917442,6155577,chem,other,none,5.00,0.50,3,子图 运动命令 内部化学连接
4917442,6702943,chem,other,none,5.00,0.50,5,子图 运动命令 内部化学连接
4917442,9237734,chem,other,none,5.00,0.50,1,子图 运动命令 内部化学连接
4917442,10964258,chem,other,none,5.00,0.50,1,子图 运动命令 内部化学连接
4917442,13722900,chem,other,none,5.00,0.50,21,子图 运动命令 内部化学连接
4917442,13842372,chem,other,none,5.00,0.50,8,子图 运动命令 内部化学连接
4917442,16327998,chem,other,none,5.00,0.50,5,子图 运动命令 内部化学连接
4917442,16342197,chem,other,none,5.00,0.50,1,子图 运动命令 内部化学连接
4917442,16520950,chem,other,none,5.00,0.50,5,子图 运动命令 内部化学连接
4917442,16950443,chem,other,none,5.00,0.50,3,子图 运动命令 内部化学连接
4917442,16950767,chem,other,none,5.00,0.50,14,子图 运动命令 内部化学连接
4917442,17323054,chem,other,none,5.00,0.50,7,子图 运动命令 内部化学连接
4917442,17654514,chem,other,none,5.00,0.50,1,子图 运动命令 内部化学连接
4917442,17654519,chem,other,none,5.00,0.50,1,子图 运动命令 内部化学连接
4966994,4917442,chem,other,none,5.00,0.50,1,子图 运动命令 内部化学连接
4966994,6153877,chem,other,none,5.00,0.50,2,子图 运动命令 内部化学连接
4966994,6190181,chem,other,none,5.00,0.50,6,子图 运动命令 内部化学连接
4966994,8161142,chem,other,none,5.00,0.50,3,子图 运动命令 内部化学连接
4966994,8161148,chem,other,none,5.00,0.50,5,子图 运动命令 内部化学连接
4966994,8496618,chem,other,none,5.00,0.50,3,子图 运动命令 内部化学连接
4966994,8710444,chem,other,none,5.00,0.50,3,子图 运动命令 内部化学连接
4966994,10248031,chem,other,none,5.00,0.50,2,子图 运动命令 内部化学连接
4966994,10728328,chem,other,none,5.00,0.50,4,子图 运动命令 内部化学连接
4966994,10728333,chem,other,none,5.00,0.50,5,子图 运动命令 内部化学连接
4966994,11625573,chem,other,none,5.00,0.50,1,子图 运动命令 内部化学连接
4966994,13557064,chem,other,none,5.00,0.50,2,子图 运动命令 内部化学连接
4966994,13564607,chem,other,none,5.00,0.50,1,子图 运动命令 内部化学连接
4966994,13727202,chem,other,none,5.00,0.50,4,子图 运动命令 内部化学连接
4966994,15467736,chem,other,none,5.00,0.50,4,子图 运动命令 内部化学连接
4966994,16339338,chem,other,none,5.00,0.50,25,子图 运动命令 内部化学连接
4966994,16340461,chem,other,none,5.00,0.50,2,子图 运动命令 内部化学连接
4966994,16578252,chem,other,none,5.00,0.50,2,子图 运动命令 内部化学连接
4966994,18464581,chem,other,none,5.00,0.50,10,子图 运动命令 内部化学连接
4966994,18545747,chem,other,none,5.00,0.50,6,子图 运动命令 内部化学连接
4966994,19048289,chem,other,none,5.00,0.50,1,子图 运动命令 内部化学连接
4991243,9787859,chem,other,none,5.00,0.50,1,子图 运动命令 内部化学连接
4991243,10865025,chem,other,none,5.00,0.50,1,子图 运动命令 内部化学连接
4991243,17728605,chem,other,none,5.00,0.50,2,子图 运动命令 内部化学连接
4991243,17740547,chem,other,none,5.00,0.50,1,子图 运动命令 内部化学连接
5010581,2659386,chem,other,none,5.00,0.50,1,子图 运动命令 内部化学连接
5010581,3620633,chem,other,none,5.00,0.50,1,子图 运动命令 内部化学连接
5010581,3926438,chem,other,none,5.00,0.50,2,子图 运动命令 内部化学连接
5010581,3926904,chem,other,none,5.00,0.50,2,子图 运动命令 内部化学连接
5010581,3946166,chem,other,none,5.00,0.50,6,子图 运动命令 内部化学连接
5010581,4188290,chem,other,none,5.00,0.50,2,子图 运动命令 内部化学连接
5010581,4215611,chem,other,none,5.00,0.50,1,子图 运动命令 内部化学连接
5010581,4506509,chem,other,none,5.00,0.50,1,子图 运动命令 内部化学连接
5010581,5469039,chem,other,none,5.00,0.50,1,子图 运动命令 内部化学连接
5010581,5512988,chem,other,none,5.00,0.50,7,子图 运动命令 内部化学连接
5010581,5754346,chem,other,none,5.00,0.50,2,子图 运动命令 内部化学连接
5010581,6572414,chem,other,none,5.00,0.50,2,子图 运动命令 内部化学连接
5010581,7005184,chem,other,none,5.00,0.50,7,子图 运动命令 内部化学连接
5010581,7130033,chem,other,none,5.00,0.50,1,子图 运动命令 内部化学连接
5010581,7338309,chem,other,none,5.00,0.50,1,子图 运动命令 内部化学连接
5010581,7476468,chem,other,none,5.00,0.50,1,子图 运动命令 内部化学连接
5010581,10018161,chem,other,none,5.00,0.50,2,子图 运动命令 内部化学连接
5010581,10100020,chem,other,none,5.00,0.50,3,子图 运动命令 内部化学连接
5010581,10329208,chem,other,none,5.00,0.50,1,子图 运动命令 内部化学连接
5010581,10781924,chem,other,none,5.00,0.50,3,子图 运动命令 内部化学连接
5010581,13749806,chem,other,none,5.00,0.50,1,子图 运动命令 内部化学连接
5010581,14034206,chem,other,none,5.00,0.50,1,子图 运动命令 内部化学连接
5010581,15202263,chem,other,none,5.00,0.50,1,子图 运动命令 内部化学连接
5010581,16195633,chem,other,none,5.00,0.50,1,子图 运动命令 内部化学连接
5010581,16683883,chem,other,none,5.00,0.50,2,子图 运动命令 内部化学连接
5010581,16683943,chem,other,none,5.00,0.50,2,子图 运动命令 内部化学连接
5010581,17728922,chem,other,none,5.00,0.50,3,子图 运动命令 内部化学连接
5010581,17776982,chem,other,none,5.00,0.50,1,子图 运动命令 内部化学连接
5010581,19048289,chem,other,none,5.00,0.50,1,子图 运动命令 内部化学连接
5033480,2655798,chem,other,none,5.00,0.50,2,子图 运动命令 内部化学连接
5033480,2670619,chem,other,none,5.00,0.50,1,子图 运动命令 内部化学连接
5033480,2979675,chem,other,none,5.00,0.50,1,子图 运动命令 内部化学连接
5033480,2988292,chem,other,none,5.00,0.50,5,子图 运动命令 内部化学连接
5033480,3764792,chem,other,none,5.00,0.50,1,子图 运动命令 内部化学连接
5033480,4876839,chem,other,none,5.00,0.50,3,子图 运动命令 内部化学连接
5033480,5033480,chem,other,none,5.00,0.50,1,子图 运动命令 内部化学连接
5033480,5462159,chem,other,none,5.00,0.50,2,子图 运动命令 内部化学连接
5033480,5680013,chem,other,none,5.00,0.50,1,子图 运动命令 内部化学连接
5033480,5700090,chem,other,none,5.00,0.50,1,子图 运动命令 内部化学连接
5033480,5745110,chem,other,none,5.00,0.50,1,子图 运动命令 内部化学连接
5033480,5763407,chem,other,none,5.00,0.50,1,子图 运动命令 内部化学连接
5033480,5764924,chem,other,none,5.00,0.50,7,子图 运动命令 内部化学连接
5033480,6446394,chem,other,none,5.00,0.50,3,子图 运动命令 内部化学连接
5033480,6604203,chem,other,none,5.00,0.50,1,子图 运动命令 内部化学连接
5033480,7429933,chem,other,none,5.00,0.50,1,子图 运动命令 内部化学连接
5033480,7467027,chem,other,none,5.00,0.50,1,子图 运动命令 内部化学连接
5033480,8047280,chem,other,none,5.00,0.50,1,子图 运动命令 内部化学连接
5033480,9234420,chem,other,none,5.00,0.50,1,子图 运动命令 内部化学连接
5033480,10345590,chem,other,none,5.00,0.50,1,子图 运动命令 内部化学连接
5033480,10842099,chem,other,none,5.00,0.50,2,子图 运动命令 内部化学连接
5033480,10882750,chem,other,none,5.00,0.50,7,子图 运动命令 内部化学连接
5033480,10947427,chem,other,none,5.00,0.50,13,子图 运动命令 内部化学连接
5033480,13081886,chem,other,none,5.00,0.50,2,子图 运动命令 内部化学连接
5033480,14519756,chem,other,none,5.00,0.50,3,子图 运动命令 内部化学连接
5033480,15048530,chem,other,none,5.00,0.50,4,子图 运动命令 内部化学连接
5033480,15576292,chem,other,none,5.00,0.50,1,子图 运动命令 内部化学连接
5033480,15608953,chem,other,none,5.00,0.50,1,子图 运动命令 内部化学连接
5033480,16096934,chem,other,none,5.00,0.50,2,子图 运动命令 内部化学连接
5033480,17378483,chem,other,none,5.00,0.50,1,子图 运动命令 内部化学连接
5033480,19046339,chem,other,none,5.00,0.50,7,子图 运动命令 内部化学连接
5038703,2852273,chem,other,none,5.00,0.50,1,子图 运动命令 内部化学连接
5038920,2138427,chem,other,none,5.00,0.50,11,子图 运动命令 内部化学连接
5038920,3620633,chem,other,none,5.00,0.50,2,子图 运动命令 内部化学连接
5038920,3946166,chem,other,none,5.00,0.50,2,子图 运动命令 内部化学连接
5038920,4400767,chem,other,none,5.00,0.50,1,子图 运动命令 内部化学连接
5038920,5038703,chem,other,none,5.00,0.50,5,子图 运动命令 内部化学连接
5038920,5601924,chem,other,none,5.00,0.50,5,子图 运动命令 内部化学连接
5038920,5615961,chem,other,none,5.00,0.50,12,子图 运动命令 内部化学连接
5038920,6445994,chem,other,none,5.00,0.50,7,子图 运动命令 内部化学连接
5038920,14034206,chem,other,none,5.00,0.50,1,子图 运动命令 内部化学连接
5052370,6155577,chem,other,none,5.00,0.50,1,子图 运动命令 内部化学连接
5052370,6156152,chem,other,none,5.00,0.50,1,子图 运动命令 内部化学连接
5052370,10728333,chem,other,none,5.00,0.50,3,子图 运动命令 内部化学连接
5052370,12474164,chem,other,none,5.00,0.50,1,子图 运动命令 内部化学连接
5052370,13675374,chem,other,none,5.00,0.50,4,子图 运动命令 内部化学连接
5052370,16520950,chem,other,none,5.00,0.50,1,子图 运动命令 内部化学连接
5052370,16950354,chem,other,none,5.00,0.50,1,子图 运动命令 内部化学连接
5052370,16950550,chem,other,none,5.00,0.50,1,子图 运动命令 内部化学连接
5052370,17355864,chem,other,none,5.00,0.50,1,子图 运动命令 内部化学连接
5052370,18058793,chem,other,none,5.00,0.50,5,子图 运动命令 内部化学连接
5052370,19298625,chem,other,none,5.00,0.50,1,子图 运动命令 内部化学连接
5052370,19298644,chem,other,none,5.00,0.50,1,子图 运动命令 内部化学连接
5080991,3044500,chem,other,none,5.00,0.50,15,子图 运动命令 内部化学连接
5080991,5080991,chem,other,none,5.00,0.50,1,子图 运动命令 内部化学连接
5080991,5680013,chem,other,none,5.00,0.50,1,子图 运动命令 内部化学连接
5080991,5745110,chem,other,none,5.00,0.50,1,子图 运动命令 内部化学连接
5080991,5764924,chem,other,none,5.00,0.50,13,子图 运动命令 内部化学连接
5080991,6604203,chem,other,none,5.00,0.50,2,子图 运动命令 内部化学连接
5080991,10527147,chem,other,none,5.00,0.50,13,子图 运动命令 内部化学连接
5080991,10728323,chem,other,none,5.00,0.50,11,子图 运动命令 内部化学连接
5080991,10842099,chem,other,none,5.00,0.50,1,子图 运动命令 内部化学连接
5080991,12366224,chem,other,none,5.00,0.50,1,子图 运动命令 内部化学连接
5080991,16059134,chem,other,none,5.00,0.50,2,子图 运动命令 内部化学连接
5080991,17360225,chem,other,none,5.00,0.50,1,子图 运动命令 内部化学连接
5080991,17728922,chem,other,none,5.00,0.50,3,子图 运动命令 内部化学连接
5080991,17732270,chem,other,none,5.00,0.50,19,子图 运动命令 内部化学连接
5134110,3149791,chem,other,none,5.00,0.50,1,子图 运动命令 内部化学连接
5134110,3764792,chem,other,none,5.00,0.50,2,子图 运动命令 内部化学连接
5134110,3946166,chem,other,none,5.00,0.50,3,子图 运动命令 内部化学连接
5134110,4127926,chem,other,none,5.00,0.50,1,子图 运动命令 内部化学连接
5134110,5134110,chem,other,none,5.00,0.50,1,子图 运动命令 内部化学连接
5134110,5462159,chem,other,none,5.00,0.50,6,子图 运动命令 内部化学连接
5134110,5512988,chem,other,none,5.00,0.50,4,子图 运动命令 内部化学连接
5134110,5657004,chem,other,none,5.00,0.50,3,子图 运动命令 内部化学连接
5134110,5680013,chem,other,none,5.00,0.50,3,子图 运动命令 内部化学连接
5134110,5684940,chem,other,none,5.00,0.50,1,子图 运动命令 内部化学连接
5134110,5754346,chem,other,none,5.00,0.50,4,子图 运动命令 内部化学连接
5134110,5764924,chem,other,none,5.00,0.50,1,子图 运动命令 内部化学连接
5134110,6114695,chem,other,none,5.00,0.50,1,子图 运动命令 内部化学连接
5134110,6446394,chem,other,none,5.00,0.50,1,子图 运动命令 内部化学连接
5134110,7982324,chem,other,none,5.00,0.50,1,子图 运动命令 内部化学连接
5134110,9234420,chem,other,none,5.00,0.50,5,子图 运动命令 内部化学连接
5134110,10609443,chem,other,none,5.00,0.50,1,子图 运动命令 内部化学连接
5134110,10728323,chem,other,none,5.00,0.50,1,子图 运动命令 内部化学连接
5134110,10797407,chem,other,none,5.00,0.50,2,子图 运动命令 内部化学连接
5134110,10842047,chem,other,none,5.00,0.50,1,子图 运动命令 内部化学连接
5134110,10922928,chem,other,none,5.00,0.50,1,子图 运动命令 内部化学连接
5134110,10945111,chem,other,none,5.00,0.50,1,子图 运动命令 内部化学连接
5134110,13081886,chem,other,none,5.00,0.50,3,子图 运动命令 内部化学连接
5134110,13948718,chem,other,none,5.00,0.50,2,子图 运动命令 内部化学连接
5134110,14760757,chem,other,none,5.00,0.50,1,子图 运动命令 内部化学连接
5134110,14914182,chem,other,none,5.00,0.50,1,子图 运动命令 内部化学连接
5134110,15590555,chem,other,none,5.00,0.50,5,子图 运动命令 内部化学连接
5134110,15594113,chem,other,none,5.00,0.50,3,子图 运动命令 内部化学连接
5134110,16115575,chem,other,none,5.00,0.50,1,子图 运动命令 内部化学连接
5134110,16931001,chem,other,none,5.00,0.50,4,子图 运动命令 内部化学连接
5134110,17360038,chem,other,none,5.00,0.50,1,子图 运动命令 内部化学连接
5134110,17378483,chem,other,none,5.00,0.50,5,子图 运动命令 内部化学连接
5134110,17658978,chem,other,none,5.00,0.50,6,子图 运动命令 内部化学连接
5134110,17728922,chem,other,none,5.00,0.50,1,子图 运动命令 内部化学连接
5134110,17732031,chem,other,none,5.00,0.50,3,子图 运动命令 内部化学连接
5134110,17732270,chem,other,none,5.00,0.50,1,子图 运动命令 内部化学连接
5134110,18639459,chem,other,none,5.00,0.50,2,子图 运动命令 内部化学连接
5134110,20151537,chem,other,none,5.00,0.50,3,子图 运动命令 内部化学连接
5162462,1805418,chem,other,none,5.00,0.50,2,子图 运动命令 内部化学连接
5162462,1868538,chem,other,none,5.00,0.50,1,子图 运动命令 内部化学连接
5162462,2659504,chem,other,none,5.00,0.50,6,子图 运动命令 内部化学连接
5162462,3021609,chem,other,none,5.00,0.50,2,子图 运动命令 内部化学连接
5162462,5162462,chem,other,none,5.00,0.50,2,子图 运动命令 内部化学连接
5162462,5898284,chem,other,none,5.00,0.50,8,子图 运动命令 内部化学连接
5162462,5936935,chem,other,none,5.00,0.50,2,子图 运动命令 内部化学连接
5162462,9077224,chem,other,none,5.00,0.50,5,子图 运动命令 内部化学连接
5162462,9116228,chem,other,none,5.00,0.50,2,子图 运动命令 内部化学连接
5162462,9177218,chem,other,none,5.00,0.50,3,子图 运动命令 内部化学连接
5162462,13137623,chem,other,none,5.00,0.50,1,子图 运动命令 内部化学连接
5162462,17587730,chem,other,none,5.00,0.50,1,子图 运动命令 内部化学连接
5162462,17658602,chem,other,none,5.00,0.50,3,子图 运动命令 内部化学连接
5162462,17658948,chem,other,none,5.00,0.50,2,子图 运动命令 内部化学连接
5162462,17660233,chem,other,none,5.00,0.50,1,子图 运动命令 内部化学连接
5162462,19090042,chem,other,none,5.00,0.50,2,子图 运动命令 内部化学连接
5162462,20316708,chem,other,none,5.00,0.50,1,子图 运动命令 内部化学连接
5162462,20479904,chem,other,none,5.00,0.50,1,子图 运动命令 内部化学连接
5164129,2648254,chem,other,none,5.00,0.50,3,子图 运动命令 内部化学连接
5164129,4017464,chem,other,none,5.00,0.50,1,子图 运动命令 内部化学连接
5164129,4142619,chem,other,none,5.00,0.50,1,子图 运动命令 内部化学连接
5164129,4173633,chem,other,none,5.00,0.50,3,子图 运动命令 内部化学连接
5164129,4749004,chem,other,none,5.00,0.50,1,子图 运动命令 内部化学连接
5164129,4917442,chem,other,none,5.00,0.50,1,子图 运动命令 内部化学连接
5164129,4966994,chem,other,none,5.00,0.50,1,子图 运动命令 内部化学连接
5164129,5786898,chem,other,none,5.00,0.50,2,子图 运动命令 内部化学连接
5164129,6156152,chem,other,none,5.00,0.50,1,子图 运动命令 内部化学连接
5164129,6190181,chem,other,none,5.00,0.50,1,子图 运动命令 内部化学连接
5164129,6609380,chem,other,none,5.00,0.50,1,子图 运动命令 内部化学连接
5164129,8161142,chem,other,none,5.00,0.50,2,子图 运动命令 内部化学连接
5164129,8161148,chem,other,none,5.00,0.50,1,子图 运动命令 内部化学连接
5164129,8496618,chem,other,none,5.00,0.50,1,子图 运动命令 内部化学连接
5164129,8710444,chem,other,none,5.00,0.50,1,子图 运动命令 内部化学连接
5164129,9239759,chem,other,none,5.00,0.50,1,子图 运动命令 内部化学连接
5164129,9604434,chem,other,none,5.00,0.50,1,子图 运动命令 内部化学连接
5164129,9714476,chem,other,none,5.00,0.50,2,子图 运动命令 内部化学连接
5164129,10728333,chem,other,none,5.00,0.50,1,子图 运动命令 内部化学连接
5164129,10875178,chem,other,none,5.00,0.50,1,子图 运动命令 内部化学连接
5164129,11625573,chem,other,none,5.00,0.50,2,子图 运动命令 内部化学连接
5164129,12474164,chem,other,none,5.00,0.50,1,子图 运动命令 内部化学连接
5164129,12935706,chem,other,none,5.00,0.50,1,子图 运动命令 内部化学连接
5164129,13564607,chem,other,none,5.00,0.50,4,子图 运动命令 内部化学连接
5164129,13722900,chem,other,none,5.00,0.50,2,子图 运动命令 内部化学连接
5164129,13834125,chem,other,none,5.00,0.50,4,子图 运动命令 内部化学连接
5164129,14492880,chem,other,none,5.00,0.50,4,子图 运动命令 内部化学连接
5164129,14726069,chem,other,none,5.00,0.50,2,子图 运动命令 内部化学连接
5164129,15467736,chem,other,none,5.00,0.50,1,子图 运动命令 内部化学连接
5164129,16154290,chem,other,none,5.00,0.50,2,子图 运动命令 内部化学连接
5164129,16327998,chem,other,none,5.00,0.50,1,子图 运动命令 内部化学连接
5164129,16340011,chem,other,none,5.00,0.50,2,子图 运动命令 内部化学连接
5164129,16340461,chem,other,none,5.00,0.50,1,子图 运动命令 内部化学连接
5164129,16388736,chem,other,none,5.00,0.50,1,子图 运动命令 内部化学连接
5164129,16471422,chem,other,none,5.00,0.50,1,子图 运动命令 内部化学连接
5164129,16578252,chem,other,none,5.00,0.50,1,子图 运动命令 内部化学连接
5164129,16651566,chem,other,none,5.00,0.50,2,子图 运动命令 内部化学连接
5164129,16671014,chem,other,none,5.00,0.50,1,子图 运动命令 内部化学连接
5164129,16852421,chem,other,none,5.00,0.50,5,子图 运动命令 内部化学连接
5164129,16934932,chem,other,none,5.00,0.50,1,子图 运动命令 内部化学连接
5164129,16947349,chem,other,none,5.00,0.50,2,子图 运动命令 内部化学连接
5164129,17380345,chem,other,none,5.00,0.50,1,子图 运动命令 内部化学连接
5164129,17435815,chem,other,none,5.00,0.50,2,子图 运动命令 内部化学连接
5164129,17659014,chem,other,none,5.00,0.50,2,子图 运动命令 内部化学连接
5164129,18538744,chem,other,none,5.00,0.50,2,子图 运动命令 内部化学连接
5164129,18566361,chem,other,none,5.00,0.50,1,子图 运动命令 内部化学连接
5164129,19048289,chem,other,none,5.00,0.50,1,子图 运动命令 内部化学连接
5167842,4812481,chem,other,none,5.00,0.50,1,子图 运动命令 内部化学连接
5167842,5162462,chem,other,none,5.00,0.50,4,子图 运动命令 内部化学连接
5167842,6154200,chem,other,none,5.00,0.50,2,子图 运动命令 内部化学连接
5167842,6700147,chem,other,none,5.00,0.50,18,子图 运动命令 内部化学连接
5167842,7700444,chem,other,none,5.00,0.50,1,子图 运动命令 内部化学连接
5167842,13646473,chem,other,none,5.00,0.50,12,子图 运动命令 内部化学连接
5167842,13760954,chem,other,none,5.00,0.50,2,子图 运动命令 内部化学连接
5167842,15607335,chem,other,none,5.00,0.50,1,子图 运动命令 内部化学连接
5167842,15823055,chem,other,none,5.00,0.50,3,子图 运动命令 内部化学连接
5167842,16443509,chem,other,none,5.00,0.50,1,子图 运动命令 内部化学连接
5167842,17663944,chem,other,none,5.00,0.50,3,子图 运动命令 内部化学连接
5167842,19190681,chem,other,none,5.00,0.50,6,子图 运动命令 内部化学连接
5319633,2648254,chem,other,none,5.00,0.50,1,子图 运动命令 内部化学连接
5319633,15548844,chem,other,none,5.00,0.50,1,子图 运动命令 内部化学连接
5319633,15934458,chem,other,none,5.00,0.50,1,子图 运动命令 内部化学连接
5319633,17087885,chem,other,none,5.00,0.50,3,子图 运动命令 内部化学连接
5319633,17654514,chem,other,none,5.00,0.50,1,子图 运动命令 内部化学连接
5326407,4227880,chem,other,none,5.00,0.50,9,子图 运动命令 内部化学连接
5326407,4228105,chem,other,none,5.00,0.50,5,子图 运动命令 内部化学连接
5326407,5326407,chem,other,none,5.00,0.50,1,子图 运动命令 内部化学连接
5326407,6298455,chem,other,none,5.00,0.50,5,子图 运动命令 内部化学连接
5326407,7056904,chem,other,none,5.00,0.50,10,子图 运动命令 内部化学连接
5326407,8993049,chem,other,none,5.00,0.50,1,子图 运动命令 内部化学连接
5326407,9643439,chem,other,none,5.00,0.50,1,子图 运动命令 内部化学连接
5326407,10918898,chem,other,none,5.00,0.50,6,子图 运动命令 内部化学连接
5326407,12962772,chem,other,none,5.00,0.50,4,子图 运动命令 内部化学连接
5326407,14539753,chem,other,none,5.00,0.50,4,子图 运动命令 内部化学连接
5326407,16471422,chem,other,none,5.00,0.50,1,子图 运动命令 内部化学连接
5326407,16714214,chem,other,none,5.00,0.50,3,子图 运动命令 内部化学连接
5326407,16913476,chem,other,none,5.00,0.50,3,子图 运动命令 内部化学连接
5326407,17083341,chem,other,none,5.00,0.50,2,子图 运动命令 内部化学连接
5326407,17176927,chem,other,none,5.00,0.50,4,子图 运动命令 内部化学连接
5326407,17177419,chem,other,none,5.00,0.50,6,子图 运动命令 内部化学连接
5326407,17315288,chem,other,none,5.00,0.50,12,子图 运动命令 内部化学连接
5326407,17813457,chem,other,none,5.00,0.50,1,子图 运动命令 内部化学连接
5326407,17867309,chem,other,none,5.00,0.50,1,子图 运动命令 内部化学连接
5369028,3765735,chem,other,none,5.00,0.50,3,子图 运动命令 内部化学连接
5369028,9753494,chem,other,none,5.00,0.50,1,子图 运动命令 内部化学连接
5369028,11714576,chem,other,none,5.00,0.50,1,子图 运动命令 内部化学连接
5369028,13081886,chem,other,none,5.00,0.50,19,子图 运动命令 内部化学连接
5369028,15606239,chem,other,none,5.00,0.50,4,子图 运动命令 内部化学连接
5369028,17379360,chem,other,none,5.00,0.50,1,子图 运动命令 内部化学连接
5369028,19010160,chem,other,none,5.00,0.50,1,子图 运动命令 内部化学连接
5369028,19132527,chem,other,none,5.00,0.50,1,子图 运动命令 内部化学连接
5369028,20443571,chem,other,none,5.00,0.50,3,子图 运动命令 内部化学连接
5462159,5690425,chem,other,none,5.00,0.50,2,子图 运动命令 内部化学连接
5462159,7227010,chem,other,none,5.00,0.50,1,子图 运动命令 内部化学连接
5462159,8347907,chem,other,none,5.00,0.50,1,子图 运动命令 内部化学连接
5462159,8755914,chem,other,none,5.00,0.50,2,子图 运动命令 内部化学连接
5462159,14586769,chem,other,none,5.00,0.50,1,子图 运动命令 内部化学连接
5462159,16388736,chem,other,none,5.00,0.50,1,子图 运动命令 内部化学连接
5462159,17379420,chem,other,none,5.00,0.50,1,子图 运动命令 内部化学连接
5476653,3414508,chem,other,none,5.00,0.50,1,子图 运动命令 内部化学连接
5476653,3498479,chem,other,none,5.00,0.50,2,子图 运动命令 内部化学连接
5476653,5476653,chem,other,none,5.00,0.50,1,子图 运动命令 内部化学连接
5476653,7130033,chem,other,none,5.00,0.50,1,子图 运动命令 内部化学连接
5476653,9428865,chem,other,none,5.00,0.50,2,子图 运动命令 内部化学连接
5476653,10059655,chem,other,none,5.00,0.50,1,子图 运动命令 内部化学连接
5476653,11639192,chem,other,none,5.00,0.50,1,子图 运动命令 内部化学连接
5476653,13674287,chem,other,none,5.00,0.50,6,子图 运动命令 内部化学连接
5476653,13854190,chem,other,none,5.00,0.50,1,子图 运动命令 内部化学连接
5478818,858479,chem,other,none,5.00,0.50,1,子图 运动命令 内部化学连接
5478818,3486867,chem,other,none,5.00,0.50,2,子图 运动命令 内部化学连接
5478818,3797420,chem,other,none,5.00,0.50,1,子图 运动命令 内部化学连接
5478818,5558724,chem,other,none,5.00,0.50,2,子图 运动命令 内部化学连接
5500958,3620633,chem,other,none,5.00,0.50,3,子图 运动命令 内部化学连接
5500958,4874953,chem,other,none,5.00,0.50,14,子图 运动命令 内部化学连接
5500958,5469039,chem,other,none,5.00,0.50,12,子图 运动命令 内部化学连接
5500958,7569260,chem,other,none,5.00,0.50,1,子图 运动命令 内部化学连接
5500958,17728922,chem,other,none,5.00,0.50,2,子图 运动命令 内部化学连接
5503982,5512988,chem,other,none,5.00,0.50,2,子图 运动命令 内部化学连接
5503982,5730322,chem,other,none,5.00,0.50,3,子图 运动命令 内部化学连接
5503982,6317793,chem,other,none,5.00,0.50,9,子图 运动命令 内部化学连接
5503982,6446394,chem,other,none,5.00,0.50,7,子图 运动命令 内部化学连接
5503982,7982324,chem,other,none,5.00,0.50,3,子图 运动命令 内部化学连接
5503982,8696919,chem,other,none,5.00,0.50,1,子图 运动命令 内部化学连接
5503982,12474815,chem,other,none,5.00,0.50,1,子图 运动命令 内部化学连接
5503982,13081886,chem,other,none,5.00,0.50,2,子图 运动命令 内部化学连接
5503982,14757050,chem,other,none,5.00,0.50,13,子图 运动命令 内部化学连接
5503982,17658978,chem,other,none,5.00,0.50,4,子图 运动命令 内部化学连接
5503982,17897230,chem,other,none,5.00,0.50,6,子图 运动命令 内部化学连接
5503982,18149325,chem,other,none,5.00,0.50,1,子图 运动命令 内部化学连接
5503982,19857577,chem,other,none,5.00,0.50,1,子图 运动命令 内部化学连接
5503982,21591037,chem,other,none,5.00,0.50,1,子图 运动命令 内部化学连接
5512988,3044500,chem,other,none,5.00,0.50,3,子图 运动命令 内部化学连接
5512988,5754346,chem,other,none,5.00,0.50,3,子图 运动命令 内部化学连接
5512988,14539753,chem,other,none,5.00,0.50,1,子图 运动命令 内部化学连接
5512988,16195633,chem,other,none,5.00,0.50,1,子图 运动命令 内部化学连接
5512988,17087885,chem,other,none,5.00,0.50,1,子图 运动命令 内部化学连接
5512988,17321919,chem,other,none,5.00,0.50,1,子图 运动命令 内部化学连接
5512988,17776982,chem,other,none,5.00,0.50,2,子图 运动命令 内部化学连接
5558724,1924051,chem,other,none,5.00,0.50,1,子图 运动命令 内部化学连接
5558724,3486867,chem,other,none,5.00,0.50,2,子图 运动命令 内部化学连接
5558724,3797420,chem,other,none,5.00,0.50,1,子图 运动命令 内部化学连接
5558724,4523803,chem,other,none,5.00,0.50,1,子图 运动命令 内部化学连接
5558724,4541081,chem,other,none,5.00,0.50,1,子图 运动命令 内部化学连接
5558724,5478818,chem,other,none,5.00,0.50,4,子图 运动命令 内部化学连接
5558724,6219445,chem,other,none,5.00,0.50,1,子图 运动命令 内部化学连接
5558724,8154054,chem,other,none,5.00,0.50,2,子图 运动命令 内部化学连接
5558724,17359101,chem,other,none,5.00,0.50,3,子图 运动命令 内部化学连接
5559657,865151,chem,other,none,5.00,0.50,4,子图 运动命令 内部化学连接
5559657,3729496,chem,other,none,5.00,0.50,2,子图 运动命令 内部化学连接
5559657,3762317,chem,other,none,5.00,0.50,2,子图 运动命令 内部化学连接
5559657,6219445,chem,other,none,5.00,0.50,1,子图 运动命令 内部化学连接
5559657,17359101,chem,other,none,5.00,0.50,1,子图 运动命令 内部化学连接
5601924,2283495,chem,other,none,5.00,0.50,1,子图 运动命令 内部化学连接
5601924,5010581,chem,other,none,5.00,0.50,1,子图 运动命令 内部化学连接
5601924,13751194,chem,other,none,5.00,0.50,1,子图 运动命令 内部化学连接
5615961,3727004,chem,other,none,5.00,0.50,1,子图 运动命令 内部化学连接
5615961,4453485,chem,other,none,5.00,0.50,1,子图 运动命令 内部化学连接
5615961,5956787,chem,other,none,5.00,0.50,1,子图 运动命令 内部化学连接
5657004,2655798,chem,other,none,5.00,0.50,2,子图 运动命令 内部化学连接
5657004,3009700,chem,other,none,5.00,0.50,1,子图 运动命令 内部化学连接
5657004,3149791,chem,other,none,5.00,0.50,1,子图 运动命令 内部化学连接
5657004,3764792,chem,other,none,5.00,0.50,3,子图 运动命令 内部化学连接
5657004,3945136,chem,other,none,5.00,0.50,1,子图 运动命令 内部化学连接
5657004,3946166,chem,other,none,5.00,0.50,1,子图 运动命令 内部化学连接
5657004,4901087,chem,other,none,5.00,0.50,1,子图 运动命令 内部化学连接
5657004,5134110,chem,other,none,5.00,0.50,4,子图 运动命令 内部化学连接
5657004,5462159,chem,other,none,5.00,0.50,2,子图 运动命令 内部化学连接
5657004,5512988,chem,other,none,5.00,0.50,4,子图 运动命令 内部化学连接
5657004,5680013,chem,other,none,5.00,0.50,5,子图 运动命令 内部化学连接
5657004,5754346,chem,other,none,5.00,0.50,6,子图 运动命令 内部化学连接
5657004,6446394,chem,other,none,5.00,0.50,1,子图 运动命令 内部化学连接
5657004,6572414,chem,other,none,5.00,0.50,1,子图 运动命令 内部化学连接
5657004,7227010,chem,other,none,5.00,0.50,2,子图 运动命令 内部化学连接
5657004,7422253,chem,other,none,5.00,0.50,1,子图 运动命令 内部化学连接
5657004,7429933,chem,other,none,5.00,0.50,2,子图 运动命令 内部化学连接
5657004,7573476,chem,other,none,5.00,0.50,1,子图 运动命令 内部化学连接
5657004,7982324,chem,other,none,5.00,0.50,3,子图 运动命令 内部化学连接
5657004,9234420,chem,other,none,5.00,0.50,6,子图 运动命令 内部化学连接
5657004,10781924,chem,other,none,5.00,0.50,1,子图 运动命令 内部化学连接
5657004,10797407,chem,other,none,5.00,0.50,1,子图 运动命令 内部化学连接
5657004,10922928,chem,other,none,5.00,0.50,4,子图 运动命令 内部化学连接
5657004,10945111,chem,other,none,5.00,0.50,3,子图 运动命令 内部化学连接
5657004,13081886,chem,other,none,5.00,0.50,4,子图 运动命令 内部化学连接
5657004,14760757,chem,other,none,5.00,0.50,4,子图 运动命令 内部化学连接
5657004,14914182,chem,other,none,5.00,0.50,2,子图 运动命令 内部化学连接
5657004,15588711,chem,other,none,5.00,0.50,5,子图 运动命令 内部化学连接
5657004,15590555,chem,other,none,5.00,0.50,1,子图 运动命令 内部化学连接
5657004,15594113,chem,other,none,5.00,0.50,1,子图 运动命令 内部化学连接
5657004,16115575,chem,other,none,5.00,0.50,1,子图 运动命令 内部化学连接
5657004,16931001,chem,other,none,5.00,0.50,2,子图 运动命令 内部化学连接
5657004,17360038,chem,other,none,5.00,0.50,2,子图 运动命令 内部化学连接
5657004,17378483,chem,other,none,5.00,0.50,6,子图 运动命令 内部化学连接
5657004,17658978,chem,other,none,5.00,0.50,7,子图 运动命令 内部化学连接
5657004,17728922,chem,other,none,5.00,0.50,4,子图 运动命令 内部化学连接
5657004,17732031,chem,other,none,5.00,0.50,2,子图 运动命令 内部化学连接
5657004,18639459,chem,other,none,5.00,0.50,1,子图 运动命令 内部化学连接
5657004,19010160,chem,other,none,5.00,0.50,1,子图 运动命令 内部化学连接
5671303,2979675,chem,other,none,5.00,0.50,1,子图 运动命令 内部化学连接
5671303,3044500,chem,other,none,5.00,0.50,1,子图 运动命令 内部化学连接
5671303,4127926,chem,other,none,5.00,0.50,2,子图 运动命令 内部化学连接
5671303,5657004,chem,other,none,5.00,0.50,5,子图 运动命令 内部化学连接
5671303,5745110,chem,other,none,5.00,0.50,3,子图 运动命令 内部化学连接
5671303,6572414,chem,other,none,5.00,0.50,3,子图 运动命令 内部化学连接
5671303,10728323,chem,other,none,5.00,0.50,1,子图 运动命令 内部化学连接
5671303,12923749,chem,other,none,5.00,0.50,1,子图 运动命令 内部化学连接
5671303,16636860,chem,other,none,5.00,0.50,1,子图 运动命令 内部化学连接
5671303,17360076,chem,other,none,5.00,0.50,1,子图 运动命令 内部化学连接
5671303,17473163,chem,other,none,5.00,0.50,1,子图 运动命令 内部化学连接
5671303,17728922,chem,other,none,5.00,0.50,2,子图 运动命令 内部化学连接
5675990,1591270,chem,other,none,5.00,0.50,1,子图 运动命令 内部化学连接
5675990,5675990,chem,other,none,5.00,0.50,1,子图 运动命令 内部化学连接
5675990,12782494,chem,other,none,5.00,0.50,1,子图 运动命令 内部化学连接
5675990,13849557,chem,other,none,5.00,0.50,2,子图 运动命令 内部化学连接
5675990,16415910,chem,other,none,5.00,0.50,12,子图 运动命令 内部化学连接
5675990,16928740,chem,other,none,5.00,0.50,1,子图 运动命令 内部化学连接
5675990,17102002,chem,other,none,5.00,0.50,3,子图 运动命令 内部化学连接
5675990,17354403,chem,other,none,5.00,0.50,1,子图 运动命令 内部化学连接
5675990,17354414,chem,other,none,5.00,0.50,3,子图 运动命令 内部化学连接
5675990,19166349,chem,other,none,5.00,0.50,6,子图 运动命令 内部化学连接
5680013,1980134,chem,other,none,5.00,0.50,3,子图 运动命令 内部化学连接
5680013,11105182,chem,other,none,5.00,0.50,1,子图 运动命令 内部化学连接
5680013,14621584,chem,other,none,5.00,0.50,1,子图 运动命令 内部化学连接
5680013,14757050,chem,other,none,5.00,0.50,1,子图 运动命令 内部化学连接
5680013,16468935,chem,other,none,5.00,0.50,1,子图 运动命令 内部化学连接
5680013,17378483,chem,other,none,5.00,0.50,1,子图 运动命令 内部化学连接
5680013,18305433,chem,other,none,5.00,0.50,4,子图 运动命令 内部化学连接
5684940,2670619,chem,other,none,5.00,0.50,1,子图 运动命令 内部化学连接
5684940,7227010,chem,other,none,5.00,0.50,2,子图 运动命令 内部化学连接
5684940,9428865,chem,other,none,5.00,0.50,2,子图 运动命令 内部化学连接
5684940,10922928,chem,other,none,5.00,0.50,10,子图 运动命令 内部化学连接
5684940,15588711,chem,other,none,5.00,0.50,1,子图 运动命令 内部化学连接
5688091,2138427,chem,other,none,5.00,0.50,2,子图 运动命令 内部化学连接
5688091,2260755,chem,other,none,5.00,0.50,1,子图 运动命令 内部化学连接
5688091,3436420,chem,other,none,5.00,0.50,2,子图 运动命令 内部化学连接
5688091,3595837,chem,other,none,5.00,0.50,3,子图 运动命令 内部化学连接
5688091,3598000,chem,other,none,5.00,0.50,2,子图 运动命令 内部化学连接
5688091,3620633,chem,other,none,5.00,0.50,4,子图 运动命令 内部化学连接
5688091,3762787,chem,other,none,5.00,0.50,1,子图 运动命令 内部化学连接
5688091,3946166,chem,other,none,5.00,0.50,1,子图 运动命令 内部化学连接
5688091,4215611,chem,other,none,5.00,0.50,1,子图 运动命令 内部化学连接
5688091,5038703,chem,other,none,5.00,0.50,6,子图 运动命令 内部化学连接
5688091,5601924,chem,other,none,5.00,0.50,8,子图 运动命令 内部化学连接
5688091,5615961,chem,other,none,5.00,0.50,2,子图 运动命令 内部化学连接
5688091,5794678,chem,other,none,5.00,0.50,1,子图 运动命令 内部化学连接
5688091,7569260,chem,other,none,5.00,0.50,1,子图 运动命令 内部化学连接
5688091,14034206,chem,other,none,5.00,0.50,2,子图 运动命令 内部化学连接
5690425,5462159,chem,other,none,5.00,0.50,3,子图 运动命令 内部化学连接
5690425,5763407,chem,other,none,5.00,0.50,1,子图 运动命令 内部化学连接
5690425,8047280,chem,other,none,5.00,0.50,2,子图 运动命令 内部化学连接
5690425,18111410,chem,other,none,5.00,0.50,1,子图 运动命令 内部化学连接
5700090,2655798,chem,other,none,5.00,0.50,1,子图 运动命令 内部化学连接
5700090,2670619,chem,other,none,5.00,0.50,1,子图 运动命令 内部化学连接
5700090,2988292,chem,other,none,5.00,0.50,1,子图 运动命令 内部化学连接
5700090,3764792,chem,other,none,5.00,0.50,3,子图 运动命令 内部化学连接
5700090,3945136,chem,other,none,5.00,0.50,1,子图 运动命令 内部化学连接
5700090,5033480,chem,other,none,5.00,0.50,1,子图 运动命令 内部化学连接
5700090,5462159,chem,other,none,5.00,0.50,3,子图 运动命令 内部化学连接
5700090,5512988,chem,other,none,5.00,0.50,1,子图 运动命令 内部化学连接
5700090,5754346,chem,other,none,5.00,0.50,4,子图 运动命令 内部化学连接
5700090,5763407,chem,other,none,5.00,0.50,1,子图 运动命令 内部化学连接
5700090,5764924,chem,other,none,5.00,0.50,6,子图 运动命令 内部化学连接
5700090,6114695,chem,other,none,5.00,0.50,2,子图 运动命令 内部化学连接
5700090,6446394,chem,other,none,5.00,0.50,3,子图 运动命令 内部化学连接
5700090,6572414,chem,other,none,5.00,0.50,3,子图 运动命令 内部化学连接
5700090,7429933,chem,other,none,5.00,0.50,1,子图 运动命令 内部化学连接
5700090,7573476,chem,other,none,5.00,0.50,1,子图 运动命令 内部化学连接
5700090,7587948,chem,other,none,5.00,0.50,1,子图 运动命令 内部化学连接
5700090,8047280,chem,other,none,5.00,0.50,1,子图 运动命令 内部化学连接
5700090,8253620,chem,other,none,5.00,0.50,1,子图 运动命令 内部化学连接
5700090,9177218,chem,other,none,5.00,0.50,1,子图 运动命令 内部化学连接
5700090,9234420,chem,other,none,5.00,0.50,1,子图 运动命令 内部化学连接
5700090,10527147,chem,other,none,5.00,0.50,1,子图 运动命令 内部化学连接
5700090,10609443,chem,other,none,5.00,0.50,1,子图 运动命令 内部化学连接
5700090,10728323,chem,other,none,5.00,0.50,1,子图 运动命令 内部化学连接
5700090,10842099,chem,other,none,5.00,0.50,3,子图 运动命令 内部化学连接
5700090,10882750,chem,other,none,5.00,0.50,2,子图 运动命令 内部化学连接
5700090,10945795,chem,other,none,5.00,0.50,1,子图 运动命令 内部化学连接
5700090,10947427,chem,other,none,5.00,0.50,4,子图 运动命令 内部化学连接
5700090,11623145,chem,other,none,5.00,0.50,1,子图 运动命令 内部化学连接
5700090,13081886,chem,other,none,5.00,0.50,5,子图 运动命令 内部化学连接
5700090,15048530,chem,other,none,5.00,0.50,2,子图 运动命令 内部化学连接
5700090,15632120,chem,other,none,5.00,0.50,1,子图 运动命令 内部化学连接
5700090,17360038,chem,other,none,5.00,0.50,2,子图 运动命令 内部化学连接
5700090,17728922,chem,other,none,5.00,0.50,1,子图 运动命令 内部化学连接
5700090,19046339,chem,other,none,5.00,0.50,7,子图 运动命令 内部化学连接
5730322,2669844,chem,other,none,5.00,0.50,3,子图 运动命令 内部化学连接
5730322,6049565,chem,other,none,5.00,0.50,1,子图 运动命令 内部化学连接
5730322,8070872,chem,other,none,5.00,0.50,1,子图 运动命令 内部化学连接
5730322,8142831,chem,other,none,5.00,0.50,1,子图 运动命令 内部化学连接
5730322,9532295,chem,other,none,5.00,0.50,6,子图 运动命令 内部化学连接
5730322,10317031,chem,other,none,5.00,0.50,2,子图 运动命令 内部化学连接
5730322,10600188,chem,other,none,5.00,0.50,1,子图 运动命令 内部化学连接
5730322,12030078,chem,other,none,5.00,0.50,1,子图 运动命令 内部化学连接
5730322,15601640,chem,other,none,5.00,0.50,2,子图 运动命令 内部化学连接
5730322,15610774,chem,other,none,5.00,0.50,1,子图 运动命令 内部化学连接
5730322,15629759,chem,other,none,5.00,0.50,1,子图 运动命令 内部化学连接
5730322,15897280,chem,other,none,5.00,0.50,6,子图 运动命令 内部化学连接
5730322,16340461,chem,other,none,5.00,0.50,15,子图 运动命令 内部化学连接
5730322,17378648,chem,other,none,5.00,0.50,6,子图 运动命令 内部化学连接
5730322,17813001,chem,other,none,5.00,0.50,2,子图 运动命令 内部化学连接
5745110,1805669,chem,other,none,5.00,0.50,1,子图 运动命令 内部化学连接
5745110,2979675,chem,other,none,5.00,0.50,3,子图 运动命令 内部化学连接
5745110,3946166,chem,other,none,5.00,0.50,1,子图 运动命令 内部化学连接
5745110,4901087,chem,other,none,5.00,0.50,1,子图 运动命令 内部化学连接
5745110,5134110,chem,other,none,5.00,0.50,1,子图 运动命令 内部化学连接
5745110,5462159,chem,other,none,5.00,0.50,1,子图 运动命令 内部化学连接
5745110,5657004,chem,other,none,5.00,0.50,3,子图 运动命令 内部化学连接
5745110,5680013,chem,other,none,5.00,0.50,4,子图 运动命令 内部化学连接
5745110,5745110,chem,other,none,5.00,0.50,1,子图 运动命令 内部化学连接
5745110,5764924,chem,other,none,5.00,0.50,1,子图 运动命令 内部化学连接
5745110,6114695,chem,other,none,5.00,0.50,1,子图 运动命令 内部化学连接
5745110,6572414,chem,other,none,5.00,0.50,1,子图 运动命令 内部化学连接
5745110,7700444,chem,other,none,5.00,0.50,1,子图 运动命令 内部化学连接
5745110,8253620,chem,other,none,5.00,0.50,2,子图 运动命令 内部化学连接
5745110,9234420,chem,other,none,5.00,0.50,2,子图 运动命令 内部化学连接
5745110,10527147,chem,other,none,5.00,0.50,2,子图 运动命令 内部化学连接
5745110,10728323,chem,other,none,5.00,0.50,2,子图 运动命令 内部化学连接
5745110,10797407,chem,other,none,5.00,0.50,1,子图 运动命令 内部化学连接
5745110,10842047,chem,other,none,5.00,0.50,2,子图 运动命令 内部化学连接
5745110,12279941,chem,other,none,5.00,0.50,3,子图 运动命令 内部化学连接
5745110,13081886,chem,other,none,5.00,0.50,1,子图 运动命令 内部化学连接
5745110,15365184,chem,other,none,5.00,0.50,2,子图 运动命令 内部化学连接
5745110,16931001,chem,other,none,5.00,0.50,5,子图 运动命令 内部化学连接
5745110,17360038,chem,other,none,5.00,0.50,2,子图 运动命令 内部化学连接
5745110,17384874,chem,other,none,5.00,0.50,1,子图 运动命令 内部化学连接
5745110,17658978,chem,other,none,5.00,0.50,3,子图 运动命令 内部化学连接
5745110,18639459,chem,other,none,5.00,0.50,2,子图 运动命令 内部化学连接
5745929,5462159,chem,other,none,5.00,0.50,16,子图 运动命令 内部化学连接
5745929,5680013,chem,other,none,5.00,0.50,4,子图 运动命令 内部化学连接
5745929,5684940,chem,other,none,5.00,0.50,1,子图 运动命令 内部化学连接
5745929,5745110,chem,other,none,5.00,0.50,2,子图 运动命令 内部化学连接
5745929,6154200,chem,other,none,5.00,0.50,1,子图 运动命令 内部化学连接
5745929,6317793,chem,other,none,5.00,0.50,5,子图 运动命令 内部化学连接
5745929,6446394,chem,other,none,5.00,0.50,14,子图 运动命令 内部化学连接
5745929,6572414,chem,other,none,5.00,0.50,4,子图 运动命令 内部化学连接
5745929,6623089,chem,other,none,5.00,0.50,1,子图 运动命令 内部化学连接
5745929,10553248,chem,other,none,5.00,0.50,1,子图 运动命令 内部化学连接
5745929,13081886,chem,other,none,5.00,0.50,12,子图 运动命令 内部化学连接
5745929,13714311,chem,other,none,5.00,0.50,1,子图 运动命令 内部化学连接
5745929,14756061,chem,other,none,5.00,0.50,2,子图 运动命令 内部化学连接
5745929,14756440,chem,other,none,5.00,0.50,1,子图 运动命令 内部化学连接
5745929,14757050,chem,other,none,5.00,0.50,6,子图 运动命令 内部化学连接
5745929,15548844,chem,other,none,5.00,0.50,1,子图 运动命令 内部化学连接
5745929,16422727,chem,other,none,5.00,0.50,3,子图 运动命令 内部化学连接
5745929,16540741,chem,other,none,5.00,0.50,1,子图 运动命令 内部化学连接
5745929,16617920,chem,other,none,5.00,0.50,9,子图 运动命令 内部化学连接
5745929,16713227,chem,other,none,5.00,0.50,3,子图 运动命令 内部化学连接
5745929,17360038,chem,other,none,5.00,0.50,1,子图 运动命令 内部化学连接
5745929,17379420,chem,other,none,5.00,0.50,1,子图 运动命令 内部化学连接
5745929,17654967,chem,other,none,5.00,0.50,1,子图 运动命令 内部化学连接
5745929,17658978,chem,other,none,5.00,0.50,1,子图 运动命令 内部化学连接
5745929,17732031,chem,other,none,5.00,0.50,2,子图 运动命令 内部化学连接
5745929,17897230,chem,other,none,5.00,0.50,1,子图 运动命令 内部化学连接
5745929,18035063,chem,other,none,5.00,0.50,2,子图 运动命令 内部化学连接
5745929,18149325,chem,other,none,5.00,0.50,6,子图 运动命令 内部化学连接
5745929,19508873,chem,other,none,5.00,0.50,3,子图 运动命令 内部化学连接
5745929,20151537,chem,other,none,5.00,0.50,1,子图 运动命令 内部化学连接
5745929,20443501,chem,other,none,5.00,0.50,1,子图 运动命令 内部化学连接
5745929,20443571,chem,other,none,5.00,0.50,3,子图 运动命令 内部化学连接
5746180,1805669,chem,other,none,5.00,0.50,1,子图 运动命令 内部化学连接
5746180,5745929,chem,other,none,5.00,0.50,1,子图 运动命令 内部化学连接
5746180,5746180,chem,other,none,5.00,0.50,1,子图 运动命令 内部化学连接
5746180,5760480,chem,other,none,5.00,0.50,4,子图 运动命令 内部化学连接
5746180,8951591,chem,other,none,5.00,0.50,1,子图 运动命令 内部化学连接
5746180,13713529,chem,other,none,5.00,0.50,2,子图 运动命令 内部化学连接
5746180,14756061,chem,other,none,5.00,0.50,1,子图 运动命令 内部化学连接
5746180,16347786,chem,other,none,5.00,0.50,1,子图 运动命令 内部化学连接
5746180,17379420,chem,other,none,5.00,0.50,1,子图 运动命令 内部化学连接
5746180,17732334,chem,other,none,5.00,0.50,3,子图 运动命令 内部化学连接
5746180,18149325,chem,other,none,5.00,0.50,1,子图 运动命令 内部化学连接
5746180,18501001,chem,other,none,5.00,0.50,8,子图 运动命令 内部化学连接
5746180,20151537,chem,other,none,5.00,0.50,1,子图 运动命令 内部化学连接
5754346,3149791,chem,other,none,5.00,0.50,3,子图 运动命令 内部化学连接
5754346,7335439,chem,other,none,5.00,0.50,1,子图 运动命令 内部化学连接
5754346,13674287,chem,other,none,5.00,0.50,1,子图 运动命令 内部化学连接
5754346,13749806,chem,other,none,5.00,0.50,1,子图 运动命令 内部化学连接
5754346,14034206,chem,other,none,5.00,0.50,5,子图 运动命令 内部化学连接
5754346,15732050,chem,other,none,5.00,0.50,1,子图 运动命令 内部化学连接
5754346,16713227,chem,other,none,5.00,0.50,1,子图 运动命令 内部化学连接
5754346,17087885,chem,other,none,5.00,0.50,3,子图 运动命令 内部化学连接
5754346,17321919,chem,other,none,5.00,0.50,1,子图 运动命令 内部化学连接
5760480,10581624,chem,other,none,5.00,0.50,3,子图 运动命令 内部化学连接
5760480,12962772,chem,other,none,5.00,0.50,1,子图 运动命令 内部化学连接
5760480,14579509,chem,other,none,5.00,0.50,5,子图 运动命令 内部化学连接
5760480,14651659,chem,other,none,5.00,0.50,2,子图 运动命令 内部化学连接
5760480,15522152,chem,other,none,5.00,0.50,1,子图 运动命令 内部化学连接
5760480,16434560,chem,other,none,5.00,0.50,1,子图 运动命令 内部化学连接
5760480,16547268,chem,other,none,5.00,0.50,2,子图 运动命令 内部化学连接
5760480,17075832,chem,other,none,5.00,0.50,1,子图 运动命令 内部化学连接
5760480,17358891,chem,other,none,5.00,0.50,7,子图 运动命令 内部化学连接
5760480,17448356,chem,other,none,5.00,0.50,1,子图 运动命令 内部化学连接
5760480,18501001,chem,other,none,5.00,0.50,2,子图 运动命令 内部化学连接
5763407,15588711,chem,other,none,5.00,0.50,1,子图 运动命令 内部化学连接
5764924,2655798,chem,other,none,5.00,0.50,1,子图 运动命令 内部化学连接
5764924,3149791,chem,other,none,5.00,0.50,2,子图 运动命令 内部化学连接
5764924,10583715,chem,other,none,5.00,0.50,1,子图 运动命令 内部化学连接
5768240,1646076,chem,other,none,5.00,0.50,1,子图 运动命令 内部化学连接
5768240,1961182,chem,other,none,5.00,0.50,3,子图 运动命令 内部化学连接
5768240,2669844,chem,other,none,5.00,0.50,2,子图 运动命令 内部化学连接
5768240,4110483,chem,other,none,5.00,0.50,3,子图 运动命令 内部化学连接
5768240,5902352,chem,other,none,5.00,0.50,8,子图 运动命令 内部化学连接
5768240,8142831,chem,other,none,5.00,0.50,1,子图 运动命令 内部化学连接
5768240,9480916,chem,other,none,5.00,0.50,2,子图 运动命令 内部化学连接
5768240,10234576,chem,other,none,5.00,0.50,2,子图 运动命令 内部化学连接
5768240,10449035,chem,other,none,5.00,0.50,2,子图 运动命令 内部化学连接
5768240,10523825,chem,other,none,5.00,0.50,1,子图 运动命令 内部化学连接
5768240,15629759,chem,other,none,5.00,0.50,6,子图 运动命令 内部化学连接
5768240,16340977,chem,other,none,5.00,0.50,1,子图 运动命令 内部化学连接
5768240,16851791,chem,other,none,5.00,0.50,2,子图 运动命令 内部化学连接
5768240,17354414,chem,other,none,5.00,0.50,3,子图 运动命令 内部化学连接
5768240,17658602,chem,other,none,5.00,0.50,1,子图 运动命令 内部化学连接
5768240,18111410,chem,other,none,5.00,0.50,1,子图 运动命令 内部化学连接
5768240,19017386,chem,other,none,5.00,0.50,3,子图 运动命令 内部化学连接
5768240,19166349,chem,other,none,5.00,0.50,1,子图 运动命令 内部化学连接
5778133,5745110,chem,other,none,5.00,0.50,1,子图 运动命令 内部化学连接
5778133,8347720,chem,other,none,5.00,0.50,4,子图 运动命令 内部化学连接
5778133,8348277,chem,other,none,5.00,0.50,1,子图 运动命令 内部化学连接
5778133,9348984,chem,other,none,5.00,0.50,1,子图 运动命令 内部化学连接
5778133,11084320,chem,other,none,5.00,0.50,1,子图 运动命令 内部化学连接
5778133,15669682,chem,other,none,5.00,0.50,2,子图 运动命令 内部化学连接
5778133,16636860,chem,other,none,5.00,0.50,2,子图 运动命令 内部化学连接
5778133,17732270,chem,other,none,5.00,0.50,3,子图 运动命令 内部化学连接
5782947,4142619,chem,other,none,5.00,0.50,1,子图 运动命令 内部化学连接
5782947,4390116,chem,other,none,5.00,0.50,2,子图 运动命令 内部化学连接
5782947,5319633,chem,other,none,5.00,0.50,6,子图 运动命令 内部化学连接
5782947,6188181,chem,other,none,5.00,0.50,1,子图 运动命令 内部化学连接
5782947,9604434,chem,other,none,5.00,0.50,2,子图 运动命令 内部化学连接
5782947,10447988,chem,other,none,5.00,0.50,1,子图 运动命令 内部化学连接
5782947,14588375,chem,other,none,5.00,0.50,1,子图 运动命令 内部化学连接
5782947,15732509,chem,other,none,5.00,0.50,1,子图 运动命令 内部化学连接
5782947,15894278,chem,other,none,5.00,0.50,2,子图 运动命令 内部化学连接
5782947,16355225,chem,other,none,5.00,0.50,1,子图 运动命令 内部化学连接
5782947,16947349,chem,other,none,5.00,0.50,3,子图 运动命令 内部化学连接
5782947,17105218,chem,other,none,5.00,0.50,1,子图 运动命令 内部化学连接
5782947,17110007,chem,other,none,5.00,0.50,2,子图 运动命令 内部化学连接
5782947,17663944,chem,other,none,5.00,0.50,1,子图 运动命令 内部化学连接
5782947,19950281,chem,other,none,5.00,0.50,7,子图 运动命令 内部化学连接
5786898,2648254,chem,other,none,5.00,0.50,7,子图 运动命令 内部化学连接
5786898,4017464,chem,other,none,5.00,0.50,1,子图 运动命令 内部化学连接
5786898,4188325,chem,other,none,5.00,0.50,3,子图 运动命令 内部化学连接
5786898,4917442,chem,other,none,5.00,0.50,1,子图 运动命令 内部化学连接
5786898,5052370,chem,other,none,5.00,0.50,8,子图 运动命令 内部化学连接
5786898,5164129,chem,other,none,5.00,0.50,11,子图 运动命令 内部化学连接
5786898,5786898,chem,other,none,5.00,0.50,1,子图 运动命令 内部化学连接
5786898,5790355,chem,other,none,5.00,0.50,2,子图 运动命令 内部化学连接
5786898,6156152,chem,other,none,5.00,0.50,4,子图 运动命令 内部化学连接
5786898,8496618,chem,other,none,5.00,0.50,11,子图 运动命令 内部化学连接
5786898,9069084,chem,other,none,5.00,0.50,6,子图 运动命令 内部化学连接
5786898,9097065,chem,other,none,5.00,0.50,1,子图 运动命令 内部化学连接
5786898,12474164,chem,other,none,5.00,0.50,1,子图 运动命令 内部化学连接
5786898,13675374,chem,other,none,5.00,0.50,2,子图 运动命令 内部化学连接
5786898,13722900,chem,other,none,5.00,0.50,1,子图 运动命令 内部化学连接
5786898,15467736,chem,other,none,5.00,0.50,3,子图 运动命令 内部化学连接
5786898,15894178,chem,other,none,5.00,0.50,3,子图 运动命令 内部化学连接
5786898,16327998,chem,other,none,5.00,0.50,16,子图 运动命令 内部化学连接
5786898,16340011,chem,other,none,5.00,0.50,2,子图 运动命令 内部化学连接
5786898,16520950,chem,other,none,5.00,0.50,4,子图 运动命令 内部化学连接
5786898,16671014,chem,other,none,5.00,0.50,2,子图 运动命令 内部化学连接
5786898,16947349,chem,other,none,5.00,0.50,4,子图 运动命令 内部化学连接
5786898,16950354,chem,other,none,5.00,0.50,2,子图 运动命令 内部化学连接
5786898,16950550,chem,other,none,5.00,0.50,8,子图 运动命令 内部化学连接
5786898,16950767,chem,other,none,5.00,0.50,1,子图 运动命令 内部化学连接
5786898,17356024,chem,other,none,5.00,0.50,1,子图 运动命令 内部化学连接
5786898,17654519,chem,other,none,5.00,0.50,3,子图 运动命令 内部化学连接
5790355,4017464,chem,other,none,5.00,0.50,4,子图 运动命令 内部化学连接
5790355,4876839,chem,other,none,5.00,0.50,4,子图 运动命令 内部化学连接
5790355,4917442,chem,other,none,5.00,0.50,2,子图 运动命令 内部化学连接
5790355,6154921,chem,other,none,5.00,0.50,4,子图 运动命令 内部化学连接
5790355,6155577,chem,other,none,5.00,0.50,1,子图 运动命令 内部化学连接
5790355,6702943,chem,other,none,5.00,0.50,1,子图 运动命令 内部化学连接
5790355,9237734,chem,other,none,5.00,0.50,5,子图 运动命令 内部化学连接
5790355,13564607,chem,other,none,5.00,0.50,1,子图 运动命令 内部化学连接
5790355,13675374,chem,other,none,5.00,0.50,2,子图 运动命令 内部化学连接
5790355,13722900,chem,other,none,5.00,0.50,6,子图 运动命令 内部化学连接
5790355,13842372,chem,other,none,5.00,0.50,3,子图 运动命令 内部化学连接
5790355,16327998,chem,other,none,5.00,0.50,22,子图 运动命令 内部化学连接
5790355,16342197,chem,other,none,5.00,0.50,1,子图 运动命令 内部化学连接
5790355,16520950,chem,other,none,5.00,0.50,3,子图 运动命令 内部化学连接
5790355,16560178,chem,other,none,5.00,0.50,6,子图 运动命令 内部化学连接
5790355,16950443,chem,other,none,5.00,0.50,3,子图 运动命令 内部化学连接
5790355,16950767,chem,other,none,5.00,0.50,3,子图 运动命令 内部化学连接
5790355,17323054,chem,other,none,5.00,0.50,6,子图 运动命令 内部化学连接
5790355,20911961,chem,other,none,5.00,0.50,1,子图 运动命令 内部化学连接
5794678,2648254,chem,other,none,5.00,0.50,1,子图 运动命令 内部化学连接
5794678,3979181,chem,other,none,5.00,0.50,1,子图 运动命令 内部化学连接
5794678,5319633,chem,other,none,5.00,0.50,2,子图 运动命令 内部化学连接
5794678,16195633,chem,other,none,5.00,0.50,1,子图 运动命令 内部化学连接
5794678,19298625,chem,other,none,5.00,0.50,1,子图 运动命令 内部化学连接
5805651,3044500,chem,other,none,5.00,0.50,1,子图 运动命令 内部化学连接
5805651,4966994,chem,other,none,5.00,0.50,8,子图 运动命令 内部化学连接
5805651,5794678,chem,other,none,5.00,0.50,3,子图 运动命令 内部化学连接
5805651,5893912,chem,other,none,5.00,0.50,1,子图 运动命令 内部化学连接
5805651,5895651,chem,other,none,5.00,0.50,1,子图 运动命令 内部化学连接
5805651,6610913,chem,other,none,5.00,0.50,1,子图 运动命令 内部化学连接
5805651,7025064,chem,other,none,5.00,0.50,3,子图 运动命令 内部化学连接
5805651,7700444,chem,other,none,5.00,0.50,1,子图 运动命令 内部化学连接
5805651,8161142,chem,other,none,5.00,0.50,7,子图 运动命令 内部化学连接
5805651,8161148,chem,other,none,5.00,0.50,5,子图 运动命令 内部化学连接
5805651,8271875,chem,other,none,5.00,0.50,2,子图 运动命令 内部化学连接
5805651,8496618,chem,other,none,5.00,0.50,3,子图 运动命令 内部化学连接
5805651,9034378,chem,other,none,5.00,0.50,1,子图 运动命令 内部化学连接
5805651,10553248,chem,other,none,5.00,0.50,1,子图 运动命令 内部化学连接
5805651,10728328,chem,other,none,5.00,0.50,4,子图 运动命令 内部化学连接
5805651,10728333,chem,other,none,5.00,0.50,3,子图 运动命令 内部化学连接
5805651,10921106,chem,other,none,5.00,0.50,1,子图 运动命令 内部化学连接
5805651,11362334,chem,other,none,5.00,0.50,1,子图 运动命令 内部化学连接
5805651,11625573,chem,other,none,5.00,0.50,5,子图 运动命令 内部化学连接
5805651,12474164,chem,other,none,5.00,0.50,1,子图 运动命令 内部化学连接
5805651,12474815,chem,other,none,5.00,0.50,1,子图 运动命令 内部化学连接
5805651,12935706,chem,other,none,5.00,0.50,1,子图 运动命令 内部化学连接
5805651,13557064,chem,other,none,5.00,0.50,6,子图 运动命令 内部化学连接
5805651,13564607,chem,other,none,5.00,0.50,1,子图 运动命令 内部化学连接
5805651,13727202,chem,other,none,5.00,0.50,1,子图 运动命令 内部化学连接
5805651,14492757,chem,other,none,5.00,0.50,2,子图 运动命令 内部化学连接
5805651,14492880,chem,other,none,5.00,0.50,1,子图 运动命令 内部化学连接
5805651,14726069,chem,other,none,5.00,0.50,8,子图 运动命令 内部化学连接
5805651,15467736,chem,other,none,5.00,0.50,1,子图 运动命令 内部化学连接
5805651,16167914,chem,other,none,5.00,0.50,2,子图 运动命令 内部化学连接
5805651,16388736,chem,other,none,5.00,0.50,1,子图 运动命令 内部化学连接
5805651,16578252,chem,other,none,5.00,0.50,2,子图 运动命令 内部化学连接
5805651,16851496,chem,other,none,5.00,0.50,1,子图 运动命令 内部化学连接
5805651,16852589,chem,other,none,5.00,0.50,5,子图 运动命令 内部化学连接
5805651,17067625,chem,other,none,5.00,0.50,1,子图 运动命令 内部化学连接
5805651,17324711,chem,other,none,5.00,0.50,1,子图 运动命令 内部化学连接
5805651,18232369,chem,other,none,5.00,0.50,1,子图 运动命令 内部化学连接
5805651,18464581,chem,other,none,5.00,0.50,8,子图 运动命令 内部化学连接
5805651,18545747,chem,other,none,5.00,0.50,5,子图 运动命令 内部化学连接
5805651,18551732,chem,other,none,5.00,0.50,10,子图 运动命令 内部化学连接
5816138,4017464,chem,other,none,5.00,0.50,2,子图 运动命令 内部化学连接
5816138,5790355,chem,other,none,5.00,0.50,1,子图 运动命令 内部化学连接
5816138,5898284,chem,other,none,5.00,0.50,1,子图 运动命令 内部化学连接
5816138,6188181,chem,other,none,5.00,0.50,7,子图 运动命令 内部化学连接
5816138,6702943,chem,other,none,5.00,0.50,2,子图 运动命令 内部化学连接
5816138,9612903,chem,other,none,5.00,0.50,9,子图 运动命令 内部化学连接
5816138,10964258,chem,other,none,5.00,0.50,3,子图 运动命令 内部化学连接
5816138,13007383,chem,other,none,5.00,0.50,10,子图 运动命令 内部化学连接
5816138,13722900,chem,other,none,5.00,0.50,2,子图 运动命令 内部化学连接
5816138,13760954,chem,other,none,5.00,0.50,4,子图 运动命令 内部化学连接
5816138,13842372,chem,other,none,5.00,0.50,7,子图 运动命令 内部化学连接
5816138,15732503,chem,other,none,5.00,0.50,1,子图 运动命令 内部化学连接
5816138,16327998,chem,other,none,5.00,0.50,1,子图 运动命令 内部化学连接
5816138,16520950,chem,other,none,5.00,0.50,4,子图 运动命令 内部化学连接
5816138,16561224,chem,other,none,5.00,0.50,5,子图 运动命令 内部化学连接
5816138,16950767,chem,other,none,5.00,0.50,2,子图 运动命令 内部化学连接
5816138,17110007,chem,other,none,5.00,0.50,19,子图 运动命令 内部化学连接
5816138,17173852,chem,other,none,5.00,0.50,4,子图 运动命令 内部化学连接
5816138,17358864,chem,other,none,5.00,0.50,2,子图 运动命令 内部化学连接
5816138,17639824,chem,other,none,5.00,0.50,1,子图 运动命令 内部化学连接
5816138,17654514,chem,other,none,5.00,0.50,1,子图 运动命令 内部化学连接
5816138,19092010,chem,other,none,5.00,0.50,1,子图 运动命令 内部化学连接
5816138,19190681,chem,other,none,5.00,0.50,2,子图 运动命令 内部化学连接
5816138,20911955,chem,other,none,5.00,0.50,3,子图 运动命令 内部化学连接
5816138,20911961,chem,other,none,5.00,0.50,7,子图 运动命令 内部化学连接
5856647,1622901,chem,other,none,5.00,0.50,2,子图 运动命令 内部化学连接
5856647,4017464,chem,other,none,5.00,0.50,3,子图 运动命令 内部化学连接
5856647,4228105,chem,other,none,5.00,0.50,1,子图 运动命令 内部化学连接
5856647,5164129,chem,other,none,5.00,0.50,1,子图 运动命令 内部化学连接
5856647,5786898,chem,other,none,5.00,0.50,2,子图 运动命令 内部化学连接
5856647,5790355,chem,other,none,5.00,0.50,2,子图 运动命令 内部化学连接
5856647,6154200,chem,other,none,5.00,0.50,1,子图 运动命令 内部化学连接
5856647,6156152,chem,other,none,5.00,0.50,1,子图 运动命令 内部化学连接
5856647,6190181,chem,other,none,5.00,0.50,2,子图 运动命令 内部化学连接
5856647,6610913,chem,other,none,5.00,0.50,2,子图 运动命令 内部化学连接
5856647,8161148,chem,other,none,5.00,0.50,3,子图 运动命令 内部化学连接
5856647,8710444,chem,other,none,5.00,0.50,1,子图 运动命令 内部化学连接
5856647,9068024,chem,other,none,5.00,0.50,1,子图 运动命令 内部化学连接
5856647,10581624,chem,other,none,5.00,0.50,1,子图 运动命令 内部化学连接
5856647,11841664,chem,other,none,5.00,0.50,1,子图 运动命令 内部化学连接
5856647,13557064,chem,other,none,5.00,0.50,2,子图 运动命令 内部化学连接
5856647,15512404,chem,other,none,5.00,0.50,2,子图 运动命令 内部化学连接
5856647,15732503,chem,other,none,5.00,0.50,1,子图 运动命令 内部化学连接
5856647,15995958,chem,other,none,5.00,0.50,1,子图 运动命令 内部化学连接
5856647,16327998,chem,other,none,5.00,0.50,1,子图 运动命令 内部化学连接
5856647,16339338,chem,other,none,5.00,0.50,2,子图 运动命令 内部化学连接
5856647,16545113,chem,other,none,5.00,0.50,3,子图 运动命令 内部化学连接
5856647,16547281,chem,other,none,5.00,0.50,3,子图 运动命令 内部化学连接
5856647,16561224,chem,other,none,5.00,0.50,1,子图 运动命令 内部化学连接
5856647,16578252,chem,other,none,5.00,0.50,1,子图 运动命令 内部化学连接
5856647,16667306,chem,other,none,5.00,0.50,5,子图 运动命令 内部化学连接
5856647,16667592,chem,other,none,5.00,0.50,3,子图 运动命令 内部化学连接
5856647,16851577,chem,other,none,5.00,0.50,1,子图 运动命令 内部化学连接
5856647,16851718,chem,other,none,5.00,0.50,1,子图 运动命令 内部化学连接
5856647,16852589,chem,other,none,5.00,0.50,4,子图 运动命令 内部化学连接
5856647,16852622,chem,other,none,5.00,0.50,1,子图 运动命令 内部化学连接
5856647,16950550,chem,other,none,5.00,0.50,2,子图 运动命令 内部化学连接
5856647,16952665,chem,other,none,5.00,0.50,1,子图 运动命令 内部化学连接
5856647,16952691,chem,other,none,5.00,0.50,2,子图 运动命令 内部化学连接
5856647,17165755,chem,other,none,5.00,0.50,6,子图 运动命令 内部化学连接
5856647,17173852,chem,other,none,5.00,0.50,4,子图 运动命令 内部化学连接
5856647,17357979,chem,other,none,5.00,0.50,3,子图 运动命令 内部化学连接
5856647,17358864,chem,other,none,5.00,0.50,1,子图 运动命令 内部化学连接
5856647,17435815,chem,other,none,5.00,0.50,1,子图 运动命令 内部化学连接
5856647,17736641,chem,other,none,5.00,0.50,2,子图 运动命令 内部化学连接
5856647,17736654,chem,other,none,5.00,0.50,3,子图 运动命令 内部化学连接
5856647,17736748,chem,other,none,5.00,0.50,1,子图 运动命令 内部化学连接
5856647,19361427,chem,other,none,5.00,0.50,1,子图 运动命令 内部化学连接
5859372,4749004,chem,other,none,5.00,0.50,1,子图 运动命令 内部化学连接
5859372,5162462,chem,other,none,5.00,0.50,1,子图 运动命令 内部化学连接
5859372,5319633,chem,other,none,5.00,0.50,4,子图 运动命令 内部化学连接
5859372,6156152,chem,other,none,5.00,0.50,1,子图 运动命令 内部化学连接
5859372,6610913,chem,other,none,5.00,0.50,1,子图 运动命令 内部化学连接
5859372,8391330,chem,other,none,5.00,0.50,5,子图 运动命令 内部化学连接
5859372,9069084,chem,other,none,5.00,0.50,1,子图 运动命令 内部化学连接
5859372,9424902,chem,other,none,5.00,0.50,1,子图 运动命令 内部化学连接
5859372,9714476,chem,other,none,5.00,0.50,1,子图 运动命令 内部化学连接
5859372,10248031,chem,other,none,5.00,0.50,2,子图 运动命令 内部化学连接
5859372,11009492,chem,other,none,5.00,0.50,1,子图 运动命令 内部化学连接
5859372,11876076,chem,other,none,5.00,0.50,1,子图 运动命令 内部化学连接
5859372,12420898,chem,other,none,5.00,0.50,3,子图 运动命令 内部化学连接
5859372,13764822,chem,other,none,5.00,0.50,1,子图 运动命令 内部化学连接
5859372,16327998,chem,other,none,5.00,0.50,1,子图 运动命令 内部化学连接
5859372,16520950,chem,other,none,5.00,0.50,1,子图 运动命令 内部化学连接
5859372,16545101,chem,other,none,5.00,0.50,4,子图 运动命令 内部化学连接
5859372,16547297,chem,other,none,5.00,0.50,1,子图 运动命令 内部化学连接
5859372,16561660,chem,other,none,5.00,0.50,2,子图 运动命令 内部化学连接
5859372,16924423,chem,other,none,5.00,0.50,3,子图 运动命令 内部化学连接
5859372,16950097,chem,other,none,5.00,0.50,1,子图 运动命令 内部化学连接
5859372,16950115,chem,other,none,5.00,0.50,2,子图 运动命令 内部化学连接
5859372,16950354,chem,other,none,5.00,0.50,3,子图 运动命令 内部化学连接
5859372,16950798,chem,other,none,5.00,0.50,1,子图 运动命令 内部化学连接
5859372,17053270,chem,other,none,5.00,0.50,2,子图 运动命令 内部化学连接
5859372,17075832,chem,other,none,5.00,0.50,1,子图 运动命令 内部化学连接
5859372,17356442,chem,other,none,5.00,0.50,2,子图 运动命令 内部化学连接
5859372,17654514,chem,other,none,5.00,0.50,1,子图 运动命令 内部化学连接
5859372,17732311,chem,other,none,5.00,0.50,1,子图 运动命令 内部化学连接
5859372,19361427,chem,other,none,5.00,0.50,2,子图 运动命令 内部化学连接
5893912,3044500,chem,other,none,5.00,0.50,1,子图 运动命令 内部化学连接
5893912,5052370,chem,other,none,5.00,0.50,1,子图 运动命令 内部化学连接
5893912,5164129,chem,other,none,5.00,0.50,1,子图 运动命令 内部化学连接
5893912,5786898,chem,other,none,5.00,0.50,1,子图 运动命令 内部化学连接
5893912,5895651,chem,other,none,5.00,0.50,8,子图 运动命令 内部化学连接
5893912,6153877,chem,other,none,5.00,0.50,2,子图 运动命令 内部化学连接
5893912,8161142,chem,other,none,5.00,0.50,1,子图 运动命令 内部化学连接
5893912,8161148,chem,other,none,5.00,0.50,7,子图 运动命令 内部化学连接
5893912,8496618,chem,other,none,5.00,0.50,4,子图 运动命令 内部化学连接
5893912,10728328,chem,other,none,5.00,0.50,5,子图 运动命令 内部化学连接
5893912,10781924,chem,other,none,5.00,0.50,1,子图 运动命令 内部化学连接
5893912,12474164,chem,other,none,5.00,0.50,5,子图 运动命令 内部化学连接
5893912,13557064,chem,other,none,5.00,0.50,3,子图 运动命令 内部化学连接
5893912,13834125,chem,other,none,5.00,0.50,3,子图 运动命令 内部化学连接
5893912,14034206,chem,other,none,5.00,0.50,1,子图 运动命令 内部化学连接
5893912,14492880,chem,other,none,5.00,0.50,3,子图 运动命令 内部化学连接
5893912,14680483,chem,other,none,5.00,0.50,1,子图 运动命令 内部化学连接
5893912,15467736,chem,other,none,5.00,0.50,3,子图 运动命令 内部化学连接
5893912,15539984,chem,other,none,5.00,0.50,1,子图 运动命令 内部化学连接
5893912,15732485,chem,other,none,5.00,0.50,2,子图 运动命令 内部化学连接
5893912,15894178,chem,other,none,5.00,0.50,1,子图 运动命令 内部化学连接
5893912,16340461,chem,other,none,5.00,0.50,1,子图 运动命令 内部化学连接
5893912,16388736,chem,other,none,5.00,0.50,2,子图 运动命令 内部化学连接
5893912,16443509,chem,other,none,5.00,0.50,1,子图 运动命令 内部化学连接
5893912,16578252,chem,other,none,5.00,0.50,3,子图 运动命令 内部化学连接
5893912,17025508,chem,other,none,5.00,0.50,1,子图 运动命令 内部化学连接
5893912,17323054,chem,other,none,5.00,0.50,1,子图 运动命令 内部化学连接
5893912,17354414,chem,other,none,5.00,0.50,1,子图 运动命令 内部化学连接
5893912,17379360,chem,other,none,5.00,0.50,1,子图 运动命令 内部化学连接
5893912,17435815,chem,other,none,5.00,0.50,1,子图 运动命令 内部化学连接
5893912,17466463,chem,other,none,5.00,0.50,4,子图 运动命令 内部化学连接
5893912,17587726,chem,other,none,5.00,0.50,1,子图 运动命令 内部化学连接
5893912,17755491,chem,other,none,5.00,0.50,1,子图 运动命令 内部化学连接
5893912,17897230,chem,other,none,5.00,0.50,1,子图 运动命令 内部化学连接
5893912,18464581,chem,other,none,5.00,0.50,2,子图 运动命令 内部化学连接
5893912,19090042,chem,other,none,5.00,0.50,1,子图 运动命令 内部化学连接
5895651,4591713,chem,other,none,5.00,0.50,1,子图 运动命令 内部化学连接
5895651,5052370,chem,other,none,5.00,0.50,1,子图 运动命令 内部化学连接
5895651,5893912,chem,other,none,5.00,0.50,5,子图 运动命令 内部化学连接
5895651,5895651,chem,other,none,5.00,0.50,2,子图 运动命令 内部化学连接
5895651,8161142,chem,other,none,5.00,0.50,2,子图 运动命令 内部化学连接
5895651,8161148,chem,other,none,5.00,0.50,5,子图 运动命令 内部化学连接
5895651,8496618,chem,other,none,5.00,0.50,13,子图 运动命令 内部化学连接
5895651,8571259,chem,other,none,5.00,0.50,2,子图 运动命令 内部化学连接
5895651,10728328,chem,other,none,5.00,0.50,6,子图 运动命令 内部化学连接
5895651,10728333,chem,other,none,5.00,0.50,6,子图 运动命令 内部化学连接
5895651,10781924,chem,other,none,5.00,0.50,1,子图 运动命令 内部化学连接
5895651,12474164,chem,other,none,5.00,0.50,3,子图 运动命令 内部化学连接
5895651,13557064,chem,other,none,5.00,0.50,3,子图 运动命令 内部化学连接
5895651,13834125,chem,other,none,5.00,0.50,3,子图 运动命令 内部化学连接
5895651,14492880,chem,other,none,5.00,0.50,1,子图 运动命令 内部化学连接
5895651,14588375,chem,other,none,5.00,0.50,1,子图 运动命令 内部化学连接
5895651,14621584,chem,other,none,5.00,0.50,1,子图 运动命令 内部化学连接
5895651,14656798,chem,other,none,5.00,0.50,1,子图 运动命令 内部化学连接
5895651,14680483,chem,other,none,5.00,0.50,1,子图 运动命令 内部化学连接
5895651,14726069,chem,other,none,5.00,0.50,2,子图 运动命令 内部化学连接
5895651,15155348,chem,other,none,5.00,0.50,1,子图 运动命令 内部化学连接
5895651,15610774,chem,other,none,5.00,0.50,1,子图 运动命令 内部化学连接
5895651,15894178,chem,other,none,5.00,0.50,1,子图 运动命令 内部化学连接
5895651,16340977,chem,other,none,5.00,0.50,1,子图 运动命令 内部化学连接
5895651,16388736,chem,other,none,5.00,0.50,4,子图 运动命令 内部化学连接
5895651,16671014,chem,other,none,5.00,0.50,1,子图 运动命令 内部化学连接
5895651,16714214,chem,other,none,5.00,0.50,1,子图 运动命令 内部化学连接
5895651,17355864,chem,other,none,5.00,0.50,1,子图 运动命令 内部化学连接
5895651,17379360,chem,other,none,5.00,0.50,1,子图 运动命令 内部化学连接
5895651,17755491,chem,other,none,5.00,0.50,2,子图 运动命令 内部化学连接
5898284,1805418,chem,other,none,5.00,0.50,2,子图 运动命令 内部化学连接
5898284,1868538,chem,other,none,5.00,0.50,1,子图 运动命令 内部化学连接
5898284,2659504,chem,other,none,5.00,0.50,3,子图 运动命令 内部化学连接
5898284,2669844,chem,other,none,5.00,0.50,4,子图 运动命令 内部化学连接
5898284,3021609,chem,other,none,5.00,0.50,7,子图 运动命令 内部化学连接
5898284,4876839,chem,other,none,5.00,0.50,3,子图 运动命令 内部化学连接
5898284,5730322,chem,other,none,5.00,0.50,1,子图 运动命令 内部化学连接
5898284,5898284,chem,other,none,5.00,0.50,1,子图 运动命令 内部化学连接
5898284,5936935,chem,other,none,5.00,0.50,4,子图 运动命令 内部化学连接
5898284,8142831,chem,other,none,5.00,0.50,1,子图 运动命令 内部化学连接
5898284,8572353,chem,other,none,5.00,0.50,1,子图 运动命令 内部化学连接
5898284,9034378,chem,other,none,5.00,0.50,1,子图 运动命令 内部化学连接
5898284,9532295,chem,other,none,5.00,0.50,20,子图 运动命令 内部化学连接
5898284,12422355,chem,other,none,5.00,0.50,1,子图 运动命令 内部化学连接
5898284,13137623,chem,other,none,5.00,0.50,1,子图 运动命令 内部化学连接
5898284,13167730,chem,other,none,5.00,0.50,1,子图 运动命令 内部化学连接
5898284,15897280,chem,other,none,5.00,0.50,12,子图 运动命令 内部化学连接
5898284,16115255,chem,other,none,5.00,0.50,7,子图 运动命令 内部化学连接
5898284,16340011,chem,other,none,5.00,0.50,6,子图 运动命令 内部化学连接
5898284,16340461,chem,other,none,5.00,0.50,2,子图 运动命令 内部化学连接
5898284,16355225,chem,other,none,5.00,0.50,4,子图 运动命令 内部化学连接
5898284,16714214,chem,other,none,5.00,0.50,1,子图 运动命令 内部化学连接
5898284,16937799,chem,other,none,5.00,0.50,2,子图 运动命令 内部化学连接
5898284,17378648,chem,other,none,5.00,0.50,4,子图 运动命令 内部化学连接
5898284,17379298,chem,other,none,5.00,0.50,3,子图 运动命令 内部化学连接
5898284,17654967,chem,other,none,5.00,0.50,1,子图 运动命令 内部化学连接
5898284,17654973,chem,other,none,5.00,0.50,1,子图 运动命令 内部化学连接
5898284,17654991,chem,other,none,5.00,0.50,10,子图 运动命令 内部化学连接
5898284,17655000,chem,other,none,5.00,0.50,1,子图 运动命令 内部化学连接
5898284,17658602,chem,other,none,5.00,0.50,7,子图 运动命令 内部化学连接
5898284,17658948,chem,other,none,5.00,0.50,1,子图 运动命令 内部化学连接
5898284,17660233,chem,other,none,5.00,0.50,12,子图 运动命令 内部化学连接
5898284,17663944,chem,other,none,5.00,0.50,5,子图 运动命令 内部化学连接
5898284,20443362,chem,other,none,5.00,0.50,1,子图 运动命令 内部化学连接
5900426,5052370,chem,other,none,5.00,0.50,2,子图 运动命令 内部化学连接
5900426,6155577,chem,other,none,5.00,0.50,1,子图 运动命令 内部化学连接
5900426,10964258,chem,other,none,5.00,0.50,1,子图 运动命令 内部化学连接
5900426,13675374,chem,other,none,5.00,0.50,3,子图 运动命令 内部化学连接
5900426,16950354,chem,other,none,5.00,0.50,2,子图 运动命令 内部化学连接
5900426,17173852,chem,other,none,5.00,0.50,1,子图 运动命令 内部化学连接
5900426,17357979,chem,other,none,5.00,0.50,1,子图 运动命令 内部化学连接
5902352,3027876,chem,other,none,5.00,0.50,2,子图 运动命令 内部化学连接
5902352,4847079,chem,other,none,5.00,0.50,2,子图 运动命令 内部化学连接
5902352,5319633,chem,other,none,5.00,0.50,3,子图 运动命令 内部化学连接
5902352,5900426,chem,other,none,5.00,0.50,1,子图 运动命令 内部化学连接
5902352,9034378,chem,other,none,5.00,0.50,1,子图 运动命令 内部化学连接
5902352,9116228,chem,other,none,5.00,0.50,7,子图 运动命令 内部化学连接
5902352,9424902,chem,other,none,5.00,0.50,1,子图 运动命令 内部化学连接
5902352,9480916,chem,other,none,5.00,0.50,1,子图 运动命令 内部化学连接
5902352,13411445,chem,other,none,5.00,0.50,3,子图 运动命令 内部化学连接
5902352,13834125,chem,other,none,5.00,0.50,1,子图 运动命令 内部化学连接
5902352,14039007,chem,other,none,5.00,0.50,1,子图 运动命令 内部化学连接
5902352,14492757,chem,other,none,5.00,0.50,8,子图 运动命令 内部化学连接
5902352,14579509,chem,other,none,5.00,0.50,1,子图 运动命令 内部化学连接
5902352,14617508,chem,other,none,5.00,0.50,1,子图 运动命令 内部化学连接
5902352,14656798,chem,other,none,5.00,0.50,17,子图 运动命令 内部化学连接
5902352,14680483,chem,other,none,5.00,0.50,1,子图 运动命令 内部化学连接
5902352,14726069,chem,other,none,5.00,0.50,2,子图 运动命令 内部化学连接
5902352,15522152,chem,other,none,5.00,0.50,1,子图 运动命令 内部化学连接
5902352,15674282,chem,other,none,5.00,0.50,3,子图 运动命令 内部化学连接
5902352,15800115,chem,other,none,5.00,0.50,1,子图 运动命令 内部化学连接
5902352,16347786,chem,other,none,5.00,0.50,1,子图 运动命令 内部化学连接
5902352,16415910,chem,other,none,5.00,0.50,1,子图 运动命令 内部化学连接
5902352,16544712,chem,other,none,5.00,0.50,1,子图 运动命令 内部化学连接
5902352,16561660,chem,other,none,5.00,0.50,1,子图 运动命令 内部化学连接
5902352,17380319,chem,other,none,5.00,0.50,1,子图 运动命令 内部化学连接
5902352,17380345,chem,other,none,5.00,0.50,1,子图 运动命令 内部化学连接
5902352,17729335,chem,other,none,5.00,0.50,1,子图 运动命令 内部化学连接
5902352,18464581,chem,other,none,5.00,0.50,1,子图 运动命令 内部化学连接
5902352,18604097,chem,other,none,5.00,0.50,2,子图 运动命令 内部化学连接
5902352,19298644,chem,other,none,5.00,0.50,1,子图 运动命令 内部化学连接
5935744,4311241,chem,other,none,5.00,0.50,1,子图 运动命令 内部化学连接
5935744,6188181,chem,other,none,5.00,0.50,4,子图 运动命令 内部化学连接
5935744,7025831,chem,other,none,5.00,0.50,1,子图 运动命令 内部化学连接
5935744,8801736,chem,other,none,5.00,0.50,1,子图 运动命令 内部化学连接
5935744,9067063,chem,other,none,5.00,0.50,1,子图 运动命令 内部化学连接
5935744,9594273,chem,other,none,5.00,0.50,6,子图 运动命令 内部化学连接
5935744,9612903,chem,other,none,5.00,0.50,3,子图 运动命令 内部化学连接
5935744,10355356,chem,other,none,5.00,0.50,1,子图 运动命令 内部化学连接
5935744,12598741,chem,other,none,5.00,0.50,1,子图 运动命令 内部化学连接
5935744,13028455,chem,other,none,5.00,0.50,2,子图 运动命令 内部化学连接
5935744,14334367,chem,other,none,5.00,0.50,1,子图 运动命令 内部化学连接
5935744,15525711,chem,other,none,5.00,0.50,1,子图 运动命令 内部化学连接
5935744,15525794,chem,other,none,5.00,0.50,7,子图 运动命令 内部化学连接
5935744,16345627,chem,other,none,5.00,0.50,3,子图 运动命令 内部化学连接
5935744,16560178,chem,other,none,5.00,0.50,3,子图 运动命令 内部化学连接
5935744,16635345,chem,other,none,5.00,0.50,1,子图 运动命令 内部化学连接
5935744,16913476,chem,other,none,5.00,0.50,4,子图 运动命令 内部化学连接
5935744,16992171,chem,other,none,5.00,0.50,7,子图 运动命令 内部化学连接
5935744,17053270,chem,other,none,5.00,0.50,1,子图 运动命令 内部化学连接
5935744,17105218,chem,other,none,5.00,0.50,2,子图 运动命令 内部化学连接
5935744,17110007,chem,other,none,5.00,0.50,4,子图 运动命令 内部化学连接
5935744,17360404,chem,other,none,5.00,0.50,1,子图 运动命令 内部化学连接
5935744,17535542,chem,other,none,5.00,0.50,3,子图 运动命令 内部化学连接
5935744,17736748,chem,other,none,5.00,0.50,1,子图 运动命令 内部化学连接
5935744,17777031,chem,other,none,5.00,0.50,2,子图 运动命令 内部化学连接
5935744,18500988,chem,other,none,5.00,0.50,1,子图 运动命令 内部化学连接
5936935,5902352,chem,other,none,5.00,0.50,2,子图 运动命令 内部化学连接
5936935,9116228,chem,other,none,5.00,0.50,1,子图 运动命令 内部化学连接
5936935,9235545,chem,other,none,5.00,0.50,1,子图 运动命令 内部化学连接
5936935,10596949,chem,other,none,5.00,0.50,2,子图 运动命令 内部化学连接
5936935,10600188,chem,other,none,5.00,0.50,1,子图 运动命令 内部化学连接
5936935,12935706,chem,other,none,5.00,0.50,1,子图 运动命令 内部化学连接
5936935,13652117,chem,other,none,5.00,0.50,1,子图 运动命令 内部化学连接
5936935,14492757,chem,other,none,5.00,0.50,21,子图 运动命令 内部化学连接
5936935,14651659,chem,other,none,5.00,0.50,1,子图 运动命令 内部化学连接
5936935,14656798,chem,other,none,5.00,0.50,6,子图 运动命令 内部化学连接
5936935,14726069,chem,other,none,5.00,0.50,1,子图 运动命令 内部化学连接
5936935,15005403,chem,other,none,5.00,0.50,1,子图 运动命令 内部化学连接
5936935,15522152,chem,other,none,5.00,0.50,4,子图 运动命令 内部化学连接
5936935,16115255,chem,other,none,5.00,0.50,1,子图 运动命令 内部化学连接
5936935,16544712,chem,other,none,5.00,0.50,1,子图 运动命令 内部化学连接
5936935,16851496,chem,other,none,5.00,0.50,2,子图 运动命令 内部化学连接
5936935,17053270,chem,other,none,5.00,0.50,9,子图 运动命令 内部化学连接
5936935,17075832,chem,other,none,5.00,0.50,1,子图 运动命令 内部化学连接
5936935,17354414,chem,other,none,5.00,0.50,1,子图 运动命令 内部化学连接
5936935,17356024,chem,other,none,5.00,0.50,1,子图 运动命令 内部化学连接
5936935,17537254,chem,other,none,5.00,0.50,1,子图 运动命令 内部化学连接
5936935,17587730,chem,other,none,5.00,0.50,1,子图 运动命令 内部化学连接
5936935,18485293,chem,other,none,5.00,0.50,1,子图 运动命令 内部化学连接
5936935,19298625,chem,other,none,5.00,0.50,1,子图 运动命令 内部化学连接
5936935,19298644,chem,other,none,5.00,0.50,2,子图 运动命令 内部化学连接
5936935,20139548,chem,other,none,5.00,0.50,1,子图 运动命令 内部化学连接
5955853,3762787,chem,other,none,5.00,0.50,2,子图 运动命令 内部化学连接
5956787,3925724,chem,other,none,5.00,0.50,1,子图 运动命令 内部化学连接
5956787,5615961,chem,other,none,5.00,0.50,1,子图 运动命令 内部化学连接
5959820,3814701,chem,other,none,5.00,0.50,3,子图 运动命令 内部化学连接
5959820,14034311,chem,other,none,5.00,0.50,4,子图 运动命令 内部化学连接
5959820,19051762,chem,other,none,5.00,0.50,1,子图 运动命令 内部化学连接
5973097,2597151,chem,other,none,5.00,0.50,3,子图 运动命令 内部化学连接
5973097,3027876,chem,other,none,5.00,0.50,6,子图 运动命令 内部化学连接
5973097,3276003,chem,other,none,5.00,0.50,1,子图 运动命令 内部化学连接
5973097,3926438,chem,other,none,5.00,0.50,1,子图 运动命令 内部化学连接
5973097,3928574,chem,other,none,5.00,0.50,1,子图 运动命令 内部化学连接
5973097,3944626,chem,other,none,5.00,0.50,10,子图 运动命令 内部化学连接
5973097,3946166,chem,other,none,5.00,0.50,2,子图 运动命令 内部化学连接
5973097,5869204,chem,other,none,5.00,0.50,4,子图 运动命令 内部化学连接
5973097,5973097,chem,other,none,5.00,0.50,3,子图 运动命令 内部化学连接
5973097,6143930,chem,other,none,5.00,0.50,1,子图 运动命令 内部化学连接
5973097,6978585,chem,other,none,5.00,0.50,4,子图 运动命令 内部化学连接
5973097,7557604,chem,other,none,5.00,0.50,3,子图 运动命令 内部化学连接
5973097,8566140,chem,other,none,5.00,0.50,2,子图 运动命令 内部化学连接
5973097,8572353,chem,other,none,5.00,0.50,4,子图 运动命令 内部化学连接
5973097,9424902,chem,other,none,5.00,0.50,6,子图 运动命令 内部化学连接
5973097,10583715,chem,other,none,5.00,0.50,3,子图 运动命令 内部化学连接
5973097,10872426,chem,other,none,5.00,0.50,1,子图 运动命令 内部化学连接
5973097,13948718,chem,other,none,5.00,0.50,1,子图 运动命令 内部化学连接
5973097,15568134,chem,other,none,5.00,0.50,4,子图 运动命令 内部化学连接
5973097,16195633,chem,other,none,5.00,0.50,7,子图 运动命令 内部化学连接
5973097,16361363,chem,other,none,5.00,0.50,3,子图 运动命令 内部化学连接
5976168,3276003,chem,other,none,5.00,0.50,1,子图 运动命令 内部化学连接
5976168,3498479,chem,other,none,5.00,0.50,3,子图 运动命令 内部化学连接
5976168,3620633,chem,other,none,5.00,0.50,1,子图 运动命令 内部化学连接
5976168,3944330,chem,other,none,5.00,0.50,1,子图 运动命令 内部化学连接
5976168,3946166,chem,other,none,5.00,0.50,6,子图 运动命令 内部化学连接
5976168,4188290,chem,other,none,5.00,0.50,11,子图 运动命令 内部化学连接
5976168,5996485,chem,other,none,5.00,0.50,3,子图 运动命令 内部化学连接
5976168,9424902,chem,other,none,5.00,0.50,1,子图 运动命令 内部化学连接
5976168,10059655,chem,other,none,5.00,0.50,4,子图 运动命令 内部化学连接
5976168,10922928,chem,other,none,5.00,0.50,5,子图 运动命令 内部化学连接
5976168,13749806,chem,other,none,5.00,0.50,2,子图 运动命令 内部化学连接
5976168,16468935,chem,other,none,5.00,0.50,7,子图 运动命令 内部化学连接
5976168,17053270,chem,other,none,5.00,0.50,1,子图 运动命令 内部化学连接
5976168,17321919,chem,other,none,5.00,0.50,3,子图 运动命令 内部化学连接
5976168,17776982,chem,other,none,5.00,0.50,3,子图 运动命令 内部化学连接
5993001,3027876,chem,other,none,5.00,0.50,1,子图 运动命令 内部化学连接
5993001,4215611,chem,other,none,5.00,0.50,1,子图 运动命令 内部化学连接
5993001,5973097,chem,other,none,5.00,0.50,1,子图 运动命令 内部化学连接
5993001,14492880,chem,other,none,5.00,0.50,1,子图 运动命令 内部化学连接
5993001,14656798,chem,other,none,5.00,0.50,3,子图 运动命令 内部化学连接
5993001,15606239,chem,other,none,5.00,0.50,1,子图 运动命令 内部化学连接
5993001,15672269,chem,other,none,5.00,0.50,2,子图 运动命令 内部化学连接
5993001,17728922,chem,other,none,5.00,0.50,1,子图 运动命令 内部化学连接
5993001,18232369,chem,other,none,5.00,0.50,1,子图 运动命令 内部化学连接
5993765,5993765,chem,other,none,5.00,0.50,1,子图 运动命令 内部化学连接
5993765,14656798,chem,other,none,5.00,0.50,1,子图 运动命令 内部化学连接
5993765,16443509,chem,other,none,5.00,0.50,1,子图 运动命令 内部化学连接
5995125,5900426,chem,other,none,5.00,0.50,1,子图 运动命令 内部化学连接
5995125,6154200,chem,other,none,5.00,0.50,4,子图 运动命令 内部化学连接
5995125,6700147,chem,other,none,5.00,0.50,3,子图 运动命令 内部化学连接
5995125,13646473,chem,other,none,5.00,0.50,2,子图 运动命令 内部化学连接
5995125,15672263,chem,other,none,5.00,0.50,1,子图 运动命令 内部化学连接
5995125,17025508,chem,other,none,5.00,0.50,3,子图 运动命令 内部化学连接
5995125,17378648,chem,other,none,5.00,0.50,1,子图 运动命令 内部化学连接
5996485,3946166,chem,other,none,5.00,0.50,1,子图 运动命令 内部化学连接
5996485,4188290,chem,other,none,5.00,0.50,2,子图 运动命令 内部化学连接
5996485,5976168,chem,other,none,5.00,0.50,2,子图 运动命令 内部化学连接
5996485,6554358,chem,other,none,5.00,0.50,2,子图 运动命令 内部化学连接
5996485,10059655,chem,other,none,5.00,0.50,2,子图 运动命令 内部化学连接
5996485,10922928,chem,other,none,5.00,0.50,3,子图 运动命令 内部化学连接
5996485,13749806,chem,other,none,5.00,0.50,1,子图 运动命令 内部化学连接
5996485,14034206,chem,other,none,5.00,0.50,2,子图 运动命令 内部化学连接
5996485,16468935,chem,other,none,5.00,0.50,1,子图 运动命令 内部化学连接
5996485,17321919,chem,other,none,5.00,0.50,1,子图 运动命令 内部化学连接
5996485,17359111,chem,other,none,5.00,0.50,1,子图 运动命令 内部化学连接
5996485,17776982,chem,other,none,5.00,0.50,3,子图 运动命令 内部化学连接
6049565,2650887,chem,other,none,5.00,0.50,2,子图 运动命令 内部化学连接
6049565,3021609,chem,other,none,5.00,0.50,1,子图 运动命令 内部化学连接
6049565,5856647,chem,other,none,5.00,0.50,1,子图 运动命令 内部化学连接
6049565,6188181,chem,other,none,5.00,0.50,1,子图 运动命令 内部化学连接
6049565,7371184,chem,other,none,5.00,0.50,1,子图 运动命令 内部化学连接
6049565,8592501,chem,other,none,5.00,0.50,1,子图 运动命令 内部化学连接
6049565,8801736,chem,other,none,5.00,0.50,1,子图 运动命令 内部化学连接
6049565,10018150,chem,other,none,5.00,0.50,2,子图 运动命令 内部化学连接
6049565,10382824,chem,other,none,5.00,0.50,1,子图 运动命令 内部化学连接
6049565,10473853,chem,other,none,5.00,0.50,1,子图 运动命令 内部化学连接
6049565,10758204,chem,other,none,5.00,0.50,2,子图 运动命令 内部化学连接
6049565,11303036,chem,other,none,5.00,0.50,1,子图 运动命令 内部化学连接
6049565,12420898,chem,other,none,5.00,0.50,1,子图 运动命令 内部化学连接
6049565,13736919,chem,other,none,5.00,0.50,2,子图 运动命令 内部化学连接
6049565,16443509,chem,other,none,5.00,0.50,4,子图 运动命令 内部化学连接
6049565,16545101,chem,other,none,5.00,0.50,21,子图 运动命令 内部化学连接
6049565,16693923,chem,other,none,5.00,0.50,1,子图 运动命令 内部化学连接
6049565,16952648,chem,other,none,5.00,0.50,1,子图 运动命令 内部化学连接
6049565,16992171,chem,other,none,5.00,0.50,12,子图 运动命令 内部化学连接
6049565,17353986,chem,other,none,5.00,0.50,6,子图 运动命令 内部化学连接
6049565,17356442,chem,other,none,5.00,0.50,16,子图 运动命令 内部化学连接
6049565,17379298,chem,other,none,5.00,0.50,1,子图 运动命令 内部化学连接
6049565,17647621,chem,other,none,5.00,0.50,1,子图 运动命令 内部化学连接
6049565,18088813,chem,other,none,5.00,0.50,3,子图 运动命令 内部化学连接
6049565,18604097,chem,other,none,5.00,0.50,1,子图 运动命令 内部化学连接
6049565,20556072,chem,other,none,5.00,0.50,3,子图 运动命令 内部化学连接
6114695,3027876,chem,other,none,5.00,0.50,1,子图 运动命令 内部化学连接
6114695,3048606,chem,other,none,5.00,0.50,1,子图 运动命令 内部化学连接
6114695,3414508,chem,other,none,5.00,0.50,5,子图 运动命令 内部化学连接
6114695,3620633,chem,other,none,5.00,0.50,1,子图 运动命令 内部化学连接
6114695,3946166,chem,other,none,5.00,0.50,1,子图 运动命令 内部化学连接
6114695,6125806,chem,other,none,5.00,0.50,1,子图 运动命令 内部化学连接
6114695,7587948,chem,other,none,5.00,0.50,2,子图 运动命令 内部化学连接
6114695,8741619,chem,other,none,5.00,0.50,3,子图 运动命令 内部化学连接
6114695,10781924,chem,other,none,5.00,0.50,2,子图 运动命令 内部化学连接
6114695,10945111,chem,other,none,5.00,0.50,2,子图 运动命令 内部化学连接
6114695,10945795,chem,other,none,5.00,0.50,1,子图 运动命令 内部化学连接
6114695,11639192,chem,other,none,5.00,0.50,1,子图 运动命令 内部化学连接
6114695,14034206,chem,other,none,5.00,0.50,1,子图 运动命令 内部化学连接
6114695,14034311,chem,other,none,5.00,0.50,1,子图 运动命令 内部化学连接
6114695,15590555,chem,other,none,5.00,0.50,1,子图 运动命令 内部化学连接
6114695,16115575,chem,other,none,5.00,0.50,6,子图 运动命令 内部化学连接
6114695,17658978,chem,other,none,5.00,0.50,1,子图 运动命令 内部化学连接
6125806,6114695,chem,other,none,5.00,0.50,2,子图 运动命令 内部化学连接
6125806,8741619,chem,other,none,5.00,0.50,1,子图 运动命令 内部化学连接
6125806,14034206,chem,other,none,5.00,0.50,1,子图 运动命令 内部化学连接
6125806,16115575,chem,other,none,5.00,0.50,2,子图 运动命令 内部化学连接
6125806,19857577,chem,other,none,5.00,0.50,1,子图 运动命令 内部化学连接
6143930,2797480,chem,other,none,5.00,0.50,3,子图 运动命令 内部化学连接
6143930,3158085,chem,other,none,5.00,0.50,2,子图 运动命令 内部化学连接
6143930,4127096,chem,other,none,5.00,0.50,1,子图 运动命令 内部化学连接
6143930,4991243,chem,other,none,5.00,0.50,7,子图 运动命令 内部化学连接
6143930,6143930,chem,other,none,5.00,0.50,2,子图 运动命令 内部化学连接
6143930,6572414,chem,other,none,5.00,0.50,3,子图 运动命令 内部化学连接
6143930,7168356,chem,other,none,5.00,0.50,3,子图 运动命令 内部化学连接
6143930,7335439,chem,other,none,5.00,0.50,1,子图 运动命令 内部化学连接
6143930,8391330,chem,other,none,5.00,0.50,2,子图 运动命令 内部化学连接
6143930,8566140,chem,other,none,5.00,0.50,1,子图 运动命令 内部化学连接
6143930,10865025,chem,other,none,5.00,0.50,2,子图 运动命令 内部化学连接
6143930,11195708,chem,other,none,5.00,0.50,3,子图 运动命令 内部化学连接
6143930,11714576,chem,other,none,5.00,0.50,2,子图 运动命令 内部化学连接
6143930,13380660,chem,other,none,5.00,0.50,3,子图 运动命令 内部化学连接
6143930,13736919,chem,other,none,5.00,0.50,1,子图 运动命令 内部化学连接
6143930,13849557,chem,other,none,5.00,0.50,2,子图 运动命令 内部化学连接
6143930,14034311,chem,other,none,5.00,0.50,1,子图 运动命令 内部化学连接
6143930,14437742,chem,other,none,5.00,0.50,3,子图 运动命令 内部化学连接
6143930,15607335,chem,other,none,5.00,0.50,1,子图 运动命令 内部化学连接
6143930,15672269,chem,other,none,5.00,0.50,1,子图 运动命令 内部化学连接
6143930,16347786,chem,other,none,5.00,0.50,1,子图 运动命令 内部化学连接
6143930,16428373,chem,other,none,5.00,0.50,1,子图 运动命令 内部化学连接
6143930,16444758,chem,other,none,5.00,0.50,6,子图 运动命令 内部化学连接
6143930,16852421,chem,other,none,5.00,0.50,1,子图 运动命令 内部化学连接
6143930,17062823,chem,other,none,5.00,0.50,1,子图 运动命令 内部化学连接
6143930,17356450,chem,other,none,5.00,0.50,2,子图 运动命令 内部化学连接
6143930,17545695,chem,other,none,5.00,0.50,2,子图 运动命令 内部化学连接
6143930,17732291,chem,other,none,5.00,0.50,1,子图 运动命令 内部化学连接
6143930,18023286,chem,other,none,5.00,0.50,1,子图 运动命令 内部化学连接
6143930,18644088,chem,other,none,5.00,0.50,1,子图 运动命令 内部化学连接
6143930,19010160,chem,other,none,5.00,0.50,1,子图 运动命令 内部化学连接
6143930,19298625,chem,other,none,5.00,0.50,2,子图 运动命令 内部化学连接
6153877,5052370,chem,other,none,5.00,0.50,6,子图 运动命令 内部化学连接
6153877,5786898,chem,other,none,5.00,0.50,5,子图 运动命令 内部化学连接
6153877,5900426,chem,other,none,5.00,0.50,2,子图 运动命令 内部化学连接
6153877,6153877,chem,other,none,5.00,0.50,1,子图 运动命令 内部化学连接
6153877,6154921,chem,other,none,5.00,0.50,1,子图 运动命令 内部化学连接
6153877,6156152,chem,other,none,5.00,0.50,1,子图 运动命令 内部化学连接
6153877,13675374,chem,other,none,5.00,0.50,12,子图 运动命令 内部化学连接
6153877,16950354,chem,other,none,5.00,0.50,1,子图 运动命令 内部化学连接
6153877,16950550,chem,other,none,5.00,0.50,2,子图 运动命令 内部化学连接
6153877,17656886,chem,other,none,5.00,0.50,2,子图 运动命令 内部化学连接
6153877,19298625,chem,other,none,5.00,0.50,1,子图 运动命令 内部化学连接
6154200,5900426,chem,other,none,5.00,0.50,3,子图 运动命令 内部化学连接
6154200,16347786,chem,other,none,5.00,0.50,1,子图 运动命令 内部化学连接
6154921,5052370,chem,other,none,5.00,0.50,1,子图 运动命令 内部化学连接
6154921,5786898,chem,other,none,5.00,0.50,2,子图 运动命令 内部化学连接
6154921,6153877,chem,other,none,5.00,0.50,2,子图 运动命令 内部化学连接
6154921,6155577,chem,other,none,5.00,0.50,2,子图 运动命令 内部化学连接
6154921,6156152,chem,other,none,5.00,0.50,2,子图 运动命令 内部化学连接
6154921,13675374,chem,other,none,5.00,0.50,5,子图 运动命令 内部化学连接
6154921,16950550,chem,other,none,5.00,0.50,2,子图 运动命令 内部化学连接
6154921,17102002,chem,other,none,5.00,0.50,1,子图 运动命令 内部化学连接
6154921,17173852,chem,other,none,5.00,0.50,1,子图 运动命令 内部化学连接
6155577,5786898,chem,other,none,5.00,0.50,2,子图 运动命令 内部化学连接
6155577,5790355,chem,other,none,5.00,0.50,1,子图 运动命令 内部化学连接
6155577,5900426,chem,other,none,5.00,0.50,4,子图 运动命令 内部化学连接
6155577,6153877,chem,other,none,5.00,0.50,1,子图 运动命令 内部化学连接
6155577,6156152,chem,other,none,5.00,0.50,1,子图 运动命令 内部化学连接
6155577,11013583,chem,other,none,5.00,0.50,1,子图 运动命令 内部化学连接
6155577,13675374,chem,other,none,5.00,0.50,2,子图 运动命令 内部化学连接
6155577,17173852,chem,other,none,5.00,0.50,3,子图 运动命令 内部化学连接
6156152,5052370,chem,other,none,5.00,0.50,3,子图 运动命令 内部化学连接
6156152,5786898,chem,other,none,5.00,0.50,1,子图 运动命令 内部化学连接
6156152,6153877,chem,other,none,5.00,0.50,2,子图 运动命令 内部化学连接
6156152,9068024,chem,other,none,5.00,0.50,1,子图 运动命令 内部化学连接
6156152,9097065,chem,other,none,5.00,0.50,1,子图 运动命令 内部化学连接
6156152,13675374,chem,other,none,5.00,0.50,8,子图 运动命令 内部化学连接
6156152,16950443,chem,other,none,5.00,0.50,1,子图 运动命令 内部化学连接
6156152,16950550,chem,other,none,5.00,0.50,6,子图 运动命令 内部化学连接
6156152,16950798,chem,other,none,5.00,0.50,1,子图 运动命令 内部化学连接
6156152,17022668,chem,other,none,5.00,0.50,1,子图 运动命令 内部化学连接
6156152,17173852,chem,other,none,5.00,0.50,1,子图 运动命令 内部化学连接
6156152,17355864,chem,other,none,5.00,0.50,1,子图 运动命令 内部化学连接
6156152,20911961,chem,other,none,5.00,0.50,1,子图 运动命令 内部化学连接
6188181,4311241,chem,other,none,5.00,0.50,9,子图 运动命令 内部化学连接
6188181,4749004,chem,other,none,5.00,0.50,1,子图 运动命令 内部化学连接
6188181,5935744,chem,other,none,5.00,0.50,6,子图 运动命令 内部化学连接
6188181,6188181,chem,other,none,5.00,0.50,3,子图 运动命令 内部化学连接
6188181,7025831,chem,other,none,5.00,0.50,2,子图 运动命令 内部化学连接
6188181,8801715,chem,other,none,5.00,0.50,4,子图 运动命令 内部化学连接
6188181,9067063,chem,other,none,5.00,0.50,1,子图 运动命令 内部化学连接
6188181,9612903,chem,other,none,5.00,0.50,2,子图 运动命令 内部化学连接
6188181,10355356,chem,other,none,5.00,0.50,6,子图 运动命令 内部化学连接
6188181,11022546,chem,other,none,5.00,0.50,1,子图 运动命令 内部化学连接
6188181,11303036,chem,other,none,5.00,0.50,2,子图 运动命令 内部化学连接
6188181,11841664,chem,other,none,5.00,0.50,1,子图 运动命令 内部化学连接
6188181,13028455,chem,other,none,5.00,0.50,3,子图 运动命令 内部化学连接
6188181,15516413,chem,other,none,5.00,0.50,5,子图 运动命令 内部化学连接
6188181,15525711,chem,other,none,5.00,0.50,2,子图 运动命令 内部化学连接
6188181,15525794,chem,other,none,5.00,0.50,3,子图 运动命令 内部化学连接
6188181,16547281,chem,other,none,5.00,0.50,1,子图 运动命令 内部化学连接
6188181,16560178,chem,other,none,5.00,0.50,4,子图 运动命令 内部化学连接
6188181,16709072,chem,other,none,5.00,0.50,1,子图 运动命令 内部化学连接
6188181,16913476,chem,other,none,5.00,0.50,7,子图 运动命令 内部化学连接
6188181,16950115,chem,other,none,5.00,0.50,1,子图 运动命令 内部化学连接
6188181,16992171,chem,other,none,5.00,0.50,1,子图 运动命令 内部化学连接
6188181,17105218,chem,other,none,5.00,0.50,3,子图 运动命令 内部化学连接
6188181,17173852,chem,other,none,5.00,0.50,2,子图 运动命令 内部化学连接
6188181,17323054,chem,other,none,5.00,0.50,1,子图 运动命令 内部化学连接
6188181,17360404,chem,other,none,5.00,0.50,2,子图 运动命令 内部化学连接
6188181,17574013,chem,other,none,5.00,0.50,1,子图 运动命令 内部化学连接
6188181,17736748,chem,other,none,5.00,0.50,2,子图 运动命令 内部化学连接
6188181,17736755,chem,other,none,5.00,0.50,5,子图 运动命令 内部化学连接
6188181,18267838,chem,other,none,5.00,0.50,2,子图 运动命令 内部化学连接
6188181,19091995,chem,other,none,5.00,0.50,5,子图 运动命令 内部化学连接
6190181,4311241,chem,other,none,5.00,0.50,1,子图 运动命令 内部化学连接
6190181,5745929,chem,other,none,5.00,0.50,2,子图 运动命令 内部化学连接
6190181,6188181,chem,other,none,5.00,0.50,1,子图 运动命令 内部化学连接
6190181,7025064,chem,other,none,5.00,0.50,1,子图 运动命令 内部化学连接
6190181,8271875,chem,other,none,5.00,0.50,2,子图 运动命令 内部化学连接
6190181,8801715,chem,other,none,5.00,0.50,1,子图 运动命令 内部化学连接
6190181,9714476,chem,other,none,5.00,0.50,6,子图 运动命令 内部化学连接
6190181,10234576,chem,other,none,5.00,0.50,2,子图 运动命令 内部化学连接
6190181,10238739,chem,other,none,5.00,0.50,1,子图 运动命令 内部化学连接
6190181,10355356,chem,other,none,5.00,0.50,2,子图 运动命令 内部化学连接
6190181,10473853,chem,other,none,5.00,0.50,2,子图 运动命令 内部化学连接
6190181,10553248,chem,other,none,5.00,0.50,1,子图 运动命令 内部化学连接
6190181,12598741,chem,other,none,5.00,0.50,1,子图 运动命令 内部化学连接
6190181,13028455,chem,other,none,5.00,0.50,1,子图 运动命令 内部化学连接
6190181,14334367,chem,other,none,5.00,0.50,1,子图 运动命令 内部化学连接
6190181,15722990,chem,other,none,5.00,0.50,7,子图 运动命令 内部化学连接
6190181,16361363,chem,other,none,5.00,0.50,2,子图 运动命令 内部化学连接
6190181,16547292,chem,other,none,5.00,0.50,1,子图 运动命令 内部化学连接
6190181,16547297,chem,other,none,5.00,0.50,1,子图 运动命令 内部化学连接
6190181,16635345,chem,other,none,5.00,0.50,1,子图 运动命令 内部化学连接
6190181,16709072,chem,other,none,5.00,0.50,2,子图 运动命令 内部化学连接
6190181,16937395,chem,other,none,5.00,0.50,10,子图 运动命令 内部化学连接
6190181,17053270,chem,other,none,5.00,0.50,6,子图 运动命令 内部化学连接
6190181,17110007,chem,other,none,5.00,0.50,2,子图 运动命令 内部化学连接
6190181,17353986,chem,other,none,5.00,0.50,1,子图 运动命令 内部化学连接
6190181,17736641,chem,other,none,5.00,0.50,3,子图 运动命令 内部化学连接
6190181,17736755,chem,other,none,5.00,0.50,6,子图 运动命令 内部化学连接
6190181,17975547,chem,other,none,5.00,0.50,11,子图 运动命令 内部化学连接
6190181,18058793,chem,other,none,5.00,0.50,4,子图 运动命令 内部化学连接
6190181,18267838,chem,other,none,5.00,0.50,9,子图 运动命令 内部化学连接
6190181,18305476,chem,other,none,5.00,0.50,2,子图 运动命令 内部化学连接
6190181,18500988,chem,other,none,5.00,0.50,1,子图 运动命令 内部化学连接
6190181,19091995,chem,other,none,5.00,0.50,9,子图 运动命令 内部化学连接
6190181,19835787,chem,other,none,5.00,0.50,1,子图 运动命令 内部化学连接
6193472,3979181,chem,other,none,5.00,0.50,4,子图 运动命令 内部化学连接
6193472,5794678,chem,other,none,5.00,0.50,3,子图 运动命令 内部化学连接
6193472,6193472,chem,other,none,5.00,0.50,1,子图 运动命令 内部化学连接
6193472,6298455,chem,other,none,5.00,0.50,5,子图 运动命令 内部化学连接
6193472,7700444,chem,other,none,5.00,0.50,3,子图 运动命令 内部化学连接
6193472,9480916,chem,other,none,5.00,0.50,3,子图 运动命令 内部化学连接
6193472,10411574,chem,other,none,5.00,0.50,2,子图 运动命令 内部化学连接
6193472,10581624,chem,other,none,5.00,0.50,5,子图 运动命令 内部化学连接
6193472,10583715,chem,other,none,5.00,0.50,1,子图 运动命令 内部化学连接
6193472,10875178,chem,other,none,5.00,0.50,2,子图 运动命令 内部化学连接
6193472,10880408,chem,other,none,5.00,0.50,2,子图 运动命令 内部化学连接
6193472,10921106,chem,other,none,5.00,0.50,1,子图 运动命令 内部化学连接
6193472,10964258,chem,other,none,5.00,0.50,1,子图 运动命令 内部化学连接
6193472,13564607,chem,other,none,5.00,0.50,3,子图 运动命令 内部化学连接
6193472,15522152,chem,other,none,5.00,0.50,1,子图 运动命令 内部化学连接
6193472,15548844,chem,other,none,5.00,0.50,4,子图 运动命令 内部化学连接
6193472,16347786,chem,other,none,5.00,0.50,1,子图 运动命令 内部化学连接
6193472,16350988,chem,other,none,5.00,0.50,4,子图 运动命令 内部化学连接
6193472,16445338,chem,other,none,5.00,0.50,2,子图 运动命令 内部化学连接
6193472,16910799,chem,other,none,5.00,0.50,5,子图 运动命令 内部化学连接
6193472,17324711,chem,other,none,5.00,0.50,1,子图 运动命令 内部化学连接
6193472,17379420,chem,other,none,5.00,0.50,1,子图 运动命令 内部化学连接
6219445,865151,chem,other,none,5.00,0.50,3,子图 运动命令 内部化学连接
6219445,5559657,chem,other,none,5.00,0.50,1,子图 运动命令 内部化学连接
6219445,6219445,chem,other,none,5.00,0.50,1,子图 运动命令 内部化学连接
6219445,11941255,chem,other,none,5.00,0.50,3,子图 运动命令 内部化学连接
6219445,13167025,chem,other,none,5.00,0.50,1,子图 运动命令 内部化学连接
6298455,2650887,chem,other,none,5.00,0.50,1,子图 运动命令 内部化学连接
6298455,3979181,chem,other,none,5.00,0.50,1,子图 运动命令 内部化学连接
6298455,5462159,chem,other,none,5.00,0.50,1,子图 运动命令 内部化学连接
6298455,5794678,chem,other,none,5.00,0.50,2,子图 运动命令 内部化学连接
6298455,6193472,chem,other,none,5.00,0.50,3,子图 运动命令 内部化学连接
6298455,7700444,chem,other,none,5.00,0.50,7,子图 运动命令 内部化学连接
6298455,9077224,chem,other,none,5.00,0.50,1,子图 运动命令 内部化学连接
6298455,9480916,chem,other,none,5.00,0.50,1,子图 运动命令 内部化学连接
6298455,10411574,chem,other,none,5.00,0.50,2,子图 运动命令 内部化学连接
6298455,10581624,chem,other,none,5.00,0.50,4,子图 运动命令 内部化学连接
6298455,10583715,chem,other,none,5.00,0.50,1,子图 运动命令 内部化学连接
6298455,10875178,chem,other,none,5.00,0.50,1,子图 运动命令 内部化学连接
6298455,10880408,chem,other,none,5.00,0.50,1,子图 运动命令 内部化学连接
6298455,12551020,chem,other,none,5.00,0.50,1,子图 运动命令 内部化学连接
6298455,13564607,chem,other,none,5.00,0.50,6,子图 运动命令 内部化学连接
6298455,13645610,chem,other,none,5.00,0.50,1,子图 运动命令 内部化学连接
6298455,15548844,chem,other,none,5.00,0.50,1,子图 运动命令 内部化学连接
6298455,15585114,chem,other,none,5.00,0.50,1,子图 运动命令 内部化学连接
6298455,16347786,chem,other,none,5.00,0.50,3,子图 运动命令 内部化学连接
6298455,16350988,chem,other,none,5.00,0.50,1,子图 运动命令 内部化学连接
6298455,16910799,chem,other,none,5.00,0.50,14,子图 运动命令 内部化学连接
6298455,17357979,chem,other,none,5.00,0.50,1,子图 运动命令 内部化学连接
6317793,1868538,chem,other,none,5.00,0.50,1,子图 运动命令 内部化学连接
6317793,2670619,chem,other,none,5.00,0.50,1,子图 运动命令 内部化学连接
6317793,3149791,chem,other,none,5.00,0.50,1,子图 运动命令 内部化学连接
6317793,3276003,chem,other,none,5.00,0.50,1,子图 运动命令 内部化学连接
6317793,3620633,chem,other,none,5.00,0.50,6,子图 运动命令 内部化学连接
6317793,3762787,chem,other,none,5.00,0.50,1,子图 运动命令 内部化学连接
6317793,3764792,chem,other,none,5.00,0.50,2,子图 运动命令 内部化学连接
6317793,3944626,chem,other,none,5.00,0.50,1,子图 运动命令 内部化学连接
6317793,3946166,chem,other,none,5.00,0.50,11,子图 运动命令 内部化学连接
6317793,4127096,chem,other,none,5.00,0.50,1,子图 运动命令 内部化学连接
6317793,4188290,chem,other,none,5.00,0.50,1,子图 运动命令 内部化学连接
6317793,4215611,chem,other,none,5.00,0.50,7,子图 运动命令 内部化学连接
6317793,5512988,chem,other,none,5.00,0.50,2,子图 运动命令 内部化学连接
6317793,5973097,chem,other,none,5.00,0.50,1,子图 运动命令 内部化学连接
6317793,6317793,chem,other,none,5.00,0.50,1,子图 运动命令 内部化学连接
6317793,7700444,chem,other,none,5.00,0.50,1,子图 运动命令 内部化学连接
6317793,7982324,chem,other,none,5.00,0.50,2,子图 运动命令 内部化学连接
6317793,9234420,chem,other,none,5.00,0.50,4,子图 运动命令 内部化学连接
6317793,9424902,chem,other,none,5.00,0.50,2,子图 运动命令 内部化学连接
6317793,10059655,chem,other,none,5.00,0.50,2,子图 运动命令 内部化学连接
6317793,10100020,chem,other,none,5.00,0.50,1,子图 运动命令 内部化学连接
6317793,10768709,chem,other,none,5.00,0.50,2,子图 运动命令 内部化学连接
6317793,10922928,chem,other,none,5.00,0.50,5,子图 运动命令 内部化学连接
6317793,10945795,chem,other,none,5.00,0.50,3,子图 运动命令 内部化学连接
6317793,11639192,chem,other,none,5.00,0.50,1,子图 运动命令 内部化学连接
6317793,12474815,chem,other,none,5.00,0.50,1,子图 运动命令 内部化学连接
6317793,13749806,chem,other,none,5.00,0.50,5,子图 运动命令 内部化学连接
6317793,14034206,chem,other,none,5.00,0.50,2,子图 运动命令 内部化学连接
6317793,14492757,chem,other,none,5.00,0.50,3,子图 运动命令 内部化学连接
6317793,14621584,chem,other,none,5.00,0.50,1,子图 运动命令 内部化学连接
6317793,14656798,chem,other,none,5.00,0.50,1,子图 运动命令 内部化学连接
6317793,15005403,chem,other,none,5.00,0.50,2,子图 运动命令 内部化学连接
6317793,15365184,chem,other,none,5.00,0.50,2,子图 运动命令 内部化学连接
6317793,15606239,chem,other,none,5.00,0.50,1,子图 运动命令 内部化学连接
6317793,15894178,chem,other,none,5.00,0.50,1,子图 运动命令 内部化学连接
6317793,16167914,chem,other,none,5.00,0.50,1,子图 运动命令 内部化学连接
6317793,16562142,chem,other,none,5.00,0.50,1,子图 运动命令 内部化学连接
6317793,16676038,chem,other,none,5.00,0.50,9,子图 运动命令 内部化学连接
6317793,16852589,chem,other,none,5.00,0.50,1,子图 运动命令 内部化学连接
6317793,17165755,chem,other,none,5.00,0.50,1,子图 运动命令 内部化学连接
6317793,17378483,chem,other,none,5.00,0.50,1,子图 运动命令 内部化学连接
6317793,17728922,chem,other,none,5.00,0.50,1,子图 运动命令 内部化学连接
6317793,17776982,chem,other,none,5.00,0.50,3,子图 运动命令 内部化学连接
6317793,19010160,chem,other,none,5.00,0.50,1,子图 运动命令 内部化学连接
6317793,20443362,chem,other,none,5.00,0.50,1,子图 运动命令 内部化学连接
6445994,2659386,chem,other,none,5.00,0.50,4,子图 运动命令 内部化学连接
6445994,3414508,chem,other,none,5.00,0.50,3,子图 运动命令 内部化学连接
6445994,3926669,chem,other,none,5.00,0.50,1,子图 运动命令 内部化学连接
6445994,4453485,chem,other,none,5.00,0.50,1,子图 运动命令 内部化学连接
6445994,5559657,chem,other,none,5.00,0.50,1,子图 运动命令 内部化学连接
6445994,6219445,chem,other,none,5.00,0.50,1,子图 运动命令 内部化学连接
6445994,6445994,chem,other,none,5.00,0.50,2,子图 运动命令 内部化学连接
6445994,7476468,chem,other,none,5.00,0.50,1,子图 运动命令 内部化学连接
6445994,11639192,chem,other,none,5.00,0.50,2,子图 运动命令 内部化学连接
6445994,13751194,chem,other,none,5.00,0.50,1,子图 运动命令 内部化学连接
6445994,13793212,chem,other,none,5.00,0.50,2,子图 运动命令 内部化学连接
6446394,15629759,chem,other,none,5.00,0.50,1,子图 运动命令 内部化学连接
6446394,17102002,chem,other,none,5.00,0.50,1,子图 运动命令 内部化学连接
6554358,3027876,chem,other,none,5.00,0.50,1,子图 运动命令 内部化学连接
6554358,3944626,chem,other,none,5.00,0.50,1,子图 运动命令 内部化学连接
6554358,4215611,chem,other,none,5.00,0.50,3,子图 运动命令 内部化学连接
6554358,5010581,chem,other,none,5.00,0.50,2,子图 运动命令 内部化学连接
6554358,16571210,chem,other,none,5.00,0.50,1,子图 运动命令 内部化学连接
6554358,17776982,chem,other,none,5.00,0.50,1,子图 运动命令 内部化学连接
6572414,3044500,chem,other,none,5.00,0.50,2,子图 运动命令 内部化学连接
6572414,5754346,chem,other,none,5.00,0.50,1,子图 运动命令 内部化学连接
6572414,8161148,chem,other,none,5.00,0.50,2,子图 运动命令 内部化学连接
6572414,10781924,chem,other,none,5.00,0.50,2,子图 运动命令 内部化学连接
6572414,15732050,chem,other,none,5.00,0.50,3,子图 运动命令 内部化学连接
6572414,16713227,chem,other,none,5.00,0.50,1,子图 运动命令 内部化学连接
6572414,17473163,chem,other,none,5.00,0.50,2,子图 运动命令 内部化学连接
6604203,3149791,chem,other,none,5.00,0.50,1,子图 运动命令 内部化学连接
6604203,3620633,chem,other,none,5.00,0.50,1,子图 运动命令 内部化学连接
6604203,4215611,chem,other,none,5.00,0.50,1,子图 运动命令 内部化学连接
6604203,5462159,chem,other,none,5.00,0.50,1,子图 运动命令 内部化学连接
6604203,5657004,chem,other,none,5.00,0.50,1,子图 运动命令 内部化学连接
6604203,5680013,chem,other,none,5.00,0.50,2,子图 运动命令 内部化学连接
6604203,5690425,chem,other,none,5.00,0.50,1,子图 运动命令 内部化学连接
6604203,5763407,chem,other,none,5.00,0.50,1,子图 运动命令 内部化学连接
6604203,10728323,chem,other,none,5.00,0.50,4,子图 运动命令 内部化学连接
6604203,10781924,chem,other,none,5.00,0.50,1,子图 运动命令 内部化学连接
6604203,10842099,chem,other,none,5.00,0.50,2,子图 运动命令 内部化学连接
6604203,14034206,chem,other,none,5.00,0.50,4,子图 运动命令 内部化学连接
6604203,15588711,chem,other,none,5.00,0.50,1,子图 运动命令 内部化学连接
6604203,17360038,chem,other,none,5.00,0.50,2,子图 运动命令 内部化学连接
6604203,18111410,chem,other,none,5.00,0.50,2,子图 运动命令 内部化学连接
6609380,4017464,chem,other,none,5.00,0.50,1,子图 运动命令 内部化学连接
6609380,4749004,chem,other,none,5.00,0.50,33,子图 运动命令 内部化学连接
6609380,5319633,chem,other,none,5.00,0.50,5,子图 运动命令 内部化学连接
6609380,6153877,chem,other,none,5.00,0.50,2,子图 运动命令 内部化学连接
6609380,8710444,chem,other,none,5.00,0.50,1,子图 运动命令 内部化学连接
6609380,9097065,chem,other,none,5.00,0.50,2,子图 运动命令 内部化学连接
6609380,9235545,chem,other,none,5.00,0.50,2,子图 运动命令 内部化学连接
6609380,9714476,chem,other,none,5.00,0.50,5,子图 运动命令 内部化学连接
6609380,10017944,chem,other,none,5.00,0.50,1,子图 运动命令 内部化学连接
6609380,12474164,chem,other,none,5.00,0.50,2,子图 运动命令 内部化学连接
6609380,13675374,chem,other,none,5.00,0.50,7,子图 运动命令 内部化学连接
6609380,13722900,chem,other,none,5.00,0.50,11,子图 运动命令 内部化学连接
6609380,15018449,chem,other,none,5.00,0.50,1,子图 运动命令 内部化学连接
6609380,15467736,chem,other,none,5.00,0.50,1,子图 运动命令 内部化学连接
6609380,15539984,chem,other,none,5.00,0.50,18,子图 运动命令 内部化学连接
6609380,15674282,chem,other,none,5.00,0.50,3,子图 运动命令 内部化学连接
6609380,15706875,chem,other,none,5.00,0.50,2,子图 运动命令 内部化学连接
6609380,15732503,chem,other,none,5.00,0.50,6,子图 运动命令 内部化学连接
6609380,15732509,chem,other,none,5.00,0.50,3,子图 运动命令 内部化学连接
6609380,16327998,chem,other,none,5.00,0.50,2,子图 运动命令 内部化学连接
6609380,16560178,chem,other,none,5.00,0.50,6,子图 运动命令 内部化学连接
6609380,16852589,chem,other,none,5.00,0.50,1,子图 运动命令 内部化学连接
6609380,16947349,chem,other,none,5.00,0.50,1,子图 运动命令 内部化学连接
6609380,16950354,chem,other,none,5.00,0.50,2,子图 运动命令 内部化学连接
6609380,16950798,chem,other,none,5.00,0.50,10,子图 运动命令 内部化学连接
6609380,17173852,chem,other,none,5.00,0.50,1,子图 运动命令 内部化学连接
6609380,18080008,chem,other,none,5.00,0.50,1,子图 运动命令 内部化学连接
6610913,4311241,chem,other,none,5.00,0.50,1,子图 运动命令 内部化学连接
6610913,4749004,chem,other,none,5.00,0.50,4,子图 运动命令 内部化学连接
6610913,5935744,chem,other,none,5.00,0.50,3,子图 运动命令 内部化学连接
6610913,6610913,chem,other,none,5.00,0.50,1,子图 运动命令 内部化学连接
6610913,7700444,chem,other,none,5.00,0.50,1,子图 运动命令 内部化学连接
6610913,8161148,chem,other,none,5.00,0.50,1,子图 运动命令 内部化学连接
6610913,8357933,chem,other,none,5.00,0.50,3,子图 运动命令 内部化学连接
6610913,9235545,chem,other,none,5.00,0.50,17,子图 运动命令 内部化学连接
6610913,9237734,chem,other,none,5.00,0.50,16,子图 运动命令 内部化学连接
6610913,9714476,chem,other,none,5.00,0.50,1,子图 运动命令 内部化学连接
6610913,9961098,chem,other,none,5.00,0.50,2,子图 运动命令 内部化学连接
6610913,10017944,chem,other,none,5.00,0.50,1,子图 运动命令 内部化学连接
6610913,10234576,chem,other,none,5.00,0.50,2,子图 运动命令 内部化学连接
6610913,10411574,chem,other,none,5.00,0.50,1,子图 运动命令 内部化学连接
6610913,10758204,chem,other,none,5.00,0.50,6,子图 运动命令 内部化学连接
6610913,10964258,chem,other,none,5.00,0.50,4,子图 运动命令 内部化学连接
6610913,11303036,chem,other,none,5.00,0.50,3,子图 运动命令 内部化学连接
6610913,11841664,chem,other,none,5.00,0.50,2,子图 运动命令 内部化学连接
6610913,13953184,chem,other,none,5.00,0.50,1,子图 运动命令 内部化学连接
6610913,14241490,chem,other,none,5.00,0.50,9,子图 运动命令 内部化学连接
6610913,16361363,chem,other,none,5.00,0.50,2,子图 运动命令 内部化学连接
6610913,16635345,chem,other,none,5.00,0.50,13,子图 运动命令 内部化学连接
6610913,16851718,chem,other,none,5.00,0.50,1,子图 运动命令 内部化学连接
6610913,16950115,chem,other,none,5.00,0.50,1,子图 运动命令 内部化学连接
6610913,17323054,chem,other,none,5.00,0.50,7,子图 运动命令 内部化学连接
6610913,17357979,chem,other,none,5.00,0.50,1,子图 运动命令 内部化学连接
6610913,17435815,chem,other,none,5.00,0.50,5,子图 运动命令 内部化学连接
6610913,17809869,chem,other,none,5.00,0.50,4,子图 运动命令 内部化学连接
6610913,18111410,chem,other,none,5.00,0.50,2,子图 运动命令 内部化学连接
6610913,18500988,chem,other,none,5.00,0.50,1,子图 运动命令 内部化学连接
6623089,1678567,chem,other,none,5.00,0.50,5,子图 运动命令 内部化学连接
6623089,5745929,chem,other,none,5.00,0.50,5,子图 运动命令 内部化学连接
6623089,6190181,chem,other,none,5.00,0.50,2,子图 运动命令 内部化学连接
6623089,8025665,chem,other,none,5.00,0.50,2,子图 运动命令 内部化学连接
6623089,9594273,chem,other,none,5.00,0.50,2,子图 运动命令 内部化学连接
6623089,10553248,chem,other,none,5.00,0.50,1,子图 运动命令 内部化学连接
6623089,11362334,chem,other,none,5.00,0.50,1,子图 运动命令 内部化学连接
6623089,12031406,chem,other,none,5.00,0.50,3,子图 运动命令 内部化学连接
6623089,12736001,chem,other,none,5.00,0.50,2,子图 运动命令 内部化学连接
6623089,15005403,chem,other,none,5.00,0.50,2,子图 运动命令 内部化学连接
6623089,15512404,chem,other,none,5.00,0.50,3,子图 运动命令 内部化学连接
6623089,15525711,chem,other,none,5.00,0.50,2,子图 运动命令 内部化学连接
6623089,16327998,chem,other,none,5.00,0.50,1,子图 运动命令 内部化学连接
6623089,16345627,chem,other,none,5.00,0.50,2,子图 运动命令 内部化学连接
6623089,16562142,chem,other,none,5.00,0.50,1,子图 运动命令 内部化学连接
6623089,16667306,chem,other,none,5.00,0.50,3,子图 运动命令 内部化学连接
6623089,16667592,chem,other,none,5.00,0.50,2,子图 运动命令 内部化学连接
6623089,16709072,chem,other,none,5.00,0.50,1,子图 运动命令 内部化学连接
6623089,16851496,chem,other,none,5.00,0.50,1,子图 运动命令 内部化学连接
6623089,16934932,chem,other,none,5.00,0.50,1,子图 运动命令 内部化学连接
6623089,16952691,chem,other,none,5.00,0.50,1,子图 运动命令 内部化学连接
6623089,17053270,chem,other,none,5.00,0.50,7,子图 运动命令 内部化学连接
6623089,17109286,chem,other,none,5.00,0.50,1,子图 运动命令 内部化学连接
6623089,17448356,chem,other,none,5.00,0.50,1,子图 运动命令 内部化学连接
6623089,17813457,chem,other,none,5.00,0.50,1,子图 运动命令 内部化学连接
6623089,18058793,chem,other,none,5.00,0.50,1,子图 运动命令 内部化学连接
6623089,18111410,chem,other,none,5.00,0.50,1,子图 运动命令 内部化学连接
6653450,5745929,chem,other,none,5.00,0.50,12,子图 运动命令 内部化学连接
6653450,6623089,chem,other,none,5.00,0.50,1,子图 运动命令 内部化学连接
6653450,7025831,chem,other,none,5.00,0.50,1,子图 运动命令 内部化学连接
6653450,9067063,chem,other,none,5.00,0.50,1,子图 运动命令 内部化学连接
6653450,9068346,chem,other,none,5.00,0.50,1,子图 运动命令 内部化学连接
6653450,9714476,chem,other,none,5.00,0.50,1,子图 运动命令 内部化学连接
6653450,12935706,chem,other,none,5.00,0.50,2,子图 运动命令 内部化学连接
6653450,14726012,chem,other,none,5.00,0.50,15,子图 运动命令 内部化学连接
6653450,14755393,chem,other,none,5.00,0.50,7,子图 运动命令 内部化学连接
6653450,16937395,chem,other,none,5.00,0.50,14,子图 运动命令 内部化学连接
6653450,17109286,chem,other,none,5.00,0.50,1,子图 运动命令 内部化学连接
6653450,17937986,chem,other,none,5.00,0.50,1,子图 运动命令 内部化学连接
6653450,18035063,chem,other,none,5.00,0.50,1,子图 运动命令 内部化学连接
6653450,18305476,chem,other,none,5.00,0.50,1,子图 运动命令 内部化学连接
6653450,18538744,chem,other,none,5.00,0.50,1,子图 运动命令 内部化学连接
6700147,6154200,chem,other,none,5.00,0.50,1,子图 运动命令 内部化学连接
6700147,12026822,chem,other,none,5.00,0.50,1,子图 运动命令 内部化学连接
6700147,17378648,chem,other,none,5.00,0.50,2,子图 运动命令 内部化学连接
6702943,4324479,chem,other,none,5.00,0.50,7,子图 运动命令 内部化学连接
6702943,6188181,chem,other,none,5.00,0.50,1,子图 运动命令 内部化学连接
6702943,6702943,chem,other,none,5.00,0.50,4,子图 运动命令 内部化学连接
6702943,7025831,chem,other,none,5.00,0.50,1,子图 运动命令 内部化学连接
6702943,7955278,chem,other,none,5.00,0.50,1,子图 运动命令 内部化学连接
6702943,11303036,chem,other,none,5.00,0.50,1,子图 运动命令 内部化学连接
6702943,13842372,chem,other,none,5.00,0.50,2,子图 运动命令 内部化学连接
6702943,14617508,chem,other,none,5.00,0.50,1,子图 运动命令 内部化学连接
6702943,14651659,chem,other,none,5.00,0.50,10,子图 运动命令 内部化学连接
6702943,15516413,chem,other,none,5.00,0.50,2,子图 运动命令 内部化学连接
6702943,16547281,chem,other,none,5.00,0.50,9,子图 运动命令 内部化学连接
6702943,16667306,chem,other,none,5.00,0.50,1,子图 运动命令 内部化学连接
6702943,17736654,chem,other,none,5.00,0.50,5,子图 运动命令 内部化学连接
6702943,17975547,chem,other,none,5.00,0.50,1,子图 运动命令 内部化学连接
6702943,18123575,chem,other,none,5.00,0.50,1,子图 运动命令 内部化学连接
6729443,5680013,chem,other,none,5.00,0.50,1,子图 运动命令 内部化学连接
6729443,10447988,chem,other,none,5.00,0.50,1,子图 运动命令 内部化学连接
6729443,13714311,chem,other,none,5.00,0.50,3,子图 运动命令 内部化学连接
6729443,16544712,chem,other,none,5.00,0.50,2,子图 运动命令 内部化学连接
6729443,16931001,chem,other,none,5.00,0.50,5,子图 运动命令 内部化学连接
6729443,17086412,chem,other,none,5.00,0.50,4,子图 运动命令 内部化学连接
6729443,17728695,chem,other,none,5.00,0.50,6,子图 运动命令 内部化学连接
6729443,17937986,chem,other,none,5.00,0.50,1,子图 运动命令 内部化学连接
7005145,7388340,chem,other,none,5.00,0.50,1,子图 运动命令 内部化学连接
7005145,10959064,chem,other,none,5.00,0.50,1,子图 运动命令 内部化学连接
7005145,12279909,chem,other,none,5.00,0.50,1,子图 运动命令 内部化学连接
7005145,12654063,chem,other,none,5.00,0.50,1,子图 运动命令 内部化学连接
7005145,14617508,chem,other,none,5.00,0.50,1,子图 运动命令 内部化学连接
7005145,17587726,chem,other,none,5.00,0.50,1,子图 运动命令 内部化学连接
7005145,17658978,chem,other,none,5.00,0.50,1,子图 运动命令 内部化学连接
7005145,19298644,chem,other,none,5.00,0.50,1,子图 运动命令 内部化学连接
7005145,19880740,chem,other,none,5.00,0.50,1,子图 运动命令 内部化学连接
7005184,3620633,chem,other,none,5.00,0.50,1,子图 运动命令 内部化学连接
7005184,3946166,chem,other,none,5.00,0.50,3,子图 运动命令 内部化学连接
7005184,5010581,chem,other,none,5.00,0.50,4,子图 运动命令 内部化学连接
7005184,7335439,chem,other,none,5.00,0.50,1,子图 运动命令 内部化学连接
7005184,7569260,chem,other,none,5.00,0.50,3,子图 运动命令 内部化学连接
7005184,16115575,chem,other,none,5.00,0.50,1,子图 运动命令 内部化学连接
7025064,4749004,chem,other,none,5.00,0.50,2,子图 运动命令 内部化学连接
7025064,7057730,chem,other,none,5.00,0.50,1,子图 运动命令 内部化学连接
7025064,9154024,chem,other,none,5.00,0.50,1,子图 运动命令 内部化学连接
7025064,10553248,chem,other,none,5.00,0.50,2,子图 运动命令 内部化学连接
7025064,12031406,chem,other,none,5.00,0.50,1,子图 运动命令 内部化学连接
7025064,15005403,chem,other,none,5.00,0.50,2,子图 运动命令 内部化学连接
7025064,16345627,chem,other,none,5.00,0.50,2,子图 运动命令 内部化学连接
7025064,16562142,chem,other,none,5.00,0.50,8,子图 运动命令 内部化学连接
7025064,16667306,chem,other,none,5.00,0.50,2,子图 运动命令 内部化学连接
7025064,16667592,chem,other,none,5.00,0.50,2,子图 运动命令 内部化学连接
7025064,16851496,chem,other,none,5.00,0.50,2,子图 运动命令 内部化学连接
7025064,17053270,chem,other,none,5.00,0.50,6,子图 运动命令 内部化学连接
7025064,17165755,chem,other,none,5.00,0.50,1,子图 运动命令 内部化学连接
7025064,17454636,chem,other,none,5.00,0.50,2,子图 运动命令 内部化学连接
7025064,17736641,chem,other,none,5.00,0.50,5,子图 运动命令 内部化学连接
7025064,17736654,chem,other,none,5.00,0.50,2,子图 运动命令 内部化学连接
7025064,18058793,chem,other,none,5.00,0.50,5,子图 运动命令 内部化学连接
7025064,18551732,chem,other,none,5.00,0.50,1,子图 运动命令 内部化学连接
7025064,20556072,chem,other,none,5.00,0.50,1,子图 运动命令 内部化学连接
7025831,4311241,chem,other,none,5.00,0.50,1,子图 运动命令 内部化学连接
7025831,4324479,chem,other,none,5.00,0.50,4,子图 运动命令 内部化学连接
7025831,4324567,chem,other,none,5.00,0.50,4,子图 运动命令 内部化学连接
7025831,4749004,chem,other,none,5.00,0.50,3,子图 运动命令 内部化学连接
7025831,6188181,chem,other,none,5.00,0.50,2,子图 运动命令 内部化学连接
7025831,12598741,chem,other,none,5.00,0.50,1,子图 运动命令 内部化学连接
7025831,16547281,chem,other,none,5.00,0.50,1,子图 运动命令 内部化学连接
7025831,16562142,chem,other,none,5.00,0.50,5,子图 运动命令 内部化学连接
7025831,16667306,chem,other,none,5.00,0.50,1,子图 运动命令 内部化学连接
7025831,16675987,chem,other,none,5.00,0.50,1,子图 运动命令 内部化学连接
7025831,17053270,chem,other,none,5.00,0.50,9,子图 运动命令 内部化学连接
7025831,17110007,chem,other,none,5.00,0.50,2,子图 运动命令 内部化学连接
7025831,17173852,chem,other,none,5.00,0.50,1,子图 运动命令 内部化学连接
7025831,17736641,chem,other,none,5.00,0.50,1,子图 运动命令 内部化学连接
7025831,17736755,chem,other,none,5.00,0.50,1,子图 运动命令 内部化学连接
7025831,18058793,chem,other,none,5.00,0.50,2,子图 运动命令 内部化学连接
7056904,5476653,chem,other,none,5.00,0.50,4,子图 运动命令 内部化学连接
7056904,13854190,chem,other,none,5.00,0.50,3,子图 运动命令 内部化学连接
7056904,15539984,chem,other,none,5.00,0.50,1,子图 运动命令 内部化学连接
7057730,9068024,chem,other,none,5.00,0.50,12,子图 运动命令 内部化学连接
7057730,15512404,chem,other,none,5.00,0.50,1,子图 运动命令 内部化学连接
7057730,15513540,chem,other,none,5.00,0.50,6,子图 运动命令 内部化学连接
7057730,16547281,chem,other,none,5.00,0.50,1,子图 运动命令 内部化学连接
7057730,16561224,chem,other,none,5.00,0.50,2,子图 运动命令 内部化学连接
7057730,16635345,chem,other,none,5.00,0.50,1,子图 运动命令 内部化学连接
7057730,16667306,chem,other,none,5.00,0.50,5,子图 运动命令 内部化学连接
7057730,16670540,chem,other,none,5.00,0.50,1,子图 运动命令 内部化学连接
7057730,16852622,chem,other,none,5.00,0.50,8,子图 运动命令 内部化学连接
7057730,17173852,chem,other,none,5.00,0.50,1,子图 运动命令 内部化学连接
7057730,17358864,chem,other,none,5.00,0.50,1,子图 运动命令 内部化学连接
7057730,17736641,chem,other,none,5.00,0.50,1,子图 运动命令 内部化学连接
7057730,17736654,chem,other,none,5.00,0.50,7,子图 运动命令 内部化学连接
7057730,18076102,chem,other,none,5.00,0.50,8,子图 运动命令 内部化学连接
7130033,3027876,chem,other,none,5.00,0.50,1,子图 运动命令 内部化学连接
7130033,3044500,chem,other,none,5.00,0.50,1,子图 运动命令 内部化学连接
7130033,3149791,chem,other,none,5.00,0.50,1,子图 运动命令 内部化学连接
7130033,3414508,chem,other,none,5.00,0.50,4,子图 运动命令 内部化学连接
7130033,3620633,chem,other,none,5.00,0.50,2,子图 运动命令 内部化学连接
7130033,3946166,chem,other,none,5.00,0.50,1,子图 运动命令 内部化学连接
7130033,4215611,chem,other,none,5.00,0.50,1,子图 运动命令 内部化学连接
7130033,5319633,chem,other,none,5.00,0.50,1,子图 运动命令 内部化学连接
7130033,6554358,chem,other,none,5.00,0.50,4,子图 运动命令 内部化学连接
7130033,10781924,chem,other,none,5.00,0.50,6,子图 运动命令 内部化学连接
7130033,13749806,chem,other,none,5.00,0.50,1,子图 运动命令 内部化学连接
7130033,14034206,chem,other,none,5.00,0.50,4,子图 运动命令 内部化学连接
7130033,14034311,chem,other,none,5.00,0.50,2,子图 运动命令 内部化学连接
7130033,14656798,chem,other,none,5.00,0.50,1,子图 运动命令 内部化学连接
7130033,16195633,chem,other,none,5.00,0.50,1,子图 运动命令 内部化学连接
7168356,3814701,chem,other,none,5.00,0.50,1,子图 运动命令 内部化学连接
7168356,10958210,chem,other,none,5.00,0.50,1,子图 运动命令 内部化学连接
7168356,11027071,chem,other,none,5.00,0.50,1,子图 运动命令 内部化学连接
7168356,12279909,chem,other,none,5.00,0.50,2,子图 运动命令 内部化学连接
7168356,13422280,chem,other,none,5.00,0.50,1,子图 运动命令 内部化学连接
7168356,14655602,chem,other,none,5.00,0.50,2,子图 运动命令 内部化学连接
7168356,15605301,chem,other,none,5.00,0.50,1,子图 运动命令 内部化学连接
7227010,3009700,chem,other,none,5.00,0.50,1,子图 运动命令 内部化学连接
7227010,3498479,chem,other,none,5.00,0.50,1,子图 运动命令 内部化学连接
7227010,4188290,chem,other,none,5.00,0.50,1,子图 运动命令 内部化学连接
7227010,5462159,chem,other,none,5.00,0.50,1,子图 运动命令 内部化学连接
7227010,5500958,chem,other,none,5.00,0.50,1,子图 运动命令 内部化学连接
7227010,6114695,chem,other,none,5.00,0.50,1,子图 运动命令 内部化学连接
7227010,8047280,chem,other,none,5.00,0.50,1,子图 运动命令 内部化学连接
7227010,8755914,chem,other,none,5.00,0.50,2,子图 运动命令 内部化学连接
7227010,10609443,chem,other,none,5.00,0.50,5,子图 运动命令 内部化学连接
7227010,10728323,chem,other,none,5.00,0.50,1,子图 运动命令 内部化学连接
7227010,10915553,chem,other,none,5.00,0.50,2,子图 运动命令 内部化学连接
7227010,11261332,chem,other,none,5.00,0.50,1,子图 运动命令 内部化学连接
7227010,11905911,chem,other,none,5.00,0.50,1,子图 运动命令 内部化学连接
7227010,15588711,chem,other,none,5.00,0.50,2,子图 运动命令 内部化学连接
7227010,16571210,chem,other,none,5.00,0.50,1,子图 运动命令 内部化学连接
7227010,16676038,chem,other,none,5.00,0.50,1,子图 运动命令 内部化学连接
7335439,4874953,chem,other,none,5.00,0.50,12,子图 运动命令 内部化学连接
7335439,5469039,chem,other,none,5.00,0.50,15,子图 运动命令 内部化学连接
7335439,7338309,chem,other,none,5.00,0.50,8,子图 运动命令 内部化学连接
7335439,13422280,chem,other,none,5.00,0.50,1,子图 运动命令 内部化学连接
7338309,4874953,chem,other,none,5.00,0.50,12,子图 运动命令 内部化学连接
7338309,5469039,chem,other,none,5.00,0.50,8,子图 运动命令 内部化学连接
7338309,7335439,chem,other,none,5.00,0.50,6,子图 运动命令 内部化学连接
7338309,13422280,chem,other,none,5.00,0.50,1,子图 运动命令 内部化学连接
7371184,2650887,chem,other,none,5.00,0.50,5,子图 运动命令 内部化学连接
7371184,6049565,chem,other,none,5.00,0.50,1,子图 运动命令 内部化学连接
7371184,8801736,chem,other,none,5.00,0.50,3,子图 运动命令 内部化学连接
7371184,10382824,chem,other,none,5.00,0.50,1,子图 运动命令 内部化学连接
7371184,10523825,chem,other,none,5.00,0.50,1,子图 运动命令 内部化学连接
7371184,10758204,chem,other,none,5.00,0.50,3,子图 运动命令 内部化学连接
7371184,16443509,chem,other,none,5.00,0.50,4,子图 运动命令 内部化学连接
7371184,16545101,chem,other,none,5.00,0.50,1,子图 运动命令 内部化学连接
7371184,16547292,chem,other,none,5.00,0.50,1,子图 运动命令 内部化学连接
7371184,16863538,chem,other,none,5.00,0.50,1,子图 运动命令 内部化学连接
7371184,16992171,chem,other,none,5.00,0.50,4,子图 运动命令 内部化学连接
7371184,17297936,chem,other,none,5.00,0.50,1,子图 运动命令 内部化学连接
7371184,17353986,chem,other,none,5.00,0.50,1,子图 运动命令 内部化学连接
7371184,17356024,chem,other,none,5.00,0.50,4,子图 运动命令 内部化学连接
7371184,17356442,chem,other,none,5.00,0.50,17,子图 运动命令 内部化学连接
7371184,17358891,chem,other,none,5.00,0.50,1,子图 运动命令 内部化学连接
7371184,17663944,chem,other,none,5.00,0.50,1,子图 运动命令 内部化学连接
7371184,17777031,chem,other,none,5.00,0.50,1,子图 运动命令 内部化学连接
7371184,18485293,chem,other,none,5.00,0.50,1,子图 运动命令 内部化学连接
7371184,20556072,chem,other,none,5.00,0.50,2,子图 运动命令 内部化学连接
7388340,3044500,chem,other,none,5.00,0.50,1,子图 运动命令 内部化学连接
7388340,3944626,chem,other,none,5.00,0.50,2,子图 运动命令 内部化学连接
7388340,3945136,chem,other,none,5.00,0.50,1,子图 运动命令 内部化学连接
7388340,3945756,chem,other,none,5.00,0.50,7,子图 运动命令 内部化学连接
7388340,4901087,chem,other,none,5.00,0.50,3,子图 运动命令 内部化学连接
7388340,9424902,chem,other,none,5.00,0.50,9,子图 运动命令 内部化学连接
7388340,9436520,chem,other,none,5.00,0.50,2,子图 运动命令 内部化学连接
7388340,10345590,chem,other,none,5.00,0.50,1,子图 运动命令 内部化学连接
7388340,10583715,chem,other,none,5.00,0.50,1,子图 运动命令 内部化学连接
7388340,10792617,chem,other,none,5.00,0.50,5,子图 运动命令 内部化学连接
7388340,11356523,chem,other,none,5.00,0.50,1,子图 运动命令 内部化学连接
7388340,12279909,chem,other,none,5.00,0.50,1,子图 运动命令 内部化学连接
7388340,13818467,chem,other,none,5.00,0.50,4,子图 运动命令 内部化学连接
7388340,15601640,chem,other,none,5.00,0.50,1,子图 运动命令 内部化学连接
7388340,15605301,chem,other,none,5.00,0.50,5,子图 运动命令 内部化学连接
7388340,15607335,chem,other,none,5.00,0.50,3,子图 运动命令 内部化学连接
7388340,16433696,chem,other,none,5.00,0.50,2,子图 运动命令 内部化学连接
7422253,3620633,chem,other,none,5.00,0.50,7,子图 运动命令 内部化学连接
7422253,4127926,chem,other,none,5.00,0.50,1,子图 运动命令 内部化学连接
7422253,5134110,chem,other,none,5.00,0.50,1,子图 运动命令 内部化学连接
7422253,5512988,chem,other,none,5.00,0.50,1,子图 运动命令 内部化学连接
7422253,7429933,chem,other,none,5.00,0.50,1,子图 运动命令 内部化学连接
7422253,7467027,chem,other,none,5.00,0.50,2,子图 运动命令 内部化学连接
7422253,8546775,chem,other,none,5.00,0.50,2,子图 运动命令 内部化学连接
7422253,8709865,chem,other,none,5.00,0.50,5,子图 运动命令 内部化学连接
7422253,11261332,chem,other,none,5.00,0.50,1,子图 运动命令 内部化学连接
7422253,13049485,chem,other,none,5.00,0.50,1,子图 运动命令 内部化学连接
7422253,17328632,chem,other,none,5.00,0.50,2,子图 运动命令 内部化学连接
7422253,17384874,chem,other,none,5.00,0.50,1,子图 运动命令 内部化学连接
7422253,17658978,chem,other,none,5.00,0.50,1,子图 运动命令 内部化学连接
7422253,19132527,chem,other,none,5.00,0.50,2,子图 运动命令 内部化学连接
7429933,3149791,chem,other,none,5.00,0.50,1,子图 运动命令 内部化学连接
7429933,4901087,chem,other,none,5.00,0.50,1,子图 运动命令 内部化学连接
7429933,5134110,chem,other,none,5.00,0.50,1,子图 运动命令 内部化学连接
7429933,5745110,chem,other,none,5.00,0.50,1,子图 运动命令 内部化学连接
7429933,6114695,chem,other,none,5.00,0.50,7,子图 运动命令 内部化学连接
7429933,6125806,chem,other,none,5.00,0.50,1,子图 运动命令 内部化学连接
7429933,6446394,chem,other,none,5.00,0.50,1,子图 运动命令 内部化学连接
7429933,7982324,chem,other,none,5.00,0.50,2,子图 运动命令 内部化学连接
7429933,8253620,chem,other,none,5.00,0.50,1,子图 运动命令 内部化学连接
7429933,8546775,chem,other,none,5.00,0.50,10,子图 运动命令 内部化学连接
7429933,10945111,chem,other,none,5.00,0.50,5,子图 运动命令 内部化学连接
7429933,10945795,chem,other,none,5.00,0.50,6,子图 运动命令 内部化学连接
7429933,10947427,chem,other,none,5.00,0.50,1,子图 运动命令 内部化学连接
7429933,11905911,chem,other,none,5.00,0.50,2,子图 运动命令 内部化学连接
7429933,14034206,chem,other,none,5.00,0.50,1,子图 运动命令 内部化学连接
7429933,14760757,chem,other,none,5.00,0.50,11,子图 运动命令 内部化学连接
7429933,15590555,chem,other,none,5.00,0.50,1,子图 运动命令 内部化学连接
7429933,17328632,chem,other,none,5.00,0.50,2,子图 运动命令 内部化学连接
7429933,17378483,chem,other,none,5.00,0.50,5,子图 运动命令 内部化学连接
7429933,17658978,chem,other,none,5.00,0.50,3,子图 运动命令 内部化学连接
7429933,18644088,chem,other,none,5.00,0.50,1,子图 运动命令 内部化学连接
7439913,17075832,chem,other,none,5.00,0.50,3,子图 运动命令 内部化学连接
7449767,2655798,chem,other,none,5.00,0.50,1,子图 运动命令 内部化学连接
7449767,2670619,chem,other,none,5.00,0.50,1,子图 运动命令 内部化学连接
7449767,3044500,chem,other,none,5.00,0.50,6,子图 运动命令 内部化学连接
7449767,5764924,chem,other,none,5.00,0.50,1,子图 运动命令 内部化学连接
7449767,6125806,chem,other,none,5.00,0.50,5,子图 运动命令 内部化学连接
7449767,7227010,chem,other,none,5.00,0.50,1,子图 运动命令 内部化学连接
7449767,7573476,chem,other,none,5.00,0.50,3,子图 运动命令 内部化学连接
7449767,7587948,chem,other,none,5.00,0.50,12,子图 运动命令 内部化学连接
7449767,8047280,chem,other,none,5.00,0.50,3,子图 运动命令 内部化学连接
7449767,8529400,chem,other,none,5.00,0.50,1,子图 运动命令 内部化学连接
7449767,9234420,chem,other,none,5.00,0.50,1,子图 运动命令 内部化学连接
7449767,10527147,chem,other,none,5.00,0.50,1,子图 运动命令 内部化学连接
7449767,10728323,chem,other,none,5.00,0.50,1,子图 运动命令 内部化学连接
7449767,10947427,chem,other,none,5.00,0.50,2,子图 运动命令 内部化学连接
7449767,17732270,chem,other,none,5.00,0.50,4,子图 运动命令 内部化学连接
7449767,19010160,chem,other,none,5.00,0.50,1,子图 运动命令 内部化学连接
7449767,19857577,chem,other,none,5.00,0.50,2,子图 运动命令 内部化学连接
7449767,21590958,chem,other,none,5.00,0.50,1,子图 运动命令 内部化学连接
7467027,2655798,chem,other,none,5.00,0.50,7,子图 运动命令 内部化学连接
7467027,3764792,chem,other,none,5.00,0.50,1,子图 运动命令 内部化学连接
7467027,3945136,chem,other,none,5.00,0.50,12,子图 运动命令 内部化学连接
7467027,4901087,chem,other,none,5.00,0.50,7,子图 运动命令 内部化学连接
7467027,5033480,chem,other,none,5.00,0.50,1,子图 运动命令 内部化学连接
7467027,5038920,chem,other,none,5.00,0.50,8,子图 运动命令 内部化学连接
7467027,5134110,chem,other,none,5.00,0.50,1,子图 运动命令 内部化学连接
7467027,5512988,chem,other,none,5.00,0.50,6,子图 运动命令 内部化学连接
7467027,6114695,chem,other,none,5.00,0.50,4,子图 运动命令 内部化学连接
7467027,6125806,chem,other,none,5.00,0.50,14,子图 运动命令 内部化学连接
7467027,7429933,chem,other,none,5.00,0.50,1,子图 运动命令 内部化学连接
7467027,7573476,chem,other,none,5.00,0.50,2,子图 运动命令 内部化学连接
7467027,8546775,chem,other,none,5.00,0.50,1,子图 运动命令 内部化学连接
7467027,8687096,chem,other,none,5.00,0.50,1,子图 运动命令 内部化学连接
7467027,9234420,chem,other,none,5.00,0.50,6,子图 运动命令 内部化学连接
7467027,9643439,chem,other,none,5.00,0.50,1,子图 运动命令 内部化学连接
7467027,10882750,chem,other,none,5.00,0.50,8,子图 运动命令 内部化学连接
7467027,10945111,chem,other,none,5.00,0.50,2,子图 运动命令 内部化学连接
7467027,10947427,chem,other,none,5.00,0.50,23,子图 运动命令 内部化学连接
7467027,11261332,chem,other,none,5.00,0.50,1,子图 运动命令 内部化学连接
7467027,11623145,chem,other,none,5.00,0.50,1,子图 运动命令 内部化学连接
7467027,11905911,chem,other,none,5.00,0.50,1,子图 运动命令 内部化学连接
7467027,12990900,chem,other,none,5.00,0.50,1,子图 运动命令 内部化学连接
7467027,13049485,chem,other,none,5.00,0.50,3,子图 运动命令 内部化学连接
7467027,13081886,chem,other,none,5.00,0.50,10,子图 运动命令 内部化学连接
7467027,14760757,chem,other,none,5.00,0.50,1,子图 运动命令 内部化学连接
7467027,15048530,chem,other,none,5.00,0.50,11,子图 运动命令 内部化学连接
7467027,15606239,chem,other,none,5.00,0.50,1,子图 运动命令 内部化学连接
7467027,17354392,chem,other,none,5.00,0.50,1,子图 运动命令 内部化学连接
7467027,17378483,chem,other,none,5.00,0.50,9,子图 运动命令 内部化学连接
7467027,17380080,chem,other,none,5.00,0.50,1,子图 运动命令 内部化学连接
7467027,17384874,chem,other,none,5.00,0.50,15,子图 运动命令 内部化学连接
7467027,17913032,chem,other,none,5.00,0.50,1,子图 运动命令 内部化学连接
7467027,19046339,chem,other,none,5.00,0.50,15,子图 运动命令 内部化学连接
7529574,3926904,chem,other,none,5.00,0.50,1,子图 运动命令 内部化学连接
7530253,2355126,chem,other,none,5.00,0.50,1,子图 运动命令 内部化学连接
7530253,3925724,chem,other,none,5.00,0.50,1,子图 运动命令 内部化学连接
7530253,3926438,chem,other,none,5.00,0.50,1,子图 运动命令 内部化学连接
7530253,3926904,chem,other,none,5.00,0.50,2,子图 运动命令 内部化学连接
7530253,5010581,chem,other,none,5.00,0.50,2,子图 运动命令 内部化学连接
7530253,7529574,chem,other,none,5.00,0.50,1,子图 运动命令 内部化学连接
7530253,16683943,chem,other,none,5.00,0.50,1,子图 运动命令 内部化学连接
7557604,2597151,chem,other,none,5.00,0.50,2,子图 运动命令 内部化学连接
7557604,3044500,chem,other,none,5.00,0.50,1,子图 运动命令 内部化学连接
7557604,3046503,chem,other,none,5.00,0.50,6,子图 运动命令 内部化学连接
7557604,3281684,chem,other,none,5.00,0.50,6,子图 运动命令 内部化学连接
7557604,3436420,chem,other,none,5.00,0.50,5,子图 运动命令 内部化学连接
7557604,3498479,chem,other,none,5.00,0.50,19,子图 运动命令 内部化学连接
7557604,3946166,chem,other,none,5.00,0.50,5,子图 运动命令 内部化学连接
7557604,4453485,chem,other,none,5.00,0.50,6,子图 运动命令 内部化学连接
7557604,4506509,chem,other,none,5.00,0.50,7,子图 运动命令 内部化学连接
7557604,4523584,chem,other,none,5.00,0.50,5,子图 运动命令 内部化学连接
7557604,4523803,chem,other,none,5.00,0.50,9,子图 运动命令 内部化学连接
7557604,6445994,chem,other,none,5.00,0.50,5,子图 运动命令 内部化学连接
7557604,10059655,chem,other,none,5.00,0.50,11,子图 运动命令 内部化学连接
7557604,10329208,chem,other,none,5.00,0.50,4,子图 运动命令 内部化学连接
7557604,10459723,chem,other,none,5.00,0.50,6,子图 运动命令 内部化学连接
7557604,10728318,chem,other,none,5.00,0.50,1,子图 运动命令 内部化学连接
7557604,12634154,chem,other,none,5.00,0.50,10,子图 运动命令 内部化学连接
7569260,3620633,chem,other,none,5.00,0.50,3,子图 运动命令 内部化学连接
7569260,7005184,chem,other,none,5.00,0.50,4,子图 运动命令 内部化学连接
7569260,14034206,chem,other,none,5.00,0.50,1,子图 运动命令 内部化学连接
7569260,17053270,chem,other,none,5.00,0.50,1,子图 运动命令 内部化学连接
7569260,17352470,chem,other,none,5.00,0.50,1,子图 运动命令 内部化学连接
7571966,4400767,chem,other,none,5.00,0.50,3,子图 运动命令 内部化学连接
7571966,10418394,chem,other,none,5.00,0.50,1,子图 运动命令 内部化学连接
7573476,5080991,chem,other,none,5.00,0.50,1,子图 运动命令 内部化学连接
7573476,10728323,chem,other,none,5.00,0.50,1,子图 运动命令 内部化学连接
7573476,10915553,chem,other,none,5.00,0.50,1,子图 运动命令 内部化学连接
7587948,1805669,chem,other,none,5.00,0.50,1,子图 运动命令 内部化学连接
7587948,2655798,chem,other,none,5.00,0.50,1,子图 运动命令 内部化学连接
7587948,3048606,chem,other,none,5.00,0.50,1,子图 运动命令 内部化学连接
7587948,5010581,chem,other,none,5.00,0.50,1,子图 运动命令 内部化学连接
7587948,6317793,chem,other,none,5.00,0.50,1,子图 运动命令 内部化学连接
7587948,9234420,chem,other,none,5.00,0.50,1,子图 运动命令 内部化学连接
7587948,10922928,chem,other,none,5.00,0.50,1,子图 运动命令 内部化学连接
7587948,15590555,chem,other,none,5.00,0.50,1,子图 运动命令 内部化学连接
7587948,16115575,chem,other,none,5.00,0.50,1,子图 运动命令 内部化学连接
7587948,16316973,chem,other,none,5.00,0.50,1,子图 运动命令 内部化学连接
7587948,17378483,chem,other,none,5.00,0.50,1,子图 运动命令 内部化学连接
7587948,19010160,chem,other,none,5.00,0.50,2,子图 运动命令 内部化学连接
7589765,7005184,chem,other,none,5.00,0.50,1,子图 运动命令 内部化学连接
7589765,7569260,chem,other,none,5.00,0.50,3,子图 运动命令 内部化学连接
7590264,16434560,chem,other,none,5.00,0.50,1,子图 运动命令 内部化学连接
7590264,16547268,chem,other,none,5.00,0.50,1,子图 运动命令 内部化学连接
7590264,16571210,chem,other,none,5.00,0.50,1,子图 运动命令 内部化学连接
7688300,3620633,chem,other,none,5.00,0.50,4,子图 运动命令 内部化学连接
7688300,17658884,chem,other,none,5.00,0.50,4,子图 运动命令 内部化学连接
7700444,2650887,chem,other,none,5.00,0.50,1,子图 运动命令 内部化学连接
7700444,4017464,chem,other,none,5.00,0.50,2,子图 运动命令 内部化学连接
7700444,4142619,chem,other,none,5.00,0.50,1,子图 运动命令 内部化学连接
7700444,5052370,chem,other,none,5.00,0.50,3,子图 运动命令 内部化学连接
7700444,5786898,chem,other,none,5.00,0.50,3,子图 运动命令 内部化学连接
7700444,5790355,chem,other,none,5.00,0.50,1,子图 运动命令 内部化学连接
7700444,5794678,chem,other,none,5.00,0.50,11,子图 运动命令 内部化学连接
7700444,5816138,chem,other,none,5.00,0.50,6,子图 运动命令 内部化学连接
7700444,5856647,chem,other,none,5.00,0.50,21,子图 运动命令 内部化学连接
7700444,5859372,chem,other,none,5.00,0.50,8,子图 运动命令 内部化学连接
7700444,6153877,chem,other,none,5.00,0.50,1,子图 运动命令 内部化学连接
7700444,6154200,chem,other,none,5.00,0.50,6,子图 运动命令 内部化学连接
7700444,6155577,chem,other,none,5.00,0.50,2,子图 运动命令 内部化学连接
7700444,6609380,chem,other,none,5.00,0.50,1,子图 运动命令 内部化学连接
7700444,6700147,chem,other,none,5.00,0.50,1,子图 运动命令 内部化学连接
7700444,8161148,chem,other,none,5.00,0.50,1,子图 运动命令 内部化学连接
7700444,8710444,chem,other,none,5.00,0.50,1,子图 运动命令 内部化学连接
7700444,9068024,chem,other,none,5.00,0.50,6,子图 运动命令 内部化学连接
7700444,9237734,chem,other,none,5.00,0.50,5,子图 运动命令 内部化学连接
7700444,9480916,chem,other,none,5.00,0.50,1,子图 运动命令 内部化学连接
7700444,10017944,chem,other,none,5.00,0.50,1,子图 运动命令 内部化学连接
7700444,10964258,chem,other,none,5.00,0.50,1,子图 运动命令 内部化学连接
7700444,11841664,chem,other,none,5.00,0.50,22,子图 运动命令 内部化学连接
7700444,13564607,chem,other,none,5.00,0.50,2,子图 运动命令 内部化学连接
7700444,13675374,chem,other,none,5.00,0.50,2,子图 运动命令 内部化学连接
7700444,13722900,chem,other,none,5.00,0.50,5,子图 运动命令 内部化学连接
7700444,13764822,chem,other,none,5.00,0.50,14,子图 运动命令 内部化学连接
7700444,14241490,chem,other,none,5.00,0.50,1,子图 运动命令 内部化学连接
7700444,14334367,chem,other,none,5.00,0.50,2,子图 运动命令 内部化学连接
7700444,15539984,chem,other,none,5.00,0.50,1,子图 运动命令 内部化学连接
7700444,15672263,chem,other,none,5.00,0.50,5,子图 运动命令 内部化学连接
7700444,15674282,chem,other,none,5.00,0.50,1,子图 运动命令 内部化学连接
7700444,15732503,chem,other,none,5.00,0.50,19,子图 运动命令 内部化学连接
7700444,15964206,chem,other,none,5.00,0.50,2,子图 运动命令 内部化学连接
7700444,16327998,chem,other,none,5.00,0.50,11,子图 运动命令 内部化学连接
7700444,16471422,chem,other,none,5.00,0.50,1,子图 运动命令 内部化学连接
7700444,16520950,chem,other,none,5.00,0.50,1,子图 运动命令 内部化学连接
7700444,16560178,chem,other,none,5.00,0.50,10,子图 运动命令 内部化学连接
7700444,16617920,chem,other,none,5.00,0.50,4,子图 运动命令 内部化学连接
7700444,16910799,chem,other,none,5.00,0.50,1,子图 运动命令 内部化学连接
7700444,16924423,chem,other,none,5.00,0.50,21,子图 运动命令 内部化学连接
7700444,16950354,chem,other,none,5.00,0.50,2,子图 运动命令 内部化学连接
7700444,16950443,chem,other,none,5.00,0.50,2,子图 运动命令 内部化学连接
7700444,16950767,chem,other,none,5.00,0.50,1,子图 运动命令 内部化学连接
7700444,16950798,chem,other,none,5.00,0.50,7,子图 运动命令 内部化学连接
7700444,17173852,chem,other,none,5.00,0.50,10,子图 运动命令 内部化学连接
7700444,17323054,chem,other,none,5.00,0.50,9,子图 运动命令 内部化学连接
7700444,17357979,chem,other,none,5.00,0.50,17,子图 运动命令 内部化学连接
7700444,17654514,chem,other,none,5.00,0.50,1,子图 运动命令 内部化学连接
7700444,17656886,chem,other,none,5.00,0.50,4,子图 运动命令 内部化学连接
7700444,18080008,chem,other,none,5.00,0.50,1,子图 运动命令 内部化学连接
7700444,18500988,chem,other,none,5.00,0.50,1,子图 运动命令 内部化学连接
7955278,8357933,chem,other,none,5.00,0.50,1,子图 运动命令 内部化学连接
7955278,17732346,chem,other,none,5.00,0.50,1,子图 运动命令 内部化学连接
7955278,18929470,chem,other,none,5.00,0.50,1,子图 运动命令 内部化学连接
7982307,7005145,chem,other,none,5.00,0.50,1,子图 运动命令 内部化学连接
7982307,7982307,chem,other,none,5.00,0.50,1,子图 运动命令 内部化学连接
7982307,7982324,chem,other,none,5.00,0.50,1,子图 运动命令 内部化学连接
7982307,15601640,chem,other,none,5.00,0.50,1,子图 运动命令 内部化学连接
7982324,2655798,chem,other,none,5.00,0.50,2,子图 运动命令 内部化学连接
7982324,3149791,chem,other,none,5.00,0.50,2,子图 运动命令 内部化学连接
7982324,5764924,chem,other,none,5.00,0.50,2,子图 运动命令 内部化学连接
7982324,10781924,chem,other,none,5.00,0.50,3,子图 运动命令 内部化学连接
7982324,14034206,chem,other,none,5.00,0.50,3,子图 运动命令 内部化学连接
7982324,16115575,chem,other,none,5.00,0.50,1,子图 运动命令 内部化学连接
8025665,1805418,chem,other,none,5.00,0.50,1,子图 运动命令 内部化学连接
8025665,2650887,chem,other,none,5.00,0.50,1,子图 运动命令 内部化学连接
8025665,4173633,chem,other,none,5.00,0.50,11,子图 运动命令 内部化学连接
8025665,5319633,chem,other,none,5.00,0.50,6,子图 运动命令 内部化学连接
8025665,8025665,chem,other,none,5.00,0.50,1,子图 运动命令 内部化学连接
8025665,8271875,chem,other,none,5.00,0.50,1,子图 运动命令 内部化学连接
8025665,8496618,chem,other,none,5.00,0.50,1,子图 运动命令 内部化学连接
8025665,9085808,chem,other,none,5.00,0.50,6,子图 运动命令 内部化学连接
8025665,9519425,chem,other,none,5.00,0.50,13,子图 运动命令 内部化学连接
8025665,9604434,chem,other,none,5.00,0.50,9,子图 运动命令 内部化学连接
8025665,9714476,chem,other,none,5.00,0.50,1,子图 运动命令 内部化学连接
8025665,10017944,chem,other,none,5.00,0.50,1,子图 运动命令 内部化学连接
8025665,10964258,chem,other,none,5.00,0.50,1,子图 运动命令 内部化学连接
8025665,13953184,chem,other,none,5.00,0.50,1,子图 运动命令 内部化学连接
8025665,14334367,chem,other,none,5.00,0.50,2,子图 运动命令 内部化学连接
8025665,14374534,chem,other,none,5.00,0.50,1,子图 运动命令 内部化学连接
8025665,15018449,chem,other,none,5.00,0.50,9,子图 运动命令 内部化学连接
8025665,15155348,chem,other,none,5.00,0.50,2,子图 运动命令 内部化学连接
8025665,15525794,chem,other,none,5.00,0.50,2,子图 运动命令 内部化学连接
8025665,15539984,chem,other,none,5.00,0.50,3,子图 运动命令 内部化学连接
8025665,15732497,chem,other,none,5.00,0.50,1,子图 运动命令 内部化学连接
8025665,15894278,chem,other,none,5.00,0.50,1,子图 运动命令 内部化学连接
8025665,15964206,chem,other,none,5.00,0.50,5,子图 运动命令 内部化学连接
8025665,16361363,chem,other,none,5.00,0.50,1,子图 运动命令 内部化学连接
8025665,16617920,chem,other,none,5.00,0.50,3,子图 运动命令 内部化学连接
8025665,16709072,chem,other,none,5.00,0.50,3,子图 运动命令 内部化学连接
8025665,16934932,chem,other,none,5.00,0.50,3,子图 运动命令 内部化学连接
8025665,17105218,chem,other,none,5.00,0.50,2,子图 运动命令 内部化学连接
8025665,17435815,chem,other,none,5.00,0.50,1,子图 运动命令 内部化学连接
8025665,17535542,chem,other,none,5.00,0.50,1,子图 运动命令 内部化学连接
8025665,17639824,chem,other,none,5.00,0.50,4,子图 运动命令 内部化学连接
8025665,17663944,chem,other,none,5.00,0.50,1,子图 运动命令 内部化学连接
8025665,18538744,chem,other,none,5.00,0.50,1,子图 运动命令 内部化学连接
8025665,19092010,chem,other,none,5.00,0.50,1,子图 运动命令 内部化学连接
8025665,20911961,chem,other,none,5.00,0.50,1,子图 运动命令 内部化学连接
8047280,3044500,chem,other,none,5.00,0.50,1,子图 运动命令 内部化学连接
8047280,5690425,chem,other,none,5.00,0.50,1,子图 运动命令 内部化学连接
8047280,7227010,chem,other,none,5.00,0.50,1,子图 运动命令 内部化学连接
8047280,8529400,chem,other,none,5.00,0.50,1,子图 运动命令 内部化学连接
8047280,10609443,chem,other,none,5.00,0.50,1,子图 运动命令 内部化学连接
8047280,10915553,chem,other,none,5.00,0.50,2,子图 运动命令 内部化学连接
8047280,15588711,chem,other,none,5.00,0.50,2,子图 运动命令 内部化学连接
8047280,16931001,chem,other,none,5.00,0.50,1,子图 运动命令 内部化学连接
8047280,17360038,chem,other,none,5.00,0.50,1,子图 运动命令 内部化学连接
8047280,17732270,chem,other,none,5.00,0.50,2,子图 运动命令 内部化学连接
8070872,2659504,chem,other,none,5.00,0.50,2,子图 运动命令 内部化学连接
8070872,3021609,chem,other,none,5.00,0.50,5,子图 运动命令 内部化学连接
8070872,12031406,chem,other,none,5.00,0.50,1,子图 运动命令 内部化学连接
8070872,15481779,chem,other,none,5.00,0.50,2,子图 运动命令 内部化学连接
8070872,15560623,chem,other,none,5.00,0.50,1,子图 运动命令 内部化学连接
8070872,16195633,chem,other,none,5.00,0.50,2,子图 运动命令 内部化学连接
8070872,16340461,chem,other,none,5.00,0.50,1,子图 运动命令 内部化学连接
8070872,16342197,chem,other,none,5.00,0.50,1,子图 运动命令 内部化学连接
8070872,17354414,chem,other,none,5.00,0.50,1,子图 运动命令 内部化学连接
8070872,18232369,chem,other,none,5.00,0.50,1,子图 运动命令 内部化学连接
8127390,1805418,chem,other,none,5.00,0.50,1,子图 运动命令 内部化学连接
8127390,3027876,chem,other,none,5.00,0.50,2,子图 运动命令 内部化学连接
8127390,5902352,chem,other,none,5.00,0.50,1,子图 运动命令 内部化学连接
8127390,9034378,chem,other,none,5.00,0.50,1,子图 运动命令 内部化学连接
8127390,9116228,chem,other,none,5.00,0.50,10,子图 运动命令 内部化学连接
8127390,13411445,chem,other,none,5.00,0.50,8,子图 运动命令 内部化学连接
8127390,13713529,chem,other,none,5.00,0.50,1,子图 运动命令 内部化学连接
8127390,13727202,chem,other,none,5.00,0.50,1,子图 运动命令 内部化学连接
8127390,14579509,chem,other,none,5.00,0.50,1,子图 运动命令 内部化学连接
8127390,14680483,chem,other,none,5.00,0.50,25,子图 运动命令 内部化学连接
8127390,15155348,chem,other,none,5.00,0.50,2,子图 运动命令 内部化学连接
8127390,15481779,chem,other,none,5.00,0.50,1,子图 运动命令 内部化学连接
8127390,15548844,chem,other,none,5.00,0.50,5,子图 运动命令 内部化学连接
8127390,15589591,chem,other,none,5.00,0.50,2,子图 运动命令 内部化学连接
8127390,15674282,chem,other,none,5.00,0.50,3,子图 运动命令 内部化学连接
8127390,15934458,chem,other,none,5.00,0.50,1,子图 运动命令 内部化学连接
8127390,16154290,chem,other,none,5.00,0.50,3,子图 运动命令 内部化学连接
8127390,17379420,chem,other,none,5.00,0.50,2,子图 运动命令 内部化学连接
8127390,17380345,chem,other,none,5.00,0.50,3,子图 运动命令 内部化学连接
8127390,17537254,chem,other,none,5.00,0.50,2,子图 运动命令 内部化学连接
8127390,17647621,chem,other,none,5.00,0.50,1,子图 运动命令 内部化学连接
8127390,18604097,chem,other,none,5.00,0.50,8,子图 运动命令 内部化学连接
8127390,20911955,chem,other,none,5.00,0.50,2,子图 运动命令 内部化学连接
8142831,2504517,chem,other,none,5.00,0.50,1,子图 运动命令 内部化学连接
8142831,2659504,chem,other,none,5.00,0.50,1,子图 运动命令 内部化学连接
8142831,5898284,chem,other,none,5.00,0.50,2,子图 运动命令 内部化学连接
8142831,8801715,chem,other,none,5.00,0.50,1,子图 运动命令 内部化学连接
8142831,9532295,chem,other,none,5.00,0.50,10,子图 运动命令 内部化学连接
8142831,12030078,chem,other,none,5.00,0.50,2,子图 运动命令 内部化学连接
8142831,12031406,chem,other,none,5.00,0.50,4,子图 运动命令 内部化学连接
8142831,15629759,chem,other,none,5.00,0.50,1,子图 运动命令 内部化学连接
8142831,16115255,chem,other,none,5.00,0.50,7,子图 运动命令 内部化学连接
8142831,16340011,chem,other,none,5.00,0.50,9,子图 运动命令 内部化学连接
8142831,16355225,chem,other,none,5.00,0.50,2,子图 运动命令 内部化学连接
8142831,16714214,chem,other,none,5.00,0.50,1,子图 运动命令 内部化学连接
8142831,17379298,chem,other,none,5.00,0.50,2,子图 运动命令 内部化学连接
8142831,17654967,chem,other,none,5.00,0.50,2,子图 运动命令 内部化学连接
8142831,17654991,chem,other,none,5.00,0.50,6,子图 运动命令 内部化学连接
8142831,17655000,chem,other,none,5.00,0.50,1,子图 运动命令 内部化学连接
8142831,17658602,chem,other,none,5.00,0.50,5,子图 运动命令 内部化学连接
8142831,17660233,chem,other,none,5.00,0.50,5,子图 运动命令 内部化学连接
8142831,17755491,chem,other,none,5.00,0.50,2,子图 运动命令 内部化学连接
8142831,20379247,chem,other,none,5.00,0.50,1,子图 运动命令 内部化学连接
8154054,858479,chem,other,none,5.00,0.50,4,子图 运动命令 内部化学连接
8154054,8154054,chem,other,none,5.00,0.50,1,子图 运动命令 内部化学连接
8154054,8216541,chem,other,none,5.00,0.50,2,子图 运动命令 内部化学连接
8154054,12335381,chem,other,none,5.00,0.50,2,子图 运动命令 内部化学连接
8159396,10158972,chem,other,none,5.00,0.50,2,子图 运动命令 内部化学连接
8159396,10167116,chem,other,none,5.00,0.50,6,子图 运动命令 内部化学连接
8159396,12335381,chem,other,none,5.00,0.50,4,子图 运动命令 内部化学连接
8159396,14517691,chem,other,none,5.00,0.50,4,子图 运动命令 内部化学连接
8159396,16158918,chem,other,none,5.00,0.50,3,子图 运动命令 内部化学连接
8159396,16316981,chem,other,none,5.00,0.50,1,子图 运动命令 内部化学连接
8161142,4142619,chem,other,none,5.00,0.50,1,子图 运动命令 内部化学连接
8161142,4173633,chem,other,none,5.00,0.50,1,子图 运动命令 内部化学连接
8161142,5052370,chem,other,none,5.00,0.50,6,子图 运动命令 内部化学连接
8161142,5319633,chem,other,none,5.00,0.50,8,子图 运动命令 内部化学连接
8161142,6154921,chem,other,none,5.00,0.50,1,子图 运动命令 内部化学连接
8161142,8161142,chem,other,none,5.00,0.50,2,子图 运动命令 内部化学连接
8161142,9069084,chem,other,none,5.00,0.50,1,子图 运动命令 内部化学连接
8161142,9532295,chem,other,none,5.00,0.50,1,子图 运动命令 内部化学连接
8161142,9714476,chem,other,none,5.00,0.50,2,子图 运动命令 内部化学连接
8161142,14726069,chem,other,none,5.00,0.50,1,子图 运动命令 内部化学连接
8161142,15018449,chem,other,none,5.00,0.50,4,子图 运动命令 内部化学连接
8161142,15539984,chem,other,none,5.00,0.50,1,子图 运动命令 内部化学连接
8161142,15706875,chem,other,none,5.00,0.50,1,子图 运动命令 内部化学连接
8161142,15894178,chem,other,none,5.00,0.50,12,子图 运动命令 内部化学连接
8161142,15894278,chem,other,none,5.00,0.50,8,子图 运动命令 内部化学连接
8161142,16327998,chem,other,none,5.00,0.50,2,子图 运动命令 内部化学连接
8161142,16339338,chem,other,none,5.00,0.50,5,子图 运动命令 内部化学连接
8161142,16388736,chem,other,none,5.00,0.50,1,子图 运动命令 内部化学连接
8161142,16520950,chem,other,none,5.00,0.50,2,子图 运动命令 内部化学连接
8161142,16671014,chem,other,none,5.00,0.50,2,子图 运动命令 内部化学连接
8161142,16934932,chem,other,none,5.00,0.50,3,子图 运动命令 内部化学连接
8161142,16947349,chem,other,none,5.00,0.50,1,子图 运动命令 内部化学连接
8161142,16950550,chem,other,none,5.00,0.50,7,子图 运动命令 内部化学连接
8161142,17025508,chem,other,none,5.00,0.50,1,子图 运动命令 内部化学连接
8161142,17173852,chem,other,none,5.00,0.50,1,子图 运动命令 内部化学连接
8161142,17356024,chem,other,none,5.00,0.50,2,子图 运动命令 内部化学连接
8161142,17654519,chem,other,none,5.00,0.50,2,子图 运动命令 内部化学连接
8161148,4966994,chem,other,none,5.00,0.50,1,子图 运动命令 内部化学连接
8161148,5052370,chem,other,none,5.00,0.50,6,子图 运动命令 内部化学连接
8161148,5805651,chem,other,none,5.00,0.50,3,子图 运动命令 内部化学连接
8161148,5893912,chem,other,none,5.00,0.50,3,子图 运动命令 内部化学连接
8161148,5895651,chem,other,none,5.00,0.50,1,子图 运动命令 内部化学连接
8161148,6153877,chem,other,none,5.00,0.50,3,子图 运动命令 内部化学连接
8161148,6156152,chem,other,none,5.00,0.50,5,子图 运动命令 内部化学连接
8161148,8161142,chem,other,none,5.00,0.50,1,子图 运动命令 内部化学连接
8161148,8496618,chem,other,none,5.00,0.50,9,子图 运动命令 内部化学连接
8161148,9068346,chem,other,none,5.00,0.50,1,子图 运动命令 内部化学连接
8161148,9069084,chem,other,none,5.00,0.50,1,子图 运动命令 内部化学连接
8161148,9097065,chem,other,none,5.00,0.50,1,子图 运动命令 内部化学连接
8161148,9604434,chem,other,none,5.00,0.50,1,子图 运动命令 内部化学连接
8161148,9714476,chem,other,none,5.00,0.50,5,子图 运动命令 内部化学连接
8161148,10728333,chem,other,none,5.00,0.50,4,子图 运动命令 内部化学连接
8161148,12474164,chem,other,none,5.00,0.50,3,子图 运动命令 内部化学连接
8161148,13557064,chem,other,none,5.00,0.50,7,子图 运动命令 内部化学连接
8161148,13727202,chem,other,none,5.00,0.50,3,子图 运动命令 内部化学连接
8161148,14999928,chem,other,none,5.00,0.50,1,子图 运动命令 内部化学连接
8161148,15467736,chem,other,none,5.00,0.50,2,子图 运动命令 内部化学连接
8161148,15539984,chem,other,none,5.00,0.50,3,子图 运动命令 内部化学连接
8161148,16339338,chem,other,none,5.00,0.50,8,子图 运动命令 内部化学连接
8161148,16340461,chem,other,none,5.00,0.50,1,子图 运动命令 内部化学连接
8161148,16342197,chem,other,none,5.00,0.50,1,子图 运动命令 内部化学连接
8161148,16388736,chem,other,none,5.00,0.50,3,子图 运动命令 内部化学连接
8161148,16578252,chem,other,none,5.00,0.50,2,子图 运动命令 内部化学连接
8161148,16852421,chem,other,none,5.00,0.50,1,子图 运动命令 内部化学连接
8161148,17247877,chem,other,none,5.00,0.50,1,子图 运动命令 内部化学连接
8161148,18464581,chem,other,none,5.00,0.50,10,子图 运动命令 内部化学连接
8161148,19048289,chem,other,none,5.00,0.50,1,子图 运动命令 内部化学连接
8167696,5657004,chem,other,none,5.00,0.50,6,子图 运动命令 内部化学连接
8167696,5680013,chem,other,none,5.00,0.50,3,子图 运动命令 内部化学连接
8167696,5684940,chem,other,none,5.00,0.50,3,子图 运动命令 内部化学连接
8167696,5763407,chem,other,none,5.00,0.50,3,子图 运动命令 内部化学连接
8167696,8253620,chem,other,none,5.00,0.50,2,子图 运动命令 内部化学连接
8167696,10609443,chem,other,none,5.00,0.50,7,子图 运动命令 内部化学连接
8167696,10915553,chem,other,none,5.00,0.50,1,子图 运动命令 内部化学连接
8167696,11050498,chem,other,none,5.00,0.50,1,子图 运动命令 内部化学连接
8167696,15638906,chem,other,none,5.00,0.50,1,子图 运动命令 内部化学连接
8167696,17360038,chem,other,none,5.00,0.50,2,子图 运动命令 内部化学连接
8167696,17732270,chem,other,none,5.00,0.50,1,子图 运动命令 内部化学连接
8167696,17804729,chem,other,none,5.00,0.50,1,子图 运动命令 内部化学连接
8167696,18639459,chem,other,none,5.00,0.50,1,子图 运动命令 内部化学连接
8216541,858479,chem,other,none,5.00,0.50,1,子图 运动命令 内部化学连接
8216541,4541081,chem,other,none,5.00,0.50,2,子图 运动命令 内部化学连接
8216541,8154054,chem,other,none,5.00,0.50,1,子图 运动命令 内部化学连接
8227502,4116174,chem,other,none,5.00,0.50,1,子图 运动命令 内部化学连接
8227502,10865025,chem,other,none,5.00,0.50,1,子图 运动命令 内部化学连接
8227502,16463097,chem,other,none,5.00,0.50,3,子图 运动命令 内部化学连接
8253620,3060480,chem,other,none,5.00,0.50,2,子图 运动命令 内部化学连接
8253620,3149791,chem,other,none,5.00,0.50,2,子图 运动命令 内部化学连接
8253620,3620633,chem,other,none,5.00,0.50,3,子图 运动命令 内部化学连接
8253620,3946166,chem,other,none,5.00,0.50,1,子图 运动命令 内部化学连接
8253620,5462159,chem,other,none,5.00,0.50,4,子图 运动命令 内部化学连接
8253620,5680013,chem,other,none,5.00,0.50,4,子图 运动命令 内部化学连接
8253620,5763407,chem,other,none,5.00,0.50,1,子图 运动命令 内部化学连接
8253620,6114695,chem,other,none,5.00,0.50,1,子图 运动命令 内部化学连接
8253620,6446394,chem,other,none,5.00,0.50,5,子图 运动命令 内部化学连接
8253620,7467027,chem,other,none,5.00,0.50,2,子图 运动命令 内部化学连接
8253620,8709865,chem,other,none,5.00,0.50,1,子图 运动命令 内部化学连接
8253620,9234420,chem,other,none,5.00,0.50,1,子图 运动命令 内部化学连接
8253620,9643439,chem,other,none,5.00,0.50,2,子图 运动命令 内部化学连接
8253620,10797407,chem,other,none,5.00,0.50,2,子图 运动命令 内部化学连接
8253620,10922928,chem,other,none,5.00,0.50,1,子图 运动命令 内部化学连接
8253620,10945795,chem,other,none,5.00,0.50,2,子图 运动命令 内部化学连接
8253620,11081239,chem,other,none,5.00,0.50,1,子图 运动命令 内部化学连接
8253620,12279941,chem,other,none,5.00,0.50,3,子图 运动命令 内部化学连接
8253620,13049485,chem,other,none,5.00,0.50,1,子图 运动命令 内部化学连接
8253620,13081886,chem,other,none,5.00,0.50,2,子图 运动命令 内部化学连接
8253620,14034206,chem,other,none,5.00,0.50,1,子图 运动命令 内部化学连接
8253620,14753815,chem,other,none,5.00,0.50,1,子图 运动命令 内部化学连接
8253620,15365184,chem,other,none,5.00,0.50,1,子图 运动命令 内部化学连接
8253620,15590555,chem,other,none,5.00,0.50,2,子图 运动命令 内部化学连接
8253620,15594113,chem,other,none,5.00,0.50,2,子图 运动命令 内部化学连接
8253620,16059134,chem,other,none,5.00,0.50,3,子图 运动命令 内部化学连接
8253620,16096934,chem,other,none,5.00,0.50,1,子图 运动命令 内部化学连接
8253620,16115575,chem,other,none,5.00,0.50,4,子图 运动命令 内部化学连接
8253620,16848587,chem,other,none,5.00,0.50,3,子图 运动命令 内部化学连接
8253620,16931001,chem,other,none,5.00,0.50,1,子图 运动命令 内部化学连接
8253620,17328632,chem,other,none,5.00,0.50,7,子图 运动命令 内部化学连接
8253620,17354392,chem,other,none,5.00,0.50,1,子图 运动命令 内部化学连接
8253620,17360038,chem,other,none,5.00,0.50,6,子图 运动命令 内部化学连接
8253620,17378483,chem,other,none,5.00,0.50,2,子图 运动命令 内部化学连接
8253620,17658978,chem,other,none,5.00,0.50,1,子图 运动命令 内部化学连接
8253620,17728922,chem,other,none,5.00,0.50,2,子图 运动命令 内部化学连接
8253620,18639459,chem,other,none,5.00,0.50,1,子图 运动命令 内部化学连接
8253620,18644088,chem,other,none,5.00,0.50,3,子图 运动命令 内部化学连接
8253620,21300466,chem,other,none,5.00,0.50,2,子图 运动命令 内部化学连接
8271875,1622901,chem,other,none,5.00,0.50,1,子图 运动命令 内部化学连接
8271875,1646076,chem,other,none,5.00,0.50,5,子图 运动命令 内部化学连接
8271875,1678567,chem,other,none,5.00,0.50,1,子图 运动命令 内部化学连接
8271875,4966994,chem,other,none,5.00,0.50,1,子图 运动命令 内部化学连接
8271875,7025064,chem,other,none,5.00,0.50,1,子图 运动命令 内部化学连接
8271875,8025665,chem,other,none,5.00,0.50,1,子图 运动命令 内部化学连接
8271875,8271875,chem,other,none,5.00,0.50,1,子图 运动命令 内部化学连接
8271875,9077224,chem,other,none,5.00,0.50,1,子图 运动命令 内部化学连接
8271875,9154024,chem,other,none,5.00,0.50,1,子图 运动命令 内部化学连接
8271875,9235545,chem,other,none,5.00,0.50,1,子图 运动命令 内部化学连接
8271875,9239759,chem,other,none,5.00,0.50,1,子图 运动命令 内部化学连接
8271875,10553248,chem,other,none,5.00,0.50,2,子图 运动命令 内部化学连接
8271875,10728328,chem,other,none,5.00,0.50,1,子图 运动命令 内部化学连接
8271875,10728333,chem,other,none,5.00,0.50,1,子图 运动命令 内部化学连接
8271875,11362334,chem,other,none,5.00,0.50,1,子图 运动命令 内部化学连接
8271875,12474815,chem,other,none,5.00,0.50,2,子图 运动命令 内部化学连接
8271875,12935706,chem,other,none,5.00,0.50,1,子图 运动命令 内部化学连接
8271875,13557064,chem,other,none,5.00,0.50,1,子图 运动命令 内部化学连接
8271875,14726069,chem,other,none,5.00,0.50,1,子图 运动命令 内部化学连接
8271875,16560178,chem,other,none,5.00,0.50,1,子图 运动命令 内部化学连接
8271875,16709072,chem,other,none,5.00,0.50,2,子图 运动命令 内部化学连接
8271875,16851496,chem,other,none,5.00,0.50,3,子图 运动命令 内部化学连接
8271875,16851577,chem,other,none,5.00,0.50,3,子图 运动命令 内部化学连接
8271875,16851718,chem,other,none,5.00,0.50,2,子图 运动命令 内部化学连接
8271875,16852589,chem,other,none,5.00,0.50,10,子图 运动命令 内部化学连接
8271875,16950115,chem,other,none,5.00,0.50,2,子图 运动命令 内部化学连接
8271875,16952691,chem,other,none,5.00,0.50,1,子图 运动命令 内部化学连接
8271875,17022668,chem,other,none,5.00,0.50,6,子图 运动命令 内部化学连接
8271875,17454636,chem,other,none,5.00,0.50,12,子图 运动命令 内部化学连接
8271875,18464581,chem,other,none,5.00,0.50,3,子图 运动命令 内部化学连接
8271875,18545747,chem,other,none,5.00,0.50,1,子图 运动命令 内部化学连接
8271875,18551732,chem,other,none,5.00,0.50,23,子图 运动命令 内部化学连接
8271875,19361427,chem,other,none,5.00,0.50,1,子图 运动命令 内部化学连接
8347720,8348277,chem,other,none,5.00,0.50,2,子图 运动命令 内部化学连接
8347720,12279909,chem,other,none,5.00,0.50,2,子图 运动命令 内部化学连接
8347720,13422280,chem,other,none,5.00,0.50,1,子图 运动命令 内部化学连接
8347720,15576292,chem,other,none,5.00,0.50,1,子图 运动命令 内部化学连接
8347720,15608953,chem,other,none,5.00,0.50,1,子图 运动命令 内部化学连接
8347720,16096934,chem,other,none,5.00,0.50,1,子图 运动命令 内部化学连接
8347720,17927604,chem,other,none,5.00,0.50,1,子图 运动命令 内部化学连接
8347907,3044500,chem,other,none,5.00,0.50,3,子图 运动命令 内部化学连接
8347907,5462159,chem,other,none,5.00,0.50,5,子图 运动命令 内部化学连接
8347907,5680013,chem,other,none,5.00,0.50,7,子图 运动命令 内部化学连接
8347907,5684940,chem,other,none,5.00,0.50,1,子图 运动命令 内部化学连接
8347907,6572414,chem,other,none,5.00,0.50,4,子图 运动命令 内部化学连接
8347907,6623089,chem,other,none,5.00,0.50,5,子图 运动命令 内部化学连接
8347907,8687096,chem,other,none,5.00,0.50,1,子图 运动命令 内部化学连接
8347907,10609443,chem,other,none,5.00,0.50,1,子图 运动命令 内部化学连接
8347907,13714311,chem,other,none,5.00,0.50,1,子图 运动命令 内部化学连接
8347907,14757050,chem,other,none,5.00,0.50,1,子图 运动命令 内部化学连接
8347907,17315288,chem,other,none,5.00,0.50,1,子图 运动命令 内部化学连接
8347907,18035063,chem,other,none,5.00,0.50,1,子图 运动命令 内部化学连接
8347907,18149325,chem,other,none,5.00,0.50,8,子图 运动命令 内部化学连接
8347907,18527962,chem,other,none,5.00,0.50,2,子图 运动命令 内部化学连接
8347907,20151537,chem,other,none,5.00,0.50,1,子图 运动命令 内部化学连接
8348277,2438653,chem,other,none,5.00,0.50,1,子图 运动命令 内部化学连接
8348277,13422280,chem,other,none,5.00,0.50,2,子图 运动命令 内部化学连接
8348277,15576292,chem,other,none,5.00,0.50,1,子图 运动命令 内部化学连接
8357933,7056904,chem,other,none,5.00,0.50,1,子图 运动命令 内部化学连接
8357933,7955278,chem,other,none,5.00,0.50,12,子图 运动命令 内部化学连接
8357933,17353986,chem,other,none,5.00,0.50,1,子图 运动命令 内部化学连接
8357933,17358891,chem,other,none,5.00,0.50,4,子图 运动命令 内部化学连接
8357933,17728571,chem,other,none,5.00,0.50,8,子图 运动命令 内部化学连接
8357933,17732256,chem,other,none,5.00,0.50,1,子图 运动命令 内部化学连接
8357933,17732346,chem,other,none,5.00,0.50,1,子图 运动命令 内部化学连接
8357933,17809869,chem,other,none,5.00,0.50,7,子图 运动命令 内部化学连接
8357933,17867309,chem,other,none,5.00,0.50,1,子图 运动命令 内部化学连接
8357933,18076102,chem,other,none,5.00,0.50,5,子图 运动命令 内部化学连接
8391330,1980134,chem,other,none,5.00,0.50,1,子图 运动命令 内部化学连接
8391330,5680013,chem,other,none,5.00,0.50,1,子图 运动命令 内部化学连接
8391330,10880408,chem,other,none,5.00,0.50,1,子图 运动命令 内部化学连接
8391330,16952648,chem,other,none,5.00,0.50,1,子图 运动命令 内部化学连接
8391330,17732256,chem,other,none,5.00,0.50,1,子图 运动命令 内部化学连接
8391330,17777031,chem,other,none,5.00,0.50,3,子图 运动命令 内部化学连接
8461082,1868538,chem,other,none,5.00,0.50,1,子图 运动命令 内部化学连接
8461082,3764792,chem,other,none,5.00,0.50,2,子图 运动命令 内部化学连接
8461082,3765735,chem,other,none,5.00,0.50,3,子图 运动命令 内部化学连接
8461082,4663875,chem,other,none,5.00,0.50,1,子图 运动命令 内部化学连接
8461082,5745110,chem,other,none,5.00,0.50,1,子图 运动命令 内部化学连接
8461082,5754346,chem,other,none,5.00,0.50,2,子图 运动命令 内部化学连接
8461082,6445994,chem,other,none,5.00,0.50,1,子图 运动命令 内部化学连接
8461082,7388340,chem,other,none,5.00,0.50,10,子图 运动命令 内部化学连接
8461082,7467027,chem,other,none,5.00,0.50,5,子图 运动命令 内部化学连接
8461082,8696919,chem,other,none,5.00,0.50,1,子图 运动命令 内部化学连接
8461082,9234420,chem,other,none,5.00,0.50,1,子图 运动命令 内部化学连接
8461082,10345590,chem,other,none,5.00,0.50,2,子图 运动命令 内部化学连接
8461082,10781924,chem,other,none,5.00,0.50,1,子图 运动命令 内部化学连接
8461082,10842099,chem,other,none,5.00,0.50,2,子图 运动命令 内部化学连接
8461082,10882750,chem,other,none,5.00,0.50,6,子图 运动命令 内部化学连接
8461082,10945795,chem,other,none,5.00,0.50,1,子图 运动命令 内部化学连接
8461082,11081239,chem,other,none,5.00,0.50,1,子图 运动命令 内部化学连接
8461082,11084320,chem,other,none,5.00,0.50,12,子图 运动命令 内部化学连接
8461082,11271082,chem,other,none,5.00,0.50,2,子图 运动命令 内部化学连接
8461082,11348509,chem,other,none,5.00,0.50,8,子图 运动命令 内部化学连接
8461082,13749806,chem,other,none,5.00,0.50,3,子图 运动命令 内部化学连接
8461082,14034206,chem,other,none,5.00,0.50,2,子图 运动命令 内部化学连接
8461082,14914182,chem,other,none,5.00,0.50,1,子图 运动命令 内部化学连接
8461082,15048530,chem,other,none,5.00,0.50,2,子图 运动命令 内部化学连接
8461082,15585114,chem,other,none,5.00,0.50,2,子图 运动命令 内部化学连接
8461082,15606239,chem,other,none,5.00,0.50,15,子图 运动命令 内部化学连接
8461082,16433696,chem,other,none,5.00,0.50,1,子图 运动命令 内部化学连接
8461082,17360038,chem,other,none,5.00,0.50,1,子图 运动命令 内部化学连接
8461082,17378483,chem,other,none,5.00,0.50,2,子图 运动命令 内部化学连接
8461082,17380080,chem,other,none,5.00,0.50,2,子图 运动命令 内部化学连接
8461082,17728922,chem,other,none,5.00,0.50,6,子图 运动命令 内部化学连接
8461082,21590958,chem,other,none,5.00,0.50,1,子图 运动命令 内部化学连接
8471817,3027876,chem,other,none,5.00,0.50,12,子图 运动命令 内部化学连接
8471817,3765735,chem,other,none,5.00,0.50,1,子图 运动命令 内部化学连接
8471817,6317793,chem,other,none,5.00,0.50,1,子图 运动命令 内部化学连接
8471817,8471817,chem,other,none,5.00,0.50,1,子图 运动命令 内部化学连接
8471817,8566140,chem,other,none,5.00,0.50,1,子图 运动命令 内部化学连接
8471817,8571259,chem,other,none,5.00,0.50,2,子图 运动命令 内部化学连接
8471817,11278919,chem,other,none,5.00,0.50,5,子图 运动命令 内部化学连接
8471817,13763548,chem,other,none,5.00,0.50,1,子图 运动命令 内部化学连接
8471817,15606239,chem,other,none,5.00,0.50,1,子图 运动命令 内部化学连接
8471817,15610774,chem,other,none,5.00,0.50,1,子图 运动命令 内部化学连接
8471817,17328632,chem,other,none,5.00,0.50,2,子图 运动命令 内部化学连接
8471817,17384874,chem,other,none,5.00,0.50,1,子图 运动命令 内部化学连接
8471817,17813001,chem,other,none,5.00,0.50,5,子图 运动命令 内部化学连接
8496618,5052370,chem,other,none,5.00,0.50,4,子图 运动命令 内部化学连接
8496618,5164129,chem,other,none,5.00,0.50,1,子图 运动命令 内部化学连接
8496618,5805651,chem,other,none,5.00,0.50,1,子图 运动命令 内部化学连接
8496618,5893912,chem,other,none,5.00,0.50,1,子图 运动命令 内部化学连接
8496618,6153877,chem,other,none,5.00,0.50,6,子图 运动命令 内部化学连接
8496618,6610913,chem,other,none,5.00,0.50,1,子图 运动命令 内部化学连接
8496618,8161148,chem,other,none,5.00,0.50,15,子图 运动命令 内部化学连接
8496618,8496618,chem,other,none,5.00,0.50,1,子图 运动命令 内部化学连接
8496618,9714476,chem,other,none,5.00,0.50,3,子图 运动命令 内部化学连接
8496618,10728333,chem,other,none,5.00,0.50,2,子图 运动命令 内部化学连接
8496618,10781924,chem,other,none,5.00,0.50,1,子图 运动命令 内部化学连接
8496618,13557064,chem,other,none,5.00,0.50,1,子图 运动命令 内部化学连接
8496618,14034206,chem,other,none,5.00,0.50,1,子图 运动命令 内部化学连接
8496618,14374534,chem,other,none,5.00,0.50,1,子图 运动命令 内部化学连接
8496618,14621584,chem,other,none,5.00,0.50,2,子图 运动命令 内部化学连接
8496618,15467736,chem,other,none,5.00,0.50,10,子图 运动命令 内部化学连接
8496618,15894178,chem,other,none,5.00,0.50,2,子图 运动命令 内部化学连接
8496618,15894278,chem,other,none,5.00,0.50,2,子图 运动命令 内部化学连接
8496618,16340011,chem,other,none,5.00,0.50,1,子图 运动命令 内部化学连接
8496618,16340977,chem,other,none,5.00,0.50,1,子图 运动命令 内部化学连接
8496618,16388736,chem,other,none,5.00,0.50,2,子图 运动命令 内部化学连接
8496618,16561224,chem,other,none,5.00,0.50,1,子图 运动命令 内部化学连接
8496618,16578252,chem,other,none,5.00,0.50,1,子图 运动命令 内部化学连接
8496618,16852421,chem,other,none,5.00,0.50,1,子图 运动命令 内部化学连接
8496618,16863538,chem,other,none,5.00,0.50,2,子图 运动命令 内部化学连接
8496618,16910799,chem,other,none,5.00,0.50,2,子图 运动命令 内部化学连接
8496618,16950550,chem,other,none,5.00,0.50,7,子图 运动命令 内部化学连接
8496618,17358864,chem,other,none,5.00,0.50,1,子图 运动命令 内部化学连接
8496618,17358891,chem,other,none,5.00,0.50,3,子图 运动命令 内部化学连接
8496618,17659014,chem,other,none,5.00,0.50,1,子图 运动命令 内部化学连接
8496618,18232369,chem,other,none,5.00,0.50,1,子图 运动命令 内部化学连接
8529400,3044500,chem,other,none,5.00,0.50,6,子图 运动命令 内部化学连接
8529400,5764924,chem,other,none,5.00,0.50,3,子图 运动命令 内部化学连接
8529400,6125806,chem,other,none,5.00,0.50,3,子图 运动命令 内部化学连接
8529400,6317793,chem,other,none,5.00,0.50,1,子图 运动命令 内部化学连接
8529400,7449767,chem,other,none,5.00,0.50,3,子图 运动命令 内部化学连接
8529400,7573476,chem,other,none,5.00,0.50,4,子图 运动命令 内部化学连接
8529400,7587948,chem,other,none,5.00,0.50,3,子图 运动命令 内部化学连接
8529400,8047280,chem,other,none,5.00,0.50,4,子图 运动命令 内部化学连接
8529400,10527147,chem,other,none,5.00,0.50,3,子图 运动命令 内部化学连接
8529400,10728323,chem,other,none,5.00,0.50,1,子图 运动命令 内部化学连接
8529400,10947427,chem,other,none,5.00,0.50,2,子图 运动命令 内部化学连接
8529400,14617508,chem,other,none,5.00,0.50,1,子图 运动命令 内部化学连接
8529400,15792643,chem,other,none,5.00,0.50,1,子图 运动命令 内部化学连接
8529400,17729335,chem,other,none,5.00,0.50,1,子图 运动命令 内部化学连接
8529400,17732270,chem,other,none,5.00,0.50,3,子图 运动命令 内部化学连接
8529400,19857577,chem,other,none,5.00,0.50,4,子图 运动命令 内部化学连接
8529400,21590958,chem,other,none,5.00,0.50,1,子图 运动命令 内部化学连接
8546775,3027876,chem,other,none,5.00,0.50,10,子图 运动命令 内部化学连接
8546775,5973097,chem,other,none,5.00,0.50,1,子图 运动命令 内部化学连接
8546775,8546775,chem,other,none,5.00,0.50,1,子图 运动命令 内部化学连接
8546775,8566140,chem,other,none,5.00,0.50,7,子图 运动命令 内部化学连接
8546775,8572353,chem,other,none,5.00,0.50,1,子图 运动命令 内部化学连接
8546775,10768709,chem,other,none,5.00,0.50,2,子图 运动命令 内部化学连接
8546775,11278919,chem,other,none,5.00,0.50,3,子图 运动命令 内部化学连接
8546775,11306294,chem,other,none,5.00,0.50,2,子图 运动命令 内部化学连接
8546775,13953184,chem,other,none,5.00,0.50,2,子图 运动命令 内部化学连接
8546775,15048530,chem,other,none,5.00,0.50,2,子图 运动命令 内部化学连接
8546775,15576292,chem,other,none,5.00,0.50,1,子图 运动命令 内部化学连接
8546775,16195633,chem,other,none,5.00,0.50,1,子图 运动命令 内部化学连接
8546775,17384874,chem,other,none,5.00,0.50,1,子图 运动命令 内部化学连接
8546775,17913032,chem,other,none,5.00,0.50,1,子图 运动命令 内部化学连接
8566140,1065967,chem,other,none,5.00,0.50,3,子图 运动命令 内部化学连接
8566140,1646076,chem,other,none,5.00,0.50,2,子图 运动命令 内部化学连接
8566140,1868538,chem,other,none,5.00,0.50,1,子图 运动命令 内部化学连接
8566140,2669844,chem,other,none,5.00,0.50,1,子图 运动命令 内部化学连接
8566140,3027876,chem,other,none,5.00,0.50,1,子图 运动命令 内部化学连接
8566140,3945756,chem,other,none,5.00,0.50,1,子图 运动命令 内部化学连接
8566140,4110483,chem,other,none,5.00,0.50,3,子图 运动命令 内部化学连接
8566140,5902352,chem,other,none,5.00,0.50,1,子图 运动命令 内部化学连接
8566140,7005145,chem,other,none,5.00,0.50,2,子图 运动命令 内部化学连接
8566140,7590264,chem,other,none,5.00,0.50,1,子图 运动命令 内部化学连接
8566140,8127390,chem,other,none,5.00,0.50,7,子图 运动命令 内部化学连接
8566140,9077224,chem,other,none,5.00,0.50,4,子图 运动命令 内部化学连接
8566140,9116228,chem,other,none,5.00,0.50,3,子图 运动命令 内部化学连接
8566140,9753494,chem,other,none,5.00,0.50,1,子图 运动命令 内部化学连接
8566140,10276161,chem,other,none,5.00,0.50,5,子图 运动命令 内部化学连接
8566140,10596949,chem,other,none,5.00,0.50,2,子图 运动命令 内部化学连接
8566140,10792617,chem,other,none,5.00,0.50,1,子图 运动命令 内部化学连接
8566140,10880408,chem,other,none,5.00,0.50,1,子图 运动命令 内部化学连接
8566140,11348509,chem,other,none,5.00,0.50,1,子图 运动命令 内部化学连接
8566140,12031406,chem,other,none,5.00,0.50,1,子图 运动命令 内部化学连接
8566140,12551020,chem,other,none,5.00,0.50,3,子图 运动命令 内部化学连接
8566140,12782494,chem,other,none,5.00,0.50,1,子图 运动命令 内部化学连接
8566140,13411445,chem,other,none,5.00,0.50,3,子图 运动命令 内部化学连接
8566140,13652117,chem,other,none,5.00,0.50,1,子图 运动命令 内部化学连接
8566140,14617508,chem,other,none,5.00,0.50,7,子图 运动命令 内部化学连接
8566140,14680483,chem,other,none,5.00,0.50,10,子图 运动命令 内部化学连接
8566140,14753815,chem,other,none,5.00,0.50,1,子图 运动命令 内部化学连接
8566140,14754777,chem,other,none,5.00,0.50,3,子图 运动命令 内部化学连接
8566140,14756061,chem,other,none,5.00,0.50,4,子图 运动命令 内部化学连接
8566140,15048530,chem,other,none,5.00,0.50,1,子图 运动命令 内部化学连接
8566140,15522152,chem,other,none,5.00,0.50,7,子图 运动命令 内部化学连接
8566140,15548844,chem,other,none,5.00,0.50,17,子图 运动命令 内部化学连接
8566140,15560623,chem,other,none,5.00,0.50,1,子图 运动命令 内部化学连接
8566140,15610774,chem,other,none,5.00,0.50,1,子图 运动命令 内部化学连接
8566140,15792643,chem,other,none,5.00,0.50,4,子图 运动命令 内部化学连接
8566140,16167914,chem,other,none,5.00,0.50,1,子图 运动命令 内部化学连接
8566140,16347786,chem,other,none,5.00,0.50,1,子图 运动命令 内部化学连接
8566140,16415910,chem,other,none,5.00,0.50,4,子图 运动命令 内部化学连接
8566140,16561660,chem,other,none,5.00,0.50,1,子图 运动命令 内部化学连接
8566140,17324711,chem,other,none,5.00,0.50,1,子图 运动命令 内部化学连接
8566140,17360282,chem,other,none,5.00,0.50,2,子图 运动命令 内部化学连接
8566140,18305433,chem,other,none,5.00,0.50,1,子图 运动命令 内部化学连接
8566140,19132527,chem,other,none,5.00,0.50,1,子图 运动命令 内部化学连接
8566140,20443362,chem,other,none,5.00,0.50,2,子图 运动命令 内部化学连接
8571259,1980134,chem,other,none,5.00,0.50,3,子图 运动命令 内部化学连接
8571259,2659504,chem,other,none,5.00,0.50,3,子图 运动命令 内部化学连接
8571259,3021609,chem,other,none,5.00,0.50,1,子图 运动命令 内部化学连接
8571259,3027876,chem,other,none,5.00,0.50,2,子图 运动命令 内部化学连接
8571259,3044500,chem,other,none,5.00,0.50,2,子图 运动命令 内部化学连接
8571259,3944626,chem,other,none,5.00,0.50,6,子图 运动命令 内部化学连接
8571259,4127096,chem,other,none,5.00,0.50,1,子图 运动命令 内部化学连接
8571259,6317793,chem,other,none,5.00,0.50,2,子图 运动命令 内部化学连接
8571259,8070872,chem,other,none,5.00,0.50,1,子图 运动命令 内部化学连接
8571259,8142831,chem,other,none,5.00,0.50,1,子图 运动命令 内部化学连接
8571259,9034378,chem,other,none,5.00,0.50,4,子图 运动命令 内部化学连接
8571259,9116228,chem,other,none,5.00,0.50,7,子图 运动命令 内部化学连接
8571259,10583715,chem,other,none,5.00,0.50,1,子图 运动命令 内部化学连接
8571259,10600188,chem,other,none,5.00,0.50,3,子图 运动命令 内部化学连接
8571259,10792617,chem,other,none,5.00,0.50,1,子图 运动命令 内部化学连接
8571259,11073313,chem,other,none,5.00,0.50,3,子图 运动命令 内部化学连接
8571259,11891098,chem,other,none,5.00,0.50,1,子图 运动命令 内部化学连接
8571259,12031406,chem,other,none,5.00,0.50,1,子图 运动命令 内部化学连接
8571259,12420377,chem,other,none,5.00,0.50,2,子图 运动命令 内部化学连接
8571259,13242252,chem,other,none,5.00,0.50,1,子图 运动命令 内部化学连接
8571259,13818467,chem,other,none,5.00,0.50,1,子图 运动命令 内部化学连接
8571259,14492880,chem,other,none,5.00,0.50,3,子图 运动命令 内部化学连接
8571259,14501257,chem,other,none,5.00,0.50,3,子图 运动命令 内部化学连接
8571259,14617508,chem,other,none,5.00,0.50,1,子图 运动命令 内部化学连接
8571259,14638686,chem,other,none,5.00,0.50,1,子图 运动命令 内部化学连接
8571259,14655602,chem,other,none,5.00,0.50,1,子图 运动命令 内部化学连接
8571259,14680483,chem,other,none,5.00,0.50,2,子图 运动命令 内部化学连接
8571259,14753815,chem,other,none,5.00,0.50,1,子图 运动命令 内部化学连接
8571259,15055590,chem,other,none,5.00,0.50,1,子图 运动命令 内部化学连接
8571259,15481779,chem,other,none,5.00,0.50,1,子图 运动命令 内部化学连接
8571259,15560623,chem,other,none,5.00,0.50,1,子图 运动命令 内部化学连接
8571259,15610774,chem,other,none,5.00,0.50,1,子图 运动命令 内部化学连接
8571259,15672269,chem,other,none,5.00,0.50,1,子图 运动命令 内部化学连接
8571259,15792643,chem,other,none,5.00,0.50,3,子图 运动命令 内部化学连接
8571259,16195633,chem,other,none,5.00,0.50,3,子图 运动命令 内部化学连接
8571259,16340461,chem,other,none,5.00,0.50,4,子图 运动命令 内部化学连接
8571259,16340977,chem,other,none,5.00,0.50,2,子图 运动命令 内部化学连接
8571259,16415910,chem,other,none,5.00,0.50,4,子图 运动命令 内部化学连接
8571259,16422727,chem,other,none,5.00,0.50,2,子图 运动命令 内部化学连接
8571259,16445073,chem,other,none,5.00,0.50,5,子图 运动命令 内部化学连接
8571259,16545179,chem,other,none,5.00,0.50,1,子图 运动命令 内部化学连接
8571259,16851791,chem,other,none,5.00,0.50,8,子图 运动命令 内部化学连接
8571259,17087885,chem,other,none,5.00,0.50,1,子图 运动命令 内部化学连接
8571259,17354414,chem,other,none,5.00,0.50,1,子图 运动命令 内部化学连接
8571259,17587726,chem,other,none,5.00,0.50,2,子图 运动命令 内部化学连接
8571259,17660233,chem,other,none,5.00,0.50,1,子图 运动命令 内部化学连接
8571259,17729335,chem,other,none,5.00,0.50,2,子图 运动命令 内部化学连接
8571259,17813001,chem,other,none,5.00,0.50,2,子图 运动命令 内部化学连接
8571259,18302931,chem,other,none,5.00,0.50,1,子图 运动命令 内部化学连接
8571259,19167389,chem,other,none,5.00,0.50,6,子图 运动命令 内部化学连接
8572353,1646076,chem,other,none,5.00,0.50,3,子图 运动命令 内部化学连接
8572353,1961182,chem,other,none,5.00,0.50,1,子图 运动命令 内部化学连接
8572353,2669844,chem,other,none,5.00,0.50,1,子图 运动命令 内部化学连接
8572353,3027876,chem,other,none,5.00,0.50,5,子图 运动命令 内部化学连接
8572353,3765735,chem,other,none,5.00,0.50,4,子图 运动命令 内部化学连接
8572353,4110483,chem,other,none,5.00,0.50,1,子图 运动命令 内部化学连接
8572353,4876839,chem,other,none,5.00,0.50,11,子图 运动命令 内部化学连接
8572353,5369028,chem,other,none,5.00,0.50,5,子图 运动命令 内部化学连接
8572353,5902352,chem,other,none,5.00,0.50,1,子图 运动命令 内部化学连接
8572353,5936935,chem,other,none,5.00,0.50,1,子图 运动命令 内部化学连接
8572353,6143930,chem,other,none,5.00,0.50,2,子图 运动命令 内部化学连接
8572353,7005145,chem,other,none,5.00,0.50,1,子图 运动命令 内部化学连接
8572353,7982307,chem,other,none,5.00,0.50,1,子图 运动命令 内部化学连接
8572353,8127390,chem,other,none,5.00,0.50,7,子图 运动命令 内部化学连接
8572353,9077224,chem,other,none,5.00,0.50,7,子图 运动命令 内部化学连接
8572353,9116228,chem,other,none,5.00,0.50,1,子图 运动命令 内部化学连接
8572353,9424902,chem,other,none,5.00,0.50,1,子图 运动命令 内部化学连接
8572353,9480916,chem,other,none,5.00,0.50,2,子图 运动命令 内部化学连接
8572353,9753494,chem,other,none,5.00,0.50,4,子图 运动命令 内部化学连接
8572353,10276161,chem,other,none,5.00,0.50,1,子图 运动命令 内部化学连接
8572353,10523825,chem,other,none,5.00,0.50,7,子图 运动命令 内部化学连接
8572353,10596949,chem,other,none,5.00,0.50,2,子图 运动命令 内部化学连接
8572353,10600188,chem,other,none,5.00,0.50,1,子图 运动命令 内部化学连接
8572353,10842099,chem,other,none,5.00,0.50,1,子图 运动命令 内部化学连接
8572353,10872426,chem,other,none,5.00,0.50,1,子图 运动命令 内部化学连接
8572353,10875178,chem,other,none,5.00,0.50,1,子图 运动命令 内部化学连接
8572353,11348509,chem,other,none,5.00,0.50,5,子图 运动命令 内部化学连接
8572353,12031406,chem,other,none,5.00,0.50,12,子图 运动命令 内部化学连接
8572353,12551020,chem,other,none,5.00,0.50,9,子图 运动命令 内部化学连接
8572353,13411445,chem,other,none,5.00,0.50,1,子图 运动命令 内部化学连接
8572353,13652117,chem,other,none,5.00,0.50,3,子图 运动命令 内部化学连接
8572353,13834125,chem,other,none,5.00,0.50,1,子图 运动命令 内部化学连接
8572353,14501257,chem,other,none,5.00,0.50,2,子图 运动命令 内部化学连接
8572353,14617508,chem,other,none,5.00,0.50,14,子图 运动命令 内部化学连接
8572353,14680483,chem,other,none,5.00,0.50,7,子图 运动命令 内部化学连接
8572353,14754777,chem,other,none,5.00,0.50,10,子图 运动命令 内部化学连接
8572353,14756061,chem,other,none,5.00,0.50,14,子图 运动命令 内部化学连接
8572353,15560623,chem,other,none,5.00,0.50,2,子图 运动命令 内部化学连接
8572353,15610774,chem,other,none,5.00,0.50,1,子图 运动命令 内部化学连接
8572353,15792643,chem,other,none,5.00,0.50,1,子图 运动命令 内部化学连接
8572353,16167914,chem,other,none,5.00,0.50,2,子图 运动命令 内部化学连接
8572353,16340011,chem,other,none,5.00,0.50,2,子图 运动命令 内部化学连接
8572353,16340977,chem,other,none,5.00,0.50,1,子图 运动命令 内部化学连接
8572353,16342197,chem,other,none,5.00,0.50,2,子图 运动命令 内部化学连接
8572353,16545179,chem,other,none,5.00,0.50,2,子图 运动命令 内部化学连接
8572353,16676038,chem,other,none,5.00,0.50,1,子图 运动命令 内部化学连接
8572353,17359501,chem,other,none,5.00,0.50,1,子图 运动命令 内部化学连接
8572353,17360282,chem,other,none,5.00,0.50,12,子图 运动命令 内部化学连接
8572353,17455871,chem,other,none,5.00,0.50,8,子图 运动命令 内部化学连接
8572353,17587730,chem,other,none,5.00,0.50,1,子图 运动命令 内部化学连接
8572353,18111410,chem,other,none,5.00,0.50,2,子图 运动命令 内部化学连接
8572353,19017386,chem,other,none,5.00,0.50,4,子图 运动命令 内部化学连接
8572353,20479904,chem,other,none,5.00,0.50,1,子图 运动命令 内部化学连接
8592501,1065967,chem,other,none,5.00,0.50,1,子图 运动命令 内部化学连接
8592501,1868538,chem,other,none,5.00,0.50,1,子图 运动命令 内部化学连接
8592501,1961182,chem,other,none,5.00,0.50,4,子图 运动命令 内部化学连接
8592501,3149791,chem,other,none,5.00,0.50,6,子图 运动命令 内部化学连接
8592501,3764792,chem,other,none,5.00,0.50,6,子图 运动命令 内部化学连接
8592501,5936935,chem,other,none,5.00,0.50,3,子图 运动命令 内部化学连接
8592501,6193472,chem,other,none,5.00,0.50,1,子图 运动命令 内部化学连接
8592501,9753494,chem,other,none,5.00,0.50,1,子图 运动命令 内部化学连接
8592501,10449035,chem,other,none,5.00,0.50,1,子图 运动命令 内部化学连接
8592501,10781924,chem,other,none,5.00,0.50,1,子图 运动命令 内部化学连接
8592501,10870424,chem,other,none,5.00,0.50,2,子图 运动命令 内部化学连接
8592501,10922928,chem,other,none,5.00,0.50,8,子图 运动命令 内部化学连接
8592501,12474815,chem,other,none,5.00,0.50,2,子图 运动命令 内部化学连接
8592501,15548844,chem,other,none,5.00,0.50,2,子图 运动命令 内部化学连接
8592501,15897280,chem,other,none,5.00,0.50,1,子图 运动命令 内部化学连接
8592501,17658948,chem,other,none,5.00,0.50,1,子图 运动命令 内部化学连接
8592501,17729973,chem,other,none,5.00,0.50,3,子图 运动命令 内部化学连接
8592501,19132527,chem,other,none,5.00,0.50,9,子图 运动命令 内部化学连接
8592501,20443571,chem,other,none,5.00,0.50,1,子图 运动命令 内部化学连接
8687096,2979675,chem,other,none,5.00,0.50,1,子图 运动命令 内部化学连接
8687096,5134110,chem,other,none,5.00,0.50,1,子图 运动命令 内部化学连接
8687096,5657004,chem,other,none,5.00,0.50,8,子图 运动命令 内部化学连接
8687096,6114695,chem,other,none,5.00,0.50,2,子图 运动命令 内部化学连接
8687096,6125806,chem,other,none,5.00,0.50,1,子图 运动命令 内部化学连接
8687096,7422253,chem,other,none,5.00,0.50,3,子图 运动命令 内部化学连接
8687096,7429933,chem,other,none,5.00,0.50,7,子图 运动命令 内部化学连接
8687096,7573476,chem,other,none,5.00,0.50,1,子图 运动命令 内部化学连接
8687096,8167696,chem,other,none,5.00,0.50,2,子图 运动命令 内部化学连接
8687096,8253620,chem,other,none,5.00,0.50,1,子图 运动命令 内部化学连接
8687096,8461082,chem,other,none,5.00,0.50,1,子图 运动命令 内部化学连接
8687096,8546775,chem,other,none,5.00,0.50,1,子图 运动命令 内部化学连接
8687096,9643439,chem,other,none,5.00,0.50,5,子图 运动命令 内部化学连接
8687096,10609443,chem,other,none,5.00,0.50,1,子图 运动命令 内部化学连接
8687096,10947427,chem,other,none,5.00,0.50,1,子图 运动命令 内部化学连接
8687096,11081239,chem,other,none,5.00,0.50,3,子图 运动命令 内部化学连接
8687096,14760757,chem,other,none,5.00,0.50,1,子图 运动命令 内部化学连接
8687096,15048530,chem,other,none,5.00,0.50,1,子图 运动命令 内部化学连接
8687096,15638906,chem,other,none,5.00,0.50,2,子图 运动命令 内部化学连接
8687096,17328632,chem,other,none,5.00,0.50,1,子图 运动命令 内部化学连接
8687096,17360010,chem,other,none,5.00,0.50,9,子图 运动命令 内部化学连接
8687096,17804729,chem,other,none,5.00,0.50,2,子图 运动命令 内部化学连接
8687096,18639459,chem,other,none,5.00,0.50,4,子图 运动命令 内部化学连接
8696919,3009700,chem,other,none,5.00,0.50,1,子图 运动命令 内部化学连接
8696919,4127926,chem,other,none,5.00,0.50,1,子图 运动命令 内部化学连接
8696919,5134110,chem,other,none,5.00,0.50,3,子图 运动命令 内部化学连接
8696919,5700090,chem,other,none,5.00,0.50,1,子图 运动命令 内部化学连接
8696919,6317793,chem,other,none,5.00,0.50,1,子图 运动命令 内部化学连接
8696919,9234420,chem,other,none,5.00,0.50,3,子图 运动命令 内部化学连接
8696919,10725068,chem,other,none,5.00,0.50,1,子图 运动命令 内部化学连接
8696919,13081886,chem,other,none,5.00,0.50,2,子图 运动命令 内部化学连接
8696919,15585114,chem,other,none,5.00,0.50,1,子图 运动命令 内部化学连接
8696919,15606239,chem,other,none,5.00,0.50,1,子图 运动命令 内部化学连接
8696919,17380080,chem,other,none,5.00,0.50,1,子图 运动命令 内部化学连接
8696919,19132527,chem,other,none,5.00,0.50,1,子图 运动命令 内部化学连接
8709865,4591713,chem,other,none,5.00,0.50,1,子图 运动命令 内部化学连接
8709865,4966994,chem,other,none,5.00,0.50,12,子图 运动命令 内部化学连接
8709865,6153877,chem,other,none,5.00,0.50,5,子图 运动命令 内部化学连接
8709865,6190181,chem,other,none,5.00,0.50,9,子图 运动命令 内部化学连接
8709865,8161142,chem,other,none,5.00,0.50,6,子图 运动命令 内部化学连接
8709865,8161148,chem,other,none,5.00,0.50,2,子图 运动命令 内部化学连接
8709865,8710444,chem,other,none,5.00,0.50,7,子图 运动命令 内部化学连接
8709865,9067063,chem,other,none,5.00,0.50,2,子图 运动命令 内部化学连接
8709865,9594273,chem,other,none,5.00,0.50,1,子图 运动命令 内部化学连接
8709865,10248031,chem,other,none,5.00,0.50,1,子图 运动命令 内部化学连接
8709865,10367190,chem,other,none,5.00,0.50,1,子图 运动命令 内部化学连接
8709865,13727202,chem,other,none,5.00,0.50,1,子图 运动命令 内部化学连接
8709865,15467736,chem,other,none,5.00,0.50,7,子图 运动命令 内部化学连接
8709865,15525711,chem,other,none,5.00,0.50,1,子图 运动命令 内部化学连接
8709865,15894178,chem,other,none,5.00,0.50,2,子图 运动命令 内部化学连接
8709865,16339338,chem,other,none,5.00,0.50,2,子图 运动命令 内部化学连接
8709865,16340461,chem,other,none,5.00,0.50,2,子图 运动命令 内部化学连接
8709865,16578252,chem,other,none,5.00,0.50,3,子图 运动命令 内部化学连接
8709865,16671014,chem,other,none,5.00,0.50,5,子图 运动命令 内部化学连接
8709865,16852421,chem,other,none,5.00,0.50,1,子图 运动命令 内部化学连接
8709865,16934932,chem,other,none,5.00,0.50,5,子图 运动命令 内部化学连接
8710444,4966994,chem,other,none,5.00,0.50,2,子图 运动命令 内部化学连接
8710444,5786898,chem,other,none,5.00,0.50,2,子图 运动命令 内部化学连接
8710444,5805651,chem,other,none,5.00,0.50,1,子图 运动命令 内部化学连接
8710444,6153877,chem,other,none,5.00,0.50,4,子图 运动命令 内部化学连接
8710444,6190181,chem,other,none,5.00,0.50,1,子图 运动命令 内部化学连接
8710444,6609380,chem,other,none,5.00,0.50,1,子图 运动命令 内部化学连接
8710444,6610913,chem,other,none,5.00,0.50,1,子图 运动命令 内部化学连接
8710444,8161142,chem,other,none,5.00,0.50,2,子图 运动命令 内部化学连接
8710444,8161148,chem,other,none,5.00,0.50,3,子图 运动命令 内部化学连接
8710444,8496618,chem,other,none,5.00,0.50,13,子图 运动命令 内部化学连接
8710444,8709865,chem,other,none,5.00,0.50,2,子图 运动命令 内部化学连接
8710444,8710444,chem,other,none,5.00,0.50,1,子图 运动命令 内部化学连接
8710444,10276161,chem,other,none,5.00,0.50,1,子图 运动命令 内部化学连接
8710444,10728328,chem,other,none,5.00,0.50,3,子图 运动命令 内部化学连接
8710444,10728333,chem,other,none,5.00,0.50,9,子图 运动命令 内部化学连接
8710444,11362334,chem,other,none,5.00,0.50,1,子图 运动命令 内部化学连接
8710444,11625573,chem,other,none,5.00,0.50,1,子图 运动命令 内部化学连接
8710444,12474164,chem,other,none,5.00,0.50,1,子图 运动命令 内部化学连接
8710444,13557064,chem,other,none,5.00,0.50,8,子图 运动命令 内部化学连接
8710444,13564607,chem,other,none,5.00,0.50,1,子图 运动命令 内部化学连接
8710444,14334367,chem,other,none,5.00,0.50,1,子图 运动命令 内部化学连接
8710444,15467736,chem,other,none,5.00,0.50,7,子图 运动命令 内部化学连接
8710444,16339338,chem,other,none,5.00,0.50,4,子图 运动命令 内部化学连接
8710444,16388736,chem,other,none,5.00,0.50,1,子图 运动命令 内部化学连接
8710444,16578252,chem,other,none,5.00,0.50,5,子图 运动命令 内部化学连接
8710444,16852421,chem,other,none,5.00,0.50,1,子图 运动命令 内部化学连接
8710444,18464581,chem,other,none,5.00,0.50,14,子图 运动命令 内部化学连接
8710444,19048289,chem,other,none,5.00,0.50,1,子图 运动命令 内部化学连接
8710444,20151537,chem,other,none,5.00,0.50,7,子图 运动命令 内部化学连接
8723983,17589475,chem,other,none,5.00,0.50,2,子图 运动命令 内部化学连接
8741619,2655798,chem,other,none,5.00,0.50,1,子图 运动命令 内部化学连接
8741619,6114695,chem,other,none,5.00,0.50,10,子图 运动命令 内部化学连接
8741619,7587948,chem,other,none,5.00,0.50,8,子图 运动命令 内部化学连接
8741619,10945111,chem,other,none,5.00,0.50,2,子图 运动命令 内部化学连接
8741619,11905911,chem,other,none,5.00,0.50,5,子图 运动命令 内部化学连接
8741619,16115575,chem,other,none,5.00,0.50,17,子图 运动命令 内部化学连接
8755914,3009700,chem,other,none,5.00,0.50,3,子图 运动命令 内部化学连接
8755914,5462159,chem,other,none,5.00,0.50,1,子图 运动命令 内部化学连接
8755914,5690425,chem,other,none,5.00,0.50,1,子图 运动命令 内部化学连接
8755914,7227010,chem,other,none,5.00,0.50,14,子图 运动命令 内部化学连接
8755914,8047280,chem,other,none,5.00,0.50,6,子图 运动命令 内部化学连接
8755914,10609443,chem,other,none,5.00,0.50,3,子图 运动命令 内部化学连接
8755914,10915553,chem,other,none,5.00,0.50,1,子图 运动命令 内部化学连接
8755914,10922928,chem,other,none,5.00,0.50,1,子图 运动命令 内部化学连接
8755914,15588711,chem,other,none,5.00,0.50,5,子图 运动命令 内部化学连接
8755914,17732270,chem,other,none,5.00,0.50,6,子图 运动命令 内部化学连接
8755914,17740547,chem,other,none,5.00,0.50,1,子图 运动命令 内部化学连接
8801715,1805418,chem,other,none,5.00,0.50,6,子图 运动命令 内部化学连接
8801715,2669844,chem,other,none,5.00,0.50,2,子图 运动命令 内部化学连接
8801715,3021609,chem,other,none,5.00,0.50,2,子图 运动命令 内部化学连接
8801715,4876839,chem,other,none,5.00,0.50,5,子图 运动命令 内部化学连接
8801715,5162462,chem,other,none,5.00,0.50,1,子图 运动命令 内部化学连接
8801715,5730322,chem,other,none,5.00,0.50,1,子图 运动命令 内部化学连接
8801715,5898284,chem,other,none,5.00,0.50,2,子图 运动命令 内部化学连接
8801715,5936935,chem,other,none,5.00,0.50,7,子图 运动命令 内部化学连接
8801715,8142831,chem,other,none,5.00,0.50,1,子图 运动命令 内部化学连接
8801715,10276161,chem,other,none,5.00,0.50,3,子图 运动命令 内部化学连接
8801715,11891098,chem,other,none,5.00,0.50,4,子图 运动命令 内部化学连接
8801715,12031406,chem,other,none,5.00,0.50,1,子图 运动命令 内部化学连接
8801715,12422355,chem,other,none,5.00,0.50,1,子图 运动命令 内部化学连接
8801715,13242252,chem,other,none,5.00,0.50,1,子图 运动命令 内部化学连接
8801715,15897280,chem,other,none,5.00,0.50,2,子图 运动命令 内部化学连接
8801715,16115255,chem,other,none,5.00,0.50,10,子图 运动命令 内部化学连接
8801715,16340011,chem,other,none,5.00,0.50,4,子图 运动命令 内部化学连接
8801715,16340461,chem,other,none,5.00,0.50,3,子图 运动命令 内部化学连接
8801715,17354414,chem,other,none,5.00,0.50,1,子图 运动命令 内部化学连接
8801715,17378648,chem,other,none,5.00,0.50,3,子图 运动命令 内部化学连接
8801715,17654991,chem,other,none,5.00,0.50,10,子图 运动命令 内部化学连接
8801715,17655000,chem,other,none,5.00,0.50,3,子图 运动命令 内部化学连接
8801715,17658602,chem,other,none,5.00,0.50,16,子图 运动命令 内部化学连接
8801736,2650887,chem,other,none,5.00,0.50,5,子图 运动命令 内部化学连接
8801736,4812481,chem,other,none,5.00,0.50,19,子图 运动命令 内部化学连接
8801736,6049565,chem,other,none,5.00,0.50,2,子图 运动命令 内部化学连接
8801736,8592501,chem,other,none,5.00,0.50,6,子图 运动命令 内部化学连接
8801736,8801715,chem,other,none,5.00,0.50,1,子图 运动命令 内部化学连接
8801736,9612903,chem,other,none,5.00,0.50,1,子图 运动命令 内部化学连接
8801736,10317031,chem,other,none,5.00,0.50,3,子图 运动命令 内部化学连接
8801736,10382824,chem,other,none,5.00,0.50,1,子图 运动命令 内部化学连接
8801736,12031406,chem,other,none,5.00,0.50,4,子图 运动命令 内部化学连接
8801736,14334367,chem,other,none,5.00,0.50,2,子图 运动命令 内部化学连接
8801736,16347476,chem,other,none,5.00,0.50,1,子图 运动命令 内部化学连接
8801736,16355225,chem,other,none,5.00,0.50,1,子图 运动命令 内部化学连接
8801736,16383966,chem,other,none,5.00,0.50,1,子图 运动命令 内部化学连接
8801736,16443509,chem,other,none,5.00,0.50,35,子图 运动命令 内部化学连接
8801736,16693923,chem,other,none,5.00,0.50,1,子图 运动命令 内部化学连接
8801736,17025508,chem,other,none,5.00,0.50,10,子图 运动命令 内部化学连接
8801736,17110007,chem,other,none,5.00,0.50,2,子图 运动命令 内部化学连接
8801736,17356024,chem,other,none,5.00,0.50,7,子图 运动命令 内部化学连接
8801736,17356442,chem,other,none,5.00,0.50,1,子图 运动命令 内部化学连接
8801736,17379298,chem,other,none,5.00,0.50,6,子图 运动命令 内部化学连接
8801736,17455871,chem,other,none,5.00,0.50,1,子图 运动命令 内部化学连接
8801736,17660233,chem,other,none,5.00,0.50,1,子图 运动命令 内部化学连接
8801736,17663944,chem,other,none,5.00,0.50,1,子图 运动命令 内部化学连接
8801736,18604097,chem,other,none,5.00,0.50,3,子图 运动命令 内部化学连接
8801736,19190681,chem,other,none,5.00,0.50,2,子图 运动命令 内部化学连接
8810141,2504517,chem,other,none,5.00,0.50,3,子图 运动命令 内部化学连接
8810141,2669844,chem,other,none,5.00,0.50,3,子图 运动命令 内部化学连接
8810141,3027876,chem,other,none,5.00,0.50,1,子图 运动命令 内部化学连接
8810141,4812481,chem,other,none,5.00,0.50,8,子图 运动命令 内部化学连接
8810141,5162462,chem,other,none,5.00,0.50,1,子图 运动命令 内部化学连接
8810141,8801715,chem,other,none,5.00,0.50,1,子图 运动命令 内部化学连接
8810141,8801736,chem,other,none,5.00,0.50,2,子图 运动命令 内部化学连接
8810141,9116228,chem,other,none,5.00,0.50,1,子图 运动命令 内部化学连接
8810141,10018150,chem,other,none,5.00,0.50,1,子图 运动命令 内部化学连接
8810141,10317031,chem,other,none,5.00,0.50,4,子图 运动命令 内部化学连接
8810141,10355356,chem,other,none,5.00,0.50,1,子图 运动命令 内部化学连接
8810141,10473853,chem,other,none,5.00,0.50,1,子图 运动命令 内部化学连接
8810141,10523825,chem,other,none,5.00,0.50,3,子图 运动命令 内部化学连接
8810141,12031406,chem,other,none,5.00,0.50,2,子图 运动命令 内部化学连接
8810141,12420898,chem,other,none,5.00,0.50,3,子图 运动命令 内部化学连接
8810141,12422355,chem,other,none,5.00,0.50,3,子图 运动命令 内部化学连接
8810141,15481779,chem,other,none,5.00,0.50,3,子图 运动命令 内部化学连接
8810141,15589738,chem,other,none,5.00,0.50,1,子图 运动命令 内部化学连接
8810141,15897280,chem,other,none,5.00,0.50,3,子图 运动命令 内部化学连接
8810141,16342197,chem,other,none,5.00,0.50,1,子图 运动命令 内部化学连接
8810141,16415910,chem,other,none,5.00,0.50,1,子图 运动命令 内部化学连接
8810141,16545101,chem,other,none,5.00,0.50,4,子图 运动命令 内部化学连接
8810141,16937799,chem,other,none,5.00,0.50,2,子图 运动命令 内部化学连接
8810141,17360282,chem,other,none,5.00,0.50,1,子图 运动命令 内部化学连接
8810141,17378648,chem,other,none,5.00,0.50,2,子图 运动命令 内部化学连接
8810141,17383431,chem,other,none,5.00,0.50,2,子图 运动命令 内部化学连接
8810141,17455871,chem,other,none,5.00,0.50,2,子图 运动命令 内部化学连接
8810141,17654967,chem,other,none,5.00,0.50,1,子图 运动命令 内部化学连接
8810141,17655000,chem,other,none,5.00,0.50,4,子图 运动命令 内部化学连接
8810141,17660233,chem,other,none,5.00,0.50,1,子图 运动命令 内部化学连接
8810141,17732346,chem,other,none,5.00,0.50,6,子图 运动命令 内部化学连接
8810141,18088813,chem,other,none,5.00,0.50,2,子图 运动命令 内部化学连接
8810141,20379247,chem,other,none,5.00,0.50,1,子图 运动命令 内部化学连接
8880781,3009700,chem,other,none,5.00,0.50,4,子图 运动命令 内部化学连接
8880781,5134110,chem,other,none,5.00,0.50,1,子图 运动命令 内部化学连接
8880781,6154200,chem,other,none,5.00,0.50,1,子图 运动命令 内部化学连接
8880781,9643439,chem,other,none,5.00,0.50,1,子图 运动命令 内部化学连接
8880781,16562142,chem,other,none,5.00,0.50,1,子图 运动命令 内部化学连接
8880781,21591037,chem,other,none,5.00,0.50,1,子图 运动命令 内部化学连接
8943485,9761454,chem,other,none,5.00,0.50,1,子图 运动命令 内部化学连接
8943485,17756162,chem,other,none,5.00,0.50,2,子图 运动命令 内部化学连接
8951591,2438653,chem,other,none,5.00,0.50,2,子图 运动命令 内部化学连接
8951591,3027876,chem,other,none,5.00,0.50,10,子图 运动命令 内部化学连接
8951591,3765735,chem,other,none,5.00,0.50,3,子图 运动命令 内部化学连接
8951591,3944626,chem,other,none,5.00,0.50,3,子图 运动命令 内部化学连接
8951591,8471817,chem,other,none,5.00,0.50,1,子图 运动命令 内部化学连接
8951591,8546775,chem,other,none,5.00,0.50,2,子图 运动命令 内部化学连接
8951591,8566140,chem,other,none,5.00,0.50,1,子图 运动命令 内部化学连接
8951591,9424902,chem,other,none,5.00,0.50,3,子图 运动命令 内部化学连接
8951591,9436520,chem,other,none,5.00,0.50,1,子图 运动命令 内部化学连接
8951591,10627239,chem,other,none,5.00,0.50,1,子图 运动命令 内部化学连接
8951591,10768709,chem,other,none,5.00,0.50,1,子图 运动命令 内部化学连接
8951591,10885466,chem,other,none,5.00,0.50,1,子图 运动命令 内部化学连接
8951591,11348509,chem,other,none,5.00,0.50,2,子图 运动命令 内部化学连接
8951591,11356523,chem,other,none,5.00,0.50,1,子图 运动命令 内部化学连接
8951591,12279909,chem,other,none,5.00,0.50,3,子图 运动命令 内部化学连接
8951591,12364717,chem,other,none,5.00,0.50,1,子图 运动命令 内部化学连接
8951591,12548756,chem,other,none,5.00,0.50,2,子图 运动命令 内部化学连接
8951591,13818467,chem,other,none,5.00,0.50,1,子图 运动命令 内部化学连接
8951591,15048530,chem,other,none,5.00,0.50,1,子图 运动命令 内部化学连接
8951591,15601640,chem,other,none,5.00,0.50,3,子图 运动命令 内部化学连接
8951591,15605301,chem,other,none,5.00,0.50,2,子图 运动命令 内部化学连接
8951591,15606239,chem,other,none,5.00,0.50,1,子图 运动命令 内部化学连接
8951591,15607335,chem,other,none,5.00,0.50,1,子图 运动命令 内部化学连接
8951591,15792643,chem,other,none,5.00,0.50,1,子图 运动命令 内部化学连接
8951591,16051878,chem,other,none,5.00,0.50,6,子图 运动命令 内部化学连接
8951591,16195633,chem,other,none,5.00,0.50,2,子图 运动命令 内部化学连接
8951591,16348875,chem,other,none,5.00,0.50,1,子图 运动命令 内部化学连接
8951591,16433696,chem,other,none,5.00,0.50,5,子图 运动命令 内部化学连接
8951591,17324711,chem,other,none,5.00,0.50,1,子图 运动命令 内部化学连接
8951591,17328632,chem,other,none,5.00,0.50,2,子图 运动命令 内部化学连接
8951591,17756162,chem,other,none,5.00,0.50,1,子图 运动命令 内部化学连接
8951591,18305433,chem,other,none,5.00,0.50,1,子图 运动命令 内部化学连接
8951591,18644088,chem,other,none,5.00,0.50,1,子图 运动命令 内部化学连接
8951591,19132527,chem,other,none,5.00,0.50,5,子图 运动命令 内部化学连接
8951591,20536322,chem,other,none,5.00,0.50,1,子图 运动命令 内部化学连接
8979434,2772093,chem,other,none,5.00,0.50,1,子图 运动命令 内部化学连接
8979434,3009700,chem,other,none,5.00,0.50,1,子图 运动命令 内部化学连接
8979434,3048606,chem,other,none,5.00,0.50,1,子图 运动命令 内部化学连接
8979434,3058132,chem,other,none,5.00,0.50,1,子图 运动命令 内部化学连接
8979434,4876839,chem,other,none,5.00,0.50,3,子图 运动命令 内部化学连接
8979434,5038920,chem,other,none,5.00,0.50,6,子图 运动命令 内部化学连接
8979434,5134110,chem,other,none,5.00,0.50,11,子图 运动命令 内部化学连接
8979434,5512988,chem,other,none,5.00,0.50,4,子图 运动命令 内部化学连接
8979434,5657004,chem,other,none,5.00,0.50,2,子图 运动命令 内部化学连接
8979434,5684940,chem,other,none,5.00,0.50,1,子图 运动命令 内部化学连接
8979434,5688091,chem,other,none,5.00,0.50,3,子图 运动命令 内部化学连接
8979434,7422253,chem,other,none,5.00,0.50,1,子图 运动命令 内部化学连接
8979434,7569260,chem,other,none,5.00,0.50,2,子图 运动命令 内部化学连接
8979434,7982324,chem,other,none,5.00,0.50,2,子图 运动命令 内部化学连接
8979434,8696919,chem,other,none,5.00,0.50,1,子图 运动命令 内部化学连接
8979434,9348984,chem,other,none,5.00,0.50,1,子图 运动命令 内部化学连接
8979434,9351843,chem,other,none,5.00,0.50,2,子图 运动命令 内部化学连接
8979434,9643439,chem,other,none,5.00,0.50,3,子图 运动命令 内部化学连接
8979434,9739780,chem,other,none,5.00,0.50,3,子图 运动命令 内部化学连接
8979434,11081239,chem,other,none,5.00,0.50,4,子图 运动命令 内部化学连接
8979434,12279941,chem,other,none,5.00,0.50,1,子图 运动命令 内部化学连接
8979434,15590555,chem,other,none,5.00,0.50,5,子图 运动命令 内部化学连接
8979434,15594113,chem,other,none,5.00,0.50,4,子图 运动命令 内部化学连接
8979434,15636958,chem,other,none,5.00,0.50,7,子图 运动命令 内部化学连接
8979434,15638906,chem,other,none,5.00,0.50,4,子图 运动命令 内部化学连接
8979434,15638932,chem,other,none,5.00,0.50,3,子图 运动命令 内部化学连接
8979434,15639216,chem,other,none,5.00,0.50,5,子图 运动命令 内部化学连接
8979434,15639331,chem,other,none,5.00,0.50,2,子图 运动命令 内部化学连接
8979434,15655801,chem,other,none,5.00,0.50,3,子图 运动命令 内部化学连接
8979434,15686444,chem,other,none,5.00,0.50,2,子图 运动命令 内部化学连接
8979434,15689046,chem,other,none,5.00,0.50,2,子图 运动命令 内部化学连接
8979434,17354392,chem,other,none,5.00,0.50,5,子图 运动命令 内部化学连接
8979434,17360010,chem,other,none,5.00,0.50,4,子图 运动命令 内部化学连接
8979434,17360076,chem,other,none,5.00,0.50,1,子图 运动命令 内部化学连接
8979434,17732031,chem,other,none,5.00,0.50,2,子图 运动命令 内部化学连接
8979434,18639459,chem,other,none,5.00,0.50,1,子图 运动命令 内部化学连接
8979434,18644088,chem,other,none,5.00,0.50,3,子图 运动命令 内部化学连接
8979434,21300466,chem,other,none,5.00,0.50,2,子图 运动命令 内部化学连接
8993049,2648254,chem,other,none,5.00,0.50,3,子图 运动命令 内部化学连接
8993049,2650887,chem,other,none,5.00,0.50,5,子图 运动命令 内部化学连接
8993049,3048606,chem,other,none,5.00,0.50,1,子图 运动命令 内部化学连接
8993049,4228105,chem,other,none,5.00,0.50,1,子图 运动命令 内部化学连接
8993049,4274518,chem,other,none,5.00,0.50,2,子图 运动命令 内部化学连接
8993049,6193472,chem,other,none,5.00,0.50,1,子图 运动命令 内部化学连接
8993049,6298455,chem,other,none,5.00,0.50,3,子图 运动命令 内部化学连接
8993049,7056904,chem,other,none,5.00,0.50,1,子图 运动命令 内部化学连接
8993049,8357933,chem,other,none,5.00,0.50,4,子图 运动命令 内部化学连接
8993049,8993049,chem,other,none,5.00,0.50,1,子图 运动命令 内部化学连接
8993049,10017944,chem,other,none,5.00,0.50,1,子图 运动命令 内部化学连接
8993049,10411574,chem,other,none,5.00,0.50,1,子图 运动命令 内部化学连接
8993049,10756813,chem,other,none,5.00,0.50,1,子图 运动命令 内部化学连接
8993049,10758204,chem,other,none,5.00,0.50,6,子图 运动命令 内部化学连接
8993049,10880408,chem,other,none,5.00,0.50,1,子图 运动命令 内部化学连接
8993049,10918898,chem,other,none,5.00,0.50,1,子图 运动命令 内部化学连接
8993049,10964258,chem,other,none,5.00,0.50,1,子图 运动命令 内部化学连接
8993049,11303036,chem,other,none,5.00,0.50,1,子图 运动命令 内部化学连接
8993049,13564607,chem,other,none,5.00,0.50,1,子图 运动命令 内部化学连接
8993049,13764822,chem,other,none,5.00,0.50,1,子图 运动命令 内部化学连接
8993049,16339338,chem,other,none,5.00,0.50,1,子图 运动命令 内部化学连接
8993049,16445338,chem,other,none,5.00,0.50,1,子图 运动命令 内部化学连接
8993049,16560178,chem,other,none,5.00,0.50,2,子图 运动命令 内部化学连接
8993049,16578252,chem,other,none,5.00,0.50,1,子图 运动命令 内部化学连接
8993049,16851577,chem,other,none,5.00,0.50,1,子图 运动命令 内部化学连接
8993049,16913476,chem,other,none,5.00,0.50,1,子图 运动命令 内部化学连接
8993049,16924423,chem,other,none,5.00,0.50,1,子图 运动命令 内部化学连接
8993049,17022668,chem,other,none,5.00,0.50,1,子图 运动命令 内部化学连接
8993049,17177419,chem,other,none,5.00,0.50,1,子图 运动命令 内部化学连接
8993049,17380319,chem,other,none,5.00,0.50,1,子图 运动命令 内部化学连接
8993049,17867309,chem,other,none,5.00,0.50,4,子图 运动命令 内部化学连接
8993049,18080008,chem,other,none,5.00,0.50,1,子图 运动命令 内部化学连接
9034378,1678567,chem,other,none,5.00,0.50,1,子图 运动命令 内部化学连接
9034378,5745929,chem,other,none,5.00,0.50,2,子图 运动命令 内部化学连接
9034378,6154921,chem,other,none,5.00,0.50,1,子图 运动命令 内部化学连接
9034378,8271875,chem,other,none,5.00,0.50,1,子图 运动命令 内部化学连接
9034378,9077224,chem,other,none,5.00,0.50,1,子图 运动命令 内部化学连接
9034378,9237734,chem,other,none,5.00,0.50,1,子图 运动命令 内部化学连接
9034378,9239759,chem,other,none,5.00,0.50,2,子图 运动命令 内部化学连接
9034378,9429085,chem,other,none,5.00,0.50,2,子图 运动命令 内部化学连接
9034378,9714476,chem,other,none,5.00,0.50,1,子图 运动命令 内部化学连接
9034378,10553248,chem,other,none,5.00,0.50,1,子图 运动命令 内部化学连接
9034378,12252572,chem,other,none,5.00,0.50,1,子图 运动命令 内部化学连接
9034378,12935706,chem,other,none,5.00,0.50,7,子图 运动命令 内部化学连接
9034378,13714311,chem,other,none,5.00,0.50,6,子图 运动命令 内部化学连接
9034378,14241490,chem,other,none,5.00,0.50,1,子图 运动命令 内部化学连接
9034378,14492757,chem,other,none,5.00,0.50,3,子图 运动命令 内部化学连接
9034378,16339338,chem,other,none,5.00,0.50,4,子图 运动命令 内部化学连接
9034378,16471422,chem,other,none,5.00,0.50,1,子图 运动命令 内部化学连接
9034378,16651566,chem,other,none,5.00,0.50,1,子图 运动命令 内部化学连接
9034378,16851496,chem,other,none,5.00,0.50,9,子图 运动命令 内部化学连接
9034378,16852421,chem,other,none,5.00,0.50,5,子图 运动命令 内部化学连接
9034378,17173852,chem,other,none,5.00,0.50,1,子图 运动命令 内部化学连接
9034378,17247877,chem,other,none,5.00,0.50,2,子图 运动命令 内部化学连接
9034378,17809869,chem,other,none,5.00,0.50,1,子图 运动命令 内部化学连接
9034378,18058793,chem,other,none,5.00,0.50,1,子图 运动命令 内部化学连接
9034378,18500988,chem,other,none,5.00,0.50,2,子图 运动命令 内部化学连接
9034378,18545747,chem,other,none,5.00,0.50,1,子图 运动命令 内部化学连接
9034378,18566361,chem,other,none,5.00,0.50,1,子图 运动命令 内部化学连接
9067063,1678567,chem,other,none,5.00,0.50,2,子图 运动命令 内部化学连接
9067063,4591713,chem,other,none,5.00,0.50,1,子图 运动命令 内部化学连接
9067063,6188181,chem,other,none,5.00,0.50,1,子图 运动命令 内部化学连接
9067063,6653450,chem,other,none,5.00,0.50,6,子图 运动命令 内部化学连接
9067063,7025831,chem,other,none,5.00,0.50,5,子图 运动命令 内部化学连接
9067063,9069084,chem,other,none,5.00,0.50,3,子图 运动命令 内部化学连接
9067063,9612903,chem,other,none,5.00,0.50,2,子图 运动命令 内部化学连接
9067063,10473853,chem,other,none,5.00,0.50,1,子图 运动命令 内部化学连接
9067063,11022546,chem,other,none,5.00,0.50,2,子图 运动命令 内部化学连接
9067063,14726012,chem,other,none,5.00,0.50,1,子图 运动命令 内部化学连接
9067063,14999928,chem,other,none,5.00,0.50,1,子图 运动命令 内部化学连接
9067063,15005403,chem,other,none,5.00,0.50,5,子图 运动命令 内部化学连接
9067063,15525711,chem,other,none,5.00,0.50,2,子图 运动命令 内部化学连接
9067063,15525794,chem,other,none,5.00,0.50,1,子图 运动命令 内部化学连接
9067063,15722990,chem,other,none,5.00,0.50,2,子图 运动命令 内部化学连接
9067063,16540741,chem,other,none,5.00,0.50,1,子图 运动命令 内部化学连接
9067063,16547281,chem,other,none,5.00,0.50,1,子图 运动命令 内部化学连接
9067063,16560178,chem,other,none,5.00,0.50,1,子图 运动命令 内部化学连接
9067063,16562142,chem,other,none,5.00,0.50,2,子图 运动命令 内部化学连接
9067063,16937395,chem,other,none,5.00,0.50,3,子图 运动命令 内部化学连接
9067063,17053270,chem,other,none,5.00,0.50,4,子图 运动命令 内部化学连接
9067063,17105218,chem,other,none,5.00,0.50,1,子图 运动命令 内部化学连接
9067063,17109286,chem,other,none,5.00,0.50,1,子图 运动命令 内部化学连接
9067063,17110007,chem,other,none,5.00,0.50,7,子图 运动命令 内部化学连接
9067063,17177419,chem,other,none,5.00,0.50,1,子图 运动命令 内部化学连接
9067063,17360404,chem,other,none,5.00,0.50,2,子图 运动命令 内部化学连接
9067063,17383431,chem,other,none,5.00,0.50,1,子图 运动命令 内部化学连接
9067063,17574013,chem,other,none,5.00,0.50,4,子图 运动命令 内部化学连接
9067063,18267838,chem,other,none,5.00,0.50,1,子图 运动命令 内部化学连接
9067063,18695745,chem,other,none,5.00,0.50,1,子图 运动命令 内部化学连接
9068024,1622901,chem,other,none,5.00,0.50,2,子图 运动命令 内部化学连接
9068024,1678567,chem,other,none,5.00,0.50,1,子图 运动命令 内部化学连接
9068024,4749004,chem,other,none,5.00,0.50,1,子图 运动命令 内部化学连接
9068024,5856647,chem,other,none,5.00,0.50,1,子图 运动命令 内部化学连接
9068024,7057730,chem,other,none,5.00,0.50,22,子图 运动命令 内部化学连接
9068024,9068024,chem,other,none,5.00,0.50,1,子图 运动命令 内部化学连接
9068024,11841664,chem,other,none,5.00,0.50,2,子图 运动命令 内部化学连接
9068024,11876076,chem,other,none,5.00,0.50,2,子图 运动命令 内部化学连接
9068024,13028455,chem,other,none,5.00,0.50,1,子图 运动命令 内部化学连接
9068024,15512404,chem,other,none,5.00,0.50,5,子图 运动命令 内部化学连接
9068024,15512408,chem,other,none,5.00,0.50,1,子图 运动命令 内部化学连接
9068024,15513540,chem,other,none,5.00,0.50,20,子图 运动命令 内部化学连接
9068024,16545113,chem,other,none,5.00,0.50,8,子图 运动命令 内部化学连接
9068024,16547281,chem,other,none,5.00,0.50,3,子图 运动命令 内部化学连接
9068024,16560178,chem,other,none,5.00,0.50,1,子图 运动命令 内部化学连接
9068024,16561224,chem,other,none,5.00,0.50,7,子图 运动命令 内部化学连接
9068024,16667306,chem,other,none,5.00,0.50,2,子图 运动命令 内部化学连接
9068024,16670540,chem,other,none,5.00,0.50,4,子图 运动命令 内部化学连接
9068024,16852622,chem,other,none,5.00,0.50,6,子图 运动命令 内部化学连接
9068024,16950115,chem,other,none,5.00,0.50,1,子图 运动命令 内部化学连接
9068024,16952642,chem,other,none,5.00,0.50,1,子图 运动命令 内部化学连接
9068024,16952665,chem,other,none,5.00,0.50,19,子图 运动命令 内部化学连接
9068024,16952691,chem,other,none,5.00,0.50,2,子图 运动命令 内部化学连接
9068024,17022668,chem,other,none,5.00,0.50,2,子图 运动命令 内部化学连接
9068024,17165755,chem,other,none,5.00,0.50,1,子图 运动命令 内部化学连接
9068024,17173852,chem,other,none,5.00,0.50,1,子图 运动命令 内部化学连接
9068024,17358864,chem,other,none,5.00,0.50,5,子图 运动命令 内部化学连接
9068024,17435815,chem,other,none,5.00,0.50,1,子图 运动命令 内部化学连接
9068024,17448356,chem,other,none,5.00,0.50,3,子图 运动命令 内部化学连接
9068024,18111410,chem,other,none,5.00,0.50,1,子图 运动命令 内部化学连接
9068024,18551732,chem,other,none,5.00,0.50,2,子图 运动命令 内部化学连接
9068024,19361427,chem,other,none,5.00,0.50,1,子图 运动命令 内部化学连接
9068346,1678567,chem,other,none,5.00,0.50,5,子图 运动命令 内部化学连接
9068346,4591713,chem,other,none,5.00,0.50,4,子图 运动命令 内部化学连接
9068346,7025064,chem,other,none,5.00,0.50,1,子图 运动命令 内部化学连接
9068346,9067063,chem,other,none,5.00,0.50,1,子图 运动命令 内部化学连接
9068346,9069084,chem,other,none,5.00,0.50,1,子图 运动命令 内部化学连接
9068346,9594273,chem,other,none,5.00,0.50,4,子图 运动命令 内部化学连接
9068346,11022546,chem,other,none,5.00,0.50,1,子图 运动命令 内部化学连接
9068346,14999928,chem,other,none,5.00,0.50,7,子图 运动命令 内部化学连接
9068346,15005403,chem,other,none,5.00,0.50,6,子图 运动命令 内部化学连接
9068346,15722990,chem,other,none,5.00,0.50,2,子图 运动命令 内部化学连接
9068346,16345627,chem,other,none,5.00,0.50,3,子图 运动命令 内部化学连接
9068346,16540741,chem,other,none,5.00,0.50,1,子图 运动命令 内部化学连接
9068346,16562142,chem,other,none,5.00,0.50,5,子图 运动命令 内部化学连接
9068346,16851496,chem,other,none,5.00,0.50,3,子图 运动命令 内部化学连接
9068346,16934932,chem,other,none,5.00,0.50,1,子图 运动命令 内部化学连接
9068346,17053270,chem,other,none,5.00,0.50,2,子图 运动命令 内部化学连接
9068346,17109286,chem,other,none,5.00,0.50,1,子图 运动命令 内部化学连接
9068346,17383431,chem,other,none,5.00,0.50,1,子图 运动命令 内部化学连接
9068346,17454636,chem,other,none,5.00,0.50,1,子图 运动命令 内部化学连接
9068346,17975547,chem,other,none,5.00,0.50,1,子图 运动命令 内部化学连接
9068346,18551732,chem,other,none,5.00,0.50,11,子图 运动命令 内部化学连接
9069084,1678567,chem,other,none,5.00,0.50,5,子图 运动命令 内部化学连接
9069084,4591713,chem,other,none,5.00,0.50,3,子图 运动命令 内部化学连接
9069084,6190181,chem,other,none,5.00,0.50,1,子图 运动命令 内部化学连接
9069084,7025064,chem,other,none,5.00,0.50,3,子图 运动命令 内部化学连接
9069084,8271875,chem,other,none,5.00,0.50,1,子图 运动命令 内部化学连接
9069084,9067063,chem,other,none,5.00,0.50,2,子图 运动命令 内部化学连接
9069084,9384504,chem,other,none,5.00,0.50,1,子图 运动命令 内部化学连接
9069084,9594273,chem,other,none,5.00,0.50,4,子图 运动命令 内部化学连接
9069084,14999928,chem,other,none,5.00,0.50,3,子图 运动命令 内部化学连接
9069084,15005403,chem,other,none,5.00,0.50,3,子图 运动命令 内部化学连接
9069084,15722990,chem,other,none,5.00,0.50,8,子图 运动命令 内部化学连接
9069084,16345627,chem,other,none,5.00,0.50,5,子图 运动命令 内部化学连接
9069084,16540741,chem,other,none,5.00,0.50,1,子图 运动命令 内部化学连接
9069084,16562142,chem,other,none,5.00,0.50,4,子图 运动命令 内部化学连接
9069084,16578252,chem,other,none,5.00,0.50,1,子图 运动命令 内部化学连接
9069084,16671014,chem,other,none,5.00,0.50,1,子图 运动命令 内部化学连接
9069084,16851496,chem,other,none,5.00,0.50,6,子图 运动命令 内部化学连接
9069084,16934932,chem,other,none,5.00,0.50,2,子图 运动命令 内部化学连接
9069084,17022668,chem,other,none,5.00,0.50,1,子图 运动命令 内部化学连接
9069084,17083341,chem,other,none,5.00,0.50,1,子图 运动命令 内部化学连接
9069084,17105218,chem,other,none,5.00,0.50,1,子图 运动命令 内部化学连接
9069084,17109286,chem,other,none,5.00,0.50,2,子图 运动命令 内部化学连接
9069084,17380319,chem,other,none,5.00,0.50,2,子图 运动命令 内部化学连接
9069084,17383431,chem,other,none,5.00,0.50,1,子图 运动命令 内部化学连接
9069084,17454636,chem,other,none,5.00,0.50,6,子图 运动命令 内部化学连接
9069084,17736641,chem,other,none,5.00,0.50,3,子图 运动命令 内部化学连接
9069084,18551732,chem,other,none,5.00,0.50,24,子图 运动命令 内部化学连接
9069084,18695745,chem,other,none,5.00,0.50,1,子图 运动命令 内部化学连接
9077224,1622901,chem,other,none,5.00,0.50,1,子图 运动命令 内部化学连接
9077224,7439913,chem,other,none,5.00,0.50,3,子图 运动命令 内部化学连接
9077224,10553248,chem,other,none,5.00,0.50,2,子图 运动命令 内部化学连接
9077224,10880408,chem,other,none,5.00,0.50,8,子图 运动命令 内部化学连接
9077224,10964258,chem,other,none,5.00,0.50,1,子图 运动命令 内部化学连接
9077224,11841664,chem,other,none,5.00,0.50,1,子图 运动命令 内部化学连接
9077224,12420898,chem,other,none,5.00,0.50,3,子图 运动命令 内部化学连接
9077224,12598741,chem,other,none,5.00,0.50,2,子图 运动命令 内部化学连接
9077224,13028455,chem,other,none,5.00,0.50,1,子图 运动命令 内部化学连接
9077224,14241490,chem,other,none,5.00,0.50,1,子图 运动命令 内部化学连接
9077224,14726069,chem,other,none,5.00,0.50,1,子图 运动命令 内部化学连接
9077224,16540741,chem,other,none,5.00,0.50,1,子图 运动命令 内部化学连接
9077224,16561224,chem,other,none,5.00,0.50,2,子图 运动命令 内部化学连接
9077224,16562142,chem,other,none,5.00,0.50,1,子图 运动命令 内部化学连接
9077224,16635345,chem,other,none,5.00,0.50,2,子图 运动命令 内部化学连接
9077224,16851577,chem,other,none,5.00,0.50,2,子图 运动命令 内部化学连接
9077224,16910799,chem,other,none,5.00,0.50,4,子图 运动命令 内部化学连接
9077224,16950097,chem,other,none,5.00,0.50,2,子图 运动命令 内部化学连接
9077224,16952665,chem,other,none,5.00,0.50,1,子图 运动命令 内部化学连接
9077224,16952691,chem,other,none,5.00,0.50,3,子图 运动命令 内部化学连接
9077224,17173852,chem,other,none,5.00,0.50,2,子图 运动命令 内部化学连接
9077224,17356024,chem,other,none,5.00,0.50,1,子图 运动命令 内部化学连接
9077224,17357979,chem,other,none,5.00,0.50,1,子图 运动命令 内部化学连接
9077224,17358891,chem,other,none,5.00,0.50,2,子图 运动命令 内部化学连接
9077224,17454636,chem,other,none,5.00,0.50,2,子图 运动命令 内部化学连接
9077224,17809869,chem,other,none,5.00,0.50,1,子图 运动命令 内部化学连接
9077224,18076102,chem,other,none,5.00,0.50,2,子图 运动命令 内部化学连接
9077224,18111410,chem,other,none,5.00,0.50,1,子图 运动命令 内部化学连接
9077224,18545747,chem,other,none,5.00,0.50,1,子图 运动命令 内部化学连接
9077224,19361427,chem,other,none,5.00,0.50,6,子图 运动命令 内部化学连接
9078240,3946166,chem,other,none,5.00,0.50,6,子图 运动命令 内部化学连接
9078240,9078240,chem,other,none,5.00,0.50,1,子图 运动命令 内部化学连接
9085808,4173633,chem,other,none,5.00,0.50,1,子图 运动命令 内部化学连接
9085808,4591713,chem,other,none,5.00,0.50,6,子图 运动命令 内部化学连接
9085808,4966994,chem,other,none,5.00,0.50,3,子图 运动命令 内部化学连接
9085808,6153877,chem,other,none,5.00,0.50,7,子图 运动命令 内部化学连接
9085808,6188181,chem,other,none,5.00,0.50,2,子图 运动命令 内部化学连接
9085808,6190181,chem,other,none,5.00,0.50,5,子图 运动命令 内部化学连接
9085808,6653450,chem,other,none,5.00,0.50,1,子图 运动命令 内部化学连接
9085808,8161148,chem,other,none,5.00,0.50,1,子图 运动命令 内部化学连接
9085808,8496618,chem,other,none,5.00,0.50,1,子图 运动命令 内部化学连接
9085808,8709865,chem,other,none,5.00,0.50,1,子图 运动命令 内部化学连接
9085808,9067063,chem,other,none,5.00,0.50,6,子图 运动命令 内部化学连接
9085808,9604434,chem,other,none,5.00,0.50,1,子图 运动命令 内部化学连接
9085808,10248031,chem,other,none,5.00,0.50,1,子图 运动命令 内部化学连接
9085808,15018449,chem,other,none,5.00,0.50,1,子图 运动命令 内部化学连接
9085808,15894178,chem,other,none,5.00,0.50,4,子图 运动命令 内部化学连接
9085808,15894278,chem,other,none,5.00,0.50,6,子图 运动命令 内部化学连接
9085808,16339338,chem,other,none,5.00,0.50,3,子图 运动命令 内部化学连接
9085808,16340461,chem,other,none,5.00,0.50,1,子图 运动命令 内部化学连接
9085808,16345627,chem,other,none,5.00,0.50,1,子图 运动命令 内部化学连接
9085808,16578252,chem,other,none,5.00,0.50,4,子图 运动命令 内部化学连接
9085808,16671014,chem,other,none,5.00,0.50,1,子图 运动命令 内部化学连接
9085808,17105218,chem,other,none,5.00,0.50,1,子图 运动命令 内部化学连接
9085808,17813457,chem,other,none,5.00,0.50,2,子图 运动命令 内部化学连接
9091922,4173633,chem,other,none,5.00,0.50,2,子图 运动命令 内部化学连接
9091922,4227880,chem,other,none,5.00,0.50,2,子图 运动命令 内部化学连接
9091922,5319633,chem,other,none,5.00,0.50,2,子图 运动命令 内部化学连接
9091922,5782947,chem,other,none,5.00,0.50,1,子图 运动命令 内部化学连接
9091922,6188181,chem,other,none,5.00,0.50,8,子图 运动命令 内部化学连接
9091922,6190181,chem,other,none,5.00,0.50,1,子图 运动命令 内部化学连接
9091922,6653450,chem,other,none,5.00,0.50,6,子图 运动命令 内部化学连接
9091922,8025665,chem,other,none,5.00,0.50,1,子图 运动命令 内部化学连接
9091922,9067063,chem,other,none,5.00,0.50,2,子图 运动命令 内部化学连接
9091922,9068346,chem,other,none,5.00,0.50,8,子图 运动命令 内部化学连接
9091922,9069084,chem,other,none,5.00,0.50,8,子图 运动命令 内部化学连接
9091922,9085808,chem,other,none,5.00,0.50,1,子图 运动命令 内部化学连接
9091922,9091922,chem,other,none,5.00,0.50,1,子图 运动命令 内部化学连接
9091922,9519425,chem,other,none,5.00,0.50,4,子图 运动命令 内部化学连接
9091922,10248031,chem,other,none,5.00,0.50,1,子图 运动命令 内部化学连接
9091922,14334367,chem,other,none,5.00,0.50,2,子图 运动命令 内部化学连接
9091922,15894278,chem,other,none,5.00,0.50,2,子图 运动命令 内部化学连接
9091922,16339338,chem,other,none,5.00,0.50,6,子图 运动命令 内部化学连接
9091922,16342197,chem,other,none,5.00,0.50,1,子图 运动命令 内部化学连接
9091922,17109286,chem,other,none,5.00,0.50,1,子图 运动命令 内部化学连接
9091922,17535542,chem,other,none,5.00,0.50,5,子图 运动命令 内部化学连接
9091922,17897230,chem,other,none,5.00,0.50,1,子图 运动命令 内部化学连接
9097065,6609380,chem,other,none,5.00,0.50,1,子图 运动命令 内部化学连接
9097065,6610913,chem,other,none,5.00,0.50,3,子图 运动命令 内部化学连接
9097065,8161142,chem,other,none,5.00,0.50,2,子图 运动命令 内部化学连接
9097065,8496618,chem,other,none,5.00,0.50,1,子图 运动命令 内部化学连接
9097065,9034378,chem,other,none,5.00,0.50,1,子图 运动命令 内部化学连接
9097065,9714476,chem,other,none,5.00,0.50,16,子图 运动命令 内部化学连接
9097065,10875178,chem,other,none,5.00,0.50,1,子图 运动命令 内部化学连接
9097065,11362334,chem,other,none,5.00,0.50,9,子图 运动命令 内部化学连接
9097065,14656798,chem,other,none,5.00,0.50,5,子图 运动命令 内部化学连接
9097065,14726069,chem,other,none,5.00,0.50,1,子图 运动命令 内部化学连接
9097065,15467736,chem,other,none,5.00,0.50,1,子图 运动命令 内部化学连接
9097065,15539984,chem,other,none,5.00,0.50,13,子图 运动命令 内部化学连接
9097065,15894178,chem,other,none,5.00,0.50,2,子图 运动命令 内部化学连接
9097065,15894278,chem,other,none,5.00,0.50,1,子图 运动命令 内部化学连接
9097065,16339338,chem,other,none,5.00,0.50,3,子图 运动命令 内部化学连接
9097065,16578252,chem,other,none,5.00,0.50,13,子图 运动命令 内部化学连接
9097065,16617920,chem,other,none,5.00,0.50,1,子图 运动命令 内部化学连接
9097065,16947349,chem,other,none,5.00,0.50,1,子图 运动命令 内部化学连接
9097065,16950354,chem,other,none,5.00,0.50,1,子图 运动命令 内部化学连接
9097065,16950550,chem,other,none,5.00,0.50,1,子图 运动命令 内部化学连接
9097065,16950798,chem,other,none,5.00,0.50,2,子图 运动命令 内部化学连接
9097065,17247877,chem,other,none,5.00,0.50,2,子图 运动命令 内部化学连接
9097065,17323054,chem,other,none,5.00,0.50,3,子图 运动命令 内部化学连接
9097065,17435815,chem,other,none,5.00,0.50,1,子图 运动命令 内部化学连接
9097065,18566361,chem,other,none,5.00,0.50,2,子图 运动命令 内部化学连接
9116228,1065967,chem,other,none,5.00,0.50,6,子图 运动命令 内部化学连接
9116228,1868538,chem,other,none,5.00,0.50,10,子图 运动命令 内部化学连接
9116228,3010486,chem,other,none,5.00,0.50,1,子图 运动命令 内部化学连接
9116228,3021609,chem,other,none,5.00,0.50,1,子图 运动命令 内部化学连接
9116228,4127096,chem,other,none,5.00,0.50,1,子图 运动命令 内部化学连接
9116228,4847079,chem,other,none,5.00,0.50,1,子图 运动命令 内部化学连接
9116228,6143930,chem,other,none,5.00,0.50,12,子图 运动命令 内部化学连接
9116228,6609380,chem,other,none,5.00,0.50,1,子图 运动命令 内部化学连接
9116228,7590264,chem,other,none,5.00,0.50,3,子图 运动命令 内部化学连接
9116228,8127390,chem,other,none,5.00,0.50,7,子图 运动命令 内部化学连接
9116228,8566140,chem,other,none,5.00,0.50,14,子图 运动命令 内部化学连接
9116228,8571259,chem,other,none,5.00,0.50,1,子图 运动命令 内部化学连接
9116228,9034378,chem,other,none,5.00,0.50,1,子图 运动命令 内部化学连接
9116228,9177218,chem,other,none,5.00,0.50,2,子图 运动命令 内部化学连接
9116228,10781924,chem,other,none,5.00,0.50,3,子图 运动命令 内部化学连接
9116228,13652117,chem,other,none,5.00,0.50,4,子图 运动命令 内部化学连接
9116228,14501257,chem,other,none,5.00,0.50,1,子图 运动命令 内部化学连接
9116228,14656798,chem,other,none,5.00,0.50,1,子图 运动命令 内部化学连接
9116228,14753815,chem,other,none,5.00,0.50,2,子图 运动命令 内部化学连接
9116228,15548844,chem,other,none,5.00,0.50,5,子图 运动命令 内部化学连接
9116228,15606239,chem,other,none,5.00,0.50,1,子图 运动命令 内部化学连接
9116228,15607335,chem,other,none,5.00,0.50,3,子图 运动命令 内部化学连接
9116228,15632120,chem,other,none,5.00,0.50,3,子图 运动命令 内部化学连接
9116228,15674282,chem,other,none,5.00,0.50,1,子图 运动命令 内部化学连接
9116228,15688523,chem,other,none,5.00,0.50,9,子图 运动命令 内部化学连接
9116228,15934458,chem,other,none,5.00,0.50,1,子图 运动命令 内部化学连接
9116228,16195633,chem,other,none,5.00,0.50,1,子图 运动命令 内部化学连接
9116228,16223688,chem,other,none,5.00,0.50,13,子图 运动命令 内部化学连接
9116228,16366055,chem,other,none,5.00,0.50,1,子图 运动命令 内部化学连接
9116228,16468935,chem,other,none,5.00,0.50,3,子图 运动命令 内部化学连接
9116228,17455871,chem,other,none,5.00,0.50,1,子图 运动命令 内部化学连接
9116228,17587730,chem,other,none,5.00,0.50,1,子图 运动命令 内部化学连接
9116228,17654645,chem,other,none,5.00,0.50,1,子图 运动命令 内部化学连接
9116228,17658948,chem,other,none,5.00,0.50,3,子图 运动命令 内部化学连接
9116228,19010160,chem,other,none,5.00,0.50,9,子图 运动命令 内部化学连接
9116228,19091995,chem,other,none,5.00,0.50,2,子图 运动命令 内部化学连接
9116228,19132527,chem,other,none,5.00,0.50,1,子图 运动命令 内部化学连接
9116228,20443362,chem,other,none,5.00,0.50,2,子图 运动命令 内部化学连接
9116228,20443571,chem,other,none,5.00,0.50,1,子图 运动命令 内部化学连接
9154024,1622901,chem,other,none,5.00,0.50,1,子图 运动命令 内部化学连接
9154024,1678567,chem,other,none,5.00,0.50,6,子图 运动命令 内部化学连接
9154024,7057730,chem,other,none,5.00,0.50,1,子图 运动命令 内部化学连接
9154024,8271875,chem,other,none,5.00,0.50,1,子图 运动命令 内部化学连接
9154024,9077224,chem,other,none,5.00,0.50,1,子图 运动命令 内部化学连接
9154024,9154024,chem,other,none,5.00,0.50,4,子图 运动命令 内部化学连接
9154024,10553248,chem,other,none,5.00,0.50,3,子图 运动命令 内部化学连接
9154024,10756813,chem,other,none,5.00,0.50,1,子图 运动命令 内部化学连接
9154024,11468088,chem,other,none,5.00,0.50,4,子图 运动命令 内部化学连接
9154024,13028455,chem,other,none,5.00,0.50,1,子图 运动命令 内部化学连接
9154024,15005403,chem,other,none,5.00,0.50,1,子图 运动命令 内部化学连接
9154024,15512404,chem,other,none,5.00,0.50,23,子图 运动命令 内部化学连接
9154024,15512408,chem,other,none,5.00,0.50,32,子图 运动命令 内部化学连接
9154024,15525794,chem,other,none,5.00,0.50,1,子图 运动命令 内部化学连接
9154024,16545264,chem,other,none,5.00,0.50,1,子图 运动命令 内部化学连接
9154024,16667592,chem,other,none,5.00,0.50,7,子图 运动命令 内部化学连接
9154024,16709072,chem,other,none,5.00,0.50,1,子图 运动命令 内部化学连接
9154024,16851577,chem,other,none,5.00,0.50,2,子图 运动命令 内部化学连接
9154024,16851718,chem,other,none,5.00,0.50,14,子图 运动命令 内部化学连接
9154024,16952691,chem,other,none,5.00,0.50,16,子图 运动命令 内部化学连接
9154024,17165755,chem,other,none,5.00,0.50,3,子图 运动命令 内部化学连接
9154024,17173852,chem,other,none,5.00,0.50,15,子图 运动命令 内部化学连接
9154024,17323054,chem,other,none,5.00,0.50,1,子图 运动命令 内部化学连接
9154024,17448356,chem,other,none,5.00,0.50,3,子图 运动命令 内部化学连接
9154024,17454636,chem,other,none,5.00,0.50,2,子图 运动命令 内部化学连接
9154024,17809869,chem,other,none,5.00,0.50,1,子图 运动命令 内部化学连接
9154024,18551732,chem,other,none,5.00,0.50,1,子图 运动命令 内部化学连接
9154024,19835787,chem,other,none,5.00,0.50,1,子图 运动命令 内部化学连接
9177218,1646076,chem,other,none,5.00,0.50,2,子图 运动命令 内部化学连接
9177218,1961182,chem,other,none,5.00,0.50,2,子图 运动命令 内部化学连接
9177218,1980134,chem,other,none,5.00,0.50,4,子图 运动命令 内部化学连接
9177218,2669844,chem,other,none,5.00,0.50,1,子图 运动命令 内部化学连接
9177218,3944626,chem,other,none,5.00,0.50,5,子图 运动命令 内部化学连接
9177218,3945756,chem,other,none,5.00,0.50,1,子图 运动命令 内部化学连接
9177218,9424902,chem,other,none,5.00,0.50,1,子图 运动命令 内部化学连接
9177218,10449035,chem,other,none,5.00,0.50,1,子图 运动命令 内部化学连接
9177218,10728318,chem,other,none,5.00,0.50,1,子图 运动命令 内部化学连接
9177218,13818467,chem,other,none,5.00,0.50,2,子图 运动命令 内部化学连接
9177218,14617508,chem,other,none,5.00,0.50,2,子图 运动命令 内部化学连接
9177218,14753815,chem,other,none,5.00,0.50,4,子图 运动命令 内部化学连接
9177218,15897280,chem,other,none,5.00,0.50,1,子图 运动命令 内部化学连接
9177218,16361363,chem,other,none,5.00,0.50,2,子图 运动命令 内部化学连接
9177218,16415910,chem,other,none,5.00,0.50,3,子图 运动命令 内部化学连接
9177218,16468935,chem,other,none,5.00,0.50,1,子图 运动命令 内部化学连接
9177218,16848587,chem,other,none,5.00,0.50,4,子图 运动命令 内部化学连接
9177218,16851791,chem,other,none,5.00,0.50,1,子图 运动命令 内部化学连接
9177218,17087885,chem,other,none,5.00,0.50,1,子图 运动命令 内部化学连接
9177218,17359501,chem,other,none,5.00,0.50,4,子图 运动命令 内部化学连接
9177218,17360282,chem,other,none,5.00,0.50,1,子图 运动命令 内部化学连接
9177218,17729335,chem,other,none,5.00,0.50,1,子图 运动命令 内部化学连接
9177218,18023286,chem,other,none,5.00,0.50,3,子图 运动命令 内部化学连接
9177218,18305433,chem,other,none,5.00,0.50,2,子图 运动命令 内部化学连接
9234420,3027876,chem,other,none,5.00,0.50,1,子图 运动命令 内部化学连接
9234420,3598000,chem,other,none,5.00,0.50,1,子图 运动命令 内部化学连接
9234420,3620633,chem,other,none,5.00,0.50,2,子图 运动命令 内部化学连接
9234420,3729496,chem,other,none,5.00,0.50,5,子图 运动命令 内部化学连接
9234420,3762317,chem,other,none,5.00,0.50,6,子图 运动命令 内部化学连接
9234420,3944330,chem,other,none,5.00,0.50,1,子图 运动命令 内部化学连接
9234420,3946166,chem,other,none,5.00,0.50,4,子图 运动命令 内部化学连接
9234420,4901087,chem,other,none,5.00,0.50,1,子图 运动命令 内部化学连接
9234420,7700444,chem,other,none,5.00,0.50,1,子图 运动命令 内部化学连接
9234420,8572353,chem,other,none,5.00,0.50,6,子图 运动命令 内部化学连接
9234420,9428865,chem,other,none,5.00,0.50,1,子图 运动命令 内部化学连接
9234420,10781924,chem,other,none,5.00,0.50,1,子图 运动命令 内部化学连接
9234420,10872426,chem,other,none,5.00,0.50,1,子图 运动命令 内部化学连接
9234420,14655602,chem,other,none,5.00,0.50,3,子图 运动命令 内部化学连接
9234420,15672269,chem,other,none,5.00,0.50,1,子图 运动命令 内部化学连接
9234420,16195633,chem,other,none,5.00,0.50,1,子图 运动命令 内部化学连接
9234420,16468935,chem,other,none,5.00,0.50,1,子图 运动命令 内部化学连接
9234420,16676038,chem,other,none,5.00,0.50,1,子图 运动命令 内部化学连接
9234420,17321919,chem,other,none,5.00,0.50,1,子图 运动命令 内部化学连接
9234420,17728922,chem,other,none,5.00,0.50,3,子图 运动命令 内部化学连接
9234420,17813001,chem,other,none,5.00,0.50,1,子图 运动命令 内部化学连接
9234420,17827011,chem,other,none,5.00,0.50,3,子图 运动命令 内部化学连接
9234420,17850822,chem,other,none,5.00,0.50,1,子图 运动命令 内部化学连接
9235545,2648254,chem,other,none,5.00,0.50,7,子图 运动命令 内部化学连接
9235545,4188325,chem,other,none,5.00,0.50,2,子图 运动命令 内部化学连接
9235545,5052370,chem,other,none,5.00,0.50,7,子图 运动命令 内部化学连接
9235545,5786898,chem,other,none,5.00,0.50,11,子图 运动命令 内部化学连接
9235545,5790355,chem,other,none,5.00,0.50,2,子图 运动命令 内部化学连接
9235545,6156152,chem,other,none,5.00,0.50,4,子图 运动命令 内部化学连接
9235545,6193472,chem,other,none,5.00,0.50,1,子图 运动命令 内部化学连接
9235545,6609380,chem,other,none,5.00,0.50,3,子图 运动命令 内部化学连接
9235545,6700147,chem,other,none,5.00,0.50,7,子图 运动命令 内部化学连接
9235545,8496618,chem,other,none,5.00,0.50,3,子图 运动命令 内部化学连接
9235545,9097065,chem,other,none,5.00,0.50,4,子图 运动命令 内部化学连接
9235545,12474164,chem,other,none,5.00,0.50,3,子图 运动命令 内部化学连接
9235545,13722900,chem,other,none,5.00,0.50,1,子图 运动命令 内部化学连接
9235545,13727202,chem,other,none,5.00,0.50,5,子图 运动命令 内部化学连接
9235545,15467736,chem,other,none,5.00,0.50,4,子图 运动命令 内部化学连接
9235545,15539984,chem,other,none,5.00,0.50,1,子图 运动命令 内部化学连接
9235545,15706875,chem,other,none,5.00,0.50,1,子图 运动命令 内部化学连接
9235545,15732503,chem,other,none,5.00,0.50,8,子图 运动命令 内部化学连接
9235545,16327998,chem,other,none,5.00,0.50,10,子图 运动命令 内部化学连接
9235545,16950354,chem,other,none,5.00,0.50,2,子图 运动命令 内部化学连接
9235545,16950798,chem,other,none,5.00,0.50,1,子图 运动命令 内部化学连接
9235545,17173852,chem,other,none,5.00,0.50,5,子图 运动命令 内部化学连接
9235545,17654519,chem,other,none,5.00,0.50,1,子图 运动命令 内部化学连接
9237734,4017464,chem,other,none,5.00,0.50,4,子图 运动命令 内部化学连接
9237734,4876839,chem,other,none,5.00,0.50,3,子图 运动命令 内部化学连接
9237734,5052370,chem,other,none,5.00,0.50,4,子图 运动命令 内部化学连接
9237734,5786898,chem,other,none,5.00,0.50,3,子图 运动命令 内部化学连接
9237734,5790355,chem,other,none,5.00,0.50,16,子图 运动命令 内部化学连接
9237734,5859372,chem,other,none,5.00,0.50,2,子图 运动命令 内部化学连接
9237734,6153877,chem,other,none,5.00,0.50,1,子图 运动命令 内部化学连接
9237734,6154921,chem,other,none,5.00,0.50,2,子图 运动命令 内部化学连接
9237734,6155577,chem,other,none,5.00,0.50,1,子图 运动命令 内部化学连接
9237734,6156152,chem,other,none,5.00,0.50,1,子图 运动命令 内部化学连接
9237734,6609380,chem,other,none,5.00,0.50,3,子图 运动命令 内部化学连接
9237734,6700147,chem,other,none,5.00,0.50,12,子图 运动命令 内部化学连接
9237734,6702943,chem,other,none,5.00,0.50,5,子图 运动命令 内部化学连接
9237734,7700444,chem,other,none,5.00,0.50,1,子图 运动命令 内部化学连接
9237734,9068024,chem,other,none,5.00,0.50,1,子图 运动命令 内部化学连接
9237734,9235545,chem,other,none,5.00,0.50,2,子图 运动命令 内部化学连接
9237734,9480916,chem,other,none,5.00,0.50,1,子图 运动命令 内部化学连接
9237734,9714476,chem,other,none,5.00,0.50,1,子图 运动命令 内部化学连接
9237734,10017944,chem,other,none,5.00,0.50,1,子图 运动命令 内部化学连接
9237734,10964258,chem,other,none,5.00,0.50,1,子图 运动命令 内部化学连接
9237734,11841664,chem,other,none,5.00,0.50,1,子图 运动命令 内部化学连接
9237734,12474164,chem,other,none,5.00,0.50,3,子图 运动命令 内部化学连接
9237734,13722900,chem,other,none,5.00,0.50,1,子图 运动命令 内部化学连接
9237734,13764822,chem,other,none,5.00,0.50,2,子图 运动命令 内部化学连接
9237734,13842372,chem,other,none,5.00,0.50,3,子图 运动命令 内部化学连接
9237734,15467736,chem,other,none,5.00,0.50,1,子图 运动命令 内部化学连接
9237734,15823055,chem,other,none,5.00,0.50,3,子图 运动命令 内部化学连接
9237734,15894278,chem,other,none,5.00,0.50,1,子图 运动命令 内部化学连接
9237734,16327998,chem,other,none,5.00,0.50,7,子图 运动命令 内部化学连接
9237734,16342197,chem,other,none,5.00,0.50,1,子图 运动命令 内部化学连接
9237734,16560178,chem,other,none,5.00,0.50,2,子图 运动命令 内部化学连接
9237734,16924423,chem,other,none,5.00,0.50,5,子图 运动命令 内部化学连接
9237734,16950798,chem,other,none,5.00,0.50,1,子图 运动命令 内部化学连接
9237734,17173852,chem,other,none,5.00,0.50,5,子图 运动命令 内部化学连接
9237734,17654514,chem,other,none,5.00,0.50,1,子图 运动命令 内部化学连接
9237734,17654519,chem,other,none,5.00,0.50,5,子图 运动命令 内部化学连接
9239759,7025064,chem,other,none,5.00,0.50,1,子图 运动命令 内部化学连接
9239759,8271875,chem,other,none,5.00,0.50,1,子图 运动命令 内部化学连接
9239759,9034378,chem,other,none,5.00,0.50,5,子图 运动命令 内部化学连接
9239759,9077224,chem,other,none,5.00,0.50,1,子图 运动命令 内部化学连接
9239759,9235545,chem,other,none,5.00,0.50,2,子图 运动命令 内部化学连接
9239759,9429085,chem,other,none,5.00,0.50,4,子图 运动命令 内部化学连接
9239759,10100020,chem,other,none,5.00,0.50,1,子图 运动命令 内部化学连接
9239759,10553248,chem,other,none,5.00,0.50,1,子图 运动命令 内部化学连接
9239759,11625573,chem,other,none,5.00,0.50,1,子图 运动命令 内部化学连接
9239759,12252572,chem,other,none,5.00,0.50,2,子图 运动命令 内部化学连接
9239759,12935706,chem,other,none,5.00,0.50,8,子图 运动命令 内部化学连接
9239759,13714311,chem,other,none,5.00,0.50,2,子图 运动命令 内部化学连接
9239759,14334367,chem,other,none,5.00,0.50,1,子图 运动命令 内部化学连接
9239759,14492757,chem,other,none,5.00,0.50,6,子图 运动命令 内部化学连接
9239759,14656798,chem,other,none,5.00,0.50,4,子图 运动命令 内部化学连接
9239759,16339338,chem,other,none,5.00,0.50,9,子图 运动命令 内部化学连接
9239759,16651566,chem,other,none,5.00,0.50,3,子图 运动命令 内部化学连接
9239759,16851496,chem,other,none,5.00,0.50,6,子图 运动命令 内部化学连接
9239759,16851718,chem,other,none,5.00,0.50,2,子图 运动命令 内部化学连接
9239759,16852421,chem,other,none,5.00,0.50,6,子图 运动命令 内部化学连接
9239759,17247877,chem,other,none,5.00,0.50,3,子图 运动命令 内部化学连接
9348984,3044500,chem,other,none,5.00,0.50,11,子图 运动命令 内部化学连接
9348984,3060480,chem,other,none,5.00,0.50,1,子图 运动命令 内部化学连接
9348984,5033480,chem,other,none,5.00,0.50,3,子图 运动命令 内部化学连接
9348984,8047280,chem,other,none,5.00,0.50,1,子图 运动命令 内部化学连接
9348984,8347720,chem,other,none,5.00,0.50,3,子图 运动命令 内部化学连接
9348984,9822593,chem,other,none,5.00,0.50,1,子图 运动命令 内部化学连接
9348984,10527147,chem,other,none,5.00,0.50,2,子图 运动命令 内部化学连接
9348984,10842099,chem,other,none,5.00,0.50,2,子图 运动命令 内部化学连接
9348984,10885466,chem,other,none,5.00,0.50,3,子图 运动命令 内部化学连接
9348984,11084320,chem,other,none,5.00,0.50,1,子图 运动命令 内部化学连接
9348984,12279909,chem,other,none,5.00,0.50,1,子图 运动命令 内部化学连接
9348984,14519756,chem,other,none,5.00,0.50,3,子图 运动命令 内部化学连接
9348984,15608953,chem,other,none,5.00,0.50,2,子图 运动命令 内部化学连接
9348984,16059134,chem,other,none,5.00,0.50,3,子图 运动命令 内部化学连接
9348984,16096934,chem,other,none,5.00,0.50,1,子图 运动命令 内部化学连接
9348984,16848587,chem,other,none,5.00,0.50,4,子图 运动命令 内部化学连接
9348984,17224013,chem,other,none,5.00,0.50,1,子图 运动命令 内部化学连接
9348984,17729973,chem,other,none,5.00,0.50,1,子图 运动命令 内部化学连接
9351843,3044500,chem,other,none,5.00,0.50,4,子图 运动命令 内部化学连接
9351843,3944626,chem,other,none,5.00,0.50,2,子图 运动命令 内部化学连接
9351843,3945136,chem,other,none,5.00,0.50,3,子图 运动命令 内部化学连接
9351843,4901087,chem,other,none,5.00,0.50,6,子图 运动命令 内部化学连接
9351843,9424902,chem,other,none,5.00,0.50,2,子图 运动命令 内部化学连接
9351843,9429085,chem,other,none,5.00,0.50,1,子图 运动命令 内部化学连接
9351843,10583715,chem,other,none,5.00,0.50,1,子图 运动命令 内部化学连接
9351843,10600188,chem,other,none,5.00,0.50,2,子图 运动命令 内部化学连接
9351843,10872426,chem,other,none,5.00,0.50,2,子图 运动命令 内部化学连接
9351843,10921106,chem,other,none,5.00,0.50,1,子图 运动命令 内部化学连接
9351843,11217208,chem,other,none,5.00,0.50,5,子图 运动命令 内部化学连接
9351843,11306294,chem,other,none,5.00,0.50,1,子图 运动命令 内部化学连接
9351843,11348509,chem,other,none,5.00,0.50,1,子图 运动命令 内部化学连接
9351843,12736001,chem,other,none,5.00,0.50,1,子图 运动命令 内部化学连接
9351843,13736919,chem,other,none,5.00,0.50,1,子图 运动命令 内部化学连接
9351843,13818467,chem,other,none,5.00,0.50,5,子图 运动命令 内部化学连接
9351843,16361363,chem,other,none,5.00,0.50,1,子图 运动命令 内部化学连接
9351843,17087885,chem,other,none,5.00,0.50,4,子图 运动命令 内部化学连接
9351843,19017386,chem,other,none,5.00,0.50,1,子图 运动命令 内部化学连接
9372642,17384874,chem,other,none,5.00,0.50,1,子图 运动命令 内部化学连接
9384504,4142619,chem,other,none,5.00,0.50,4,子图 运动命令 内部化学连接
9384504,4173633,chem,other,none,5.00,0.50,1,子图 运动命令 内部化学连接
9384504,5859372,chem,other,none,5.00,0.50,2,子图 运动命令 内部化学连接
9384504,6049565,chem,other,none,5.00,0.50,1,子图 运动命令 内部化学连接
9384504,6153877,chem,other,none,5.00,0.50,2,子图 运动命令 内部化学连接
9384504,6188181,chem,other,none,5.00,0.50,4,子图 运动命令 内部化学连接
9384504,6190181,chem,other,none,5.00,0.50,2,子图 运动命令 内部化学连接
9384504,6610913,chem,other,none,5.00,0.50,2,子图 运动命令 内部化学连接
9384504,9067063,chem,other,none,5.00,0.50,13,子图 运动命令 内部化学连接
9384504,9068346,chem,other,none,5.00,0.50,8,子图 运动命令 内部化学连接
9384504,9069084,chem,other,none,5.00,0.50,15,子图 运动命令 内部化学连接
9384504,9097065,chem,other,none,5.00,0.50,1,子图 运动命令 内部化学连接
9384504,9384504,chem,other,none,5.00,0.50,1,子图 运动命令 内部化学连接
9384504,9612903,chem,other,none,5.00,0.50,2,子图 运动命令 内部化学连接
9384504,9961098,chem,other,none,5.00,0.50,1,子图 运动命令 内部化学连接
9384504,10017944,chem,other,none,5.00,0.50,1,子图 运动命令 内部化学连接
9384504,13764822,chem,other,none,5.00,0.50,2,子图 运动命令 内部化学连接
9384504,15672263,chem,other,none,5.00,0.50,2,子图 运动命令 内部化学连接
9384504,15732509,chem,other,none,5.00,0.50,1,子图 运动命令 内部化学连接
9384504,15964206,chem,other,none,5.00,0.50,5,子图 运动命令 内部化学连接
9384504,16342197,chem,other,none,5.00,0.50,2,子图 运动命令 内部化学连接
9384504,16671014,chem,other,none,5.00,0.50,3,子图 运动命令 内部化学连接
9384504,16924423,chem,other,none,5.00,0.50,2,子图 运动命令 内部化学连接
9384504,16934932,chem,other,none,5.00,0.50,6,子图 运动命令 内部化学连接
9384504,17110007,chem,other,none,5.00,0.50,4,子图 运动命令 内部化学连接
9384504,17356024,chem,other,none,5.00,0.50,6,子图 运动命令 内部化学连接
9384504,17357979,chem,other,none,5.00,0.50,1,子图 运动命令 内部化学连接
9384504,17535542,chem,other,none,5.00,0.50,10,子图 运动命令 内部化学连接
9384504,17639824,chem,other,none,5.00,0.50,1,子图 运动命令 内部化学连接
9384504,19092010,chem,other,none,5.00,0.50,1,子图 运动命令 内部化学连接
9424902,1868538,chem,other,none,5.00,0.50,1,子图 运动命令 内部化学连接
9424902,3498479,chem,other,none,5.00,0.50,1,子图 运动命令 内部化学连接
9424902,3762317,chem,other,none,5.00,0.50,1,子图 运动命令 内部化学连接
9424902,3944330,chem,other,none,5.00,0.50,10,子图 运动命令 内部化学连接
9424902,3945756,chem,other,none,5.00,0.50,1,子图 运动命令 内部化学连接
9424902,3946166,chem,other,none,5.00,0.50,14,子图 运动命令 内部化学连接
9424902,4188290,chem,other,none,5.00,0.50,11,子图 运动命令 内部化学连接
9424902,6317793,chem,other,none,5.00,0.50,1,子图 运动命令 内部化学连接
9424902,9234420,chem,other,none,5.00,0.50,5,子图 运动命令 内部化学连接
9424902,9424902,chem,other,none,5.00,0.50,1,子图 运动命令 内部化学连接
9424902,9428865,chem,other,none,5.00,0.50,6,子图 运动命令 内部化学连接
9424902,10922928,chem,other,none,5.00,0.50,5,子图 运动命令 内部化学连接
9424902,13081886,chem,other,none,5.00,0.50,4,子图 运动命令 内部化学连接
9424902,13749806,chem,other,none,5.00,0.50,10,子图 运动命令 内部化学连接
9424902,16468935,chem,other,none,5.00,0.50,10,子图 运动命令 内部化学连接
9424902,16676038,chem,other,none,5.00,0.50,3,子图 运动命令 内部化学连接
9424902,17379360,chem,other,none,5.00,0.50,1,子图 运动命令 内部化学连接
9424902,17728922,chem,other,none,5.00,0.50,4,子图 运动命令 内部化学连接
9428865,2597151,chem,other,none,5.00,0.50,8,子图 运动命令 内部化学连接
9428865,3944626,chem,other,none,5.00,0.50,4,子图 运动命令 内部化学连接
9428865,4188290,chem,other,none,5.00,0.50,2,子图 运动命令 内部化学连接
9428865,5973097,chem,other,none,5.00,0.50,4,子图 运动命令 内部化学连接
9428865,7056904,chem,other,none,5.00,0.50,6,子图 运动命令 内部化学连接
9428865,7557604,chem,other,none,5.00,0.50,7,子图 运动命令 内部化学连接
9428865,9424902,chem,other,none,5.00,0.50,6,子图 运动命令 内部化学连接
9428865,9436520,chem,other,none,5.00,0.50,1,子图 运动命令 内部化学连接
9428865,10059655,chem,other,none,5.00,0.50,1,子图 运动命令 内部化学连接
9428865,10792617,chem,other,none,5.00,0.50,5,子图 运动命令 内部化学连接
9428865,11027071,chem,other,none,5.00,0.50,1,子图 运动命令 内部化学连接
9428865,12279909,chem,other,none,5.00,0.50,1,子图 运动命令 内部化学连接
9428865,12364717,chem,other,none,5.00,0.50,4,子图 运动命令 内部化学连接
9428865,13395814,chem,other,none,5.00,0.50,1,子图 运动命令 内部化学连接
9428865,14034311,chem,other,none,5.00,0.50,6,子图 运动命令 内部化学连接
9428865,15568134,chem,other,none,5.00,0.50,12,子图 运动命令 内部化学连接
9428865,15590555,chem,other,none,5.00,0.50,1,子图 运动命令 内部化学连接
9428865,15607335,chem,other,none,5.00,0.50,1,子图 运动命令 内部化学连接
9428865,15792643,chem,other,none,5.00,0.50,1,子图 运动命令 内部化学连接
9428865,16468935,chem,other,none,5.00,0.50,1,子图 运动命令 内部化学连接
9428865,16742642,chem,other,none,5.00,0.50,2,子图 运动命令 内部化学连接
9428865,17728922,chem,other,none,5.00,0.50,2,子图 运动命令 内部化学连接
9429085,3021609,chem,other,none,5.00,0.50,1,子图 运动命令 内部化学连接
9429085,3762317,chem,other,none,5.00,0.50,2,子图 运动命令 内部化学连接
9429085,3946166,chem,other,none,5.00,0.50,1,子图 运动命令 内部化学连接
9429085,4901087,chem,other,none,5.00,0.50,2,子图 运动命令 内部化学连接
9429085,9351843,chem,other,none,5.00,0.50,4,子图 运动命令 内部化学连接
9429085,9428865,chem,other,none,5.00,0.50,8,子图 运动命令 内部化学连接
9429085,10792617,chem,other,none,5.00,0.50,1,子图 运动命令 内部化学连接
9429085,10922928,chem,other,none,5.00,0.50,2,子图 运动命令 内部化学连接
9429085,13818467,chem,other,none,5.00,0.50,1,子图 运动命令 内部化学连接
9429085,14492757,chem,other,none,5.00,0.50,3,子图 运动命令 内部化学连接
9429085,14656798,chem,other,none,5.00,0.50,3,子图 运动命令 内部化学连接
9429085,15792643,chem,other,none,5.00,0.50,5,子图 运动命令 内部化学连接
9429085,16167914,chem,other,none,5.00,0.50,8,子图 运动命令 内部化学连接
9429085,16445338,chem,other,none,5.00,0.50,2,子图 运动命令 内部化学连接
9429085,19298625,chem,other,none,5.00,0.50,1,子图 运动命令 内部化学连接
9436520,9424902,chem,other,none,5.00,0.50,11,子图 运动命令 内部化学连接
9436520,10792617,chem,other,none,5.00,0.50,1,子图 运动命令 内部化学连接
9436520,10872426,chem,other,none,5.00,0.50,2,子图 运动命令 内部化学连接
9436520,11356523,chem,other,none,5.00,0.50,1,子图 运动命令 内部化学连接
9436520,12299704,chem,other,none,5.00,0.50,1,子图 运动命令 内部化学连接
9436520,12364717,chem,other,none,5.00,0.50,2,子图 运动命令 内部化学连接
9436520,17087885,chem,other,none,5.00,0.50,1,子图 运动命令 内部化学连接
9436520,17384874,chem,other,none,5.00,0.50,1,子图 运动命令 内部化学连接
9436520,17728922,chem,other,none,5.00,0.50,1,子图 运动命令 内部化学连接
9436520,17927604,chem,other,none,5.00,0.50,1,子图 运动命令 内部化学连接
9480916,2648254,chem,other,none,5.00,0.50,1,子图 运动命令 内部化学连接
9480916,2650887,chem,other,none,5.00,0.50,1,子图 运动命令 内部化学连接
9480916,4017464,chem,other,none,5.00,0.50,1,子图 运动命令 内部化学连接
9480916,4390116,chem,other,none,5.00,0.50,1,子图 运动命令 内部化学连接
9480916,4749004,chem,other,none,5.00,0.50,1,子图 运动命令 内部化学连接
9480916,4847079,chem,other,none,5.00,0.50,2,子图 运动命令 内部化学连接
9480916,5052370,chem,other,none,5.00,0.50,6,子图 运动命令 内部化学连接
9480916,5162462,chem,other,none,5.00,0.50,3,子图 运动命令 内部化学连接
9480916,5164129,chem,other,none,5.00,0.50,1,子图 运动命令 内部化学连接
9480916,5816138,chem,other,none,5.00,0.50,1,子图 运动命令 内部化学连接
9480916,5856647,chem,other,none,5.00,0.50,1,子图 运动命令 内部化学连接
9480916,5859372,chem,other,none,5.00,0.50,3,子图 运动命令 内部化学连接
9480916,6154200,chem,other,none,5.00,0.50,1,子图 运动命令 内部化学连接
9480916,6193472,chem,other,none,5.00,0.50,3,子图 运动命令 内部化学连接
9480916,7700444,chem,other,none,5.00,0.50,8,子图 运动命令 内部化学连接
9480916,8161142,chem,other,none,5.00,0.50,1,子图 运动命令 内部化学连接
9480916,8993049,chem,other,none,5.00,0.50,3,子图 运动命令 内部化学连接
9480916,9239759,chem,other,none,5.00,0.50,1,子图 运动命令 内部化学连接
9480916,10728333,chem,other,none,5.00,0.50,1,子图 运动命令 内部化学连接
9480916,10875178,chem,other,none,5.00,0.50,6,子图 运动命令 内部化学连接
9480916,10964258,chem,other,none,5.00,0.50,1,子图 运动命令 内部化学连接
9480916,12474164,chem,other,none,5.00,0.50,1,子图 运动命令 内部化学连接
9480916,13760954,chem,other,none,5.00,0.50,2,子图 运动命令 内部化学连接
9480916,13764822,chem,other,none,5.00,0.50,1,子图 运动命令 内部化学连接
9480916,13835439,chem,other,none,5.00,0.50,4,子图 运动命令 内部化学连接
9480916,14334367,chem,other,none,5.00,0.50,2,子图 运动命令 内部化学连接
9480916,15467736,chem,other,none,5.00,0.50,4,子图 运动命令 内部化学连接
9480916,15732497,chem,other,none,5.00,0.50,1,子图 运动命令 内部化学连接
9480916,15823055,chem,other,none,5.00,0.50,1,子图 运动命令 内部化学连接
9480916,15934458,chem,other,none,5.00,0.50,8,子图 运动命令 内部化学连接
9480916,16443509,chem,other,none,5.00,0.50,1,子图 运动命令 内部化学连接
9480916,16471422,chem,other,none,5.00,0.50,1,子图 运动命令 内部化学连接
9480916,16578252,chem,other,none,5.00,0.50,2,子图 运动命令 内部化学连接
9480916,16852589,chem,other,none,5.00,0.50,1,子图 运动命令 内部化学连接
9480916,16910799,chem,other,none,5.00,0.50,1,子图 运动命令 内部化学连接
9480916,16924423,chem,other,none,5.00,0.50,3,子图 运动命令 内部化学连接
9480916,16947349,chem,other,none,5.00,0.50,2,子图 运动命令 内部化学连接
9480916,16950354,chem,other,none,5.00,0.50,6,子图 运动命令 内部化学连接
9480916,16950550,chem,other,none,5.00,0.50,1,子图 运动命令 内部化学连接
9480916,16950798,chem,other,none,5.00,0.50,3,子图 运动命令 内部化学连接
9480916,17173852,chem,other,none,5.00,0.50,1,子图 运动命令 内部化学连接
9480916,17360282,chem,other,none,5.00,0.50,1,子图 运动命令 内部化学连接
9480916,17654514,chem,other,none,5.00,0.50,1,子图 运动命令 内部化学连接
9480916,17656886,chem,other,none,5.00,0.50,1,子图 运动命令 内部化学连接
9480916,19090042,chem,other,none,5.00,0.50,1,子图 运动命令 内部化学连接
9480916,19156025,chem,other,none,5.00,0.50,1,子图 运动命令 内部化学连接
9480916,19190681,chem,other,none,5.00,0.50,2,子图 运动命令 内部化学连接
9519425,4227880,chem,other,none,5.00,0.50,2,子图 运动命令 内部化学连接
9519425,4591713,chem,other,none,5.00,0.50,1,子图 运动命令 内部化学连接
9519425,4966994,chem,other,none,5.00,0.50,1,子图 运动命令 内部化学连接
9519425,6153877,chem,other,none,5.00,0.50,1,子图 运动命令 内部化学连接
9519425,6188181,chem,other,none,5.00,0.50,9,子图 运动命令 内部化学连接
9519425,6190181,chem,other,none,5.00,0.50,2,子图 运动命令 内部化学连接
9519425,6653450,chem,other,none,5.00,0.50,4,子图 运动命令 内部化学连接
9519425,8025665,chem,other,none,5.00,0.50,1,子图 运动命令 内部化学连接
9519425,9067063,chem,other,none,5.00,0.50,5,子图 运动命令 内部化学连接
9519425,9068346,chem,other,none,5.00,0.50,14,子图 运动命令 内部化学连接
9519425,9069084,chem,other,none,5.00,0.50,8,子图 运动命令 内部化学连接
9519425,9091922,chem,other,none,5.00,0.50,1,子图 运动命令 内部化学连接
9519425,9519425,chem,other,none,5.00,0.50,2,子图 运动命令 内部化学连接
9519425,14334367,chem,other,none,5.00,0.50,2,子图 运动命令 内部化学连接
9519425,15525794,chem,other,none,5.00,0.50,2,子图 运动命令 内部化学连接
9519425,15894178,chem,other,none,5.00,0.50,1,子图 运动命令 内部化学连接
9519425,15894278,chem,other,none,5.00,0.50,2,子图 运动命令 内部化学连接
9519425,16339338,chem,other,none,5.00,0.50,2,子图 运动命令 内部化学连接
9519425,17105218,chem,other,none,5.00,0.50,1,子图 运动命令 内部化学连接
9519425,17109286,chem,other,none,5.00,0.50,2,子图 运动命令 内部化学连接
9519425,17360266,chem,other,none,5.00,0.50,1,子图 运动命令 内部化学连接
9519425,17535542,chem,other,none,5.00,0.50,3,子图 运动命令 内部化学连接
9532295,1805418,chem,other,none,5.00,0.50,12,子图 运动命令 内部化学连接
9532295,4591713,chem,other,none,5.00,0.50,1,子图 运动命令 内部化学连接
9532295,5164129,chem,other,none,5.00,0.50,2,子图 运动命令 内部化学连接
9532295,5898284,chem,other,none,5.00,0.50,1,子图 运动命令 内部化学连接
9532295,6653450,chem,other,none,5.00,0.50,4,子图 运动命令 内部化学连接
9532295,8271875,chem,other,none,5.00,0.50,9,子图 运动命令 内部化学连接
9532295,8496618,chem,other,none,5.00,0.50,1,子图 运动命令 内部化学连接
9532295,8801715,chem,other,none,5.00,0.50,1,子图 运动命令 内部化学连接
9532295,9085808,chem,other,none,5.00,0.50,2,子图 运动命令 内部化学连接
9532295,9097065,chem,other,none,5.00,0.50,1,子图 运动命令 内部化学连接
9532295,9116228,chem,other,none,5.00,0.50,1,子图 运动命令 内部化学连接
9532295,12962772,chem,other,none,5.00,0.50,2,子图 运动命令 内部化学连接
9532295,14656798,chem,other,none,5.00,0.50,1,子图 运动命令 内部化学连接
9532295,15155348,chem,other,none,5.00,0.50,7,子图 运动命令 内部化学连接
9532295,15732503,chem,other,none,5.00,0.50,1,子图 运动命令 内部化学连接
9532295,15894278,chem,other,none,5.00,0.50,3,子图 运动命令 内部化学连接
9532295,15964206,chem,other,none,5.00,0.50,1,子图 运动命令 内部化学连接
9532295,16115255,chem,other,none,5.00,0.50,2,子图 运动命令 内部化学连接
9532295,16355225,chem,other,none,5.00,0.50,1,子图 运动命令 内部化学连接
9532295,16617920,chem,other,none,5.00,0.50,1,子图 运动命令 内部化学连接
9532295,16709072,chem,other,none,5.00,0.50,2,子图 运动命令 内部化学连接
9532295,16852421,chem,other,none,5.00,0.50,6,子图 运动命令 内部化学连接
9532295,18604097,chem,other,none,5.00,0.50,1,子图 运动命令 内部化学连接
9565674,1805669,chem,other,none,5.00,0.50,1,子图 运动命令 内部化学连接
9565674,3149791,chem,other,none,5.00,0.50,1,子图 运动命令 内部化学连接
9565674,3729496,chem,other,none,5.00,0.50,1,子图 运动命令 内部化学连接
9565674,3762317,chem,other,none,5.00,0.50,1,子图 运动命令 内部化学连接
9565674,4847079,chem,other,none,5.00,0.50,1,子图 运动命令 内部化学连接
9565674,8572353,chem,other,none,5.00,0.50,5,子图 运动命令 内部化学连接
9565674,8696919,chem,other,none,5.00,0.50,1,子图 运动命令 内部化学连接
9565674,8979434,chem,other,none,5.00,0.50,1,子图 运动命令 内部化学连接
9565674,13411445,chem,other,none,5.00,0.50,1,子图 运动命令 内部化学连接
9565674,13564607,chem,other,none,5.00,0.50,7,子图 运动命令 内部化学连接
9565674,13674287,chem,other,none,5.00,0.50,2,子图 运动命令 内部化学连接
9565674,13764822,chem,other,none,5.00,0.50,1,子图 运动命令 内部化学连接
9565674,13948718,chem,other,none,5.00,0.50,2,子图 运动命令 内部化学连接
9565674,14034311,chem,other,none,5.00,0.50,1,子图 运动命令 内部化学连接
9565674,14492757,chem,other,none,5.00,0.50,1,子图 运动命令 内部化学连接
9565674,15481779,chem,other,none,5.00,0.50,1,子图 运动命令 内部化学连接
9565674,15548844,chem,other,none,5.00,0.50,1,子图 运动命令 内部化学连接
9565674,16195633,chem,other,none,5.00,0.50,1,子图 运动命令 内部化学连接
9565674,16316973,chem,other,none,5.00,0.50,2,子图 运动命令 内部化学连接
9565674,16347786,chem,other,none,5.00,0.50,3,子图 运动命令 内部化学连接
9565674,16350988,chem,other,none,5.00,0.50,2,子图 运动命令 内部化学连接
9565674,16388736,chem,other,none,5.00,0.50,2,子图 运动命令 内部化学连接
9565674,17850822,chem,other,none,5.00,0.50,1,子图 运动命令 内部化学连接
9565674,19190681,chem,other,none,5.00,0.50,1,子图 运动命令 内部化学连接
9565674,19508873,chem,other,none,5.00,0.50,1,子图 运动命令 内部化学连接
9594273,4966994,chem,other,none,5.00,0.50,1,子图 运动命令 内部化学连接
9594273,5319633,chem,other,none,5.00,0.50,6,子图 运动命令 内部化学连接
9594273,6153877,chem,other,none,5.00,0.50,7,子图 运动命令 内部化学连接
9594273,6190181,chem,other,none,5.00,0.50,7,子图 运动命令 内部化学连接
9594273,6653450,chem,other,none,5.00,0.50,4,子图 运动命令 内部化学连接
9594273,8710444,chem,other,none,5.00,0.50,2,子图 运动命令 内部化学连接
9594273,12031406,chem,other,none,5.00,0.50,1,子图 运动命令 内部化学连接
9594273,14999928,chem,other,none,5.00,0.50,5,子图 运动命令 内部化学连接
9594273,15525794,chem,other,none,5.00,0.50,3,子图 运动命令 内部化学连接
9594273,15894178,chem,other,none,5.00,0.50,8,子图 运动命令 内部化学连接
9594273,15894278,chem,other,none,5.00,0.50,3,子图 运动命令 内部化学连接
9594273,16339338,chem,other,none,5.00,0.50,8,子图 运动命令 内部化学连接
9594273,16388736,chem,other,none,5.00,0.50,2,子图 运动命令 内部化学连接
9594273,16671014,chem,other,none,5.00,0.50,7,子图 运动命令 内部化学连接
9594273,16852421,chem,other,none,5.00,0.50,2,子图 运动命令 内部化学连接
9594273,16934932,chem,other,none,5.00,0.50,3,子图 运动命令 内部化学连接
9594273,17813457,chem,other,none,5.00,0.50,1,子图 运动命令 内部化学连接
9604434,4173633,chem,other,none,5.00,0.50,2,子图 运动命令 内部化学连接
9604434,4591713,chem,other,none,5.00,0.50,4,子图 运动命令 内部化学连接
9604434,4966994,chem,other,none,5.00,0.50,7,子图 运动命令 内部化学连接
9604434,6153877,chem,other,none,5.00,0.50,6,子图 运动命令 内部化学连接
9604434,6188181,chem,other,none,5.00,0.50,1,子图 运动命令 内部化学连接
9604434,6190181,chem,other,none,5.00,0.50,9,子图 运动命令 内部化学连接
9604434,6653450,chem,other,none,5.00,0.50,3,子图 运动命令 内部化学连接
9604434,8025665,chem,other,none,5.00,0.50,1,子图 运动命令 内部化学连接
9604434,8161148,chem,other,none,5.00,0.50,3,子图 运动命令 内部化学连接
9604434,8709865,chem,other,none,5.00,0.50,2,子图 运动命令 内部化学连接
9604434,9067063,chem,other,none,5.00,0.50,7,子图 运动命令 内部化学连接
9604434,9085808,chem,other,none,5.00,0.50,1,子图 运动命令 内部化学连接
9604434,9091922,chem,other,none,5.00,0.50,1,子图 运动命令 内部化学连接
9604434,9519425,chem,other,none,5.00,0.50,1,子图 运动命令 内部化学连接
9604434,10248031,chem,other,none,5.00,0.50,2,子图 运动命令 内部化学连接
9604434,15018449,chem,other,none,5.00,0.50,1,子图 运动命令 内部化学连接
9604434,15467736,chem,other,none,5.00,0.50,1,子图 运动命令 内部化学连接
9604434,15539984,chem,other,none,5.00,0.50,2,子图 运动命令 内部化学连接
9604434,15894178,chem,other,none,5.00,0.50,8,子图 运动命令 内部化学连接
9604434,15894278,chem,other,none,5.00,0.50,5,子图 运动命令 内部化学连接
9604434,16339338,chem,other,none,5.00,0.50,6,子图 运动命令 内部化学连接
9604434,16340461,chem,other,none,5.00,0.50,1,子图 运动命令 内部化学连接
9604434,16578252,chem,other,none,5.00,0.50,4,子图 运动命令 内部化学连接
9604434,16934932,chem,other,none,5.00,0.50,1,子图 运动命令 内部化学连接
9604434,17109286,chem,other,none,5.00,0.50,1,子图 运动命令 内部化学连接
9604434,17535542,chem,other,none,5.00,0.50,2,子图 运动命令 内部化学连接
9604434,17813457,chem,other,none,5.00,0.50,2,子图 运动命令 内部化学连接
9612903,4142619,chem,other,none,5.00,0.50,2,子图 运动命令 内部化学连接
9612903,4173633,chem,other,none,5.00,0.50,2,子图 运动命令 内部化学连接
9612903,4188325,chem,other,none,5.00,0.50,1,子图 运动命令 内部化学连接
9612903,4311241,chem,other,none,5.00,0.50,1,子图 运动命令 内部化学连接
9612903,5816138,chem,other,none,5.00,0.50,14,子图 运动命令 内部化学连接
9612903,5859372,chem,other,none,5.00,0.50,1,子图 运动命令 内部化学连接
9612903,5898284,chem,other,none,5.00,0.50,4,子图 运动命令 内部化学连接
9612903,6190181,chem,other,none,5.00,0.50,1,子图 运动命令 内部化学连接
9612903,6609380,chem,other,none,5.00,0.50,1,子图 运动命令 内部化学连接
9612903,6653450,chem,other,none,5.00,0.50,1,子图 运动命令 内部化学连接
9612903,7025064,chem,other,none,5.00,0.50,1,子图 运动命令 内部化学连接
9612903,9067063,chem,other,none,5.00,0.50,3,子图 运动命令 内部化学连接
9612903,9068346,chem,other,none,5.00,0.50,3,子图 运动命令 内部化学连接
9612903,9069084,chem,other,none,5.00,0.50,8,子图 运动命令 内部化学连接
9612903,9384504,chem,other,none,5.00,0.50,10,子图 运动命令 内部化学连接
9612903,9714476,chem,other,none,5.00,0.50,3,子图 运动命令 内部化学连接
9612903,9961098,chem,other,none,5.00,0.50,6,子图 运动命令 内部化学连接
9612903,10017944,chem,other,none,5.00,0.50,4,子图 运动命令 内部化学连接
9612903,10964258,chem,other,none,5.00,0.50,4,子图 运动命令 内部化学连接
9612903,15539984,chem,other,none,5.00,0.50,5,子图 运动命令 内部化学连接
9612903,15672263,chem,other,none,5.00,0.50,2,子图 运动命令 内部化学连接
9612903,15732509,chem,other,none,5.00,0.50,2,子图 运动命令 内部化学连接
9612903,15894178,chem,other,none,5.00,0.50,1,子图 运动命令 内部化学连接
9612903,15964206,chem,other,none,5.00,0.50,3,子图 运动命令 内部化学连接
9612903,16342197,chem,other,none,5.00,0.50,2,子图 运动命令 内部化学连接
9612903,17110007,chem,other,none,5.00,0.50,10,子图 运动命令 内部化学连接
9612903,17173852,chem,other,none,5.00,0.50,1,子图 运动命令 内部化学连接
9612903,17360404,chem,other,none,5.00,0.50,1,子图 运动命令 内部化学连接
9612903,18080008,chem,other,none,5.00,0.50,2,子图 运动命令 内部化学连接
9612903,18267838,chem,other,none,5.00,0.50,1,子图 运动命令 内部化学连接
9612903,19092010,chem,other,none,5.00,0.50,4,子图 运动命令 内部化学连接
9643439,2979675,chem,other,none,5.00,0.50,3,子图 运动命令 内部化学连接
9643439,3009700,chem,other,none,5.00,0.50,1,子图 运动命令 内部化学连接
9643439,5134110,chem,other,none,5.00,0.50,2,子图 运动命令 内部化学连接
9643439,5657004,chem,other,none,5.00,0.50,8,子图 运动命令 内部化学连接
9643439,5680013,chem,other,none,5.00,0.50,1,子图 运动命令 内部化学连接
9643439,6114695,chem,other,none,5.00,0.50,1,子图 运动命令 内部化学连接
9643439,7422253,chem,other,none,5.00,0.50,1,子图 运动命令 内部化学连接
9643439,7429933,chem,other,none,5.00,0.50,7,子图 运动命令 内部化学连接
9643439,8167696,chem,other,none,5.00,0.50,7,子图 运动命令 内部化学连接
9643439,8253620,chem,other,none,5.00,0.50,5,子图 运动命令 内部化学连接
9643439,8687096,chem,other,none,5.00,0.50,2,子图 运动命令 内部化学连接
9643439,10609443,chem,other,none,5.00,0.50,3,子图 运动命令 内部化学连接
9643439,10915553,chem,other,none,5.00,0.50,1,子图 运动命令 内部化学连接
9643439,10947427,chem,other,none,5.00,0.50,3,子图 运动命令 内部化学连接
9643439,11905911,chem,other,none,5.00,0.50,4,子图 运动命令 内部化学连接
9643439,14760757,chem,other,none,5.00,0.50,3,子图 运动命令 内部化学连接
9643439,15048530,chem,other,none,5.00,0.50,1,子图 运动命令 内部化学连接
9643439,15590555,chem,other,none,5.00,0.50,2,子图 运动命令 内部化学连接
9643439,15636958,chem,other,none,5.00,0.50,1,子图 运动命令 内部化学连接
9643439,15638906,chem,other,none,5.00,0.50,5,子图 运动命令 内部化学连接
9643439,16115575,chem,other,none,5.00,0.50,2,子图 运动命令 内部化学连接
9643439,17360010,chem,other,none,5.00,0.50,4,子图 运动命令 内部化学连接
9643439,17732031,chem,other,none,5.00,0.50,1,子图 运动命令 内部化学连接
9643439,17804729,chem,other,none,5.00,0.50,2,子图 运动命令 内部化学连接
9643439,18639459,chem,other,none,5.00,0.50,2,子图 运动命令 内部化学连接
9714476,4142619,chem,other,none,5.00,0.50,1,子图 运动命令 内部化学连接
9714476,5164129,chem,other,none,5.00,0.50,1,子图 运动命令 内部化学连接
9714476,5786898,chem,other,none,5.00,0.50,1,子图 运动命令 内部化学连接
9714476,5859372,chem,other,none,5.00,0.50,1,子图 运动命令 内部化学连接
9714476,6153877,chem,other,none,5.00,0.50,2,子图 运动命令 内部化学连接
9714476,6609380,chem,other,none,5.00,0.50,1,子图 运动命令 内部化学连接
9714476,6610913,chem,other,none,5.00,0.50,6,子图 运动命令 内部化学连接
9714476,8161148,chem,other,none,5.00,0.50,26,子图 运动命令 内部化学连接
9714476,8496618,chem,other,none,5.00,0.50,1,子图 运动命令 内部化学连接
9714476,8710444,chem,other,none,5.00,0.50,1,子图 运动命令 内部化学连接
9714476,9239759,chem,other,none,5.00,0.50,1,子图 运动命令 内部化学连接
9714476,10276161,chem,other,none,5.00,0.50,4,子图 运动命令 内部化学连接
9714476,10728328,chem,other,none,5.00,0.50,1,子图 运动命令 内部化学连接
9714476,10728333,chem,other,none,5.00,0.50,3,子图 运动命令 内部化学连接
9714476,12474164,chem,other,none,5.00,0.50,4,子图 运动命令 内部化学连接
9714476,13557064,chem,other,none,5.00,0.50,5,子图 运动命令 内部化学连接
9714476,15467736,chem,other,none,5.00,0.50,5,子图 运动命令 内部化学连接
9714476,15894178,chem,other,none,5.00,0.50,1,子图 运动命令 内部化学连接
9714476,16339338,chem,other,none,5.00,0.50,1,子图 运动命令 内部化学连接
9714476,16651566,chem,other,none,5.00,0.50,2,子图 运动命令 内部化学连接
9714476,16852421,chem,other,none,5.00,0.50,1,子图 运动命令 内部化学连接
9714476,18464581,chem,other,none,5.00,0.50,5,子图 运动命令 内部化学连接
9739780,2979675,chem,other,none,5.00,0.50,1,子图 运动命令 内部化学连接
9739780,3048606,chem,other,none,5.00,0.50,1,子图 运动命令 内部化学连接
9739780,3060480,chem,other,none,5.00,0.50,2,子图 运动命令 内部化学连接
9739780,5033480,chem,other,none,5.00,0.50,1,子图 运动命令 内部化学连接
9739780,5657004,chem,other,none,5.00,0.50,11,子图 运动命令 内部化学连接
9739780,8253620,chem,other,none,5.00,0.50,1,子图 运动命令 内部化学连接
9739780,8529400,chem,other,none,5.00,0.50,3,子图 运动命令 内部化学连接
9739780,9822593,chem,other,none,5.00,0.50,6,子图 运动命令 内部化学连接
9739780,11084320,chem,other,none,5.00,0.50,3,子图 运动命令 内部化学连接
9739780,15096548,chem,other,none,5.00,0.50,1,子图 运动命令 内部化学连接
9739780,16059134,chem,other,none,5.00,0.50,2,子图 运动命令 内部化学连接
9739780,17360076,chem,other,none,5.00,0.50,1,子图 运动命令 内部化学连接
9739780,17728922,chem,other,none,5.00,0.50,3,子图 运动命令 内部化学连接
9750356,16393165,chem,other,none,5.00,0.50,2,子图 运动命令 内部化学连接
9753494,3979181,chem,other,none,5.00,0.50,3,子图 运动命令 内部化学连接
9753494,4127096,chem,other,none,5.00,0.50,1,子图 运动命令 内部化学连接
9753494,4966994,chem,other,none,5.00,0.50,3,子图 运动命令 内部化学连接
9753494,6143930,chem,other,none,5.00,0.50,1,子图 运动命令 内部化学连接
9753494,7700444,chem,other,none,5.00,0.50,5,子图 运动命令 内部化学连接
9753494,10276161,chem,other,none,5.00,0.50,1,子图 运动命令 内部化学连接
9753494,10411574,chem,other,none,5.00,0.50,1,子图 运动命令 内部化学连接
9753494,10728333,chem,other,none,5.00,0.50,1,子图 运动命令 内部化学连接
9753494,10921106,chem,other,none,5.00,0.50,2,子图 运动命令 内部化学连接
9753494,10964258,chem,other,none,5.00,0.50,3,子图 运动命令 内部化学连接
9753494,11841664,chem,other,none,5.00,0.50,5,子图 运动命令 内部化学连接
9753494,13557064,chem,other,none,5.00,0.50,1,子图 运动命令 内部化学连接
9753494,15522152,chem,other,none,5.00,0.50,1,子图 运动命令 内部化学连接
9753494,15548844,chem,other,none,5.00,0.50,1,子图 运动命令 内部化学连接
9753494,16347786,chem,other,none,5.00,0.50,1,子图 运动命令 内部化学连接
9753494,17087885,chem,other,none,5.00,0.50,1,子图 运动命令 内部化学连接
9753494,17454636,chem,other,none,5.00,0.50,1,子图 运动命令 内部化学连接
9753494,17589475,chem,other,none,5.00,0.50,1,子图 运动命令 内部化学连接
9761454,4116174,chem,other,none,5.00,0.50,1,子图 运动命令 内部化学连接
9761454,7429933,chem,other,none,5.00,0.50,1,子图 运动命令 内部化学连接
9761454,8227502,chem,other,none,5.00,0.50,1,子图 运动命令 内部化学连接
9761454,8696919,chem,other,none,5.00,0.50,1,子图 运动命令 内部化学连接
9761454,9565674,chem,other,none,5.00,0.50,2,子图 运动命令 内部化学连接
9761454,10158972,chem,other,none,5.00,0.50,3,子图 运动命令 内部化学连接
9761454,10855798,chem,other,none,5.00,0.50,1,子图 运动命令 内部化学连接
9761454,11714576,chem,other,none,5.00,0.50,1,子图 运动命令 内部化学连接
9761454,13580849,chem,other,none,5.00,0.50,1,子图 运动命令 内部化学连接
9761454,13849557,chem,other,none,5.00,0.50,3,子图 运动命令 内部化学连接
9761454,14517691,chem,other,none,5.00,0.50,2,子图 运动命令 内部化学连接
9761454,15334461,chem,other,none,5.00,0.50,1,子图 运动命令 内部化学连接
9761454,15636958,chem,other,none,5.00,0.50,2,子图 运动命令 内部化学连接
9761454,15639331,chem,other,none,5.00,0.50,1,子图 运动命令 内部化学连接
9761454,17990556,chem,other,none,5.00,0.50,2,子图 运动命令 内部化学连接
9761454,19508873,chem,other,none,5.00,0.50,2,子图 运动命令 内部化学连接
9787592,3498479,chem,other,none,5.00,0.50,2,子图 运动命令 内部化学连接
9787592,4453485,chem,other,none,5.00,0.50,2,子图 运动命令 内部化学连接
9787592,4506509,chem,other,none,5.00,0.50,2,子图 运动命令 内部化学连接
9787592,9787859,chem,other,none,5.00,0.50,6,子图 运动命令 内部化学连接
9787592,9795662,chem,other,none,5.00,0.50,3,子图 运动命令 内部化学连接
9787592,10059655,chem,other,none,5.00,0.50,2,子图 运动命令 内部化学连接
9787592,10459723,chem,other,none,5.00,0.50,1,子图 运动命令 内部化学连接
9787592,12000033,chem,other,none,5.00,0.50,2,子图 运动命令 内部化学连接
9787592,13380660,chem,other,none,5.00,0.50,1,子图 运动命令 内部化学连接
9787592,13854190,chem,other,none,5.00,0.50,5,子图 运动命令 内部化学连接
9787592,16424131,chem,other,none,5.00,0.50,4,子图 运动命令 内部化学连接
9787859,3498479,chem,other,none,5.00,0.50,3,子图 运动命令 内部化学连接
9787859,9787592,chem,other,none,5.00,0.50,1,子图 运动命令 内部化学连接
9787859,9795662,chem,other,none,5.00,0.50,4,子图 运动命令 内部化学连接
9787859,9842383,chem,other,none,5.00,0.50,4,子图 运动命令 内部化学连接
9787859,10059655,chem,other,none,5.00,0.50,4,子图 运动命令 内部化学连接
9787859,13854190,chem,other,none,5.00,0.50,2,子图 运动命令 内部化学连接
9787859,16424131,chem,other,none,5.00,0.50,3,子图 运动命令 内部化学连接
9795662,3436420,chem,other,none,5.00,0.50,4,子图 运动命令 内部化学连接
9795662,3498479,chem,other,none,5.00,0.50,2,子图 运动命令 内部化学连接
9795662,4453485,chem,other,none,5.00,0.50,5,子图 运动命令 内部化学连接
9795662,4506509,chem,other,none,5.00,0.50,2,子图 运动命令 内部化学连接
9795662,9787592,chem,other,none,5.00,0.50,4,子图 运动命令 内部化学连接
9795662,9787859,chem,other,none,5.00,0.50,8,子图 运动命令 内部化学连接
9795662,10059655,chem,other,none,5.00,0.50,2,子图 运动命令 内部化学连接
9795662,10329208,chem,other,none,5.00,0.50,1,子图 运动命令 内部化学连接
9795662,10459723,chem,other,none,5.00,0.50,1,子图 运动命令 内部化学连接
9795662,13854190,chem,other,none,5.00,0.50,2,子图 运动命令 内部化学连接
9795662,15639294,chem,other,none,5.00,0.50,1,子图 运动命令 内部化学连接
9795662,16424131,chem,other,none,5.00,0.50,1,子图 运动命令 内部化学连接
9822593,4663875,chem,other,none,5.00,0.50,1,子图 运动命令 内部化学连接
9822593,5700090,chem,other,none,5.00,0.50,2,子图 运动命令 内部化学连接
9822593,5745110,chem,other,none,5.00,0.50,2,子图 运动命令 内部化学连接
9822593,5746180,chem,other,none,5.00,0.50,1,子图 运动命令 内部化学连接
9822593,7467027,chem,other,none,5.00,0.50,1,子图 运动命令 内部化学连接
9822593,7587948,chem,other,none,5.00,0.50,1,子图 运动命令 内部化学连接
9822593,8347720,chem,other,none,5.00,0.50,1,子图 运动命令 内部化学连接
9822593,9234420,chem,other,none,5.00,0.50,2,子图 运动命令 内部化学连接
9822593,10527147,chem,other,none,5.00,0.50,1,子图 运动命令 内部化学连接
9822593,10627239,chem,other,none,5.00,0.50,1,子图 运动命令 内部化学连接
9822593,10885466,chem,other,none,5.00,0.50,2,子图 运动命令 内部化学连接
9822593,10945111,chem,other,none,5.00,0.50,3,子图 运动命令 内部化学连接
9822593,11623145,chem,other,none,5.00,0.50,2,子图 运动命令 内部化学连接
9822593,12548756,chem,other,none,5.00,0.50,5,子图 运动命令 内部化学连接
9822593,12990900,chem,other,none,5.00,0.50,1,子图 运动命令 内部化学连接
9822593,13049485,chem,other,none,5.00,0.50,2,子图 运动命令 内部化学连接
9822593,14519756,chem,other,none,5.00,0.50,1,子图 运动命令 内部化学连接
9822593,14753815,chem,other,none,5.00,0.50,1,子图 运动命令 内部化学连接
9822593,15023987,chem,other,none,5.00,0.50,1,子图 运动命令 内部化学连接
9822593,16096934,chem,other,none,5.00,0.50,6,子图 运动命令 内部化学连接
9822593,16636860,chem,other,none,5.00,0.50,1,子图 运动命令 内部化学连接
9822593,16848587,chem,other,none,5.00,0.50,1,子图 运动命令 内部化学连接
9822593,17360038,chem,other,none,5.00,0.50,1,子图 运动命令 内部化学连接
9822593,17728922,chem,other,none,5.00,0.50,1,子图 运动命令 内部化学连接
9822593,17729973,chem,other,none,5.00,0.50,1,子图 运动命令 内部化学连接
9842383,3498479,chem,other,none,5.00,0.50,1,子图 运动命令 内部化学连接
9842383,9787859,chem,other,none,5.00,0.50,3,子图 运动命令 内部化学连接
9842383,9795662,chem,other,none,5.00,0.50,1,子图 运动命令 内部化学连接
9842383,13854190,chem,other,none,5.00,0.50,1,子图 运动命令 内部化学连接
9842383,17359101,chem,other,none,5.00,0.50,2,子图 运动命令 内部化学连接
9961098,4142619,chem,other,none,5.00,0.50,3,子图 运动命令 内部化学连接
9961098,4173633,chem,other,none,5.00,0.50,1,子图 运动命令 内部化学连接
9961098,4390116,chem,other,none,5.00,0.50,1,子图 运动命令 内部化学连接
9961098,5859372,chem,other,none,5.00,0.50,1,子图 运动命令 内部化学连接
9961098,6049565,chem,other,none,5.00,0.50,1,子图 运动命令 内部化学连接
9961098,6153877,chem,other,none,5.00,0.50,4,子图 运动命令 内部化学连接
9961098,6188181,chem,other,none,5.00,0.50,7,子图 运动命令 内部化学连接
9961098,6190181,chem,other,none,5.00,0.50,1,子图 运动命令 内部化学连接
9961098,9067063,chem,other,none,5.00,0.50,9,子图 运动命令 内部化学连接
9961098,9068346,chem,other,none,5.00,0.50,3,子图 运动命令 内部化学连接
9961098,9069084,chem,other,none,5.00,0.50,11,子图 运动命令 内部化学连接
9961098,9384504,chem,other,none,5.00,0.50,2,子图 运动命令 内部化学连接
9961098,9612903,chem,other,none,5.00,0.50,2,子图 运动命令 内部化学连接
9961098,10017944,chem,other,none,5.00,0.50,1,子图 运动命令 内部化学连接
9961098,10447988,chem,other,none,5.00,0.50,1,子图 运动命令 内部化学连接
9961098,12474164,chem,other,none,5.00,0.50,1,子图 运动命令 内部化学连接
9961098,15018449,chem,other,none,5.00,0.50,1,子图 运动命令 内部化学连接
9961098,15672263,chem,other,none,5.00,0.50,2,子图 运动命令 内部化学连接
9961098,15732509,chem,other,none,5.00,0.50,1,子图 运动命令 内部化学连接
9961098,15894178,chem,other,none,5.00,0.50,3,子图 运动命令 内部化学连接
9961098,15894278,chem,other,none,5.00,0.50,1,子图 运动命令 内部化学连接
9961098,15964206,chem,other,none,5.00,0.50,4,子图 运动命令 内部化学连接
9961098,16671014,chem,other,none,5.00,0.50,6,子图 运动命令 内部化学连接
9961098,16934932,chem,other,none,5.00,0.50,6,子图 运动命令 内部化学连接
9961098,17110007,chem,other,none,5.00,0.50,4,子图 运动命令 内部化学连接
9961098,17356024,chem,other,none,5.00,0.50,9,子图 运动命令 内部化学连接
9961098,17357979,chem,other,none,5.00,0.50,1,子图 运动命令 内部化学连接
9961098,17535542,chem,other,none,5.00,0.50,12,子图 运动命令 内部化学连接
9961098,17639824,chem,other,none,5.00,0.50,2,子图 运动命令 内部化学连接
9961098,17654519,chem,other,none,5.00,0.50,2,子图 运动命令 内部化学连接
9961098,18500988,chem,other,none,5.00,0.50,2,子图 运动命令 内部化学连接
9983417,3946166,chem,other,none,5.00,0.50,3,子图 运动命令 内部化学连接
9983417,7557604,chem,other,none,5.00,0.50,1,子图 运动命令 内部化学连接
9983417,9078240,chem,other,none,5.00,0.50,1,子图 运动命令 内部化学连接
10017944,4017464,chem,other,none,5.00,0.50,2,子图 运动命令 内部化学连接
10017944,4173633,chem,other,none,5.00,0.50,2,子图 运动命令 内部化学连接
10017944,6153877,chem,other,none,5.00,0.50,2,子图 运动命令 内部化学连接
10017944,6188181,chem,other,none,5.00,0.50,5,子图 运动命令 内部化学连接
10017944,6190181,chem,other,none,5.00,0.50,2,子图 运动命令 内部化学连接
10017944,6609380,chem,other,none,5.00,0.50,1,子图 运动命令 内部化学连接
10017944,6653450,chem,other,none,5.00,0.50,1,子图 运动命令 内部化学连接
10017944,8357933,chem,other,none,5.00,0.50,1,子图 运动命令 内部化学连接
10017944,9067063,chem,other,none,5.00,0.50,8,子图 运动命令 内部化学连接
10017944,9068346,chem,other,none,5.00,0.50,1,子图 运动命令 内部化学连接
10017944,9069084,chem,other,none,5.00,0.50,10,子图 运动命令 内部化学连接
10017944,9384504,chem,other,none,5.00,0.50,2,子图 运动命令 内部化学连接
10017944,9612903,chem,other,none,5.00,0.50,4,子图 运动命令 内部化学连接
10017944,9961098,chem,other,none,5.00,0.50,1,子图 运动命令 内部化学连接
10017944,10017944,chem,other,none,5.00,0.50,3,子图 运动命令 内部化学连接
10017944,11841664,chem,other,none,5.00,0.50,1,子图 运动命令 内部化学连接
10017944,12474164,chem,other,none,5.00,0.50,4,子图 运动命令 内部化学连接
10017944,15732509,chem,other,none,5.00,0.50,1,子图 运动命令 内部化学连接
10017944,15894178,chem,other,none,5.00,0.50,4,子图 运动命令 内部化学连接
10017944,16520950,chem,other,none,5.00,0.50,1,子图 运动命令 内部化学连接
10017944,16560178,chem,other,none,5.00,0.50,1,子图 运动命令 内部化学连接
10017944,17110007,chem,other,none,5.00,0.50,7,子图 运动命令 内部化学连接
10017944,17356024,chem,other,none,5.00,0.50,4,子图 运动命令 内部化学连接
10017944,17357979,chem,other,none,5.00,0.50,1,子图 运动命令 内部化学连接
10017944,17535542,chem,other,none,5.00,0.50,7,子图 运动命令 内部化学连接
10017944,17654519,chem,other,none,5.00,0.50,2,子图 运动命令 内部化学连接
10017944,18500988,chem,other,none,5.00,0.50,2,子图 运动命令 内部化学连接
10017944,20911961,chem,other,none,5.00,0.50,2,子图 运动命令 内部化学连接
10018150,1678567,chem,other,none,5.00,0.50,1,子图 运动命令 内部化学连接
10018150,8723983,chem,other,none,5.00,0.50,1,子图 运动命令 内部化学连接
10018150,16154290,chem,other,none,5.00,0.50,2,子图 运动命令 内部化学连接
10018150,16667592,chem,other,none,5.00,0.50,1,子图 运动命令 内部化学连接
10018150,17380345,chem,other,none,5.00,0.50,1,子图 运动命令 内部化学连接
10018150,17589475,chem,other,none,5.00,0.50,1,子图 运动命令 内部化学连接
10018161,5754346,chem,other,none,5.00,0.50,1,子图 运动命令 内部化学连接
10018161,6572414,chem,other,none,5.00,0.50,1,子图 运动命令 内部化学连接
10018161,7130033,chem,other,none,5.00,0.50,1,子图 运动命令 内部化学连接
10018161,15732050,chem,other,none,5.00,0.50,1,子图 运动命令 内部化学连接
10059655,2597151,chem,other,none,5.00,0.50,1,子图 运动命令 内部化学连接
10059655,3498479,chem,other,none,5.00,0.50,1,子图 运动命令 内部化学连接
10059655,4991243,chem,other,none,5.00,0.50,1,子图 运动命令 内部化学连接
10059655,9787592,chem,other,none,5.00,0.50,2,子图 运动命令 内部化学连接
10059655,9787859,chem,other,none,5.00,0.50,1,子图 运动命令 内部化学连接
10059655,9795662,chem,other,none,5.00,0.50,9,子图 运动命令 内部化学连接
10059655,9842383,chem,other,none,5.00,0.50,2,子图 运动命令 内部化学连接
10059655,13854190,chem,other,none,5.00,0.50,6,子图 运动命令 内部化学连接
10059655,15639294,chem,other,none,5.00,0.50,1,子图 运动命令 内部化学连接
10100020,1868538,chem,other,none,5.00,0.50,3,子图 运动命令 内部化学连接
10100020,3149791,chem,other,none,5.00,0.50,1,子图 运动命令 内部化学连接
10100020,3414508,chem,other,none,5.00,0.50,8,子图 运动命令 内部化学连接
10100020,3498479,chem,other,none,5.00,0.50,1,子图 运动命令 内部化学连接
10100020,3620633,chem,other,none,5.00,0.50,2,子图 运动命令 内部化学连接
10100020,3946166,chem,other,none,5.00,0.50,3,子图 运动命令 内部化学连接
10100020,3979181,chem,other,none,5.00,0.50,1,子图 运动命令 内部化学连接
10100020,4215611,chem,other,none,5.00,0.50,4,子图 运动命令 内部化学连接
10100020,5760480,chem,other,none,5.00,0.50,1,子图 运动命令 内部化学连接
10100020,5976168,chem,other,none,5.00,0.50,2,子图 运动命令 内部化学连接
10100020,6554358,chem,other,none,5.00,0.50,1,子图 运动命令 内部化学连接
10100020,7700444,chem,other,none,5.00,0.50,3,子图 运动命令 内部化学连接
10100020,9234420,chem,other,none,5.00,0.50,1,子图 运动命令 内部化学连接
10100020,10059655,chem,other,none,5.00,0.50,2,子图 运动命令 内部化学连接
10100020,10523825,chem,other,none,5.00,0.50,1,子图 运动命令 内部化学连接
10100020,10781924,chem,other,none,5.00,0.50,7,子图 运动命令 内部化学连接
10100020,10922928,chem,other,none,5.00,0.50,3,子图 运动命令 内部化学连接
10100020,13674287,chem,other,none,5.00,0.50,1,子图 运动命令 内部化学连接
10100020,13749806,chem,other,none,5.00,0.50,1,子图 运动命令 内部化学连接
10100020,14034206,chem,other,none,5.00,0.50,6,子图 运动命令 内部化学连接
10100020,14034311,chem,other,none,5.00,0.50,1,子图 运动命令 内部化学连接
10100020,14617508,chem,other,none,5.00,0.50,2,子图 运动命令 内部化学连接
10100020,15605301,chem,other,none,5.00,0.50,1,子图 运动命令 内部化学连接
10100020,15732050,chem,other,none,5.00,0.50,3,子图 运动命令 内部化学连接
10100020,16347786,chem,other,none,5.00,0.50,1,子图 运动命令 内部化学连接
10100020,16422727,chem,other,none,5.00,0.50,5,子图 运动命令 内部化学连接
10100020,16468935,chem,other,none,5.00,0.50,2,子图 运动命令 内部化学连接
10100020,16863538,chem,other,none,5.00,0.50,1,子图 运动命令 内部化学连接
10100020,16910799,chem,other,none,5.00,0.50,6,子图 运动命令 内部化学连接
10100020,17321919,chem,other,none,5.00,0.50,1,子图 运动命令 内部化学连接
10100020,17728922,chem,other,none,5.00,0.50,2,子图 运动命令 内部化学连接
10100020,17776982,chem,other,none,5.00,0.50,1,子图 运动命令 内部化学连接
10100020,17827011,chem,other,none,5.00,0.50,1,子图 运动命令 内部化学连接
10100020,18111410,chem,other,none,5.00,0.50,1,子图 运动命令 内部化学连接
10100020,20443571,chem,other,none,5.00,0.50,1,子图 运动命令 内部化学连接
10158972,2557644,chem,other,none,5.00,0.50,2,子图 运动命令 内部化学连接
10158972,5559657,chem,other,none,5.00,0.50,2,子图 运动命令 内部化学连接
10158972,9750356,chem,other,none,5.00,0.50,1,子图 运动命令 内部化学连接
10158972,10158972,chem,other,none,5.00,0.50,1,子图 运动命令 内部化学连接
10158972,13167025,chem,other,none,5.00,0.50,2,子图 运动命令 内部化学连接
10158972,14154154,chem,other,none,5.00,0.50,2,子图 运动命令 内部化学连接
10158972,14517691,chem,other,none,5.00,0.50,1,子图 运动命令 内部化学连接
10158972,16158918,chem,other,none,5.00,0.50,2,子图 运动命令 内部化学连接
10158972,16316981,chem,other,none,5.00,0.50,1,子图 运动命令 内部化学连接
10158972,16586265,chem,other,none,5.00,0.50,1,子图 运动命令 内部化学连接
10167116,8159396,chem,other,none,5.00,0.50,5,子图 运动命令 内部化学连接
10167116,14517691,chem,other,none,5.00,0.50,1,子图 运动命令 内部化学连接
10221622,6700147,chem,other,none,5.00,0.50,1,子图 运动命令 内部化学连接
10221622,16057212,chem,other,none,5.00,0.50,1,子图 运动命令 内部化学连接
10221622,17529547,chem,other,none,5.00,0.50,1,子图 运动命令 内部化学连接
10221622,19190681,chem,other,none,5.00,0.50,8,子图 运动命令 内部化学连接
10234576,4274518,chem,other,none,5.00,0.50,1,子图 运动命令 内部化学连接
10234576,8271875,chem,other,none,5.00,0.50,1,子图 运动命令 内部化学连接
10234576,9077224,chem,other,none,5.00,0.50,1,子图 运动命令 内部化学连接
10234576,9235545,chem,other,none,5.00,0.50,2,子图 运动命令 内部化学连接
10234576,9237734,chem,other,none,5.00,0.50,1,子图 运动命令 内部化学连接
10234576,10234576,chem,other,none,5.00,0.50,1,子图 运动命令 内部化学连接
10234576,10411574,chem,other,none,5.00,0.50,1,子图 运动命令 内部化学连接
10234576,10758204,chem,other,none,5.00,0.50,2,子图 运动命令 内部化学连接
10234576,10964258,chem,other,none,5.00,0.50,4,子图 运动命令 内部化学连接
10234576,11841664,chem,other,none,5.00,0.50,6,子图 运动命令 内部化学连接
10234576,14334367,chem,other,none,5.00,0.50,1,子图 运动命令 内部化学连接
10234576,16851577,chem,other,none,5.00,0.50,2,子图 运动命令 内部化学连接
10234576,16950097,chem,other,none,5.00,0.50,1,子图 运动命令 内部化学连接
10234576,17083341,chem,other,none,5.00,0.50,1,子图 运动命令 内部化学连接
10234576,17173852,chem,other,none,5.00,0.50,1,子图 运动命令 内部化学连接
10234576,17323054,chem,other,none,5.00,0.50,1,子图 运动命令 内部化学连接
10234576,17357979,chem,other,none,5.00,0.50,5,子图 运动命令 内部化学连接
10234576,17535542,chem,other,none,5.00,0.50,1,子图 运动命令 内部化学连接
10234576,18500988,chem,other,none,5.00,0.50,1,子图 运动命令 内部化学连接
10238739,4966994,chem,other,none,5.00,0.50,1,子图 运动命令 内部化学连接
10238739,5080991,chem,other,none,5.00,0.50,1,子图 运动命令 内部化学连接
10238739,10238739,chem,other,none,5.00,0.50,4,子图 运动命令 内部化学连接
10238739,10240382,chem,other,none,5.00,0.50,6,子图 运动命令 内部化学连接
10238739,10553248,chem,other,none,5.00,0.50,10,子图 运动命令 内部化学连接
10238739,10728328,chem,other,none,5.00,0.50,3,子图 运动命令 内部化学连接
10238739,10728333,chem,other,none,5.00,0.50,1,子图 运动命令 内部化学连接
10238739,10921106,chem,other,none,5.00,0.50,3,子图 运动命令 内部化学连接
10238739,11013583,chem,other,none,5.00,0.50,1,子图 运动命令 内部化学连接
10238739,11217208,chem,other,none,5.00,0.50,2,子图 运动命令 内部化学连接
10238739,13557064,chem,other,none,5.00,0.50,1,子图 运动命令 内部化学连接
10238739,14492757,chem,other,none,5.00,0.50,1,子图 运动命令 内部化学连接
10238739,14726069,chem,other,none,5.00,0.50,1,子图 运动命令 内部化学连接
10238739,16167914,chem,other,none,5.00,0.50,3,子图 运动命令 内部化学连接
10238739,16667592,chem,other,none,5.00,0.50,1,子图 运动命令 内部化学连接
10238739,16709072,chem,other,none,5.00,0.50,1,子图 运动命令 内部化学连接
10238739,17022668,chem,other,none,5.00,0.50,6,子图 运动命令 内部化学连接
10238739,17454636,chem,other,none,5.00,0.50,1,子图 运动命令 内部化学连接
10238739,18232369,chem,other,none,5.00,0.50,2,子图 运动命令 内部化学连接
10238739,18464581,chem,other,none,5.00,0.50,3,子图 运动命令 内部化学连接
10238739,18551732,chem,other,none,5.00,0.50,1,子图 运动命令 内部化学连接
10238739,20421224,chem,other,none,5.00,0.50,1,子图 运动命令 内部化学连接
10240382,3979181,chem,other,none,5.00,0.50,1,子图 运动命令 内部化学连接
10240382,5805651,chem,other,none,5.00,0.50,1,子图 运动命令 内部化学连接
10240382,10238739,chem,other,none,5.00,0.50,6,子图 运动命令 内部化学连接
10240382,10553248,chem,other,none,5.00,0.50,7,子图 运动命令 内部化学连接
10240382,10728333,chem,other,none,5.00,0.50,2,子图 运动命令 内部化学连接
10240382,13557064,chem,other,none,5.00,0.50,1,子图 运动命令 内部化学连接
10240382,14492757,chem,other,none,5.00,0.50,1,子图 运动命令 内部化学连接
10240382,14621584,chem,other,none,5.00,0.50,1,子图 运动命令 内部化学连接
10240382,14656798,chem,other,none,5.00,0.50,1,子图 运动命令 内部化学连接
10240382,15005403,chem,other,none,5.00,0.50,1,子图 运动命令 内部化学连接
10240382,15512404,chem,other,none,5.00,0.50,1,子图 运动命令 内部化学连接
10240382,16167914,chem,other,none,5.00,0.50,1,子图 运动命令 内部化学连接
10240382,16560178,chem,other,none,5.00,0.50,1,子图 运动命令 内部化学连接
10240382,16562142,chem,other,none,5.00,0.50,1,子图 运动命令 内部化学连接
10240382,16851791,chem,other,none,5.00,0.50,1,子图 运动命令 内部化学连接
10240382,16952691,chem,other,none,5.00,0.50,2,子图 运动命令 内部化学连接
10240382,17022668,chem,other,none,5.00,0.50,2,子图 运动命令 内部化学连接
10240382,17454636,chem,other,none,5.00,0.50,1,子图 运动命令 内部化学连接
10240382,18058793,chem,other,none,5.00,0.50,2,子图 运动命令 内部化学连接
10240382,18464581,chem,other,none,5.00,0.50,1,子图 运动命令 内部化学连接
10240382,18551732,chem,other,none,5.00,0.50,1,子图 运动命令 内部化学连接
10240382,20139548,chem,other,none,5.00,0.50,1,子图 运动命令 内部化学连接
10248031,4173633,chem,other,none,5.00,0.50,1,子图 运动命令 内部化学连接
10248031,4591713,chem,other,none,5.00,0.50,2,子图 运动命令 内部化学连接
10248031,4966994,chem,other,none,5.00,0.50,1,子图 运动命令 内部化学连接
10248031,5164129,chem,other,none,5.00,0.50,1,子图 运动命令 内部化学连接
10248031,6153877,chem,other,none,5.00,0.50,6,子图 运动命令 内部化学连接
10248031,6188181,chem,other,none,5.00,0.50,1,子图 运动命令 内部化学连接
10248031,6190181,chem,other,none,5.00,0.50,12,子图 运动命令 内部化学连接
10248031,8161148,chem,other,none,5.00,0.50,1,子图 运动命令 内部化学连接
10248031,8709865,chem,other,none,5.00,0.50,1,子图 运动命令 内部化学连接
10248031,8710444,chem,other,none,5.00,0.50,1,子图 运动命令 内部化学连接
10248031,9069084,chem,other,none,5.00,0.50,1,子图 运动命令 内部化学连接
10248031,9594273,chem,other,none,5.00,0.50,3,子图 运动命令 内部化学连接
10248031,9604434,chem,other,none,5.00,0.50,2,子图 运动命令 内部化学连接
10248031,10728333,chem,other,none,5.00,0.50,2,子图 运动命令 内部化学连接
10248031,13727202,chem,other,none,5.00,0.50,2,子图 运动命令 内部化学连接
10248031,14999928,chem,other,none,5.00,0.50,2,子图 运动命令 内部化学连接
10248031,15018449,chem,other,none,5.00,0.50,1,子图 运动命令 内部化学连接
10248031,15467736,chem,other,none,5.00,0.50,8,子图 运动命令 内部化学连接
10248031,15894178,chem,other,none,5.00,0.50,1,子图 运动命令 内部化学连接
10248031,16345627,chem,other,none,5.00,0.50,3,子图 运动命令 内部化学连接
10248031,16671014,chem,other,none,5.00,0.50,2,子图 运动命令 内部化学连接
10248031,17813457,chem,other,none,5.00,0.50,1,子图 运动命令 内部化学连接
10248031,18464581,chem,other,none,5.00,0.50,1,子图 运动命令 内部化学连接
10248031,18545747,chem,other,none,5.00,0.50,1,子图 运动命令 内部化学连接
10263287,10263287,chem,other,none,5.00,0.50,1,子图 运动命令 内部化学连接
10263287,19470184,chem,other,none,5.00,0.50,1,子图 运动命令 内部化学连接
10276161,1646076,chem,other,none,5.00,0.50,2,子图 运动命令 内部化学连接
10276161,3044500,chem,other,none,5.00,0.50,1,子图 运动命令 内部化学连接
10276161,3944626,chem,other,none,5.00,0.50,2,子图 运动命令 内部化学连接
10276161,4966994,chem,other,none,5.00,0.50,4,子图 运动命令 内部化学连接
10276161,6317793,chem,other,none,5.00,0.50,1,子图 运动命令 内部化学连接
10276161,6610913,chem,other,none,5.00,0.50,1,子图 运动命令 内部化学连接
10276161,8161148,chem,other,none,5.00,0.50,2,子图 运动命令 内部化学连接
10276161,8571259,chem,other,none,5.00,0.50,1,子图 运动命令 内部化学连接
10276161,8710444,chem,other,none,5.00,0.50,2,子图 运动命令 内部化学连接
10276161,9714476,chem,other,none,5.00,0.50,2,子图 运动命令 内部化学连接
10276161,10728328,chem,other,none,5.00,0.50,10,子图 运动命令 内部化学连接
10276161,10728333,chem,other,none,5.00,0.50,16,子图 运动命令 内部化学连接
10276161,10921106,chem,other,none,5.00,0.50,6,子图 运动命令 内部化学连接
10276161,10964258,chem,other,none,5.00,0.50,1,子图 运动命令 内部化学连接
10276161,11362334,chem,other,none,5.00,0.50,1,子图 运动命令 内部化学连接
10276161,11625573,chem,other,none,5.00,0.50,6,子图 运动命令 内部化学连接
10276161,12474164,chem,other,none,5.00,0.50,4,子图 运动命令 内部化学连接
10276161,12474815,chem,other,none,5.00,0.50,1,子图 运动命令 内部化学连接
10276161,13557064,chem,other,none,5.00,0.50,25,子图 运动命令 内部化学连接
10276161,13564607,chem,other,none,5.00,0.50,3,子图 运动命令 内部化学连接
10276161,13727202,chem,other,none,5.00,0.50,2,子图 运动命令 内部化学连接
10276161,13749806,chem,other,none,5.00,0.50,1,子图 运动命令 内部化学连接
10276161,14034206,chem,other,none,5.00,0.50,1,子图 运动命令 内部化学连接
10276161,14334367,chem,other,none,5.00,0.50,1,子图 运动命令 内部化学连接
10276161,14492880,chem,other,none,5.00,0.50,12,子图 运动命令 内部化学连接
10276161,14655602,chem,other,none,5.00,0.50,1,子图 运动命令 内部化学连接
10276161,14726069,chem,other,none,5.00,0.50,1,子图 运动命令 内部化学连接
10276161,15055590,chem,other,none,5.00,0.50,4,子图 运动命令 内部化学连接
10276161,15672269,chem,other,none,5.00,0.50,11,子图 运动命令 内部化学连接
10276161,16167914,chem,other,none,5.00,0.50,2,子图 运动命令 内部化学连接
10276161,16195633,chem,other,none,5.00,0.50,2,子图 运动命令 内部化学连接
10276161,16339338,chem,other,none,5.00,0.50,1,子图 运动命令 内部化学连接
10276161,16340461,chem,other,none,5.00,0.50,2,子图 运动命令 内部化学连接
10276161,16388736,chem,other,none,5.00,0.50,3,子图 运动命令 内部化学连接
10276161,16578252,chem,other,none,5.00,0.50,1,子图 运动命令 内部化学连接
10276161,17022668,chem,other,none,5.00,0.50,2,子图 运动命令 内部化学连接
10276161,17087885,chem,other,none,5.00,0.50,2,子图 运动命令 内部化学连接
10276161,17379420,chem,other,none,5.00,0.50,3,子图 运动命令 内部化学连接
10276161,17454636,chem,other,none,5.00,0.50,1,子图 运动命令 内部化学连接
10276161,17659014,chem,other,none,5.00,0.50,1,子图 运动命令 内部化学连接
10276161,18464581,chem,other,none,5.00,0.50,7,子图 运动命令 内部化学连接
10276161,18551732,chem,other,none,5.00,0.50,1,子图 运动命令 内部化学连接
10276161,18566361,chem,other,none,5.00,0.50,1,子图 运动命令 内部化学连接
10276161,19048289,chem,other,none,5.00,0.50,1,子图 运动命令 内部化学连接
10317031,2504517,chem,other,none,5.00,0.50,2,子图 运动命令 内部化学连接
10317031,2669844,chem,other,none,5.00,0.50,2,子图 运动命令 内部化学连接
10317031,3027876,chem,other,none,5.00,0.50,1,子图 运动命令 内部化学连接
10317031,4812481,chem,other,none,5.00,0.50,5,子图 运动命令 内部化学连接
10317031,8142831,chem,other,none,5.00,0.50,2,子图 运动命令 内部化学连接
10317031,8801736,chem,other,none,5.00,0.50,1,子图 运动命令 内部化学连接
10317031,8810141,chem,other,none,5.00,0.50,1,子图 运动命令 内部化学连接
10317031,9532295,chem,other,none,5.00,0.50,2,子图 运动命令 内部化学连接
10317031,10382824,chem,other,none,5.00,0.50,1,子图 运动命令 内部化学连接
10317031,12031406,chem,other,none,5.00,0.50,1,子图 运动命令 内部化学连接
10317031,12420898,chem,other,none,5.00,0.50,2,子图 运动命令 内部化学连接
10317031,12422355,chem,other,none,5.00,0.50,2,子图 运动命令 内部化学连接
10317031,14754777,chem,other,none,5.00,0.50,1,子图 运动命令 内部化学连接
10317031,15481779,chem,other,none,5.00,0.50,2,子图 运动命令 内部化学连接
10317031,15589738,chem,other,none,5.00,0.50,3,子图 运动命令 内部化学连接
10317031,15629759,chem,other,none,5.00,0.50,1,子图 运动命令 内部化学连接
10317031,15897280,chem,other,none,5.00,0.50,1,子图 运动命令 内部化学连接
10317031,16342197,chem,other,none,5.00,0.50,1,子图 运动命令 内部化学连接
10317031,16415910,chem,other,none,5.00,0.50,1,子图 运动命令 内部化学连接
10317031,16443509,chem,other,none,5.00,0.50,1,子图 运动命令 内部化学连接
10317031,16545101,chem,other,none,5.00,0.50,1,子图 运动命令 内部化学连接
10317031,16547297,chem,other,none,5.00,0.50,1,子图 运动命令 内部化学连接
10317031,16693923,chem,other,none,5.00,0.50,1,子图 运动命令 内部化学连接
10317031,16937799,chem,other,none,5.00,0.50,1,子图 运动命令 内部化学连接
10317031,17378648,chem,other,none,5.00,0.50,3,子图 运动命令 内部化学连接
10317031,17379298,chem,other,none,5.00,0.50,2,子图 运动命令 内部化学连接
10317031,17455871,chem,other,none,5.00,0.50,5,子图 运动命令 内部化学连接
10317031,17654967,chem,other,none,5.00,0.50,1,子图 运动命令 内部化学连接
10317031,17655000,chem,other,none,5.00,0.50,5,子图 运动命令 内部化学连接
10317031,17660233,chem,other,none,5.00,0.50,3,子图 运动命令 内部化学连接
10317031,17663944,chem,other,none,5.00,0.50,2,子图 运动命令 内部化学连接
10317031,17732346,chem,other,none,5.00,0.50,4,子图 运动命令 内部化学连接
10317031,20316708,chem,other,none,5.00,0.50,1,子图 运动命令 内部化学连接
10317031,20379247,chem,other,none,5.00,0.50,1,子图 运动命令 内部化学连接
10329208,12634154,chem,other,none,5.00,0.50,1,子图 运动命令 内部化学连接
10345590,3944626,chem,other,none,5.00,0.50,8,子图 运动命令 内部化学连接
10345590,3945136,chem,other,none,5.00,0.50,1,子图 运动命令 内部化学连接
10345590,3945756,chem,other,none,5.00,0.50,3,子图 运动命令 内部化学连接
10345590,4523584,chem,other,none,5.00,0.50,1,子图 运动命令 内部化学连接
10345590,4901087,chem,other,none,5.00,0.50,1,子图 运动命令 内部化学连接
10345590,8951591,chem,other,none,5.00,0.50,1,子图 运动命令 内部化学连接
10345590,9424902,chem,other,none,5.00,0.50,16,子图 运动命令 内部化学连接
10345590,9436520,chem,other,none,5.00,0.50,1,子图 运动命令 内部化学连接
10345590,10792617,chem,other,none,5.00,0.50,4,子图 运动命令 内部化学连接
10345590,10872426,chem,other,none,5.00,0.50,2,子图 运动命令 内部化学连接
10345590,11356523,chem,other,none,5.00,0.50,1,子图 运动命令 内部化学连接
10345590,12279909,chem,other,none,5.00,0.50,1,子图 运动命令 内部化学连接
10345590,12279941,chem,other,none,5.00,0.50,2,子图 运动命令 内部化学连接
10345590,15431408,chem,other,none,5.00,0.50,2,子图 运动命令 内部化学连接
10345590,15576292,chem,other,none,5.00,0.50,1,子图 运动命令 内部化学连接
10345590,15605301,chem,other,none,5.00,0.50,2,子图 运动命令 内部化学连接
10345590,15607335,chem,other,none,5.00,0.50,1,子图 运动命令 内部化学连接
10345590,16361363,chem,other,none,5.00,0.50,3,子图 运动命令 内部化学连接
10345590,16433696,chem,other,none,5.00,0.50,2,子图 运动命令 内部化学连接
10355356,2504517,chem,other,none,5.00,0.50,1,子图 运动命令 内部化学连接
10355356,2669844,chem,other,none,5.00,0.50,2,子图 运动命令 内部化学连接
10355356,4110483,chem,other,none,5.00,0.50,1,子图 运动命令 内部化学连接
10355356,5902352,chem,other,none,5.00,0.50,2,子图 运动命令 内部化学连接
10355356,7955278,chem,other,none,5.00,0.50,1,子图 运动命令 内部化学连接
10355356,8142831,chem,other,none,5.00,0.50,9,子图 运动命令 内部化学连接
10355356,8723983,chem,other,none,5.00,0.50,12,子图 运动命令 内部化学连接
10355356,8810141,chem,other,none,5.00,0.50,2,子图 运动命令 内部化学连接
10355356,10018150,chem,other,none,5.00,0.50,5,子图 运动命令 内部化学连接
10355356,10473853,chem,other,none,5.00,0.50,4,子图 运动命令 内部化学连接
10355356,10523825,chem,other,none,5.00,0.50,1,子图 运动命令 内部化学连接
10355356,11022546,chem,other,none,5.00,0.50,9,子图 运动命令 内部化学连接
10355356,11468088,chem,other,none,5.00,0.50,1,子图 运动命令 内部化学连接
10355356,14756061,chem,other,none,5.00,0.50,1,子图 运动命令 内部化学连接
10355356,15431408,chem,other,none,5.00,0.50,1,子图 运动命令 内部化学连接
10355356,15629759,chem,other,none,5.00,0.50,3,子图 运动命令 内部化学连接
10355356,15897280,chem,other,none,5.00,0.50,7,子图 运动命令 内部化学连接
10355356,16348875,chem,other,none,5.00,0.50,1,子图 运动命令 内部化学连接
10355356,16693923,chem,other,none,5.00,0.50,1,子图 运动命令 内部化学连接
10355356,16851791,chem,other,none,5.00,0.50,2,子图 运动命令 内部化学连接
10355356,16937799,chem,other,none,5.00,0.50,6,子图 运动命令 内部化学连接
10355356,17067625,chem,other,none,5.00,0.50,4,子图 运动命令 内部化学连接
10355356,17383431,chem,other,none,5.00,0.50,10,子图 运动命令 内部化学连接
10355356,17655000,chem,other,none,5.00,0.50,3,子图 运动命令 内部化学连接
10355356,17732346,chem,other,none,5.00,0.50,5,子图 运动命令 内部化学连接
10355356,18088813,chem,other,none,5.00,0.50,7,子图 运动命令 内部化学连接
10355356,20379247,chem,other,none,5.00,0.50,2,子图 运动命令 内部化学连接
10367190,1805669,chem,other,none,5.00,0.50,2,子图 运动命令 内部化学连接
10367190,3764792,chem,other,none,5.00,0.50,1,子图 运动命令 内部化学连接
10367190,4876839,chem,other,none,5.00,0.50,6,子图 运动命令 内部化学连接
10367190,5503982,chem,other,none,5.00,0.50,1,子图 运动命令 内部化学连接
10367190,6446394,chem,other,none,5.00,0.50,1,子图 运动命令 内部化学连接
10367190,8496618,chem,other,none,5.00,0.50,2,子图 运动命令 内部化学连接
10367190,8709865,chem,other,none,5.00,0.50,1,子图 运动命令 内部化学连接
10367190,8710444,chem,other,none,5.00,0.50,5,子图 运动命令 内部化学连接
10367190,14656798,chem,other,none,5.00,0.50,2,子图 运动命令 内部化学连接
10367190,14755393,chem,other,none,5.00,0.50,4,子图 运动命令 内部化学连接
10367190,15706875,chem,other,none,5.00,0.50,3,子图 运动命令 内部化学连接
10367190,16540741,chem,other,none,5.00,0.50,5,子图 运动命令 内部化学连接
10367190,16617920,chem,other,none,5.00,0.50,2,子图 运动命令 内部化学连接
10367190,16852421,chem,other,none,5.00,0.50,5,子图 运动命令 内部化学连接
10367190,17360266,chem,other,none,5.00,0.50,2,子图 运动命令 内部化学连接
10367190,17362538,chem,other,none,5.00,0.50,10,子图 运动命令 内部化学连接
10367190,17658978,chem,other,none,5.00,0.50,1,子图 运动命令 内部化学连接
10367190,17897230,chem,other,none,5.00,0.50,2,子图 运动命令 内部化学连接
10367190,17937986,chem,other,none,5.00,0.50,6,子图 运动命令 内部化学连接
10367190,17937991,chem,other,none,5.00,0.50,4,子图 运动命令 内部化学连接
10367190,18035063,chem,other,none,5.00,0.50,1,子图 运动命令 内部化学连接
10367190,18149325,chem,other,none,5.00,0.50,1,子图 运动命令 内部化学连接
10367190,19508873,chem,other,none,5.00,0.50,1,子图 运动命令 内部化学连接
10367190,20911955,chem,other,none,5.00,0.50,1,子图 运动命令 内部化学连接
10382824,2650887,chem,other,none,5.00,0.50,1,子图 运动命令 内部化学连接
10382824,10018150,chem,other,none,5.00,0.50,4,子图 运动命令 内部化学连接
10382824,10355356,chem,other,none,5.00,0.50,1,子图 运动命令 内部化学连接
10382824,10382824,chem,other,none,5.00,0.50,1,子图 运动命令 内部化学连接
10382824,10473853,chem,other,none,5.00,0.50,3,子图 运动命令 内部化学连接
10382824,10581624,chem,other,none,5.00,0.50,2,子图 运动命令 内部化学连接
10382824,10758204,chem,other,none,5.00,0.50,1,子图 运动命令 内部化学连接
10382824,11022546,chem,other,none,5.00,0.50,2,子图 运动命令 内部化学连接
10382824,12420898,chem,other,none,5.00,0.50,1,子图 运动命令 内部化学连接
10382824,15897280,chem,other,none,5.00,0.50,1,子图 运动命令 内部化学连接
10382824,16415910,chem,other,none,5.00,0.50,3,子图 运动命令 内部化学连接
10382824,16545101,chem,other,none,5.00,0.50,1,子图 运动命令 内部化学连接
10382824,16693923,chem,other,none,5.00,0.50,6,子图 运动命令 内部化学连接
10382824,16851791,chem,other,none,5.00,0.50,1,子图 运动命令 内部化学连接
10382824,16928740,chem,other,none,5.00,0.50,1,子图 运动命令 内部化学连接
10382824,16952648,chem,other,none,5.00,0.50,1,子图 运动命令 内部化学连接
10382824,17356442,chem,other,none,5.00,0.50,2,子图 运动命令 内部化学连接
10382824,17732346,chem,other,none,5.00,0.50,1,子图 运动命令 内部化学连接
10382824,18485293,chem,other,none,5.00,0.50,1,子图 运动命令 内部化学连接
10411574,2655798,chem,other,none,5.00,0.50,1,子图 运动命令 内部化学连接
10411574,3149791,chem,other,none,5.00,0.50,1,子图 运动命令 内部化学连接
10411574,4127926,chem,other,none,5.00,0.50,1,子图 运动命令 内部化学连接
10411574,6446394,chem,other,none,5.00,0.50,1,子图 运动命令 内部化学连接
10411574,10411574,chem,other,none,5.00,0.50,1,子图 运动命令 内部化学连接
10411574,10781924,chem,other,none,5.00,0.50,2,子图 运动命令 内部化学连接
10411574,10921106,chem,other,none,5.00,0.50,1,子图 运动命令 内部化学连接
10411574,10922928,chem,other,none,5.00,0.50,1,子图 运动命令 内部化学连接
10411574,12474164,chem,other,none,5.00,0.50,1,子图 运动命令 内部化学连接
10411574,13411445,chem,other,none,5.00,0.50,2,子图 运动命令 内部化学连接
10411574,13564607,chem,other,none,5.00,0.50,6,子图 运动命令 内部化学连接
10411574,13674287,chem,other,none,5.00,0.50,1,子图 运动命令 内部化学连接
10411574,16347786,chem,other,none,5.00,0.50,9,子图 运动命令 内部化学连接
10411574,16350988,chem,other,none,5.00,0.50,1,子图 运动命令 内部化学连接
10411574,16950550,chem,other,none,5.00,0.50,2,子图 运动命令 内部化学连接
10411574,17324711,chem,other,none,5.00,0.50,2,子图 运动命令 内部化学连接
10411574,17355864,chem,other,none,5.00,0.50,4,子图 运动命令 内部化学连接
10411574,17379420,chem,other,none,5.00,0.50,3,子图 运动命令 内部化学连接
10411574,17537254,chem,other,none,5.00,0.50,1,子图 运动命令 内部化学连接
10411574,18058793,chem,other,none,5.00,0.50,3,子图 运动命令 内部化学连接
10411574,18464581,chem,other,none,5.00,0.50,1,子图 运动命令 内部化学连接
10411574,19298625,chem,other,none,5.00,0.50,1,子图 运动命令 内部化学连接
10411574,19298644,chem,other,none,5.00,0.50,9,子图 运动命令 内部化学连接
10411574,20443501,chem,other,none,5.00,0.50,1,子图 运动命令 内部化学连接
10447988,4173633,chem,other,none,5.00,0.50,2,子图 运动命令 内部化学连接
10447988,4591713,chem,other,none,5.00,0.50,1,子图 运动命令 内部化学连接
10447988,4917442,chem,other,none,5.00,0.50,2,子图 运动命令 内部化学连接
10447988,6153877,chem,other,none,5.00,0.50,3,子图 运动命令 内部化学连接
10447988,6156152,chem,other,none,5.00,0.50,3,子图 运动命令 内部化学连接
10447988,6188181,chem,other,none,5.00,0.50,3,子图 运动命令 内部化学连接
10447988,6190181,chem,other,none,5.00,0.50,2,子图 运动命令 内部化学连接
10447988,6653450,chem,other,none,5.00,0.50,1,子图 运动命令 内部化学连接
10447988,8025665,chem,other,none,5.00,0.50,4,子图 运动命令 内部化学连接
10447988,8161142,chem,other,none,5.00,0.50,2,子图 运动命令 内部化学连接
10447988,8496618,chem,other,none,5.00,0.50,3,子图 运动命令 内部化学连接
10447988,9067063,chem,other,none,5.00,0.50,7,子图 运动命令 内部化学连接
10447988,9068346,chem,other,none,5.00,0.50,4,子图 运动命令 内部化学连接
10447988,9069084,chem,other,none,5.00,0.50,13,子图 运动命令 内部化学连接
10447988,9097065,chem,other,none,5.00,0.50,2,子图 运动命令 内部化学连接
10447988,9384504,chem,other,none,5.00,0.50,1,子图 运动命令 内部化学连接
10447988,10017944,chem,other,none,5.00,0.50,1,子图 运动命令 内部化学连接
10447988,13727202,chem,other,none,5.00,0.50,2,子图 运动命令 内部化学连接
10447988,15018449,chem,other,none,5.00,0.50,2,子图 运动命令 内部化学连接
10447988,15467736,chem,other,none,5.00,0.50,2,子图 运动命令 内部化学连接
10447988,15894178,chem,other,none,5.00,0.50,2,子图 运动命令 内部化学连接
10447988,15894278,chem,other,none,5.00,0.50,1,子图 运动命令 内部化学连接
10447988,16327998,chem,other,none,5.00,0.50,2,子图 运动命令 内部化学连接
10447988,16342197,chem,other,none,5.00,0.50,2,子图 运动命令 内部化学连接
10447988,16520950,chem,other,none,5.00,0.50,10,子图 运动命令 内部化学连接
10447988,16671014,chem,other,none,5.00,0.50,1,子图 运动命令 内部化学连接
10447988,16713227,chem,other,none,5.00,0.50,1,子图 运动命令 内部化学连接
10447988,16950550,chem,other,none,5.00,0.50,1,子图 运动命令 内部化学连接
10449035,1961182,chem,other,none,5.00,0.50,2,子图 运动命令 内部化学连接
10449035,2669844,chem,other,none,5.00,0.50,1,子图 运动命令 内部化学连接
10449035,3765735,chem,other,none,5.00,0.50,1,子图 运动命令 内部化学连接
10449035,3944626,chem,other,none,5.00,0.50,1,子图 运动命令 内部化学连接
10449035,5993001,chem,other,none,5.00,0.50,1,子图 运动命令 内部化学连接
10449035,8566140,chem,other,none,5.00,0.50,1,子图 运动命令 内部化学连接
10449035,8572353,chem,other,none,5.00,0.50,1,子图 运动命令 内部化学连接
10449035,11278919,chem,other,none,5.00,0.50,1,子图 运动命令 内部化学连接
10449035,12031406,chem,other,none,5.00,0.50,1,子图 运动命令 内部化学连接
10449035,12551020,chem,other,none,5.00,0.50,1,子图 运动命令 内部化学连接
10449035,13645610,chem,other,none,5.00,0.50,1,子图 运动命令 内部化学连接
10449035,13652117,chem,other,none,5.00,0.50,1,子图 运动命令 内部化学连接
10449035,13763548,chem,other,none,5.00,0.50,3,子图 运动命令 内部化学连接
10449035,14680483,chem,other,none,5.00,0.50,1,子图 运动命令 内部化学连接
10449035,14753815,chem,other,none,5.00,0.50,3,子图 运动命令 内部化学连接
10449035,16195633,chem,other,none,5.00,0.50,2,子图 运动命令 内部化学连接
10449035,16848587,chem,other,none,5.00,0.50,5,子图 运动命令 内部化学连接
10449035,17087885,chem,other,none,5.00,0.50,1,子图 运动命令 内部化学连接
10449035,17324711,chem,other,none,5.00,0.50,4,子图 运动命令 内部化学连接
10449035,17658948,chem,other,none,5.00,0.50,1,子图 运动命令 内部化学连接
10449035,17813001,chem,other,none,5.00,0.50,1,子图 运动命令 内部化学连接
10449035,18133444,chem,other,none,5.00,0.50,2,子图 运动命令 内部化学连接
10473853,4324479,chem,other,none,5.00,0.50,2,子图 运动命令 内部化学连接
10473853,9154024,chem,other,none,5.00,0.50,1,子图 运动命令 内部化学连接
10473853,9594273,chem,other,none,5.00,0.50,2,子图 运动命令 内部化学连接
10473853,9612903,chem,other,none,5.00,0.50,3,子图 运动命令 内部化学连接
10473853,10355356,chem,other,none,5.00,0.50,1,子图 运动命令 内部化学连接
10473853,10581624,chem,other,none,5.00,0.50,1,子图 运动命令 内部化学连接
10473853,11022546,chem,other,none,5.00,0.50,2,子图 运动命令 内部化学连接
10473853,12598741,chem,other,none,5.00,0.50,1,子图 运动命令 内部化学连接
10473853,15525711,chem,other,none,5.00,0.50,7,子图 运动命令 内部化学连接
10473853,16547281,chem,other,none,5.00,0.50,1,子图 运动命令 内部化学连接
10473853,16675987,chem,other,none,5.00,0.50,2,子图 运动命令 内部化学连接
10473853,16992171,chem,other,none,5.00,0.50,2,子图 运动命令 内部化学连接
10473853,17053270,chem,other,none,5.00,0.50,2,子图 运动命令 内部化学连接
10473853,17360404,chem,other,none,5.00,0.50,2,子图 运动命令 内部化学连接
10473853,18058793,chem,other,none,5.00,0.50,1,子图 运动命令 内部化学连接
10473853,18267838,chem,other,none,5.00,0.50,1,子图 运动命令 内部化学连接
10523825,2650887,chem,other,none,5.00,0.50,1,子图 运动命令 内部化学连接
10523825,7371184,chem,other,none,5.00,0.50,3,子图 运动命令 内部化学连接
10523825,8391330,chem,other,none,5.00,0.50,1,子图 运动命令 内部化学连接
10523825,8801736,chem,other,none,5.00,0.50,3,子图 运动命令 内部化学连接
10523825,10018150,chem,other,none,5.00,0.50,3,子图 运动命令 内部化学连接
10523825,10581624,chem,other,none,5.00,0.50,2,子图 运动命令 内部化学连接
10523825,11022546,chem,other,none,5.00,0.50,1,子图 运动命令 内部化学连接
10523825,11303036,chem,other,none,5.00,0.50,1,子图 运动命令 内部化学连接
10523825,13370624,chem,other,none,5.00,0.50,5,子图 运动命令 内部化学连接
10523825,13736919,chem,other,none,5.00,0.50,3,子图 运动命令 内部化学连接
10523825,16545101,chem,other,none,5.00,0.50,2,子图 运动命令 内部化学连接
10523825,16547292,chem,other,none,5.00,0.50,1,子图 运动命令 内部化学连接
10523825,16952648,chem,other,none,5.00,0.50,1,子图 运动命令 内部化学连接
10523825,16952671,chem,other,none,5.00,0.50,2,子图 运动命令 内部化学连接
10523825,16992171,chem,other,none,5.00,0.50,1,子图 运动命令 内部化学连接
10523825,17353986,chem,other,none,5.00,0.50,5,子图 运动命令 内部化学连接
10523825,17356024,chem,other,none,5.00,0.50,3,子图 运动命令 内部化学连接
10523825,17356442,chem,other,none,5.00,0.50,10,子图 运动命令 内部化学连接
10523825,17732256,chem,other,none,5.00,0.50,2,子图 运动命令 内部化学连接
10523825,18088813,chem,other,none,5.00,0.50,1,子图 运动命令 内部化学连接
10523825,18123575,chem,other,none,5.00,0.50,4,子图 运动命令 内部化学连接
10523825,18485293,chem,other,none,5.00,0.50,6,子图 运动命令 内部化学连接
10523825,20556072,chem,other,none,5.00,0.50,3,子图 运动命令 内部化学连接
10527147,7587948,chem,other,none,5.00,0.50,1,子图 运动命令 内部化学连接
10527147,10781924,chem,other,none,5.00,0.50,1,子图 运动命令 内部化学连接
10527147,10959064,chem,other,none,5.00,0.50,1,子图 运动命令 内部化学连接
10527147,13749806,chem,other,none,5.00,0.50,1,子图 运动命令 内部化学连接
10527147,14034206,chem,other,none,5.00,0.50,1,子图 运动命令 内部化学连接
10527147,16195633,chem,other,none,5.00,0.50,1,子图 运动命令 内部化学连接
10553248,1646076,chem,other,none,5.00,0.50,1,子图 运动命令 内部化学连接
10553248,1678567,chem,other,none,5.00,0.50,5,子图 运动命令 内部化学连接
10553248,4017464,chem,other,none,5.00,0.50,1,子图 运动命令 内部化学连接
10553248,4127096,chem,other,none,5.00,0.50,2,子图 运动命令 内部化学连接
10553248,4966994,chem,other,none,5.00,0.50,2,子图 运动命令 内部化学连接
10553248,5764924,chem,other,none,5.00,0.50,2,子图 运动命令 内部化学连接
10553248,6446394,chem,other,none,5.00,0.50,1,子图 运动命令 内部化学连接
10553248,6702943,chem,other,none,5.00,0.50,1,子图 运动命令 内部化学连接
10553248,7025064,chem,other,none,5.00,0.50,1,子图 运动命令 内部化学连接
10553248,9594273,chem,other,none,5.00,0.50,1,子图 运动命令 内部化学连接
10553248,10411574,chem,other,none,5.00,0.50,1,子图 运动命令 内部化学连接
10553248,10553248,chem,other,none,5.00,0.50,1,子图 运动命令 内部化学连接
10553248,10728333,chem,other,none,5.00,0.50,1,子图 运动命令 内部化学连接
10553248,11841664,chem,other,none,5.00,0.50,1,子图 运动命令 内部化学连接
10553248,13842372,chem,other,none,5.00,0.50,2,子图 运动命令 内部化学连接
10553248,16545264,chem,other,none,5.00,0.50,1,子图 运动命令 内部化学连接
10553248,16561224,chem,other,none,5.00,0.50,1,子图 运动命令 内部化学连接
10553248,16667592,chem,other,none,5.00,0.50,3,子图 运动命令 内部化学连接
10553248,16713227,chem,other,none,5.00,0.50,1,子图 运动命令 内部化学连接
10553248,16852421,chem,other,none,5.00,0.50,1,子图 运动命令 内部化学连接
10553248,16952691,chem,other,none,5.00,0.50,3,子图 运动命令 内部化学连接
10553248,17022668,chem,other,none,5.00,0.50,6,子图 运动命令 内部化学连接
10553248,17165755,chem,other,none,5.00,0.50,1,子图 运动命令 内部化学连接
10553248,17355864,chem,other,none,5.00,0.50,2,子图 运动命令 内部化学连接
10553248,17454636,chem,other,none,5.00,0.50,10,子图 运动命令 内部化学连接
10553248,18232369,chem,other,none,5.00,0.50,1,子图 运动命令 内部化学连接
10553248,18551732,chem,other,none,5.00,0.50,22,子图 运动命令 内部化学连接
10553248,19190681,chem,other,none,5.00,0.50,1,子图 运动命令 内部化学连接
10553248,20443362,chem,other,none,5.00,0.50,3,子图 运动命令 内部化学连接
10553248,20556072,chem,other,none,5.00,0.50,1,子图 运动命令 内部化学连接
10581624,5936935,chem,other,none,5.00,0.50,1,子图 运动命令 内部化学连接
10581624,6298455,chem,other,none,5.00,0.50,1,子图 运动命令 内部化学连接
10581624,7700444,chem,other,none,5.00,0.50,1,子图 运动命令 内部化学连接
10581624,10728333,chem,other,none,5.00,0.50,1,子图 运动命令 内部化学连接
10581624,10964258,chem,other,none,5.00,0.50,1,子图 运动命令 内部化学连接
10581624,14579509,chem,other,none,5.00,0.50,1,子图 运动命令 内部化学连接
10581624,14651659,chem,other,none,5.00,0.50,2,子图 运动命令 内部化学连接
10581624,15516413,chem,other,none,5.00,0.50,1,子图 运动命令 内部化学连接
10581624,15522152,chem,other,none,5.00,0.50,2,子图 运动命令 内部化学连接
10581624,16545264,chem,other,none,5.00,0.50,1,子图 运动命令 内部化学连接
10581624,16547268,chem,other,none,5.00,0.50,1,子图 运动命令 内部化学连接
10581624,16863538,chem,other,none,5.00,0.50,1,子图 运动命令 内部化学连接
10581624,16950097,chem,other,none,5.00,0.50,3,子图 运动命令 内部化学连接
10581624,17358891,chem,other,none,5.00,0.50,1,子图 运动命令 内部化学连接
10581624,18464581,chem,other,none,5.00,0.50,1,子图 运动命令 内部化学连接
10583715,3765735,chem,other,none,5.00,0.50,1,子图 运动命令 内部化学连接
10583715,4876839,chem,other,none,5.00,0.50,1,子图 运动命令 内部化学连接
10583715,7005145,chem,other,none,5.00,0.50,4,子图 运动命令 内部化学连接
10583715,7590264,chem,other,none,5.00,0.50,3,子图 运动命令 内部化学连接
10583715,7982307,chem,other,none,5.00,0.50,1,子图 运动命令 内部化学连接
10583715,8572353,chem,other,none,5.00,0.50,1,子图 运动命令 内部化学连接
10583715,9116228,chem,other,none,5.00,0.50,1,子图 运动命令 内部化学连接
10583715,9753494,chem,other,none,5.00,0.50,1,子图 运动命令 内部化学连接
10583715,11306294,chem,other,none,5.00,0.50,5,子图 运动命令 内部化学连接
10583715,12551020,chem,other,none,5.00,0.50,1,子图 运动命令 内部化学连接
10583715,13411445,chem,other,none,5.00,0.50,2,子图 运动命令 内部化学连接
10583715,13674287,chem,other,none,5.00,0.50,1,子图 运动命令 内部化学连接
10583715,13763548,chem,other,none,5.00,0.50,3,子图 运动命令 内部化学连接
10583715,14680483,chem,other,none,5.00,0.50,4,子图 运动命令 内部化学连接
10583715,14756061,chem,other,none,5.00,0.50,1,子图 运动命令 内部化学连接
10583715,15548844,chem,other,none,5.00,0.50,1,子图 运动命令 内部化学连接
10583715,15800115,chem,other,none,5.00,0.50,1,子图 运动命令 内部化学连接
10583715,16195633,chem,other,none,5.00,0.50,4,子图 运动命令 内部化学连接
10583715,16340461,chem,other,none,5.00,0.50,1,子图 运动命令 内部化学连接
10583715,16350988,chem,other,none,5.00,0.50,1,子图 运动命令 内部化学连接
10583715,16383966,chem,other,none,5.00,0.50,2,子图 运动命令 内部化学连接
10583715,16434560,chem,other,none,5.00,0.50,2,子图 运动命令 内部化学连接
10583715,17324711,chem,other,none,5.00,0.50,1,子图 运动命令 内部化学连接
10583715,17328580,chem,other,none,5.00,0.50,1,子图 运动命令 内部化学连接
10583715,18604097,chem,other,none,5.00,0.50,1,子图 运动命令 内部化学连接
10596949,1679034,chem,other,none,5.00,0.50,2,子图 运动命令 内部化学连接
10596949,2797480,chem,other,none,5.00,0.50,1,子图 运动命令 内部化学连接
10596949,4274518,chem,other,none,5.00,0.50,5,子图 运动命令 内部化学连接
10596949,5080991,chem,other,none,5.00,0.50,1,子图 运动命令 内部化学连接
10596949,5936935,chem,other,none,5.00,0.50,3,子图 运动命令 内部化学连接
10596949,10596949,chem,other,none,5.00,0.50,1,子图 运动命令 内部化学连接
10596949,10880408,chem,other,none,5.00,0.50,1,子图 运动命令 内部化学连接
10596949,12598741,chem,other,none,5.00,0.50,1,子图 运动命令 内部化学连接
10596949,14492757,chem,other,none,5.00,0.50,2,子图 运动命令 内部化学连接
10596949,14617508,chem,other,none,5.00,0.50,2,子图 运动命令 内部化学连接
10596949,15522152,chem,other,none,5.00,0.50,2,子图 运动命令 内部化学连接
10596949,16422727,chem,other,none,5.00,0.50,1,子图 运动命令 内部化学连接
10596949,16445073,chem,other,none,5.00,0.50,7,子图 运动命令 内部化学连接
10596949,16547268,chem,other,none,5.00,0.50,1,子图 运动命令 内部化学连接
10596949,16950097,chem,other,none,5.00,0.50,2,子图 运动命令 内部化学连接
10596949,16950115,chem,other,none,5.00,0.50,2,子图 运动命令 内部化学连接
10596949,17053270,chem,other,none,5.00,0.50,6,子图 运动命令 内部化学连接
10596949,19298625,chem,other,none,5.00,0.50,1,子图 运动命令 内部化学连接
10600188,1805418,chem,other,none,5.00,0.50,1,子图 运动命令 内部化学连接
10600188,1980134,chem,other,none,5.00,0.50,1,子图 运动命令 内部化学连接
10600188,3010486,chem,other,none,5.00,0.50,1,子图 运动命令 内部化学连接
10600188,3027876,chem,other,none,5.00,0.50,1,子图 运动命令 内部化学连接
10600188,3944626,chem,other,none,5.00,0.50,2,子图 运动命令 内部化学连接
10600188,5902352,chem,other,none,5.00,0.50,1,子图 运动命令 内部化学连接
10600188,6317793,chem,other,none,5.00,0.50,7,子图 运动命令 内部化学连接
10600188,7590264,chem,other,none,5.00,0.50,1,子图 运动命令 内部化学连接
10600188,7982307,chem,other,none,5.00,0.50,3,子图 运动命令 内部化学连接
10600188,8571259,chem,other,none,5.00,0.50,3,子图 运动命令 内部化学连接
10600188,9034378,chem,other,none,5.00,0.50,1,子图 运动命令 内部化学连接
10600188,9116228,chem,other,none,5.00,0.50,11,子图 运动命令 内部化学连接
10600188,9239759,chem,other,none,5.00,0.50,3,子图 运动命令 内部化学连接
10600188,10781924,chem,other,none,5.00,0.50,3,子图 运动命令 内部化学连接
10600188,12030078,chem,other,none,5.00,0.50,1,子图 运动命令 内部化学连接
10600188,13137623,chem,other,none,5.00,0.50,1,子图 运动命令 内部化学连接
10600188,13242252,chem,other,none,5.00,0.50,3,子图 运动命令 内部化学连接
10600188,13411445,chem,other,none,5.00,0.50,2,子图 运动命令 内部化学连接
10600188,14492757,chem,other,none,5.00,0.50,1,子图 运动命令 内部化学连接
10600188,14492880,chem,other,none,5.00,0.50,5,子图 运动命令 内部化学连接
10600188,14501257,chem,other,none,5.00,0.50,12,子图 运动命令 内部化学连接
10600188,14579509,chem,other,none,5.00,0.50,1,子图 运动命令 内部化学连接
10600188,14655602,chem,other,none,5.00,0.50,1,子图 运动命令 内部化学连接
10600188,14680483,chem,other,none,5.00,0.50,2,子图 运动命令 内部化学连接
10600188,14756061,chem,other,none,5.00,0.50,3,子图 运动命令 内部化学连接
10600188,15610774,chem,other,none,5.00,0.50,6,子图 运动命令 内部化学连接
10600188,15629759,chem,other,none,5.00,0.50,1,子图 运动命令 内部化学连接
10600188,15672269,chem,other,none,5.00,0.50,1,子图 运动命令 内部化学连接
10600188,15792643,chem,other,none,5.00,0.50,1,子图 运动命令 内部化学连接
10600188,16195633,chem,other,none,5.00,0.50,4,子图 运动命令 内部化学连接
10600188,16340461,chem,other,none,5.00,0.50,10,子图 运动命令 内部化学连接
10600188,16347476,chem,other,none,5.00,0.50,1,子图 运动命令 内部化学连接
10600188,16415910,chem,other,none,5.00,0.50,1,子图 运动命令 内部化学连接
10600188,16545179,chem,other,none,5.00,0.50,3,子图 运动命令 内部化学连接
10600188,16851791,chem,other,none,5.00,0.50,4,子图 运动命令 内部化学连接
10600188,17324711,chem,other,none,5.00,0.50,2,子图 运动命令 内部化学连接
10600188,17378648,chem,other,none,5.00,0.50,3,子图 运动命令 内部化学连接
10600188,17587726,chem,other,none,5.00,0.50,2,子图 运动命令 内部化学连接
10600188,17729335,chem,other,none,5.00,0.50,3,子图 运动命令 内部化学连接
10600188,17813001,chem,other,none,5.00,0.50,3,子图 运动命令 内部化学连接
10600188,18232369,chem,other,none,5.00,0.50,2,子图 运动命令 内部化学连接
10600188,19091995,chem,other,none,5.00,0.50,5,子图 运动命令 内部化学连接
10600188,19167389,chem,other,none,5.00,0.50,3,子图 运动命令 内部化学连接
10600188,20139548,chem,other,none,5.00,0.50,1,子图 运动命令 内部化学连接
10600188,20443362,chem,other,none,5.00,0.50,3,子图 运动命令 内部化学连接
10609443,3009700,chem,other,none,5.00,0.50,1,子图 运动命令 内部化学连接
10609443,3498479,chem,other,none,5.00,0.50,1,子图 运动命令 内部化学连接
10609443,3946166,chem,other,none,5.00,0.50,1,子图 运动命令 内部化学连接
10609443,5690425,chem,other,none,5.00,0.50,1,子图 运动命令 内部化学连接
10609443,7227010,chem,other,none,5.00,0.50,6,子图 运动命令 内部化学连接
10609443,7573476,chem,other,none,5.00,0.50,1,子图 运动命令 内部化学连接
10609443,8047280,chem,other,none,5.00,0.50,1,子图 运动命令 内部化学连接
10609443,8167696,chem,other,none,5.00,0.50,1,子图 运动命令 内部化学连接
10609443,10059655,chem,other,none,5.00,0.50,2,子图 运动命令 内部化学连接
10609443,10922928,chem,other,none,5.00,0.50,1,子图 运动命令 内部化学连接
10609443,11050498,chem,other,none,5.00,0.50,1,子图 运动命令 内部化学连接
10609443,13948718,chem,other,none,5.00,0.50,1,子图 运动命令 内部化学连接
10609443,15588711,chem,other,none,5.00,0.50,1,子图 运动命令 内部化学连接
10609443,16468935,chem,other,none,5.00,0.50,2,子图 运动命令 内部化学连接
10609443,16683883,chem,other,none,5.00,0.50,1,子图 运动命令 内部化学连接
10609443,17359111,chem,other,none,5.00,0.50,2,子图 运动命令 内部化学连接
10609443,17732270,chem,other,none,5.00,0.50,1,子图 运动命令 内部化学连接
10627239,1065967,chem,other,none,5.00,0.50,2,子图 运动命令 内部化学连接
10627239,1805669,chem,other,none,5.00,0.50,1,子图 运动命令 内部化学连接
10627239,1868538,chem,other,none,5.00,0.50,2,子图 运动命令 内部化学连接
10627239,1961182,chem,other,none,5.00,0.50,1,子图 运动命令 内部化学连接
10627239,2438653,chem,other,none,5.00,0.50,2,子图 运动命令 内部化学连接
10627239,3044500,chem,other,none,5.00,0.50,4,子图 运动命令 内部化学连接
10627239,3436420,chem,other,none,5.00,0.50,4,子图 运动命令 内部化学连接
10627239,3945756,chem,other,none,5.00,0.50,2,子图 运动命令 内部化学连接
10627239,5690425,chem,other,none,5.00,0.50,3,子图 运动命令 内部化学连接
10627239,5763407,chem,other,none,5.00,0.50,1,子图 运动命令 内部化学连接
10627239,6143930,chem,other,none,5.00,0.50,3,子图 运动命令 内部化学连接
10627239,6317793,chem,other,none,5.00,0.50,4,子图 运动命令 内部化学连接
10627239,6445994,chem,other,none,5.00,0.50,1,子图 运动命令 内部化学连接
10627239,6604203,chem,other,none,5.00,0.50,6,子图 运动命令 内部化学连接
10627239,7005145,chem,other,none,5.00,0.50,5,子图 运动命令 内部化学连接
10627239,7590264,chem,other,none,5.00,0.50,2,子图 运动命令 内部化学连接
10627239,7982307,chem,other,none,5.00,0.50,1,子图 运动命令 内部化学连接
10627239,8566140,chem,other,none,5.00,0.50,3,子图 运动命令 内部化学连接
10627239,9177218,chem,other,none,5.00,0.50,3,子图 运动命令 内部化学连接
10627239,9753494,chem,other,none,5.00,0.50,1,子图 运动命令 内部化学连接
10627239,10100020,chem,other,none,5.00,0.50,5,子图 运动命令 内部化学连接
10627239,10276161,chem,other,none,5.00,0.50,1,子图 运动命令 内部化学连接
10627239,10449035,chem,other,none,5.00,0.50,1,子图 运动命令 内部化学连接
10627239,10627239,chem,other,none,5.00,0.50,1,子图 运动命令 内部化学连接
10627239,10781924,chem,other,none,5.00,0.50,4,子图 运动命令 内部化学连接
10627239,10842099,chem,other,none,5.00,0.50,1,子图 运动命令 内部化学连接
10627239,10870424,chem,other,none,5.00,0.50,4,子图 运动命令 内部化学连接
10627239,10885466,chem,other,none,5.00,0.50,1,子图 运动命令 内部化学连接
10627239,10945111,chem,other,none,5.00,0.50,1,子图 运动命令 内部化学连接
10627239,10986253,chem,other,none,5.00,0.50,1,子图 运动命令 内部化学连接
10627239,12551020,chem,other,none,5.00,0.50,2,子图 运动命令 内部化学连接
10627239,13081886,chem,other,none,5.00,0.50,1,子图 运动命令 内部化学连接
10627239,13849557,chem,other,none,5.00,0.50,2,子图 运动命令 内部化学连接
10627239,14034206,chem,other,none,5.00,0.50,2,子图 运动命令 内部化学连接
10627239,15608953,chem,other,none,5.00,0.50,1,子图 运动命令 内部化学连接
10627239,15632120,chem,other,none,5.00,0.50,4,子图 运动命令 内部化学连接
10627239,16422727,chem,other,none,5.00,0.50,4,子图 运动命令 内部化学连接
10627239,16433696,chem,other,none,5.00,0.50,7,子图 运动命令 内部化学连接
10627239,16468935,chem,other,none,5.00,0.50,2,子图 运动命令 内部化学连接
10627239,16848587,chem,other,none,5.00,0.50,2,子图 运动命令 内部化学连接
10627239,17729973,chem,other,none,5.00,0.50,1,子图 运动命令 内部化学连接
10627239,18023286,chem,other,none,5.00,0.50,3,子图 运动命令 内部化学连接
10627239,18111410,chem,other,none,5.00,0.50,6,子图 运动命令 内部化学连接
10627239,19010160,chem,other,none,5.00,0.50,1,子图 运动命令 内部化学连接
10627239,19132527,chem,other,none,5.00,0.50,8,子图 运动命令 内部化学连接
10627239,20443501,chem,other,none,5.00,0.50,2,子图 运动命令 内部化学连接
10627239,20443571,chem,other,none,5.00,0.50,3,子图 运动命令 内部化学连接
10663559,2655798,chem,other,none,5.00,0.50,3,子图 运动命令 内部化学连接
10663559,4127926,chem,other,none,5.00,0.50,1,子图 运动命令 内部化学连接
10663559,5512988,chem,other,none,5.00,0.50,1,子图 运动命令 内部化学连接
10663559,5700090,chem,other,none,5.00,0.50,2,子图 运动命令 内部化学连接
10663559,7449767,chem,other,none,5.00,0.50,2,子图 运动命令 内部化学连接
10663559,8461082,chem,other,none,5.00,0.50,1,子图 运动命令 内部化学连接
10663559,8592501,chem,other,none,5.00,0.50,1,子图 运动命令 内部化学连接
10663559,10725068,chem,other,none,5.00,0.50,3,子图 运动命令 内部化学连接
10663559,11623145,chem,other,none,5.00,0.50,6,子图 运动命令 内部化学连接
10663559,17378483,chem,other,none,5.00,0.50,1,子图 运动命令 内部化学连接
10716080,1065967,chem,other,none,5.00,0.50,1,子图 运动命令 内部化学连接
10716080,3149791,chem,other,none,5.00,0.50,2,子图 运动命令 内部化学连接
10716080,3595837,chem,other,none,5.00,0.50,3,子图 运动命令 内部化学连接
10716080,3598000,chem,other,none,5.00,0.50,1,子图 运动命令 内部化学连接
10716080,3945756,chem,other,none,5.00,0.50,1,子图 运动命令 内部化学连接
10716080,4127926,chem,other,none,5.00,0.50,1,子图 运动命令 内部化学连接
10716080,5134110,chem,other,none,5.00,0.50,1,子图 运动命令 内部化学连接
10716080,10553248,chem,other,none,5.00,0.50,4,子图 运动命令 内部化学连接
10716080,10728318,chem,other,none,5.00,0.50,26,子图 运动命令 内部化学连接
10716080,10728323,chem,other,none,5.00,0.50,1,子图 运动命令 内部化学连接
10716080,10922928,chem,other,none,5.00,0.50,1,子图 运动命令 内部化学连接
10725068,3009700,chem,other,none,5.00,0.50,1,子图 运动命令 内部化学连接
10725068,3058132,chem,other,none,5.00,0.50,9,子图 运动命令 内部化学连接
10725068,3180681,chem,other,none,5.00,0.50,2,子图 运动命令 内部化学连接
10725068,3182103,chem,other,none,5.00,0.50,2,子图 运动命令 内部化学连接
10725068,5134110,chem,other,none,5.00,0.50,5,子图 运动命令 内部化学连接
10725068,5512988,chem,other,none,5.00,0.50,15,子图 运动命令 内部化学连接
10725068,6125806,chem,other,none,5.00,0.50,1,子图 运动命令 内部化学连接
10725068,8461082,chem,other,none,5.00,0.50,1,子图 运动命令 内部化学连接
10725068,8696919,chem,other,none,5.00,0.50,1,子图 运动命令 内部化学连接
10725068,8979434,chem,other,none,5.00,0.50,4,子图 运动命令 内部化学连接
10725068,9234420,chem,other,none,5.00,0.50,2,子图 运动命令 内部化学连接
10725068,10663559,chem,other,none,5.00,0.50,1,子图 运动命令 内部化学连接
10725068,10725068,chem,other,none,5.00,0.50,1,子图 运动命令 内部化学连接
10725068,10947427,chem,other,none,5.00,0.50,1,子图 运动命令 内部化学连接
10725068,11081239,chem,other,none,5.00,0.50,2,子图 运动命令 内部化学连接
10725068,15655801,chem,other,none,5.00,0.50,1,子图 运动命令 内部化学连接
10725068,16666673,chem,other,none,5.00,0.50,1,子图 运动命令 内部化学连接
10725068,17360225,chem,other,none,5.00,0.50,2,子图 运动命令 内部化学连接
10725068,17378483,chem,other,none,5.00,0.50,1,子图 运动命令 内部化学连接
10725068,19857577,chem,other,none,5.00,0.50,6,子图 运动命令 内部化学连接
10728318,3595837,chem,other,none,5.00,0.50,1,子图 运动命令 内部化学连接
10728318,3729496,chem,other,none,5.00,0.50,1,子图 运动命令 内部化学连接
10728318,5764924,chem,other,none,5.00,0.50,1,子图 运动命令 内部化学连接
10728318,8572353,chem,other,none,5.00,0.50,1,子图 运动命令 内部化学连接
10728318,10553248,chem,other,none,5.00,0.50,11,子图 运动命令 内部化学连接
10728318,10716080,chem,other,none,5.00,0.50,21,子图 运动命令 内部化学连接
10728318,10728318,chem,other,none,5.00,0.50,1,子图 运动命令 内部化学连接
10728318,10728323,chem,other,none,5.00,0.50,3,子图 运动命令 内部化学连接
10728318,10728328,chem,other,none,5.00,0.50,3,子图 运动命令 内部化学连接
10728318,10781924,chem,other,none,5.00,0.50,1,子图 运动命令 内部化学连接
10728318,12962772,chem,other,none,5.00,0.50,1,子图 运动命令 内部化学连接
10728318,16340977,chem,other,none,5.00,0.50,3,子图 运动命令 内部化学连接
10728318,17379360,chem,other,none,5.00,0.50,1,子图 运动命令 内部化学连接
10728318,17379420,chem,other,none,5.00,0.50,1,子图 运动命令 内部化学连接
10728318,17589475,chem,other,none,5.00,0.50,1,子图 运动命令 内部化学连接
10728318,18464581,chem,other,none,5.00,0.50,1,子图 运动命令 内部化学连接
10728323,7573476,chem,other,none,5.00,0.50,1,子图 运动命令 内部化学连接
10728323,10947427,chem,other,none,5.00,0.50,1,子图 运动命令 内部化学连接
10728328,5052370,chem,other,none,5.00,0.50,1,子图 运动命令 内部化学连接
10728328,5512988,chem,other,none,5.00,0.50,1,子图 运动命令 内部化学连接
10728328,5893912,chem,other,none,5.00,0.50,1,子图 运动命令 内部化学连接
10728328,10411574,chem,other,none,5.00,0.50,1,子图 运动命令 内部化学连接
10728328,10728333,chem,other,none,5.00,0.50,3,子图 运动命令 内部化学连接
10728328,13675374,chem,other,none,5.00,0.50,1,子图 运动命令 内部化学连接
10728328,16340977,chem,other,none,5.00,0.50,1,子图 运动命令 内部化学连接
10728328,16520950,chem,other,none,5.00,0.50,1,子图 运动命令 内部化学连接
10728328,17022668,chem,other,none,5.00,0.50,1,子图 运动命令 内部化学连接
10728328,17355864,chem,other,none,5.00,0.50,8,子图 运动命令 内部化学连接
10728328,18058793,chem,other,none,5.00,0.50,2,子图 运动命令 内部化学连接
10728328,18485293,chem,other,none,5.00,0.50,3,子图 运动命令 内部化学连接
10728328,19048289,chem,other,none,5.00,0.50,2,子图 运动命令 内部化学连接
10728328,19298644,chem,other,none,5.00,0.50,1,子图 运动命令 内部化学连接
10728333,3979181,chem,other,none,5.00,0.50,1,子图 运动命令 内部化学连接
10728333,5052370,chem,other,none,5.00,0.50,3,子图 运动命令 内部化学连接
10728333,6154921,chem,other,none,5.00,0.50,1,子图 运动命令 内部化学连接
10728333,10411574,chem,other,none,5.00,0.50,2,子图 运动命令 内部化学连接
10728333,10728328,chem,other,none,5.00,0.50,5,子图 运动命令 内部化学连接
10728333,10921106,chem,other,none,5.00,0.50,1,子图 运动命令 内部化学连接
10728333,12474164,chem,other,none,5.00,0.50,4,子图 运动命令 内部化学连接
10728333,13675374,chem,other,none,5.00,0.50,1,子图 运动命令 内部化学连接
10728333,13842372,chem,other,none,5.00,0.50,1,子图 运动命令 内部化学连接
10728333,16950550,chem,other,none,5.00,0.50,1,子图 运动命令 内部化学连接
10728333,17355864,chem,other,none,5.00,0.50,7,子图 运动命令 内部化学连接
10728333,18485293,chem,other,none,5.00,0.50,3,子图 运动命令 内部化学连接
10728333,19048289,chem,other,none,5.00,0.50,1,子图 运动命令 内部化学连接
10728333,19298625,chem,other,none,5.00,0.50,1,子图 运动命令 内部化学连接
10756813,10581624,chem,other,none,5.00,0.50,2,子图 运动命令 内部化学连接
10756813,10596949,chem,other,none,5.00,0.50,6,子图 运动命令 内部化学连接
10756813,11468088,chem,other,none,5.00,0.50,1,子图 运动命令 内部化学连接
10756813,12598741,chem,other,none,5.00,0.50,6,子图 运动命令 内部化学连接
10756813,14651659,chem,other,none,5.00,0.50,1,子图 运动命令 内部化学连接
10756813,16422727,chem,other,none,5.00,0.50,1,子图 运动命令 内部化学连接
10756813,16950097,chem,other,none,5.00,0.50,1,子图 运动命令 内部化学连接
10756813,16950115,chem,other,none,5.00,0.50,1,子图 运动命令 内部化学连接
10756813,17358891,chem,other,none,5.00,0.50,1,子图 运动命令 内部化学连接
10756813,17659014,chem,other,none,5.00,0.50,1,子图 运动命令 内部化学连接
10758204,2650887,chem,other,none,5.00,0.50,7,子图 运动命令 内部化学连接
10758204,8127390,chem,other,none,5.00,0.50,1,子图 运动命令 内部化学连接
10758204,8801736,chem,other,none,5.00,0.50,2,子图 运动命令 内部化学连接
10758204,8810141,chem,other,none,5.00,0.50,1,子图 运动命令 内部化学连接
10758204,10018150,chem,other,none,5.00,0.50,2,子图 运动命令 内部化学连接
10758204,11022546,chem,other,none,5.00,0.50,1,子图 运动命令 内部化学连接
10758204,13736919,chem,other,none,5.00,0.50,1,子图 运动命令 内部化学连接
10758204,15672263,chem,other,none,5.00,0.50,1,子图 运动命令 内部化学连接
10758204,15732497,chem,other,none,5.00,0.50,1,子图 运动命令 内部化学连接
10758204,16383966,chem,other,none,5.00,0.50,1,子图 运动命令 内部化学连接
10758204,16443509,chem,other,none,5.00,0.50,12,子图 运动命令 内部化学连接
10758204,16547292,chem,other,none,5.00,0.50,1,子图 运动命令 内部化学连接
10758204,16693923,chem,other,none,5.00,0.50,1,子图 运动命令 内部化学连接
10758204,16863538,chem,other,none,5.00,0.50,1,子图 运动命令 内部化学连接
10758204,16928740,chem,other,none,5.00,0.50,1,子图 运动命令 内部化学连接
10758204,16992171,chem,other,none,5.00,0.50,1,子图 运动命令 内部化学连接
10758204,17353986,chem,other,none,5.00,0.50,12,子图 运动命令 内部化学连接
10758204,17356024,chem,other,none,5.00,0.50,4,子图 运动命令 内部化学连接
10758204,17356442,chem,other,none,5.00,0.50,14,子图 运动命令 内部化学连接
10758204,17378648,chem,other,none,5.00,0.50,4,子图 运动命令 内部化学连接
10758204,17379298,chem,other,none,5.00,0.50,1,子图 运动命令 内部化学连接
10758204,17663944,chem,other,none,5.00,0.50,4,子图 运动命令 内部化学连接
10758204,17732346,chem,other,none,5.00,0.50,1,子图 运动命令 内部化学连接
10758204,17777031,chem,other,none,5.00,0.50,1,子图 运动命令 内部化学连接
10758204,18485293,chem,other,none,5.00,0.50,1,子图 运动命令 内部化学连接
10758204,18604097,chem,other,none,5.00,0.50,12,子图 运动命令 内部化学连接
10758204,20556072,chem,other,none,5.00,0.50,2,子图 运动命令 内部化学连接
10768709,2355126,chem,other,none,5.00,0.50,1,子图 运动命令 内部化学连接
10768709,2357110,chem,other,none,5.00,0.50,3,子图 运动命令 内部化学连接
10768709,3044500,chem,other,none,5.00,0.50,1,子图 运动命令 内部化学连接
10768709,3561724,chem,other,none,5.00,0.50,1,子图 运动命令 内部化学连接
10768709,3620633,chem,other,none,5.00,0.50,1,子图 运动命令 内部化学连接
10768709,3944626,chem,other,none,5.00,0.50,1,子图 运动命令 内部化学连接
10768709,5010581,chem,other,none,5.00,0.50,1,子图 运动命令 内部化学连接
10768709,6317793,chem,other,none,5.00,0.50,3,子图 运动命令 内部化学连接
10768709,6445994,chem,other,none,5.00,0.50,1,子图 运动命令 内部化学连接
10768709,8566140,chem,other,none,5.00,0.50,2,子图 运动命令 内部化学连接
10768709,11306294,chem,other,none,5.00,0.50,2,子图 运动命令 内部化学连接
10768709,12299704,chem,other,none,5.00,0.50,3,子图 运动命令 内部化学连接
10768709,13535380,chem,other,none,5.00,0.50,1,子图 运动命令 内部化学连接
10768709,13751194,chem,other,none,5.00,0.50,1,子图 运动命令 内部化学连接
10768709,15576292,chem,other,none,5.00,0.50,1,子图 运动命令 内部化学连接
10768709,15605301,chem,other,none,5.00,0.50,1,子图 运动命令 内部化学连接
10768709,15607335,chem,other,none,5.00,0.50,1,子图 运动命令 内部化学连接
10768709,16195633,chem,other,none,5.00,0.50,6,子图 运动命令 内部化学连接
10768709,16361363,chem,other,none,5.00,0.50,1,子图 运动命令 内部化学连接
10768709,17384874,chem,other,none,5.00,0.50,1,子图 运动命令 内部化学连接
10768709,17756162,chem,other,none,5.00,0.50,1,子图 运动命令 内部化学连接
10781924,1805669,chem,other,none,5.00,0.50,1,子图 运动命令 内部化学连接
10781924,1980134,chem,other,none,5.00,0.50,1,子图 运动命令 内部化学连接
10781924,2438653,chem,other,none,5.00,0.50,1,子图 运动命令 内部化学连接
10781924,2669844,chem,other,none,5.00,0.50,1,子图 运动命令 内部化学连接
10781924,3149791,chem,other,none,5.00,0.50,2,子图 运动命令 内部化学连接
10781924,3620633,chem,other,none,5.00,0.50,1,子图 运动命令 内部化学连接
10781924,3762317,chem,other,none,5.00,0.50,1,子图 运动命令 内部化学连接
10781924,3764792,chem,other,none,5.00,0.50,12,子图 运动命令 内部化学连接
10781924,3944626,chem,other,none,5.00,0.50,1,子图 运动命令 内部化学连接
10781924,3945756,chem,other,none,5.00,0.50,2,子图 运动命令 内部化学连接
10781924,3946166,chem,other,none,5.00,0.50,1,子图 运动命令 内部化学连接
10781924,4215611,chem,other,none,5.00,0.50,5,子图 运动命令 内部化学连接
10781924,4901087,chem,other,none,5.00,0.50,1,子图 运动命令 内部化学连接
10781924,5010581,chem,other,none,5.00,0.50,2,子图 运动命令 内部化学连接
10781924,5690425,chem,other,none,5.00,0.50,2,子图 运动命令 内部化学连接
10781924,5745110,chem,other,none,5.00,0.50,1,子图 运动命令 内部化学连接
10781924,5746180,chem,other,none,5.00,0.50,1,子图 运动命令 内部化学连接
10781924,5754346,chem,other,none,5.00,0.50,1,子图 运动命令 内部化学连接
10781924,5760480,chem,other,none,5.00,0.50,3,子图 运动命令 内部化学连接
10781924,5768240,chem,other,none,5.00,0.50,1,子图 运动命令 内部化学连接
10781924,5794678,chem,other,none,5.00,0.50,1,子图 运动命令 内部化学连接
10781924,5993001,chem,other,none,5.00,0.50,3,子图 运动命令 内部化学连接
10781924,6317793,chem,other,none,5.00,0.50,2,子图 运动命令 内部化学连接
10781924,6446394,chem,other,none,5.00,0.50,1,子图 运动命令 内部化学连接
10781924,6604203,chem,other,none,5.00,0.50,1,子图 运动命令 内部化学连接
10781924,7130033,chem,other,none,5.00,0.50,1,子图 运动命令 内部化学连接
10781924,7338309,chem,other,none,5.00,0.50,1,子图 运动命令 内部化学连接
10781924,7388340,chem,other,none,5.00,0.50,2,子图 运动命令 内部化学连接
10781924,7982307,chem,other,none,5.00,0.50,3,子图 运动命令 内部化学连接
10781924,8571259,chem,other,none,5.00,0.50,1,子图 运动命令 内部化学连接
10781924,8572353,chem,other,none,5.00,0.50,1,子图 运动命令 内部化学连接
10781924,9753494,chem,other,none,5.00,0.50,1,子图 运动命令 内部化学连接
10781924,10100020,chem,other,none,5.00,0.50,2,子图 运动命令 内部化学连接
10781924,10459723,chem,other,none,5.00,0.50,1,子图 运动命令 内部化学连接
10781924,10627239,chem,other,none,5.00,0.50,1,子图 运动命令 内部化学连接
10781924,10716080,chem,other,none,5.00,0.50,1,子图 运动命令 内部化学连接
10781924,10792617,chem,other,none,5.00,0.50,1,子图 运动命令 内部化学连接
10781924,10872426,chem,other,none,5.00,0.50,4,子图 运动命令 内部化学连接
10781924,10921106,chem,other,none,5.00,0.50,4,子图 运动命令 内部化学连接
10781924,10947427,chem,other,none,5.00,0.50,1,子图 运动命令 内部化学连接
10781924,11073313,chem,other,none,5.00,0.50,2,子图 运动命令 内部化学连接
10781924,11217208,chem,other,none,5.00,0.50,12,子图 运动命令 内部化学连接
10781924,11306294,chem,other,none,5.00,0.50,1,子图 运动命令 内部化学连接
10781924,12474815,chem,other,none,5.00,0.50,1,子图 运动命令 内部化学连接
10781924,13411445,chem,other,none,5.00,0.50,1,子图 运动命令 内部化学连接
10781924,13557064,chem,other,none,5.00,0.50,1,子图 运动命令 内部化学连接
10781924,13749806,chem,other,none,5.00,0.50,2,子图 运动命令 内部化学连接
10781924,14034206,chem,other,none,5.00,0.50,7,子图 运动命令 内部化学连接
10781924,14034311,chem,other,none,5.00,0.50,1,子图 运动命令 内部化学连接
10781924,14492880,chem,other,none,5.00,0.50,6,子图 运动命令 内部化学连接
10781924,14753815,chem,other,none,5.00,0.50,1,子图 运动命令 内部化学连接
10781924,14754777,chem,other,none,5.00,0.50,1,子图 运动命令 内部化学连接
10781924,14914182,chem,other,none,5.00,0.50,2,子图 运动命令 内部化学连接
10781924,15522152,chem,other,none,5.00,0.50,1,子图 运动命令 内部化学连接
10781924,15606239,chem,other,none,5.00,0.50,4,子图 运动命令 内部化学连接
10781924,15610774,chem,other,none,5.00,0.50,2,子图 运动命令 内部化学连接
10781924,15672269,chem,other,none,5.00,0.50,1,子图 运动命令 内部化学连接
10781924,15792643,chem,other,none,5.00,0.50,1,子图 运动命令 内部化学连接
10781924,15897280,chem,other,none,5.00,0.50,1,子图 运动命令 内部化学连接
10781924,16316973,chem,other,none,5.00,0.50,1,子图 运动命令 内部化学连接
10781924,16347786,chem,other,none,5.00,0.50,3,子图 运动命令 内部化学连接
10781924,16350988,chem,other,none,5.00,0.50,2,子图 运动命令 内部化学连接
10781924,16388736,chem,other,none,5.00,0.50,2,子图 运动命令 内部化学连接
10781924,16415910,chem,other,none,5.00,0.50,1,子图 运动命令 内部化学连接
10781924,16468935,chem,other,none,5.00,0.50,3,子图 运动命令 内部化学连接
10781924,16571210,chem,other,none,5.00,0.50,4,子图 运动命令 内部化学连接
10781924,16675987,chem,other,none,5.00,0.50,1,子图 运动命令 内部化学连接
10781924,16863538,chem,other,none,5.00,0.50,3,子图 运动命令 内部化学连接
10781924,17321919,chem,other,none,5.00,0.50,1,子图 运动命令 内部化学连接
10781924,17379420,chem,other,none,5.00,0.50,1,子图 运动命令 内部化学连接
10781924,17647621,chem,other,none,5.00,0.50,1,子图 运动命令 内部化学连接
10781924,17729973,chem,other,none,5.00,0.50,1,子图 运动命令 内部化学连接
10781924,17732334,chem,other,none,5.00,0.50,2,子图 运动命令 内部化学连接
10781924,18023286,chem,other,none,5.00,0.50,3,子图 运动命令 内部化学连接
10781924,18501001,chem,other,none,5.00,0.50,1,子图 运动命令 内部化学连接
10781924,18604097,chem,other,none,5.00,0.50,1,子图 运动命令 内部化学连接
10781924,19132527,chem,other,none,5.00,0.50,1,子图 运动命令 内部化学连接
10781924,20443571,chem,other,none,5.00,0.50,2,子图 运动命令 内部化学连接
10792617,1805418,chem,other,none,5.00,0.50,2,子图 运动命令 内部化学连接
10792617,4876839,chem,other,none,5.00,0.50,2,子图 运动命令 内部化学连接
10792617,7982307,chem,other,none,5.00,0.50,1,子图 运动命令 内部化学连接
10792617,8571259,chem,other,none,5.00,0.50,1,子图 运动命令 内部化学连接
10792617,9429085,chem,other,none,5.00,0.50,1,子图 运动命令 内部化学连接
10792617,10276161,chem,other,none,5.00,0.50,5,子图 运动命令 内部化学连接
10792617,10872426,chem,other,none,5.00,0.50,1,子图 运动命令 内部化学连接
10792617,11278919,chem,other,none,5.00,0.50,5,子图 运动命令 内部化学连接
10792617,11891098,chem,other,none,5.00,0.50,6,子图 运动命令 内部化学连接
10792617,12551020,chem,other,none,5.00,0.50,1,子图 运动命令 内部化学连接
10792617,14617508,chem,other,none,5.00,0.50,3,子图 运动命令 内部化学连接
10792617,14638686,chem,other,none,5.00,0.50,1,子图 运动命令 内部化学连接
10792617,14680483,chem,other,none,5.00,0.50,7,子图 运动命令 内部化学连接
10792617,15897280,chem,other,none,5.00,0.50,1,子图 运动命令 内部化学连接
10792617,16340011,chem,other,none,5.00,0.50,4,子图 运动命令 内部化学连接
10792617,16340461,chem,other,none,5.00,0.50,1,子图 运动命令 内部化学连接
10792617,17654973,chem,other,none,5.00,0.50,1,子图 运动命令 内部化学连接
10792617,17813001,chem,other,none,5.00,0.50,1,子图 运动命令 内部化学连接
10797407,3044500,chem,other,none,5.00,0.50,1,子图 运动命令 内部化学连接
10797407,3620633,chem,other,none,5.00,0.50,5,子图 运动命令 内部化学连接
10797407,3925724,chem,other,none,5.00,0.50,4,子图 运动命令 内部化学连接
10797407,3926904,chem,other,none,5.00,0.50,4,子图 运动命令 内部化学连接
10797407,3928652,chem,other,none,5.00,0.50,2,子图 运动命令 内部化学连接
10797407,3946166,chem,other,none,5.00,0.50,1,子图 运动命令 内部化学连接
10797407,5010581,chem,other,none,5.00,0.50,1,子图 运动命令 内部化学连接
10797407,6978585,chem,other,none,5.00,0.50,3,子图 运动命令 内部化学连接
10797407,7335439,chem,other,none,5.00,0.50,1,子图 运动命令 内部化学连接
10797407,7476468,chem,other,none,5.00,0.50,2,子图 运动命令 内部化学连接
10797407,7529574,chem,other,none,5.00,0.50,1,子图 运动命令 内部化学连接
10797407,8572353,chem,other,none,5.00,0.50,2,子图 运动命令 内部化学连接
10797407,10583715,chem,other,none,5.00,0.50,2,子图 运动命令 内部化学连接
10797407,10768709,chem,other,none,5.00,0.50,2,子图 运动命令 内部化学连接
10797407,10872426,chem,other,none,5.00,0.50,3,子图 运动命令 内部化学连接
10797407,11306294,chem,other,none,5.00,0.50,1,子图 运动命令 内部化学连接
10797407,11356523,chem,other,none,5.00,0.50,3,子图 运动命令 内部化学连接
10797407,12299704,chem,other,none,5.00,0.50,2,子图 运动命令 内部化学连接
10797407,12364717,chem,other,none,5.00,0.50,1,子图 运动命令 内部化学连接
10797407,14760757,chem,other,none,5.00,0.50,14,子图 运动命令 内部化学连接
10797407,15568134,chem,other,none,5.00,0.50,2,子图 运动命令 内部化学连接
10797407,16348875,chem,other,none,5.00,0.50,1,子图 运动命令 内部化学连接
10797407,16683943,chem,other,none,5.00,0.50,4,子图 运动命令 内部化学连接
10797407,17087885,chem,other,none,5.00,0.50,3,子图 运动命令 内部化学连接
10797407,17324711,chem,other,none,5.00,0.50,3,子图 运动命令 内部化学连接
10797407,17658884,chem,other,none,5.00,0.50,3,子图 运动命令 内部化学连接
10797407,17756162,chem,other,none,5.00,0.50,2,子图 运动命令 内部化学连接
10842047,3027876,chem,other,none,5.00,0.50,1,子图 运动命令 内部化学连接
10842047,5369028,chem,other,none,5.00,0.50,1,子图 运动命令 内部化学连接
10842047,8572353,chem,other,none,5.00,0.50,1,子图 运动命令 内部化学连接
10842047,10880408,chem,other,none,5.00,0.50,1,子图 运动命令 内部化学连接
10842047,12031406,chem,other,none,5.00,0.50,1,子图 运动命令 内部化学连接
10842047,14754777,chem,other,none,5.00,0.50,1,子图 运动命令 内部化学连接
10842047,14756061,chem,other,none,5.00,0.50,1,子图 运动命令 内部化学连接
10842047,16167914,chem,other,none,5.00,0.50,1,子图 运动命令 内部化学连接
10842047,16342197,chem,other,none,5.00,0.50,1,子图 运动命令 内部化学连接
10842047,16676038,chem,other,none,5.00,0.50,6,子图 运动命令 内部化学连接
10842047,17324711,chem,other,none,5.00,0.50,1,子图 运动命令 内部化学连接
10842047,17360282,chem,other,none,5.00,0.50,2,子图 运动命令 内部化学连接
10842099,1646076,chem,other,none,5.00,0.50,4,子图 运动命令 内部化学连接
10842099,3764792,chem,other,none,5.00,0.50,3,子图 运动命令 内部化学连接
10842099,4110483,chem,other,none,5.00,0.50,2,子图 运动命令 内部化学连接
10842099,4876839,chem,other,none,5.00,0.50,2,子图 运动命令 内部化学连接
10842099,5369028,chem,other,none,5.00,0.50,2,子图 运动命令 内部化学连接
10842099,5754346,chem,other,none,5.00,0.50,2,子图 运动命令 内部化学连接
10842099,7005145,chem,other,none,5.00,0.50,1,子图 运动命令 内部化学连接
10842099,8572353,chem,other,none,5.00,0.50,1,子图 运动命令 内部化学连接
10842099,9077224,chem,other,none,5.00,0.50,2,子图 运动命令 内部化学连接
10842099,10100020,chem,other,none,5.00,0.50,2,子图 运动命令 内部化学连接
10842099,10276161,chem,other,none,5.00,0.50,6,子图 运动命令 内部化学连接
10842099,10581624,chem,other,none,5.00,0.50,1,子图 运动命令 内部化学连接
10842099,10728318,chem,other,none,5.00,0.50,2,子图 运动命令 内部化学连接
10842099,10792617,chem,other,none,5.00,0.50,2,子图 运动命令 内部化学连接
10842099,10842047,chem,other,none,5.00,0.50,1,子图 运动命令 内部化学连接
10842099,10842099,chem,other,none,5.00,0.50,1,子图 运动命令 内部化学连接
10842099,10882750,chem,other,none,5.00,0.50,3,子图 运动命令 内部化学连接
10842099,11278919,chem,other,none,5.00,0.50,1,子图 运动命令 内部化学连接
10842099,11306294,chem,other,none,5.00,0.50,4,子图 运动命令 内部化学连接
10842099,12031406,chem,other,none,5.00,0.50,3,子图 运动命令 内部化学连接
10842099,12551020,chem,other,none,5.00,0.50,1,子图 运动命令 内部化学连接
10842099,13645610,chem,other,none,5.00,0.50,3,子图 运动命令 内部化学连接
10842099,13818467,chem,other,none,5.00,0.50,2,子图 运动命令 内部化学连接
10842099,14617508,chem,other,none,5.00,0.50,3,子图 运动命令 内部化学连接
10842099,14680483,chem,other,none,5.00,0.50,1,子图 运动命令 内部化学连接
10842099,14756061,chem,other,none,5.00,0.50,1,子图 运动命令 内部化学连接
10842099,14914182,chem,other,none,5.00,0.50,1,子图 运动命令 内部化学连接
10842099,16195633,chem,other,none,5.00,0.50,2,子图 运动命令 内部化学连接
10842099,16342197,chem,other,none,5.00,0.50,4,子图 运动命令 内部化学连接
10842099,16676038,chem,other,none,5.00,0.50,5,子图 运动命令 内部化学连接
10842099,16848587,chem,other,none,5.00,0.50,1,子图 运动命令 内部化学连接
10842099,17087885,chem,other,none,5.00,0.50,2,子图 运动命令 内部化学连接
10842099,17360282,chem,other,none,5.00,0.50,1,子图 运动命令 内部化学连接
10842099,17379420,chem,other,none,5.00,0.50,1,子图 运动命令 内部化学连接
10842099,17732334,chem,other,none,5.00,0.50,1,子图 运动命令 内部化学连接
10842099,18111410,chem,other,none,5.00,0.50,1,子图 运动命令 内部化学连接
10842099,18232369,chem,other,none,5.00,0.50,1,子图 运动命令 内部化学连接
10842099,18644088,chem,other,none,5.00,0.50,1,子图 运动命令 内部化学连接
10842099,20443362,chem,other,none,5.00,0.50,4,子图 运动命令 内部化学连接
10855798,5794678,chem,other,none,5.00,0.50,1,子图 运动命令 内部化学连接
10855798,5859372,chem,other,none,5.00,0.50,1,子图 运动命令 内部化学连接
10855798,8572353,chem,other,none,5.00,0.50,1,子图 运动命令 内部化学连接
10855798,9116228,chem,other,none,5.00,0.50,3,子图 运动命令 内部化学连接
10855798,13948718,chem,other,none,5.00,0.50,2,子图 运动命令 内部化学连接
10855798,14680483,chem,other,none,5.00,0.50,3,子图 运动命令 内部化学连接
10855798,16154290,chem,other,none,5.00,0.50,1,子图 运动命令 内部化学连接
10855798,16195633,chem,other,none,5.00,0.50,1,子图 运动命令 内部化学连接
10855798,16350988,chem,other,none,5.00,0.50,6,子图 运动命令 内部化学连接
10855798,16361363,chem,other,none,5.00,0.50,1,子图 运动命令 内部化学连接
10855798,17380345,chem,other,none,5.00,0.50,1,子图 运动命令 内部化学连接
10855798,17850822,chem,other,none,5.00,0.50,2,子图 运动命令 内部化学连接
10865025,869360,chem,other,none,5.00,0.50,1,子图 运动命令 内部化学连接
10865025,3539170,chem,other,none,5.00,0.50,1,子图 运动命令 内部化学连接
10865025,4116174,chem,other,none,5.00,0.50,11,子图 运动命令 内部化学连接
10865025,4991243,chem,other,none,5.00,0.50,1,子图 运动命令 内部化学连接
10865025,5559657,chem,other,none,5.00,0.50,2,子图 运动命令 内部化学连接
10865025,6219445,chem,other,none,5.00,0.50,1,子图 运动命令 内部化学连接
10865025,8159396,chem,other,none,5.00,0.50,1,子图 运动命令 内部化学连接
10865025,8227502,chem,other,none,5.00,0.50,1,子图 运动命令 内部化学连接
10865025,9842383,chem,other,none,5.00,0.50,1,子图 运动命令 内部化学连接
10865025,12000033,chem,other,none,5.00,0.50,2,子图 运动命令 内部化学连接
10865025,12335381,chem,other,none,5.00,0.50,2,子图 运动命令 内部化学连接
10865025,13830600,chem,other,none,5.00,0.50,1,子图 运动命令 内部化学连接
10865025,16158918,chem,other,none,5.00,0.50,1,子图 运动命令 内部化学连接
10865025,16316981,chem,other,none,5.00,0.50,3,子图 运动命令 内部化学连接
10865025,16393165,chem,other,none,5.00,0.50,2,子图 运动命令 内部化学连接
10865025,16586265,chem,other,none,5.00,0.50,1,子图 运动命令 内部化学连接
10865025,17062823,chem,other,none,5.00,0.50,2,子图 运动命令 内部化学连接
10865025,17529547,chem,other,none,5.00,0.50,2,子图 运动命令 内部化学连接
10865025,17545695,chem,other,none,5.00,0.50,3,子图 运动命令 内部化学连接
10865025,17732791,chem,other,none,5.00,0.50,2,子图 运动命令 内部化学连接
10865025,18440675,chem,other,none,5.00,0.50,1,子图 运动命令 内部化学连接
10865025,19054481,chem,other,none,5.00,0.50,1,子图 运动命令 内部化学连接
10870424,1805669,chem,other,none,5.00,0.50,1,子图 运动命令 内部化学连接
10870424,1980134,chem,other,none,5.00,0.50,2,子图 运动命令 内部化学连接
10870424,2669844,chem,other,none,5.00,0.50,1,子图 运动命令 内部化学连接
10870424,3945756,chem,other,none,5.00,0.50,1,子图 运动命令 内部化学连接
10870424,4110483,chem,other,none,5.00,0.50,2,子图 运动命令 内部化学连接
10870424,5690425,chem,other,none,5.00,0.50,2,子图 运动命令 内部化学连接
10870424,5936935,chem,other,none,5.00,0.50,1,子图 运动命令 内部化学连接
10870424,6193472,chem,other,none,5.00,0.50,1,子图 运动命令 内部化学连接
10870424,6446394,chem,other,none,5.00,0.50,1,子图 运动命令 内部化学连接
10870424,7388340,chem,other,none,5.00,0.50,3,子图 运动命令 内部化学连接
10870424,7982307,chem,other,none,5.00,0.50,2,子图 运动命令 内部化学连接
10870424,8572353,chem,other,none,5.00,0.50,1,子图 运动命令 内部化学连接
10870424,9077224,chem,other,none,5.00,0.50,1,子图 运动命令 内部化学连接
10870424,9234420,chem,other,none,5.00,0.50,1,子图 运动命令 内部化学连接
10870424,9424902,chem,other,none,5.00,0.50,1,子图 运动命令 内部化学连接
10870424,9480916,chem,other,none,5.00,0.50,2,子图 运动命令 内部化学连接
10870424,10100020,chem,other,none,5.00,0.50,5,子图 运动命令 内部化学连接
10870424,10276161,chem,other,none,5.00,0.50,1,子图 运动命令 内部化学连接
10870424,10728318,chem,other,none,5.00,0.50,1,子图 运动命令 内部化学连接
10870424,10781924,chem,other,none,5.00,0.50,1,子图 运动命令 内部化学连接
10870424,10872426,chem,other,none,5.00,0.50,1,子图 运动命令 内部化学连接
10870424,11348509,chem,other,none,5.00,0.50,3,子图 运动命令 内部化学连接
10870424,12551020,chem,other,none,5.00,0.50,1,子图 运动命令 内部化学连接
10870424,12782494,chem,other,none,5.00,0.50,4,子图 运动命令 内部化学连接
10870424,13242252,chem,other,none,5.00,0.50,1,子图 运动命令 内部化学连接
10870424,14501257,chem,other,none,5.00,0.50,1,子图 运动命令 内部化学连接
10870424,14756061,chem,other,none,5.00,0.50,1,子图 运动命令 内部化学连接
10870424,15522152,chem,other,none,5.00,0.50,1,子图 运动命令 内部化学连接
10870424,15548844,chem,other,none,5.00,0.50,1,子图 运动命令 内部化学连接
10870424,15585114,chem,other,none,5.00,0.50,2,子图 运动命令 内部化学连接
10870424,15897280,chem,other,none,5.00,0.50,1,子图 运动命令 内部化学连接
10870424,16195633,chem,other,none,5.00,0.50,1,子图 运动命令 内部化学连接
10870424,16340977,chem,other,none,5.00,0.50,1,子图 运动命令 内部化学连接
10870424,16388736,chem,other,none,5.00,0.50,1,子图 运动命令 内部化学连接
10870424,16415910,chem,other,none,5.00,0.50,1,子图 运动命令 内部化学连接
10870424,16445073,chem,other,none,5.00,0.50,1,子图 运动命令 内部化学连接
10870424,16676038,chem,other,none,5.00,0.50,1,子图 运动命令 内部化学连接
10870424,17354414,chem,other,none,5.00,0.50,1,子图 运动命令 内部化学连接
10870424,17587730,chem,other,none,5.00,0.50,1,子图 运动命令 内部化学连接
10870424,17729347,chem,other,none,5.00,0.50,2,子图 运动命令 内部化学连接
10870424,18111410,chem,other,none,5.00,0.50,4,子图 运动命令 内部化学连接
10870424,18305433,chem,other,none,5.00,0.50,1,子图 运动命令 内部化学连接
10870424,18500988,chem,other,none,5.00,0.50,2,子图 运动命令 内部化学连接
10870424,19010160,chem,other,none,5.00,0.50,1,子图 运动命令 内部化学连接
10870424,20479904,chem,other,none,5.00,0.50,4,子图 运动命令 内部化学连接
10872426,1065967,chem,other,none,5.00,0.50,1,子图 运动命令 内部化学连接
10872426,1646076,chem,other,none,5.00,0.50,1,子图 运动命令 内部化学连接
10872426,2659504,chem,other,none,5.00,0.50,1,子图 运动命令 内部化学连接
10872426,3021609,chem,other,none,5.00,0.50,1,子图 运动命令 内部化学连接
10872426,3027876,chem,other,none,5.00,0.50,4,子图 运动命令 内部化学连接
10872426,3765735,chem,other,none,5.00,0.50,5,子图 运动命令 内部化学连接
10872426,4110483,chem,other,none,5.00,0.50,1,子图 运动命令 内部化学连接
10872426,4876839,chem,other,none,5.00,0.50,5,子图 运动命令 内部化学连接
10872426,5369028,chem,other,none,5.00,0.50,1,子图 运动命令 内部化学连接
10872426,5902352,chem,other,none,5.00,0.50,1,子图 运动命令 内部化学连接
10872426,5936935,chem,other,none,5.00,0.50,2,子图 运动命令 内部化学连接
10872426,7005145,chem,other,none,5.00,0.50,3,子图 运动命令 内部化学连接
10872426,7590264,chem,other,none,5.00,0.50,1,子图 运动命令 内部化学连接
10872426,8127390,chem,other,none,5.00,0.50,8,子图 运动命令 内部化学连接
10872426,8572353,chem,other,none,5.00,0.50,3,子图 运动命令 内部化学连接
10872426,9077224,chem,other,none,5.00,0.50,11,子图 运动命令 内部化学连接
10872426,9424902,chem,other,none,5.00,0.50,1,子图 运动命令 内部化学连接
10872426,9480916,chem,other,none,5.00,0.50,1,子图 运动命令 内部化学连接
10872426,10276161,chem,other,none,5.00,0.50,5,子图 运动命令 内部化学连接
10872426,10523825,chem,other,none,5.00,0.50,9,子图 运动命令 内部化学连接
10872426,10596949,chem,other,none,5.00,0.50,2,子图 运动命令 内部化学连接
10872426,10842047,chem,other,none,5.00,0.50,1,子图 运动命令 内部化学连接
10872426,10842099,chem,other,none,5.00,0.50,2,子图 运动命令 内部化学连接
10872426,10880408,chem,other,none,5.00,0.50,1,子图 运动命令 内部化学连接
10872426,11348509,chem,other,none,5.00,0.50,3,子图 运动命令 内部化学连接
10872426,12030078,chem,other,none,5.00,0.50,1,子图 运动命令 内部化学连接
10872426,12031406,chem,other,none,5.00,0.50,7,子图 运动命令 内部化学连接
10872426,12551020,chem,other,none,5.00,0.50,15,子图 运动命令 内部化学连接
10872426,12990900,chem,other,none,5.00,0.50,1,子图 运动命令 内部化学连接
10872426,13411445,chem,other,none,5.00,0.50,2,子图 运动命令 内部化学连接
10872426,13652117,chem,other,none,5.00,0.50,9,子图 运动命令 内部化学连接
10872426,13763548,chem,other,none,5.00,0.50,1,子图 运动命令 内部化学连接
10872426,14501257,chem,other,none,5.00,0.50,2,子图 运动命令 内部化学连接
10872426,14617508,chem,other,none,5.00,0.50,15,子图 运动命令 内部化学连接
10872426,14680483,chem,other,none,5.00,0.50,16,子图 运动命令 内部化学连接
10872426,14754777,chem,other,none,5.00,0.50,13,子图 运动命令 内部化学连接
10872426,14756061,chem,other,none,5.00,0.50,16,子图 运动命令 内部化学连接
10872426,15048530,chem,other,none,5.00,0.50,1,子图 运动命令 内部化学连接
10872426,15548844,chem,other,none,5.00,0.50,2,子图 运动命令 内部化学连接
10872426,15560623,chem,other,none,5.00,0.50,1,子图 运动命令 内部化学连接
10872426,15897280,chem,other,none,5.00,0.50,2,子图 运动命令 内部化学连接
10872426,16340011,chem,other,none,5.00,0.50,5,子图 运动命令 内部化学连接
10872426,16342197,chem,other,none,5.00,0.50,7,子图 运动命令 内部化学连接
10872426,16415910,chem,other,none,5.00,0.50,1,子图 运动命令 内部化学连接
10872426,16428373,chem,other,none,5.00,0.50,1,子图 运动命令 内部化学连接
10872426,16545179,chem,other,none,5.00,0.50,2,子图 运动命令 内部化学连接
10872426,16561660,chem,other,none,5.00,0.50,2,子图 运动命令 内部化学连接
10872426,17000062,chem,other,none,5.00,0.50,2,子图 运动命令 内部化学连接
10872426,17102002,chem,other,none,5.00,0.50,1,子图 运动命令 内部化学连接
10872426,17360282,chem,other,none,5.00,0.50,11,子图 运动命令 内部化学连接
10872426,17455871,chem,other,none,5.00,0.50,10,子图 运动命令 内部化学连接
10872426,17755491,chem,other,none,5.00,0.50,1,子图 运动命令 内部化学连接
10872426,18111410,chem,other,none,5.00,0.50,6,子图 运动命令 内部化学连接
10872426,19017386,chem,other,none,5.00,0.50,2,子图 运动命令 内部化学连接
10875178,2669844,chem,other,none,5.00,0.50,1,子图 运动命令 内部化学连接
10875178,3021609,chem,other,none,5.00,0.50,1,子图 运动命令 内部化学连接
10875178,3945756,chem,other,none,5.00,0.50,2,子图 运动命令 内部化学连接
10875178,5902352,chem,other,none,5.00,0.50,6,子图 运动命令 内部化学连接
10875178,8127390,chem,other,none,5.00,0.50,1,子图 运动命令 内部化学连接
10875178,8572353,chem,other,none,5.00,0.50,1,子图 运动命令 内部化学连接
10875178,9424902,chem,other,none,5.00,0.50,2,子图 运动命令 内部化学连接
10875178,9480916,chem,other,none,5.00,0.50,3,子图 运动命令 内部化学连接
10875178,10523825,chem,other,none,5.00,0.50,2,子图 运动命令 内部化学连接
10875178,10596949,chem,other,none,5.00,0.50,3,子图 运动命令 内部化学连接
10875178,10842047,chem,other,none,5.00,0.50,1,子图 运动命令 内部化学连接
10875178,10842099,chem,other,none,5.00,0.50,1,子图 运动命令 内部化学连接
10875178,10872426,chem,other,none,5.00,0.50,2,子图 运动命令 内部化学连接
10875178,10880408,chem,other,none,5.00,0.50,1,子图 运动命令 内部化学连接
10875178,13652117,chem,other,none,5.00,0.50,1,子图 运动命令 内部化学连接
10875178,13834125,chem,other,none,5.00,0.50,8,子图 运动命令 内部化学连接
10875178,14617508,chem,other,none,5.00,0.50,8,子图 运动命令 内部化学连接
10875178,14754777,chem,other,none,5.00,0.50,1,子图 运动命令 内部化学连接
10875178,15610774,chem,other,none,5.00,0.50,2,子图 运动命令 内部化学连接
10875178,15792643,chem,other,none,5.00,0.50,5,子图 运动命令 内部化学连接
10875178,16167914,chem,other,none,5.00,0.50,7,子图 运动命令 内部化学连接
10875178,16348875,chem,other,none,5.00,0.50,1,子图 运动命令 内部化学连接
10875178,16415910,chem,other,none,5.00,0.50,1,子图 运动命令 内部化学连接
10875178,16561660,chem,other,none,5.00,0.50,3,子图 运动命令 内部化学连接
10875178,17000062,chem,other,none,5.00,0.50,1,子图 运动命令 内部化学连接
10875178,17328580,chem,other,none,5.00,0.50,4,子图 运动命令 内部化学连接
10875178,17360282,chem,other,none,5.00,0.50,21,子图 运动命令 内部化学连接
10875178,18111410,chem,other,none,5.00,0.50,3,子图 运动命令 内部化学连接
10875178,19017386,chem,other,none,5.00,0.50,3,子图 运动命令 内部化学连接
10880408,2669844,chem,other,none,5.00,0.50,1,子图 运动命令 内部化学连接
10880408,3027876,chem,other,none,5.00,0.50,14,子图 运动命令 内部化学连接
10880408,4876839,chem,other,none,5.00,0.50,1,子图 运动命令 内部化学连接
10880408,8127390,chem,other,none,5.00,0.50,4,子图 运动命令 内部化学连接
10880408,8566140,chem,other,none,5.00,0.50,1,子图 运动命令 内部化学连接
10880408,8572353,chem,other,none,5.00,0.50,4,子图 运动命令 内部化学连接
10880408,9077224,chem,other,none,5.00,0.50,10,子图 运动命令 内部化学连接
10880408,10596949,chem,other,none,5.00,0.50,1,子图 运动命令 内部化学连接
10880408,10872426,chem,other,none,5.00,0.50,1,子图 运动命令 内部化学连接
10880408,10875178,chem,other,none,5.00,0.50,2,子图 运动命令 内部化学连接
10880408,12031406,chem,other,none,5.00,0.50,3,子图 运动命令 内部化学连接
10880408,12551020,chem,other,none,5.00,0.50,1,子图 运动命令 内部化学连接
10880408,13652117,chem,other,none,5.00,0.50,6,子图 运动命令 内部化学连接
10880408,13834125,chem,other,none,5.00,0.50,4,子图 运动命令 内部化学连接
10880408,14579509,chem,other,none,5.00,0.50,1,子图 运动命令 内部化学连接
10880408,14680483,chem,other,none,5.00,0.50,10,子图 运动命令 内部化学连接
10880408,14754777,chem,other,none,5.00,0.50,35,子图 运动命令 内部化学连接
10880408,14756061,chem,other,none,5.00,0.50,2,子图 运动命令 内部化学连接
10880408,15610774,chem,other,none,5.00,0.50,3,子图 运动命令 内部化学连接
10880408,15792643,chem,other,none,5.00,0.50,2,子图 运动命令 内部化学连接
10880408,16167914,chem,other,none,5.00,0.50,7,子图 运动命令 内部化学连接
10880408,16714214,chem,other,none,5.00,0.50,1,子图 运动命令 内部化学连接
10880408,17360282,chem,other,none,5.00,0.50,5,子图 运动命令 内部化学连接
10880408,17455871,chem,other,none,5.00,0.50,3,子图 运动命令 内部化学连接
10882750,1646076,chem,other,none,5.00,0.50,1,子图 运动命令 内部化学连接
10882750,3598000,chem,other,none,5.00,0.50,1,子图 运动命令 内部化学连接
10882750,3764792,chem,other,none,5.00,0.50,5,子图 运动命令 内部化学连接
10882750,3944626,chem,other,none,5.00,0.50,1,子图 运动命令 内部化学连接
10882750,4876839,chem,other,none,5.00,0.50,2,子图 运动命令 内部化学连接
10882750,5369028,chem,other,none,5.00,0.50,4,子图 运动命令 内部化学连接
10882750,5754346,chem,other,none,5.00,0.50,3,子图 运动命令 内部化学连接
10882750,8127390,chem,other,none,5.00,0.50,1,子图 运动命令 内部化学连接
10882750,8572353,chem,other,none,5.00,0.50,5,子图 运动命令 内部化学连接
10882750,9077224,chem,other,none,5.00,0.50,4,子图 运动命令 内部化学连接
10882750,10276161,chem,other,none,5.00,0.50,7,子图 运动命令 内部化学连接
10882750,10792617,chem,other,none,5.00,0.50,1,子图 运动命令 内部化学连接
10882750,10842099,chem,other,none,5.00,0.50,6,子图 运动命令 内部化学连接
10882750,10872426,chem,other,none,5.00,0.50,2,子图 运动命令 内部化学连接
10882750,10875178,chem,other,none,5.00,0.50,1,子图 运动命令 内部化学连接
10882750,11306294,chem,other,none,5.00,0.50,3,子图 运动命令 内部化学连接
10882750,12031406,chem,other,none,5.00,0.50,3,子图 运动命令 内部化学连接
10882750,12551020,chem,other,none,5.00,0.50,1,子图 运动命令 内部化学连接
10882750,13645610,chem,other,none,5.00,0.50,7,子图 运动命令 内部化学连接
10882750,13763548,chem,other,none,5.00,0.50,2,子图 运动命令 内部化学连接
10882750,14617508,chem,other,none,5.00,0.50,2,子图 运动命令 内部化学连接
10882750,14680483,chem,other,none,5.00,0.50,2,子图 运动命令 内部化学连接
10882750,14753815,chem,other,none,5.00,0.50,1,子图 运动命令 内部化学连接
10882750,15601640,chem,other,none,5.00,0.50,1,子图 运动命令 内部化学连接
10882750,16195633,chem,other,none,5.00,0.50,5,子图 运动命令 内部化学连接
10882750,16342197,chem,other,none,5.00,0.50,7,子图 运动命令 内部化学连接
10882750,16428373,chem,other,none,5.00,0.50,3,子图 运动命令 内部化学连接
10882750,16676038,chem,other,none,5.00,0.50,6,子图 运动命令 内部化学连接
10882750,16848587,chem,other,none,5.00,0.50,1,子图 运动命令 内部化学连接
10882750,17359501,chem,other,none,5.00,0.50,1,子图 运动命令 内部化学连接
10882750,17360282,chem,other,none,5.00,0.50,2,子图 运动命令 内部化学连接
10882750,19132527,chem,other,none,5.00,0.50,2,子图 运动命令 内部化学连接
10885466,3765735,chem,other,none,5.00,0.50,3,子图 运动命令 内部化学连接
10885466,7587948,chem,other,none,5.00,0.50,3,子图 运动命令 内部化学连接
10885466,7982307,chem,other,none,5.00,0.50,2,子图 运动命令 内部化学连接
10885466,8047280,chem,other,none,5.00,0.50,5,子图 运动命令 内部化学连接
10885466,8572353,chem,other,none,5.00,0.50,2,子图 运动命令 内部化学连接
10885466,9822593,chem,other,none,5.00,0.50,1,子图 运动命令 内部化学连接
10885466,10100020,chem,other,none,5.00,0.50,1,子图 运动命令 内部化学连接
10885466,10781924,chem,other,none,5.00,0.50,1,子图 运动命令 内部化学连接
10885466,10870424,chem,other,none,5.00,0.50,5,子图 运动命令 内部化学连接
10885466,10986253,chem,other,none,5.00,0.50,2,子图 运动命令 内部化学连接
10885466,12548756,chem,other,none,5.00,0.50,2,子图 运动命令 内部化学连接
10885466,12782494,chem,other,none,5.00,0.50,2,子图 运动命令 内部化学连接
10885466,13049485,chem,other,none,5.00,0.50,2,子图 运动命令 内部化学连接
10885466,14753815,chem,other,none,5.00,0.50,3,子图 运动命令 内部化学连接
10885466,16433696,chem,other,none,5.00,0.50,1,子图 运动命令 内部化学连接
10885466,16468935,chem,other,none,5.00,0.50,1,子图 运动命令 内部化学连接
10885466,16848587,chem,other,none,5.00,0.50,1,子图 运动命令 内部化学连接
10885466,17384874,chem,other,none,5.00,0.50,2,子图 运动命令 内部化学连接
10885466,17654645,chem,other,none,5.00,0.50,1,子图 运动命令 内部化学连接
10885466,17728922,chem,other,none,5.00,0.50,1,子图 运动命令 内部化学连接
10885466,17729973,chem,other,none,5.00,0.50,4,子图 运动命令 内部化学连接
10885466,19132527,chem,other,none,5.00,0.50,1,子图 运动命令 内部化学连接
10915553,2670619,chem,other,none,5.00,0.50,1,子图 运动命令 内部化学连接
10915553,4215611,chem,other,none,5.00,0.50,1,子图 运动命令 内部化学连接
10915553,7227010,chem,other,none,5.00,0.50,4,子图 运动命令 内部化学连接
10915553,10609443,chem,other,none,5.00,0.50,1,子图 运动命令 内部化学连接
10918898,9154024,chem,other,none,5.00,0.50,1,子图 运动命令 内部化学连接
10918898,9612903,chem,other,none,5.00,0.50,1,子图 运动命令 内部化学连接
10918898,15005403,chem,other,none,5.00,0.50,5,子图 运动命令 内部化学连接
10918898,16562142,chem,other,none,5.00,0.50,2,子图 运动命令 内部化学连接
10918898,16937395,chem,other,none,5.00,0.50,1,子图 运动命令 内部化学连接
10918898,17109286,chem,other,none,5.00,0.50,4,子图 运动命令 内部化学连接
10918898,17110007,chem,other,none,5.00,0.50,7,子图 运动命令 内部化学连接
10918898,17177419,chem,other,none,5.00,0.50,8,子图 运动命令 内部化学连接
10918898,17574013,chem,other,none,5.00,0.50,2,子图 运动命令 内部化学连接
10918898,18305476,chem,other,none,5.00,0.50,7,子图 运动命令 内部化学连接
10918898,18538744,chem,other,none,5.00,0.50,6,子图 运动命令 内部化学连接
10918898,18695745,chem,other,none,5.00,0.50,5,子图 运动命令 内部化学连接
10921106,17355864,chem,other,none,5.00,0.50,1,子图 运动命令 内部化学连接
10921106,19298644,chem,other,none,5.00,0.50,2,子图 运动命令 内部化学连接
10922928,1065967,chem,other,none,5.00,0.50,1,子图 运动命令 内部化学连接
10922928,1805669,chem,other,none,5.00,0.50,3,子图 运动命令 内部化学连接
10922928,1980134,chem,other,none,5.00,0.50,3,子图 运动命令 内部化学连接
10922928,2669844,chem,other,none,5.00,0.50,3,子图 运动命令 内部化学连接
10922928,3149791,chem,other,none,5.00,0.50,2,子图 运动命令 内部化学连接
10922928,3595837,chem,other,none,5.00,0.50,1,子图 运动命令 内部化学连接
10922928,3764792,chem,other,none,5.00,0.50,1,子图 运动命令 内部化学连接
10922928,3946166,chem,other,none,5.00,0.50,1,子图 运动命令 内部化学连接
10922928,4127096,chem,other,none,5.00,0.50,3,子图 运动命令 内部化学连接
10922928,4127926,chem,other,none,5.00,0.50,1,子图 运动命令 内部化学连接
10922928,4876839,chem,other,none,5.00,0.50,1,子图 运动命令 内部化学连接
10922928,5033480,chem,other,none,5.00,0.50,1,子图 运动命令 内部化学连接
10922928,5134110,chem,other,none,5.00,0.50,3,子图 运动命令 内部化学连接
10922928,5462159,chem,other,none,5.00,0.50,5,子图 运动命令 内部化学连接
10922928,5657004,chem,other,none,5.00,0.50,1,子图 运动命令 内部化学连接
10922928,5680013,chem,other,none,5.00,0.50,11,子图 运动命令 内部化学连接
10922928,5684940,chem,other,none,5.00,0.50,1,子图 运动命令 内部化学连接
10922928,5690425,chem,other,none,5.00,0.50,3,子图 运动命令 内部化学连接
10922928,5745110,chem,other,none,5.00,0.50,1,子图 运动命令 内部化学连接
10922928,5764924,chem,other,none,5.00,0.50,1,子图 运动命令 内部化学连接
10922928,5936935,chem,other,none,5.00,0.50,3,子图 运动命令 内部化学连接
10922928,6446394,chem,other,none,5.00,0.50,2,子图 运动命令 内部化学连接
10922928,6572414,chem,other,none,5.00,0.50,1,子图 运动命令 内部化学连接
10922928,7982307,chem,other,none,5.00,0.50,10,子图 运动命令 内部化学连接
10922928,7982324,chem,other,none,5.00,0.50,1,子图 运动命令 内部化学连接
10922928,8572353,chem,other,none,5.00,0.50,1,子图 运动命令 内部化学连接
10922928,9234420,chem,other,none,5.00,0.50,1,子图 运动命令 内部化学连接
10922928,10100020,chem,other,none,5.00,0.50,1,子图 运动命令 内部化学连接
10922928,10581624,chem,other,none,5.00,0.50,1,子图 运动命令 内部化学连接
10922928,10596949,chem,other,none,5.00,0.50,1,子图 运动命令 内部化学连接
10922928,10609443,chem,other,none,5.00,0.50,1,子图 运动命令 内部化学连接
10922928,10728323,chem,other,none,5.00,0.50,1,子图 运动命令 内部化学连接
10922928,10842047,chem,other,none,5.00,0.50,2,子图 运动命令 内部化学连接
10922928,10842099,chem,other,none,5.00,0.50,2,子图 运动命令 内部化学连接
10922928,10882750,chem,other,none,5.00,0.50,4,子图 运动命令 内部化学连接
10922928,10915553,chem,other,none,5.00,0.50,1,子图 运动命令 内部化学连接
10922928,10921106,chem,other,none,5.00,0.50,1,子图 运动命令 内部化学连接
10922928,10945111,chem,other,none,5.00,0.50,1,子图 运动命令 内部化学连接
10922928,10945795,chem,other,none,5.00,0.50,1,子图 运动命令 内部化学连接
10922928,13081886,chem,other,none,5.00,0.50,1,子图 运动命令 内部化学连接
10922928,13749806,chem,other,none,5.00,0.50,1,子图 运动命令 内部化学连接
10922928,14914182,chem,other,none,5.00,0.50,1,子图 运动命令 内部化学连接
10922928,15588711,chem,other,none,5.00,0.50,2,子图 运动命令 内部化学连接
10922928,15594113,chem,other,none,5.00,0.50,1,子图 运动命令 内部化学连接
10922928,15897280,chem,other,none,5.00,0.50,3,子图 运动命令 内部化学连接
10922928,16115255,chem,other,none,5.00,0.50,2,子图 运动命令 内部化学连接
10922928,16422727,chem,other,none,5.00,0.50,1,子图 运动命令 内部化学连接
10922928,16468935,chem,other,none,5.00,0.50,1,子图 运动命令 内部化学连接
10922928,16636860,chem,other,none,5.00,0.50,1,子图 运动命令 内部化学连接
10922928,17087885,chem,other,none,5.00,0.50,2,子图 运动命令 内部化学连接
10922928,17324711,chem,other,none,5.00,0.50,3,子图 运动命令 内部化学连接
10922928,17360038,chem,other,none,5.00,0.50,4,子图 运动命令 内部化学连接
10922928,17378483,chem,other,none,5.00,0.50,1,子图 运动命令 内部化学连接
10922928,17587730,chem,other,none,5.00,0.50,4,子图 运动命令 内部化学连接
10922928,17658978,chem,other,none,5.00,0.50,4,子图 运动命令 内部化学连接
10922928,17728922,chem,other,none,5.00,0.50,2,子图 运动命令 内部化学连接
10922928,17729335,chem,other,none,5.00,0.50,1,子图 运动命令 内部化学连接
10922928,18023286,chem,other,none,5.00,0.50,1,子图 运动命令 内部化学连接
10922928,18111410,chem,other,none,5.00,0.50,1,子图 运动命令 内部化学连接
10922928,18305433,chem,other,none,5.00,0.50,2,子图 运动命令 内部化学连接
10922928,19010160,chem,other,none,5.00,0.50,3,子图 运动命令 内部化学连接
10922928,20443362,chem,other,none,5.00,0.50,3,子图 运动命令 内部化学连接
10922928,20443571,chem,other,none,5.00,0.50,1,子图 运动命令 内部化学连接
10945111,3048606,chem,other,none,5.00,0.50,1,子图 运动命令 内部化学连接
10945111,7587948,chem,other,none,5.00,0.50,8,子图 运动命令 内部化学连接
10945111,8741619,chem,other,none,5.00,0.50,2,子图 运动命令 内部化学连接
10945111,11905911,chem,other,none,5.00,0.50,1,子图 运动命令 内部化学连接
10945111,16115575,chem,other,none,5.00,0.50,4,子图 运动命令 内部化学连接
10945111,16316973,chem,other,none,5.00,0.50,1,子图 运动命令 内部化学连接
10945795,3048606,chem,other,none,5.00,0.50,1,子图 运动命令 内部化学连接
10945795,7587948,chem,other,none,5.00,0.50,2,子图 运动命令 内部化学连接
10945795,17473163,chem,other,none,5.00,0.50,1,子图 运动命令 内部化学连接
10947427,5080991,chem,other,none,5.00,0.50,1,子图 运动命令 内部化学连接
10947427,5764924,chem,other,none,5.00,0.50,1,子图 运动命令 内部化学连接
10947427,10922928,chem,other,none,5.00,0.50,2,子图 运动命令 内部化学连接
10947427,17728922,chem,other,none,5.00,0.50,1,子图 运动命令 内部化学连接
10947427,18305433,chem,other,none,5.00,0.50,1,子图 运动命令 内部化学连接
10958210,3928522,chem,other,none,5.00,0.50,3,子图 运动命令 内部化学连接
10958210,9372642,chem,other,none,5.00,0.50,4,子图 运动命令 内部化学连接
10958210,10958210,chem,other,none,5.00,0.50,1,子图 运动命令 内部化学连接
10958210,14034311,chem,other,none,5.00,0.50,19,子图 运动命令 内部化学连接
10958210,17473163,chem,other,none,5.00,0.50,1,子图 运动命令 内部化学连接
10959064,2655798,chem,other,none,5.00,0.50,13,子图 运动命令 内部化学连接
10959064,6125806,chem,other,none,5.00,0.50,10,子图 运动命令 内部化学连接
10959064,6317793,chem,other,none,5.00,0.50,3,子图 运动命令 内部化学连接
10959064,7573476,chem,other,none,5.00,0.50,14,子图 运动命令 内部化学连接
10959064,10725068,chem,other,none,5.00,0.50,2,子图 运动命令 内部化学连接
10959064,10947427,chem,other,none,5.00,0.50,13,子图 运动命令 内部化学连接
10959064,16666673,chem,other,none,5.00,0.50,2,子图 运动命令 内部化学连接
10959064,19857577,chem,other,none,5.00,0.50,1,子图 运动命令 内部化学连接
10964258,2650887,chem,other,none,5.00,0.50,2,子图 运动命令 内部化学连接
10964258,4749004,chem,other,none,5.00,0.50,12,子图 运动命令 内部化学连接
10964258,5052370,chem,other,none,5.00,0.50,1,子图 运动命令 内部化学连接
10964258,5790355,chem,other,none,5.00,0.50,1,子图 运动命令 内部化学连接
10964258,5816138,chem,other,none,5.00,0.50,2,子图 运动命令 内部化学连接
10964258,5856647,chem,other,none,5.00,0.50,4,子图 运动命令 内部化学连接
10964258,5859372,chem,other,none,5.00,0.50,10,子图 运动命令 内部化学连接
10964258,5900426,chem,other,none,5.00,0.50,1,子图 运动命令 内部化学连接
10964258,6153877,chem,other,none,5.00,0.50,1,子图 运动命令 内部化学连接
10964258,6154200,chem,other,none,5.00,0.50,2,子图 运动命令 内部化学连接
10964258,6155577,chem,other,none,5.00,0.50,1,子图 运动命令 内部化学连接
10964258,6188181,chem,other,none,5.00,0.50,1,子图 运动命令 内部化学连接
10964258,7700444,chem,other,none,5.00,0.50,5,子图 运动命令 内部化学连接
10964258,8993049,chem,other,none,5.00,0.50,1,子图 运动命令 内部化学连接
10964258,9068024,chem,other,none,5.00,0.50,2,子图 运动命令 内部化学连接
10964258,9097065,chem,other,none,5.00,0.50,2,子图 运动命令 内部化学连接
10964258,9239759,chem,other,none,5.00,0.50,1,子图 运动命令 内部化学连接
10964258,9480916,chem,other,none,5.00,0.50,1,子图 运动命令 内部化学连接
10964258,9612903,chem,other,none,5.00,0.50,4,子图 运动命令 内部化学连接
10964258,10017944,chem,other,none,5.00,0.50,1,子图 运动命令 内部化学连接
10964258,11841664,chem,other,none,5.00,0.50,3,子图 运动命令 内部化学连接
10964258,13564607,chem,other,none,5.00,0.50,1,子图 运动命令 内部化学连接
10964258,15674282,chem,other,none,5.00,0.50,1,子图 运动命令 内部化学连接
10964258,15732503,chem,other,none,5.00,0.50,2,子图 运动命令 内部化学连接
10964258,15800115,chem,other,none,5.00,0.50,1,子图 运动命令 内部化学连接
10964258,16520950,chem,other,none,5.00,0.50,1,子图 运动命令 内部化学连接
10964258,16714214,chem,other,none,5.00,0.50,1,子图 运动命令 内部化学连接
10964258,16852589,chem,other,none,5.00,0.50,1,子图 运动命令 内部化学连接
10964258,16910799,chem,other,none,5.00,0.50,5,子图 运动命令 内部化学连接
10964258,16924423,chem,other,none,5.00,0.50,12,子图 运动命令 内部化学连接
10964258,16950354,chem,other,none,5.00,0.50,1,子图 运动命令 内部化学连接
10964258,16950798,chem,other,none,5.00,0.50,8,子图 运动命令 内部化学连接
10964258,17110007,chem,other,none,5.00,0.50,2,子图 运动命令 内部化学连接
10964258,17173852,chem,other,none,5.00,0.50,2,子图 运动命令 内部化学连接
10964258,17323054,chem,other,none,5.00,0.50,14,子图 运动命令 内部化学连接
10964258,17357979,chem,other,none,5.00,0.50,15,子图 运动命令 内部化学连接
10964258,17435815,chem,other,none,5.00,0.50,6,子图 运动命令 内部化学连接
10964258,17656886,chem,other,none,5.00,0.50,5,子图 运动命令 内部化学连接
10964258,18080008,chem,other,none,5.00,0.50,2,子图 运动命令 内部化学连接
10964258,19090042,chem,other,none,5.00,0.50,3,子图 运动命令 内部化学连接
10986253,2669844,chem,other,none,5.00,0.50,1,子图 运动命令 内部化学连接
10986253,3764792,chem,other,none,5.00,0.50,15,子图 运动命令 内部化学连接
10986253,3765735,chem,other,none,5.00,0.50,4,子图 运动命令 内部化学连接
10986253,4876839,chem,other,none,5.00,0.50,2,子图 运动命令 内部化学连接
10986253,5936935,chem,other,none,5.00,0.50,6,子图 运动命令 内部化学连接
10986253,7982307,chem,other,none,5.00,0.50,4,子图 运动命令 内部化学连接
10986253,8571259,chem,other,none,5.00,0.50,1,子图 运动命令 内部化学连接
10986253,8572353,chem,other,none,5.00,0.50,2,子图 运动命令 内部化学连接
10986253,9077224,chem,other,none,5.00,0.50,2,子图 运动命令 内部化学连接
10986253,9177218,chem,other,none,5.00,0.50,4,子图 运动命令 内部化学连接
10986253,10276161,chem,other,none,5.00,0.50,13,子图 运动命令 内部化学连接
10986253,10449035,chem,other,none,5.00,0.50,1,子图 运动命令 内部化学连接
10986253,10870424,chem,other,none,5.00,0.50,1,子图 运动命令 内部化学连接
10986253,12990900,chem,other,none,5.00,0.50,3,子图 运动命令 内部化学连接
10986253,13645610,chem,other,none,5.00,0.50,5,子图 运动命令 内部化学连接
10986253,14680483,chem,other,none,5.00,0.50,5,子图 运动命令 内部化学连接
10986253,15606239,chem,other,none,5.00,0.50,7,子图 运动命令 内部化学连接
10986253,16347476,chem,other,none,5.00,0.50,2,子图 运动命令 内部化学连接
10986253,17658948,chem,other,none,5.00,0.50,2,子图 运动命令 内部化学连接
11007420,3944626,chem,other,none,5.00,0.50,1,子图 运动命令 内部化学连接
11007420,6143930,chem,other,none,5.00,0.50,1,子图 运动命令 内部化学连接
11007420,7168356,chem,other,none,5.00,0.50,11,子图 运动命令 内部化学连接
11007420,9424902,chem,other,none,5.00,0.50,2,子图 运动命令 内部化学连接
11007420,10880408,chem,other,none,5.00,0.50,3,子图 运动命令 内部化学连接
11007420,11009492,chem,other,none,5.00,0.50,1,子图 运动命令 内部化学连接
11007420,13849557,chem,other,none,5.00,0.50,2,子图 运动命令 内部化学连接
11007420,16445338,chem,other,none,5.00,0.50,2,子图 运动命令 内部化学连接
11007420,17351780,chem,other,none,5.00,0.50,10,子图 运动命令 内部化学连接
11007420,17356442,chem,other,none,5.00,0.50,2,子图 运动命令 内部化学连接
11007420,17545695,chem,other,none,5.00,0.50,1,子图 运动命令 内部化学连接
11009492,3762317,chem,other,none,5.00,0.50,1,子图 运动命令 内部化学连接
11009492,3944626,chem,other,none,5.00,0.50,1,子图 运动命令 内部化学连接
11009492,6143930,chem,other,none,5.00,0.50,1,子图 运动命令 内部化学连接
11009492,7168356,chem,other,none,5.00,0.50,5,子图 运动命令 内部化学连接
11009492,10411574,chem,other,none,5.00,0.50,1,子图 运动命令 内部化学连接
11009492,10756813,chem,other,none,5.00,0.50,3,子图 运动命令 内部化学连接
11009492,10880408,chem,other,none,5.00,0.50,5,子图 运动命令 内部化学连接
11009492,11007420,chem,other,none,5.00,0.50,2,子图 运动命令 内部化学连接
11009492,11303036,chem,other,none,5.00,0.50,1,子图 运动命令 内部化学连接
11009492,14651659,chem,other,none,5.00,0.50,1,子图 运动命令 内部化学连接
11009492,15431408,chem,other,none,5.00,0.50,1,子图 运动命令 内部化学连接
11009492,16445338,chem,other,none,5.00,0.50,1,子图 运动命令 内部化学连接
11009492,17351780,chem,other,none,5.00,0.50,5,子图 运动命令 内部化学连接
11009492,17545695,chem,other,none,5.00,0.50,4,子图 运动命令 内部化学连接
11009492,17732291,chem,other,none,5.00,0.50,1,子图 运动命令 内部化学连接
11009492,18500988,chem,other,none,5.00,0.50,1,子图 运动命令 内部化学连接
11013583,16950354,chem,other,none,5.00,0.50,1,子图 运动命令 内部化学连接
11013583,17173852,chem,other,none,5.00,0.50,5,子图 运动命令 内部化学连接
11013583,17654514,chem,other,none,5.00,0.50,1,子图 运动命令 内部化学连接
11022546,4324479,chem,other,none,5.00,0.50,1,子图 运动命令 内部化学连接
11022546,4324567,chem,other,none,5.00,0.50,1,子图 运动命令 内部化学连接
11022546,7025831,chem,other,none,5.00,0.50,1,子图 运动命令 内部化学连接
11022546,9594273,chem,other,none,5.00,0.50,1,子图 运动命令 内部化学连接
11022546,9612903,chem,other,none,5.00,0.50,1,子图 运动命令 内部化学连接
11022546,10355356,chem,other,none,5.00,0.50,1,子图 运动命令 内部化学连接
11022546,10473853,chem,other,none,5.00,0.50,2,子图 运动命令 内部化学连接
11022546,11303036,chem,other,none,5.00,0.50,1,子图 运动命令 内部化学连接
11022546,11468088,chem,other,none,5.00,0.50,1,子图 运动命令 内部化学连接
11022546,15525711,chem,other,none,5.00,0.50,4,子图 运动命令 内部化学连接
11022546,16545113,chem,other,none,5.00,0.50,1,子图 运动命令 内部化学连接
11022546,16547281,chem,other,none,5.00,0.50,1,子图 运动命令 内部化学连接
11022546,16675987,chem,other,none,5.00,0.50,1,子图 运动命令 内部化学连接
11022546,16992171,chem,other,none,5.00,0.50,8,子图 运动命令 内部化学连接
11022546,17053270,chem,other,none,5.00,0.50,1,子图 运动命令 内部化学连接
11022546,17360404,chem,other,none,5.00,0.50,2,子图 运动命令 内部化学连接
11022546,17736641,chem,other,none,5.00,0.50,2,子图 运动命令 内部化学连接
11022546,17736755,chem,other,none,5.00,0.50,1,子图 运动命令 内部化学连接
11022546,17975547,chem,other,none,5.00,0.50,1,子图 运动命令 内部化学连接
11022546,18058793,chem,other,none,5.00,0.50,2,子图 运动命令 内部化学连接
11027071,3944626,chem,other,none,5.00,0.50,1,子图 运动命令 内部化学连接
11027071,3945136,chem,other,none,5.00,0.50,1,子图 运动命令 内部化学连接
11027071,3945756,chem,other,none,5.00,0.50,1,子图 运动命令 内部化学连接
11027071,3946166,chem,other,none,5.00,0.50,9,子图 运动命令 内部化学连接
11027071,4901087,chem,other,none,5.00,0.50,11,子图 运动命令 内部化学连接
11027071,5902352,chem,other,none,5.00,0.50,1,子图 运动命令 内部化学连接
11027071,10716080,chem,other,none,5.00,0.50,1,子图 运动命令 内部化学连接
11027071,10728318,chem,other,none,5.00,0.50,1,子图 运动命令 内部化学连接
11027071,10872426,chem,other,none,5.00,0.50,1,子图 运动命令 内部化学连接
11027071,11073313,chem,other,none,5.00,0.50,1,子图 运动命令 内部化学连接
11027071,11079069,chem,other,none,5.00,0.50,2,子图 运动命令 内部化学连接
11027071,11217208,chem,other,none,5.00,0.50,4,子图 运动命令 内部化学连接
11027071,13749806,chem,other,none,5.00,0.50,1,子图 运动命令 内部化学连接
11027071,14655602,chem,other,none,5.00,0.50,3,子图 运动命令 内部化学连接
11027071,15605301,chem,other,none,5.00,0.50,1,子图 运动命令 内部化学连接
11027071,15792643,chem,other,none,5.00,0.50,15,子图 运动命令 内部化学连接
11027071,16167914,chem,other,none,5.00,0.50,1,子图 运动命令 内部化学连接
11027071,16335254,chem,other,none,5.00,0.50,1,子图 运动命令 内部化学连接
11027071,16683883,chem,other,none,5.00,0.50,2,子图 运动命令 内部化学连接
11027071,17728922,chem,other,none,5.00,0.50,1,子图 运动命令 内部化学连接
11027071,21300466,chem,other,none,5.00,0.50,1,子图 运动命令 内部化学连接
11050498,1980134,chem,other,none,5.00,0.50,1,子图 运动命令 内部化学连接
11050498,5462159,chem,other,none,5.00,0.50,1,子图 运动命令 内部化学连接
11050498,5512988,chem,other,none,5.00,0.50,1,子图 运动命令 内部化学连接
11050498,5680013,chem,other,none,5.00,0.50,1,子图 运动命令 内部化学连接
11050498,5754346,chem,other,none,5.00,0.50,1,子图 运动命令 内部化学连接
11050498,8253620,chem,other,none,5.00,0.50,2,子图 运动命令 内部化学连接
11050498,8709865,chem,other,none,5.00,0.50,2,子图 运动命令 内部化学连接
11050498,8710444,chem,other,none,5.00,0.50,1,子图 运动命令 内部化学连接
11050498,10609443,chem,other,none,5.00,0.50,5,子图 运动命令 内部化学连接
11050498,10915553,chem,other,none,5.00,0.50,1,子图 运动命令 内部化学连接
11050498,10945111,chem,other,none,5.00,0.50,2,子图 运动命令 内部化学连接
11050498,13714311,chem,other,none,5.00,0.50,5,子图 运动命令 内部化学连接
11050498,15365184,chem,other,none,5.00,0.50,2,子图 运动命令 内部化学连接
11050498,15590555,chem,other,none,5.00,0.50,1,子图 运动命令 内部化学连接
11050498,15594113,chem,other,none,5.00,0.50,2,子图 运动命令 内部化学连接
11050498,16931001,chem,other,none,5.00,0.50,5,子图 运动命令 内部化学连接
11050498,17728922,chem,other,none,5.00,0.50,1,子图 运动命令 内部化学连接
11050498,17732031,chem,other,none,5.00,0.50,1,子图 运动命令 内部化学连接
11050498,17804729,chem,other,none,5.00,0.50,1,子图 运动命令 内部化学连接
11050498,20151537,chem,other,none,5.00,0.50,1,子图 运动命令 内部化学连接
11073313,5462159,chem,other,none,5.00,0.50,5,子图 运动命令 内部化学连接
11073313,5690425,chem,other,none,5.00,0.50,7,子图 运动命令 内部化学连接
11073313,5746180,chem,other,none,5.00,0.50,1,子图 运动命令 内部化学连接
11073313,5902352,chem,other,none,5.00,0.50,1,子图 运动命令 内部化学连接
11073313,6604203,chem,other,none,5.00,0.50,1,子图 运动命令 内部化学连接
11073313,8047280,chem,other,none,5.00,0.50,2,子图 运动命令 内部化学连接
11073313,12252572,chem,other,none,5.00,0.50,1,子图 运动命令 内部化学连接
11073313,14492757,chem,other,none,5.00,0.50,5,子图 运动命令 内部化学连接
11073313,15588711,chem,other,none,5.00,0.50,1,子图 运动命令 内部化学连接
11073313,15792643,chem,other,none,5.00,0.50,1,子图 运动命令 内部化学连接
11073313,15897280,chem,other,none,5.00,0.50,2,子图 运动命令 内部化学连接
11073313,16340977,chem,other,none,5.00,0.50,2,子图 运动命令 内部化学连接
11073313,16433696,chem,other,none,5.00,0.50,1,子图 运动命令 内部化学连接
11073313,16863538,chem,other,none,5.00,0.50,1,子图 运动命令 内部化学连接
11073313,17360038,chem,other,none,5.00,0.50,3,子图 运动命令 内部化学连接
11079069,1646076,chem,other,none,5.00,0.50,6,子图 运动命令 内部化学连接
11079069,1961182,chem,other,none,5.00,0.50,2,子图 运动命令 内部化学连接
11079069,1980134,chem,other,none,5.00,0.50,4,子图 运动命令 内部化学连接
11079069,5754346,chem,other,none,5.00,0.50,3,子图 运动命令 内部化学连接
11079069,5902352,chem,other,none,5.00,0.50,1,子图 运动命令 内部化学连接
11079069,7388340,chem,other,none,5.00,0.50,1,子图 运动命令 内部化学连接
11079069,9424902,chem,other,none,5.00,0.50,1,子图 运动命令 内部化学连接
11079069,10100020,chem,other,none,5.00,0.50,2,子图 运动命令 内部化学连接
11079069,10583715,chem,other,none,5.00,0.50,1,子图 运动命令 内部化学连接
11079069,10872426,chem,other,none,5.00,0.50,2,子图 运动命令 内部化学连接
11079069,11348509,chem,other,none,5.00,0.50,6,子图 运动命令 内部化学连接
11079069,12654063,chem,other,none,5.00,0.50,1,子图 运动命令 内部化学连接
11079069,14617508,chem,other,none,5.00,0.50,1,子图 运动命令 内部化学连接
11079069,16340977,chem,other,none,5.00,0.50,2,子图 运动命令 内部化学连接
11079069,16676038,chem,other,none,5.00,0.50,7,子图 运动命令 内部化学连接
11079069,17354414,chem,other,none,5.00,0.50,1,子图 运动命令 内部化学连接
11079069,18111410,chem,other,none,5.00,0.50,1,子图 运动命令 内部化学连接
11081239,3149791,chem,other,none,5.00,0.50,1,子图 运动命令 内部化学连接
11081239,3620633,chem,other,none,5.00,0.50,1,子图 运动命令 内部化学连接
11081239,3764792,chem,other,none,5.00,0.50,3,子图 运动命令 内部化学连接
11081239,3946166,chem,other,none,5.00,0.50,1,子图 运动命令 内部化学连接
11081239,4215611,chem,other,none,5.00,0.50,1,子图 运动命令 内部化学连接
11081239,5038920,chem,other,none,5.00,0.50,6,子图 运动命令 内部化学连接
11081239,5134110,chem,other,none,5.00,0.50,1,子图 运动命令 内部化学连接
11081239,5512988,chem,other,none,5.00,0.50,4,子图 运动命令 内部化学连接
11081239,5657004,chem,other,none,5.00,0.50,1,子图 运动命令 内部化学连接
11081239,5680013,chem,other,none,5.00,0.50,4,子图 运动命令 内部化学连接
11081239,5688091,chem,other,none,5.00,0.50,4,子图 运动命令 内部化学连接
11081239,5754346,chem,other,none,5.00,0.50,5,子图 运动命令 内部化学连接
11081239,6572414,chem,other,none,5.00,0.50,1,子图 运动命令 内部化学连接
11081239,7227010,chem,other,none,5.00,0.50,5,子图 运动命令 内部化学连接
11081239,7429933,chem,other,none,5.00,0.50,1,子图 运动命令 内部化学连接
11081239,7982324,chem,other,none,5.00,0.50,2,子图 运动命令 内部化学连接
11081239,8546775,chem,other,none,5.00,0.50,1,子图 运动命令 内部化学连接
11081239,8687096,chem,other,none,5.00,0.50,1,子图 运动命令 内部化学连接
11081239,8709865,chem,other,none,5.00,0.50,3,子图 运动命令 内部化学连接
11081239,8979434,chem,other,none,5.00,0.50,1,子图 运动命令 内部化学连接
11081239,10609443,chem,other,none,5.00,0.50,1,子图 运动命令 内部化学连接
11081239,10781924,chem,other,none,5.00,0.50,1,子图 运动命令 内部化学连接
11081239,10797407,chem,other,none,5.00,0.50,4,子图 运动命令 内部化学连接
11081239,10922928,chem,other,none,5.00,0.50,2,子图 运动命令 内部化学连接
11081239,12279941,chem,other,none,5.00,0.50,7,子图 运动命令 内部化学连接
11081239,14034206,chem,other,none,5.00,0.50,9,子图 运动命令 内部化学连接
11081239,14760757,chem,other,none,5.00,0.50,1,子图 运动命令 内部化学连接
11081239,15365184,chem,other,none,5.00,0.50,1,子图 运动命令 内部化学连接
11081239,15560623,chem,other,none,5.00,0.50,2,子图 运动命令 内部化学连接
11081239,15590555,chem,other,none,5.00,0.50,13,子图 运动命令 内部化学连接
11081239,15594113,chem,other,none,5.00,0.50,1,子图 运动命令 内部化学连接
11081239,16115575,chem,other,none,5.00,0.50,7,子图 运动命令 内部化学连接
11081239,16931001,chem,other,none,5.00,0.50,1,子图 运动命令 内部化学连接
11081239,17328632,chem,other,none,5.00,0.50,10,子图 运动命令 内部化学连接
11081239,17360038,chem,other,none,5.00,0.50,9,子图 运动命令 内部化学连接
11081239,17360076,chem,other,none,5.00,0.50,1,子图 运动命令 内部化学连接
11081239,17378483,chem,other,none,5.00,0.50,1,子图 运动命令 内部化学连接
11081239,17658978,chem,other,none,5.00,0.50,5,子图 运动命令 内部化学连接
11081239,17728922,chem,other,none,5.00,0.50,1,子图 运动命令 内部化学连接
11081239,17732031,chem,other,none,5.00,0.50,1,子图 运动命令 内部化学连接
11081239,17804729,chem,other,none,5.00,0.50,1,子图 运动命令 内部化学连接
11081239,18639459,chem,other,none,5.00,0.50,1,子图 运动命令 内部化学连接
11081239,18644088,chem,other,none,5.00,0.50,6,子图 运动命令 内部化学连接
11081239,21300466,chem,other,none,5.00,0.50,6,子图 运动命令 内部化学连接
11084320,3620633,chem,other,none,5.00,0.50,1,子图 运动命令 内部化学连接
11084320,3764792,chem,other,none,5.00,0.50,2,子图 运动命令 内部化学连接
11084320,3765735,chem,other,none,5.00,0.50,2,子图 运动命令 内部化学连接
11084320,4663875,chem,other,none,5.00,0.50,1,子图 运动命令 内部化学连接
11084320,5754346,chem,other,none,5.00,0.50,1,子图 运动命令 内部化学连接
11084320,6125806,chem,other,none,5.00,0.50,1,子图 运动命令 内部化学连接
11084320,7388340,chem,other,none,5.00,0.50,10,子图 运动命令 内部化学连接
11084320,8253620,chem,other,none,5.00,0.50,1,子图 运动命令 内部化学连接
11084320,8461082,chem,other,none,5.00,0.50,13,子图 运动命令 内部化学连接
11084320,8696919,chem,other,none,5.00,0.50,1,子图 运动命令 内部化学连接
11084320,9348984,chem,other,none,5.00,0.50,1,子图 运动命令 内部化学连接
11084320,10345590,chem,other,none,5.00,0.50,2,子图 运动命令 内部化学连接
11084320,10842099,chem,other,none,5.00,0.50,3,子图 运动命令 内部化学连接
11084320,10882750,chem,other,none,5.00,0.50,5,子图 运动命令 内部化学连接
11084320,10945111,chem,other,none,5.00,0.50,1,子图 运动命令 内部化学连接
11084320,11271082,chem,other,none,5.00,0.50,1,子图 运动命令 内部化学连接
11084320,11348509,chem,other,none,5.00,0.50,8,子图 运动命令 内部化学连接
11084320,12782494,chem,other,none,5.00,0.50,1,子图 运动命令 内部化学连接
11084320,13749806,chem,other,none,5.00,0.50,3,子图 运动命令 内部化学连接
11084320,14034206,chem,other,none,5.00,0.50,2,子图 运动命令 内部化学连接
11084320,15606239,chem,other,none,5.00,0.50,12,子图 运动命令 内部化学连接
11084320,16096934,chem,other,none,5.00,0.50,2,子图 运动命令 内部化学连接
11084320,17360038,chem,other,none,5.00,0.50,1,子图 运动命令 内部化学连接
11084320,17378483,chem,other,none,5.00,0.50,3,子图 运动命令 内部化学连接
11084320,17728922,chem,other,none,5.00,0.50,4,子图 运动命令 内部化学连接
11084320,18302610,chem,other,none,5.00,0.50,1,子图 运动命令 内部化学连接
11084320,19132527,chem,other,none,5.00,0.50,1,子图 运动命令 内部化学连接
11105182,3498479,chem,other,none,5.00,0.50,1,子图 运动命令 内部化学连接
11105182,3539170,chem,other,none,5.00,0.50,1,子图 运动命令 内部化学连接
11105182,3814701,chem,other,none,5.00,0.50,2,子图 运动命令 内部化学连接
11105182,10059655,chem,other,none,5.00,0.50,1,子图 运动命令 内部化学连接
11105182,11105182,chem,other,none,5.00,0.50,1,子图 运动命令 内部化学连接
11105182,12634154,chem,other,none,5.00,0.50,3,子图 运动命令 内部化学连接
11105182,13313410,chem,other,none,5.00,0.50,1,子图 运动命令 内部化学连接
11105182,17356454,chem,other,none,5.00,0.50,1,子图 运动命令 内部化学连接
11195708,4116174,chem,other,none,5.00,0.50,1,子图 运动命令 内部化学连接
11195708,7168356,chem,other,none,5.00,0.50,2,子图 运动命令 内部化学连接
11195708,10865025,chem,other,none,5.00,0.50,1,子图 运动命令 内部化学连接
11195708,11009492,chem,other,none,5.00,0.50,1,子图 运动命令 内部化学连接
11195708,17356450,chem,other,none,5.00,0.50,3,子图 运动命令 内部化学连接
11195708,17359111,chem,other,none,5.00,0.50,3,子图 运动命令 内部化学连接
11217208,3598000,chem,other,none,5.00,0.50,1,子图 运动命令 内部化学连接
11217208,3944626,chem,other,none,5.00,0.50,1,子图 运动命令 内部化学连接
11217208,5936935,chem,other,none,5.00,0.50,1,子图 运动命令 内部化学连接
11217208,7388340,chem,other,none,5.00,0.50,1,子图 运动命令 内部化学连接
11217208,10583715,chem,other,none,5.00,0.50,1,子图 运动命令 内部化学连接
11217208,10781924,chem,other,none,5.00,0.50,1,子图 运动命令 内部化学连接
11217208,10922928,chem,other,none,5.00,0.50,1,子图 运动命令 内部化学连接
11217208,11027071,chem,other,none,5.00,0.50,2,子图 运动命令 内部化学连接
11217208,14492757,chem,other,none,5.00,0.50,6,子图 运动命令 内部化学连接
11217208,15522152,chem,other,none,5.00,0.50,1,子图 运动命令 内部化学连接
11217208,15792643,chem,other,none,5.00,0.50,1,子图 运动命令 内部化学连接
11217208,16167914,chem,other,none,5.00,0.50,1,子图 运动命令 内部化学连接
11217208,16415910,chem,other,none,5.00,0.50,1,子图 运动命令 内部化学连接
11217208,16468935,chem,other,none,5.00,0.50,2,子图 运动命令 内部化学连接
11217208,16851791,chem,other,none,5.00,0.50,1,子图 运动命令 内部化学连接
11217208,17102002,chem,other,none,5.00,0.50,1,子图 运动命令 内部化学连接
11217208,17729347,chem,other,none,5.00,0.50,1,子图 运动命令 内部化学连接
11217208,18111410,chem,other,none,5.00,0.50,1,子图 运动命令 内部化学连接
11217208,20421224,chem,other,none,5.00,0.50,1,子图 运动命令 内部化学连接
11229136,3486867,chem,other,none,5.00,0.50,1,子图 运动命令 内部化学连接
11229136,13313410,chem,other,none,5.00,0.50,8,子图 运动命令 内部化学连接
11229136,14437742,chem,other,none,5.00,0.50,1,子图 运动命令 内部化学连接
11229136,15718981,chem,other,none,5.00,0.50,10,子图 运动命令 内部化学连接
11229136,17062823,chem,other,none,5.00,0.50,2,子图 运动命令 内部化学连接
11229136,17355745,chem,other,none,5.00,0.50,10,子图 运动命令 内部化学连接
11229136,17814107,chem,other,none,5.00,0.50,1,子图 运动命令 内部化学连接
11229136,18440675,chem,other,none,5.00,0.50,7,子图 运动命令 内部化学连接
11261332,3762317,chem,other,none,5.00,0.50,2,子图 运动命令 内部化学连接
11261332,3882998,chem,other,none,5.00,0.50,1,子图 运动命令 内部化学连接
11261332,3944330,chem,other,none,5.00,0.50,1,子图 运动命令 内部化学连接
11261332,3946166,chem,other,none,5.00,0.50,3,子图 运动命令 内部化学连接
11261332,5976168,chem,other,none,5.00,0.50,1,子图 运动命令 内部化学连接
11261332,9424902,chem,other,none,5.00,0.50,1,子图 运动命令 内部化学连接
11261332,10922928,chem,other,none,5.00,0.50,2,子图 运动命令 内部化学连接
11261332,14492757,chem,other,none,5.00,0.50,1,子图 运动命令 内部化学连接
11261332,14586769,chem,other,none,5.00,0.50,1,子图 运动命令 内部化学连接
11261332,16468935,chem,other,none,5.00,0.50,1,子图 运动命令 内部化学连接
11261332,17352470,chem,other,none,5.00,0.50,1,子图 运动命令 内部化学连接
11261332,17732270,chem,other,none,5.00,0.50,1,子图 运动命令 内部化学连接
11261332,17827011,chem,other,none,5.00,0.50,1,子图 运动命令 内部化学连接
11271082,3044500,chem,other,none,5.00,0.50,4,子图 运动命令 内部化学连接
11271082,4127926,chem,other,none,5.00,0.50,1,子图 运动命令 内部化学连接
11271082,4663875,chem,other,none,5.00,0.50,2,子图 运动命令 内部化学连接
11271082,5754346,chem,other,none,5.00,0.50,5,子图 运动命令 内部化学连接
11271082,6317793,chem,other,none,5.00,0.50,2,子图 运动命令 内部化学连接
11271082,7388340,chem,other,none,5.00,0.50,1,子图 运动命令 内部化学连接
11271082,7467027,chem,other,none,5.00,0.50,1,子图 运动命令 内部化学连接
11271082,8253620,chem,other,none,5.00,0.50,1,子图 运动命令 内部化学连接
11271082,8347720,chem,other,none,5.00,0.50,2,子图 运动命令 内部化学连接
11271082,8461082,chem,other,none,5.00,0.50,2,子图 运动命令 内部化学连接
11271082,8696919,chem,other,none,5.00,0.50,1,子图 运动命令 内部化学连接
11271082,10563755,chem,other,none,5.00,0.50,1,子图 运动命令 内部化学连接
11271082,10663559,chem,other,none,5.00,0.50,1,子图 运动命令 内部化学连接
11271082,14034206,chem,other,none,5.00,0.50,2,子图 运动命令 内部化学连接
11271082,17380080,chem,other,none,5.00,0.50,2,子图 运动命令 内部化学连接
11271082,18639459,chem,other,none,5.00,0.50,2,子图 运动命令 内部化学连接
11271082,18644088,chem,other,none,5.00,0.50,1,子图 运动命令 内部化学连接
11278919,1646076,chem,other,none,5.00,0.50,2,子图 运动命令 内部化学连接
11278919,1805418,chem,other,none,5.00,0.50,5,子图 运动命令 内部化学连接
11278919,1980134,chem,other,none,5.00,0.50,1,子图 运动命令 内部化学连接
11278919,2669844,chem,other,none,5.00,0.50,3,子图 运动命令 内部化学连接
11278919,3021609,chem,other,none,5.00,0.50,1,子图 运动命令 内部化学连接
11278919,3762317,chem,other,none,5.00,0.50,1,子图 运动命令 内部化学连接
11278919,8571259,chem,other,none,5.00,0.50,1,子图 运动命令 内部化学连接
11278919,10276161,chem,other,none,5.00,0.50,7,子图 运动命令 内部化学连接
11278919,10600188,chem,other,none,5.00,0.50,1,子图 运动命令 内部化学连接
11278919,10792617,chem,other,none,5.00,0.50,4,子图 运动命令 内部化学连接
11278919,11891098,chem,other,none,5.00,0.50,3,子图 运动命令 内部化学连接
11278919,13137623,chem,other,none,5.00,0.50,1,子图 运动命令 内部化学连接
11278919,14617508,chem,other,none,5.00,0.50,2,子图 运动命令 内部化学连接
11278919,14638686,chem,other,none,5.00,0.50,3,子图 运动命令 内部化学连接
11278919,14680483,chem,other,none,5.00,0.50,2,子图 运动命令 内部化学连接
11278919,15897280,chem,other,none,5.00,0.50,2,子图 运动命令 内部化学连接
11278919,16340011,chem,other,none,5.00,0.50,1,子图 运动命令 内部化学连接
11278919,16340461,chem,other,none,5.00,0.50,3,子图 运动命令 内部化学连接
11278919,16851791,chem,other,none,5.00,0.50,1,子图 运动命令 内部化学连接
11278919,17247877,chem,other,none,5.00,0.50,1,子图 运动命令 内部化学连接
11303036,2650887,chem,other,none,5.00,0.50,5,子图 运动命令 内部化学连接
11303036,4274518,chem,other,none,5.00,0.50,3,子图 运动命令 内部化学连接
11303036,4812481,chem,other,none,5.00,0.50,5,子图 运动命令 内部化学连接
11303036,5319633,chem,other,none,5.00,0.50,1,子图 运动命令 内部化学连接
11303036,5900426,chem,other,none,5.00,0.50,1,子图 运动命令 内部化学连接
11303036,7371184,chem,other,none,5.00,0.50,4,子图 运动命令 内部化学连接
11303036,8801736,chem,other,none,5.00,0.50,4,子图 运动命令 内部化学连接
11303036,10248031,chem,other,none,5.00,0.50,3,子图 运动命令 内部化学连接
11303036,10382824,chem,other,none,5.00,0.50,1,子图 运动命令 内部化学连接
11303036,10523825,chem,other,none,5.00,0.50,1,子图 运动命令 内部化学连接
11303036,10758204,chem,other,none,5.00,0.50,2,子图 运动命令 内部化学连接
11303036,10964258,chem,other,none,5.00,0.50,1,子图 运动命令 内部化学连接
11303036,11022546,chem,other,none,5.00,0.50,2,子图 运动命令 内部化学连接
11303036,13646473,chem,other,none,5.00,0.50,1,子图 运动命令 内部化学连接
11303036,13760954,chem,other,none,5.00,0.50,1,子图 运动命令 内部化学连接
11303036,14334367,chem,other,none,5.00,0.50,6,子图 运动命令 内部化学连接
11303036,14579509,chem,other,none,5.00,0.50,1,子图 运动命令 内部化学连接
11303036,14617508,chem,other,none,5.00,0.50,1,子图 运动命令 内部化学连接
11303036,15431408,chem,other,none,5.00,0.50,1,子图 运动命令 内部化学连接
11303036,15800115,chem,other,none,5.00,0.50,1,子图 运动命令 内部化学连接
11303036,15823055,chem,other,none,5.00,0.50,8,子图 运动命令 内部化学连接
11303036,16383966,chem,other,none,5.00,0.50,2,子图 运动命令 内部化学连接
11303036,16443509,chem,other,none,5.00,0.50,12,子图 运动命令 内部化学连接
11303036,16444758,chem,other,none,5.00,0.50,1,子图 运动命令 内部化学连接
11303036,16545101,chem,other,none,5.00,0.50,6,子图 运动命令 内部化学连接
11303036,16547287,chem,other,none,5.00,0.50,2,子图 运动命令 内部化学连接
11303036,16547292,chem,other,none,5.00,0.50,1,子图 运动命令 内部化学连接
11303036,16561660,chem,other,none,5.00,0.50,3,子图 运动命令 内部化学连接
11303036,16714214,chem,other,none,5.00,0.50,1,子图 运动命令 内部化学连接
11303036,16852589,chem,other,none,5.00,0.50,3,子图 运动命令 内部化学连接
11303036,16924423,chem,other,none,5.00,0.50,1,子图 运动命令 内部化学连接
11303036,16952671,chem,other,none,5.00,0.50,3,子图 运动命令 内部化学连接
11303036,16992171,chem,other,none,5.00,0.50,11,子图 运动命令 内部化学连接
11303036,17000062,chem,other,none,5.00,0.50,7,子图 运动命令 内部化学连接
11303036,17025508,chem,other,none,5.00,0.50,2,子图 运动命令 内部化学连接
11303036,17353986,chem,other,none,5.00,0.50,2,子图 运动命令 内部化学连接
11303036,17356024,chem,other,none,5.00,0.50,4,子图 运动命令 内部化学连接
11303036,17356442,chem,other,none,5.00,0.50,11,子图 运动命令 内部化学连接
11303036,17380319,chem,other,none,5.00,0.50,1,子图 运动命令 内部化学连接
11303036,17755491,chem,other,none,5.00,0.50,1,子图 运动命令 内部化学连接
11303036,17777031,chem,other,none,5.00,0.50,4,子图 运动命令 内部化学连接
11303036,18604097,chem,other,none,5.00,0.50,1,子图 运动命令 内部化学连接
11303036,19017386,chem,other,none,5.00,0.50,1,子图 运动命令 内部化学连接
11303036,19156025,chem,other,none,5.00,0.50,4,子图 运动命令 内部化学连接
11306294,3944626,chem,other,none,5.00,0.50,1,子图 运动命令 内部化学连接
11306294,4876839,chem,other,none,5.00,0.50,1,子图 运动命令 内部化学连接
11306294,7005145,chem,other,none,5.00,0.50,6,子图 运动命令 内部化学连接
11306294,7590264,chem,other,none,5.00,0.50,3,子图 运动命令 内部化学连接
11306294,8127390,chem,other,none,5.00,0.50,1,子图 运动命令 内部化学连接
11306294,9429085,chem,other,none,5.00,0.50,1,子图 运动命令 内部化学连接
11306294,10583715,chem,other,none,5.00,0.50,5,子图 运动命令 内部化学连接
11306294,10872426,chem,other,none,5.00,0.50,1,子图 运动命令 内部化学连接
11306294,13763548,chem,other,none,5.00,0.50,3,子图 运动命令 内部化学连接
11306294,13818467,chem,other,none,5.00,0.50,1,子图 运动命令 内部化学连接
11306294,15548844,chem,other,none,5.00,0.50,1,子图 运动命令 内部化学连接
11306294,16195633,chem,other,none,5.00,0.50,1,子图 运动命令 内部化学连接
11306294,16434560,chem,other,none,5.00,0.50,3,子图 运动命令 内部化学连接
11306294,17087885,chem,other,none,5.00,0.50,2,子图 运动命令 内部化学连接
11306294,17324711,chem,other,none,5.00,0.50,2,子图 运动命令 内部化学连接
11306294,17328580,chem,other,none,5.00,0.50,3,子图 运动命令 内部化学连接
11306294,17379420,chem,other,none,5.00,0.50,1,子图 运动命令 内部化学连接
11306294,18023286,chem,other,none,5.00,0.50,2,子图 运动命令 内部化学连接
11306294,19017386,chem,other,none,5.00,0.50,1,子图 运动命令 内部化学连接
11348509,2964760,chem,other,none,5.00,0.50,1,子图 运动命令 内部化学连接
11348509,3021609,chem,other,none,5.00,0.50,2,子图 运动命令 内部化学连接
11348509,3944626,chem,other,none,5.00,0.50,1,子图 运动命令 内部化学连接
11348509,9351843,chem,other,none,5.00,0.50,2,子图 运动命令 内部化学连接
11348509,9424902,chem,other,none,5.00,0.50,19,子图 运动命令 内部化学连接
11348509,9428865,chem,other,none,5.00,0.50,2,子图 运动命令 内部化学连接
11348509,10583715,chem,other,none,5.00,0.50,1,子图 运动命令 内部化学连接
11348509,10600188,chem,other,none,5.00,0.50,9,子图 运动命令 内部化学连接
11348509,10872426,chem,other,none,5.00,0.50,4,子图 运动命令 内部化学连接
11348509,11217208,chem,other,none,5.00,0.50,2,子图 运动命令 内部化学连接
11348509,12279909,chem,other,none,5.00,0.50,1,子图 运动命令 内部化学连接
11348509,12654063,chem,other,none,5.00,0.50,1,子图 运动命令 内部化学连接
11348509,13818467,chem,other,none,5.00,0.50,3,子图 运动命令 内部化学连接
11348509,14723506,chem,other,none,5.00,0.50,2,子图 运动命令 内部化学连接
11348509,14760757,chem,other,none,5.00,0.50,2,子图 运动命令 内部化学连接
11348509,15601640,chem,other,none,5.00,0.50,2,子图 运动命令 内部化学连接
11348509,15605301,chem,other,none,5.00,0.50,1,子图 运动命令 内部化学连接
11348509,16445338,chem,other,none,5.00,0.50,10,子图 运动命令 内部化学连接
11348509,17000062,chem,other,none,5.00,0.50,1,子图 运动命令 内部化学连接
11348509,17359501,chem,other,none,5.00,0.50,6,子图 运动命令 内部化学连接
11348509,17827011,chem,other,none,5.00,0.50,1,子图 运动命令 内部化学连接
11348509,18566361,chem,other,none,5.00,0.50,4,子图 运动命令 内部化学连接
11348509,19298644,chem,other,none,5.00,0.50,2,子图 运动命令 内部化学连接
11356523,3027876,chem,other,none,5.00,0.50,6,子图 运动命令 内部化学连接
11356523,3044500,chem,other,none,5.00,0.50,1,子图 运动命令 内部化学连接
11356523,3945136,chem,other,none,5.00,0.50,4,子图 运动命令 内部化学连接
11356523,4901087,chem,other,none,5.00,0.50,3,子图 运动命令 内部化学连接
11356523,6143930,chem,other,none,5.00,0.50,1,子图 运动命令 内部化学连接
11356523,6317793,chem,other,none,5.00,0.50,1,子图 运动命令 内部化学连接
11356523,8566140,chem,other,none,5.00,0.50,1,子图 运动命令 内部化学连接
11356523,9424902,chem,other,none,5.00,0.50,12,子图 运动命令 内部化学连接
11356523,10345590,chem,other,none,5.00,0.50,1,子图 运动命令 内部化学连接
11356523,10792617,chem,other,none,5.00,0.50,1,子图 运动命令 内部化学连接
11356523,10872426,chem,other,none,5.00,0.50,2,子图 运动命令 内部化学连接
11356523,11278919,chem,other,none,5.00,0.50,4,子图 运动命令 内部化学连接
11356523,11306294,chem,other,none,5.00,0.50,1,子图 运动命令 内部化学连接
11356523,12299704,chem,other,none,5.00,0.50,2,子图 运动命令 内部化学连接
11356523,16051878,chem,other,none,5.00,0.50,1,子图 运动命令 内部化学连接
11362334,1622901,chem,other,none,5.00,0.50,4,子图 运动命令 内部化学连接
11362334,1678567,chem,other,none,5.00,0.50,7,子图 运动命令 内部化学连接
11362334,4591713,chem,other,none,5.00,0.50,1,子图 运动命令 内部化学连接
11362334,4966994,chem,other,none,5.00,0.50,1,子图 运动命令 内部化学连接
11362334,5745929,chem,other,none,5.00,0.50,1,子图 运动命令 内部化学连接
11362334,5805651,chem,other,none,5.00,0.50,2,子图 运动命令 内部化学连接
11362334,6190181,chem,other,none,5.00,0.50,1,子图 运动命令 内部化学连接
11362334,6298455,chem,other,none,5.00,0.50,1,子图 运动命令 内部化学连接
11362334,6623089,chem,other,none,5.00,0.50,1,子图 运动命令 内部化学连接
11362334,7025064,chem,other,none,5.00,0.50,1,子图 运动命令 内部化学连接
11362334,8025665,chem,other,none,5.00,0.50,4,子图 运动命令 内部化学连接
11362334,9034378,chem,other,none,5.00,0.50,1,子图 运动命令 内部化学连接
11362334,9069084,chem,other,none,5.00,0.50,1,子图 运动命令 内部化学连接
11362334,9097065,chem,other,none,5.00,0.50,2,子图 运动命令 内部化学连接
11362334,9235545,chem,other,none,5.00,0.50,2,子图 运动命令 内部化学连接
11362334,9714476,chem,other,none,5.00,0.50,1,子图 运动命令 内部化学连接
11362334,10553248,chem,other,none,5.00,0.50,1,子图 运动命令 内部化学连接
11362334,11841664,chem,other,none,5.00,0.50,1,子图 运动命令 内部化学连接
11362334,12031406,chem,other,none,5.00,0.50,2,子图 运动命令 内部化学连接
11362334,12474815,chem,other,none,5.00,0.50,1,子图 运动命令 内部化学连接
11362334,12935706,chem,other,none,5.00,0.50,1,子图 运动命令 内部化学连接
11362334,14492757,chem,other,none,5.00,0.50,2,子图 运动命令 内部化学连接
11362334,14656798,chem,other,none,5.00,0.50,3,子图 运动命令 内部化学连接
11362334,14726069,chem,other,none,5.00,0.50,7,子图 运动命令 内部化学连接
11362334,15525794,chem,other,none,5.00,0.50,1,子图 运动命令 内部化学连接
11362334,15539984,chem,other,none,5.00,0.50,3,子图 运动命令 内部化学连接
11362334,15722990,chem,other,none,5.00,0.50,3,子图 运动命令 内部化学连接
11362334,16560178,chem,other,none,5.00,0.50,2,子图 运动命令 内部化学连接
11362334,16562142,chem,other,none,5.00,0.50,1,子图 运动命令 内部化学连接
11362334,16578252,chem,other,none,5.00,0.50,1,子图 运动命令 内部化学连接
11362334,16709072,chem,other,none,5.00,0.50,5,子图 运动命令 内部化学连接
11362334,16851577,chem,other,none,5.00,0.50,1,子图 运动命令 内部化学连接
11362334,16851718,chem,other,none,5.00,0.50,3,子图 运动命令 内部化学连接
11362334,16851791,chem,other,none,5.00,0.50,1,子图 运动命令 内部化学连接
11362334,16852421,chem,other,none,5.00,0.50,1,子图 运动命令 内部化学连接
11362334,16852589,chem,other,none,5.00,0.50,1,子图 运动命令 内部化学连接
11362334,16950550,chem,other,none,5.00,0.50,1,子图 运动命令 内部化学连接
11362334,17053270,chem,other,none,5.00,0.50,1,子图 运动命令 内部化学连接
11362334,17109286,chem,other,none,5.00,0.50,1,子图 运动命令 内部化学连接
11362334,17247877,chem,other,none,5.00,0.50,2,子图 运动命令 内部化学连接
11362334,17323054,chem,other,none,5.00,0.50,1,子图 运动命令 内部化学连接
11362334,17383431,chem,other,none,5.00,0.50,1,子图 运动命令 内部化学连接
11362334,17435815,chem,other,none,5.00,0.50,1,子图 运动命令 内部化学连接
11362334,17454636,chem,other,none,5.00,0.50,2,子图 运动命令 内部化学连接
11362334,17809869,chem,other,none,5.00,0.50,1,子图 运动命令 内部化学连接
11362334,18538744,chem,other,none,5.00,0.50,1,子图 运动命令 内部化学连接
11362334,18545747,chem,other,none,5.00,0.50,6,子图 运动命令 内部化学连接
11362334,19361427,chem,other,none,5.00,0.50,1,子图 运动命令 内部化学连接
11468088,1622901,chem,other,none,5.00,0.50,1,子图 运动命令 内部化学连接
11468088,1678567,chem,other,none,5.00,0.50,7,子图 运动命令 内部化学连接
11468088,8271875,chem,other,none,5.00,0.50,1,子图 运动命令 内部化学连接
11468088,9077224,chem,other,none,5.00,0.50,2,子图 运动命令 内部化学连接
11468088,9154024,chem,other,none,5.00,0.50,3,子图 运动命令 内部化学连接
11468088,11468088,chem,other,none,5.00,0.50,1,子图 运动命令 内部化学连接
11468088,12031406,chem,other,none,5.00,0.50,1,子图 运动命令 内部化学连接
11468088,12598741,chem,other,none,5.00,0.50,2,子图 运动命令 内部化学连接
11468088,15512404,chem,other,none,5.00,0.50,8,子图 运动命令 内部化学连接
11468088,15512408,chem,other,none,5.00,0.50,17,子图 运动命令 内部化学连接
11468088,16635345,chem,other,none,5.00,0.50,1,子图 运动命令 内部化学连接
11468088,16667592,chem,other,none,5.00,0.50,4,子图 运动命令 内部化学连接
11468088,16709072,chem,other,none,5.00,0.50,1,子图 运动命令 内部化学连接
11468088,16851718,chem,other,none,5.00,0.50,16,子图 运动命令 内部化学连接
11468088,16952691,chem,other,none,5.00,0.50,9,子图 运动命令 内部化学连接
11468088,17165755,chem,other,none,5.00,0.50,1,子图 运动命令 内部化学连接
11468088,17173852,chem,other,none,5.00,0.50,5,子图 运动命令 内部化学连接
11468088,17323054,chem,other,none,5.00,0.50,1,子图 运动命令 内部化学连接
11468088,17435815,chem,other,none,5.00,0.50,1,子图 运动命令 内部化学连接
11468088,17448356,chem,other,none,5.00,0.50,3,子图 运动命令 内部化学连接
11468088,17454636,chem,other,none,5.00,0.50,3,子图 运动命令 内部化学连接
11468088,18111410,chem,other,none,5.00,0.50,1,子图 运动命令 内部化学连接
11605567,3027876,chem,other,none,5.00,0.50,4,子图 运动命令 内部化学连接
11605567,3276003,chem,other,none,5.00,0.50,1,子图 运动命令 内部化学连接
11605567,5010581,chem,other,none,5.00,0.50,1,子图 运动命令 内部化学连接
11605567,6143930,chem,other,none,5.00,0.50,1,子图 运动命令 内部化学连接
11605567,8471817,chem,other,none,5.00,0.50,1,子图 运动命令 内部化学连接
11605567,8566140,chem,other,none,5.00,0.50,1,子图 运动命令 内部化学连接
11605567,8571259,chem,other,none,5.00,0.50,1,子图 运动命令 内部化学连接
11605567,8572353,chem,other,none,5.00,0.50,1,子图 运动命令 内部化学连接
11605567,8951591,chem,other,none,5.00,0.50,1,子图 运动命令 内部化学连接
11605567,11356523,chem,other,none,5.00,0.50,4,子图 运动命令 内部化学连接
11605567,12299704,chem,other,none,5.00,0.50,2,子图 运动命令 内部化学连接
11605567,12364717,chem,other,none,5.00,0.50,1,子图 运动命令 内部化学连接
11605567,13674287,chem,other,none,5.00,0.50,1,子图 运动命令 内部化学连接
11605567,15568134,chem,other,none,5.00,0.50,1,子图 运动命令 内部化学连接
11605567,15605301,chem,other,none,5.00,0.50,1,子图 运动命令 内部化学连接
11605567,16051878,chem,other,none,5.00,0.50,1,子图 运动命令 内部化学连接
11605567,20536322,chem,other,none,5.00,0.50,1,子图 运动命令 内部化学连接
11623145,1805669,chem,other,none,5.00,0.50,1,子图 运动命令 内部化学连接
11623145,2655798,chem,other,none,5.00,0.50,1,子图 运动命令 内部化学连接
11623145,3149791,chem,other,none,5.00,0.50,1,子图 运动命令 内部化学连接
11623145,3945136,chem,other,none,5.00,0.50,1,子图 运动命令 内部化学连接
11623145,5033480,chem,other,none,5.00,0.50,2,子图 运动命令 内部化学连接
11623145,5745110,chem,other,none,5.00,0.50,1,子图 运动命令 内部化学连接
11623145,7573476,chem,other,none,5.00,0.50,9,子图 运动命令 内部化学连接
11623145,7587948,chem,other,none,5.00,0.50,2,子图 运动命令 内部化学连接
11623145,9234420,chem,other,none,5.00,0.50,1,子图 运动命令 内部化学连接
11623145,10882750,chem,other,none,5.00,0.50,3,子图 运动命令 内部化学连接
11623145,10947427,chem,other,none,5.00,0.50,2,子图 运动命令 内部化学连接
11623145,15585114,chem,other,none,5.00,0.50,1,子图 运动命令 内部化学连接
11623145,15632120,chem,other,none,5.00,0.50,1,子图 运动命令 内部化学连接
11623145,17380080,chem,other,none,5.00,0.50,1,子图 运动命令 内部化学连接
11623145,17384874,chem,other,none,5.00,0.50,1,子图 运动命令 内部化学连接
11623145,19046339,chem,other,none,5.00,0.50,3,子图 运动命令 内部化学连接
11623145,20443501,chem,other,none,5.00,0.50,1,子图 运动命令 内部化学连接
11625573,4917442,chem,other,none,5.00,0.50,1,子图 运动命令 内部化学连接
11625573,4966994,chem,other,none,5.00,0.50,3,子图 运动命令 内部化学连接
11625573,5164129,chem,other,none,5.00,0.50,2,子图 运动命令 内部化学连接
11625573,5794678,chem,other,none,5.00,0.50,3,子图 运动命令 内部化学连接
11625573,5805651,chem,other,none,5.00,0.50,1,子图 运动命令 内部化学连接
11625573,6610913,chem,other,none,5.00,0.50,4,子图 运动命令 内部化学连接
11625573,8161142,chem,other,none,5.00,0.50,1,子图 运动命令 内部化学连接
11625573,8161148,chem,other,none,5.00,0.50,3,子图 运动命令 内部化学连接
11625573,8496618,chem,other,none,5.00,0.50,2,子图 运动命令 内部化学连接
11625573,8710444,chem,other,none,5.00,0.50,1,子图 运动命令 内部化学连接
11625573,9480916,chem,other,none,5.00,0.50,1,子图 运动命令 内部化学连接
11625573,9714476,chem,other,none,5.00,0.50,2,子图 运动命令 内部化学连接
11625573,10276161,chem,other,none,5.00,0.50,1,子图 运动命令 内部化学连接
11625573,10728328,chem,other,none,5.00,0.50,11,子图 运动命令 内部化学连接
11625573,10728333,chem,other,none,5.00,0.50,16,子图 运动命令 内部化学连接
11625573,12474164,chem,other,none,5.00,0.50,5,子图 运动命令 内部化学连接
11625573,13557064,chem,other,none,5.00,0.50,19,子图 运动命令 内部化学连接
11625573,13564607,chem,other,none,5.00,0.50,10,子图 运动命令 内部化学连接
11625573,13727202,chem,other,none,5.00,0.50,4,子图 运动命令 内部化学连接
11625573,14492880,chem,other,none,5.00,0.50,1,子图 运动命令 内部化学连接
11625573,14726069,chem,other,none,5.00,0.50,1,子图 运动命令 内部化学连接
11625573,15672269,chem,other,none,5.00,0.50,1,子图 运动命令 内部化学连接
11625573,16195633,chem,other,none,5.00,0.50,1,子图 运动命令 内部化学连接
11625573,16339338,chem,other,none,5.00,0.50,1,子图 运动命令 内部化学连接
11625573,16340461,chem,other,none,5.00,0.50,1,子图 运动命令 内部化学连接
11625573,16388736,chem,other,none,5.00,0.50,7,子图 运动命令 内部化学连接
11625573,16578252,chem,other,none,5.00,0.50,12,子图 运动命令 内部化学连接
11625573,16852421,chem,other,none,5.00,0.50,2,子图 运动命令 内部化学连接
11625573,17379420,chem,other,none,5.00,0.50,1,子图 运动命令 内部化学连接
11625573,18464581,chem,other,none,5.00,0.50,10,子图 运动命令 内部化学连接
11625573,18538744,chem,other,none,5.00,0.50,4,子图 运动命令 内部化学连接
11625573,18566361,chem,other,none,5.00,0.50,1,子图 运动命令 内部化学连接
11625573,19048289,chem,other,none,5.00,0.50,10,子图 运动命令 内部化学连接
11639192,2283495,chem,other,none,5.00,0.50,2,子图 运动命令 内部化学连接
11639192,2357110,chem,other,none,5.00,0.50,1,子图 运动命令 内部化学连接
11639192,3414508,chem,other,none,5.00,0.50,5,子图 运动命令 内部化学连接
11639192,5476653,chem,other,none,5.00,0.50,3,子图 运动命令 内部化学连接
11639192,5559657,chem,other,none,5.00,0.50,11,子图 运动命令 内部化学连接
11639192,6219445,chem,other,none,5.00,0.50,1,子图 运动命令 内部化学连接
11639192,13167025,chem,other,none,5.00,0.50,3,子图 运动命令 内部化学连接
11639192,13191017,chem,other,none,5.00,0.50,4,子图 运动命令 内部化学连接
11639192,15250080,chem,other,none,5.00,0.50,7,子图 运动命令 内部化学连接
11714576,7589765,chem,other,none,5.00,0.50,4,子图 运动命令 内部化学连接
11714576,9761454,chem,other,none,5.00,0.50,1,子图 运动命令 内部化学连接
11714576,10768709,chem,other,none,5.00,0.50,8,子图 运动命令 内部化学连接
11714576,15606239,chem,other,none,5.00,0.50,1,子图 运动命令 内部化学连接
11714576,15672269,chem,other,none,5.00,0.50,4,子图 运动命令 内部化学连接
11714576,17354414,chem,other,none,5.00,0.50,1,子图 运动命令 内部化学连接
11714576,17455871,chem,other,none,5.00,0.50,1,子图 运动命令 内部化学连接
11717014,3060480,chem,other,none,5.00,0.50,3,子图 运动命令 内部化学连接
11717014,9739780,chem,other,none,5.00,0.50,4,子图 运动命令 内部化学连接
11717014,10609443,chem,other,none,5.00,0.50,2,子图 运动命令 内部化学连接
11717014,10915553,chem,other,none,5.00,0.50,1,子图 运动命令 内部化学连接
11717014,17804729,chem,other,none,5.00,0.50,2,子图 运动命令 内部化学连接
11717014,17937986,chem,other,none,5.00,0.50,1,子图 运动命令 内部化学连接
11841664,1622901,chem,other,none,5.00,0.50,3,子图 运动命令 内部化学连接
11841664,4017464,chem,other,none,5.00,0.50,2,子图 运动命令 内部化学连接
11841664,4876839,chem,other,none,5.00,0.50,1,子图 运动命令 内部化学连接
11841664,4966994,chem,other,none,5.00,0.50,1,子图 运动命令 内部化学连接
11841664,5052370,chem,other,none,5.00,0.50,1,子图 运动命令 内部化学连接
11841664,5319633,chem,other,none,5.00,0.50,2,子图 运动命令 内部化学连接
11841664,5786898,chem,other,none,5.00,0.50,2,子图 运动命令 内部化学连接
11841664,5790355,chem,other,none,5.00,0.50,1,子图 运动命令 内部化学连接
11841664,6154921,chem,other,none,5.00,0.50,2,子图 运动命令 内部化学连接
11841664,6155577,chem,other,none,5.00,0.50,1,子图 运动命令 内部化学连接
11841664,6156152,chem,other,none,5.00,0.50,5,子图 运动命令 内部化学连接
11841664,6610913,chem,other,none,5.00,0.50,2,子图 运动命令 内部化学连接
11841664,6700147,chem,other,none,5.00,0.50,5,子图 运动命令 内部化学连接
11841664,6702943,chem,other,none,5.00,0.50,1,子图 运动命令 内部化学连接
11841664,7057730,chem,other,none,5.00,0.50,1,子图 运动命令 内部化学连接
11841664,7700444,chem,other,none,5.00,0.50,3,子图 运动命令 内部化学连接
11841664,8025665,chem,other,none,5.00,0.50,1,子图 运动命令 内部化学连接
11841664,8271875,chem,other,none,5.00,0.50,1,子图 运动命令 内部化学连接
11841664,8993049,chem,other,none,5.00,0.50,1,子图 运动命令 内部化学连接
11841664,9034378,chem,other,none,5.00,0.50,1,子图 运动命令 内部化学连接
11841664,9068024,chem,other,none,5.00,0.50,1,子图 运动命令 内部化学连接
11841664,9097065,chem,other,none,5.00,0.50,3,子图 运动命令 内部化学连接
11841664,9235545,chem,other,none,5.00,0.50,1,子图 运动命令 内部化学连接
11841664,9429085,chem,other,none,5.00,0.50,1,子图 运动命令 内部化学连接
11841664,10581624,chem,other,none,5.00,0.50,1,子图 运动命令 内部化学连接
11841664,10918898,chem,other,none,5.00,0.50,1,子图 运动命令 内部化学连接
11841664,10964258,chem,other,none,5.00,0.50,3,子图 运动命令 内部化学连接
11841664,12598741,chem,other,none,5.00,0.50,1,子图 运动命令 内部化学连接
11841664,13564607,chem,other,none,5.00,0.50,1,子图 运动命令 内部化学连接
11841664,13675374,chem,other,none,5.00,0.50,1,子图 运动命令 内部化学连接
11841664,13727202,chem,other,none,5.00,0.50,4,子图 运动命令 内部化学连接
11841664,13842372,chem,other,none,5.00,0.50,3,子图 运动命令 内部化学连接
11841664,14241490,chem,other,none,5.00,0.50,3,子图 运动命令 内部化学连接
11841664,15512404,chem,other,none,5.00,0.50,5,子图 运动命令 内部化学连接
11841664,15513540,chem,other,none,5.00,0.50,2,子图 运动命令 内部化学连接
11841664,15706875,chem,other,none,5.00,0.50,4,子图 运动命令 内部化学连接
11841664,15732503,chem,other,none,5.00,0.50,4,子图 运动命令 内部化学连接
11841664,15732509,chem,other,none,5.00,0.50,1,子图 运动命令 内部化学连接
11841664,15800115,chem,other,none,5.00,0.50,1,子图 运动命令 内部化学连接
11841664,15823055,chem,other,none,5.00,0.50,9,子图 运动命令 内部化学连接
11841664,15964206,chem,other,none,5.00,0.50,1,子图 运动命令 内部化学连接
11841664,15995958,chem,other,none,5.00,0.50,1,子图 运动命令 内部化学连接
11841664,16327998,chem,other,none,5.00,0.50,3,子图 运动命令 内部化学连接
11841664,16520950,chem,other,none,5.00,0.50,9,子图 运动命令 内部化学连接
11841664,16560178,chem,other,none,5.00,0.50,1,子图 运动命令 内部化学连接
11841664,16851496,chem,other,none,5.00,0.50,3,子图 运动命令 内部化学连接
11841664,16852589,chem,other,none,5.00,0.50,3,子图 运动命令 内部化学连接
11841664,16910799,chem,other,none,5.00,0.50,2,子图 运动命令 内部化学连接
11841664,16924423,chem,other,none,5.00,0.50,1,子图 运动命令 内部化学连接
11841664,16950354,chem,other,none,5.00,0.50,4,子图 运动命令 内部化学连接
11841664,16950550,chem,other,none,5.00,0.50,2,子图 运动命令 内部化学连接
11841664,16950767,chem,other,none,5.00,0.50,3,子图 运动命令 内部化学连接
11841664,16950798,chem,other,none,5.00,0.50,2,子图 运动命令 内部化学连接
11841664,16952642,chem,other,none,5.00,0.50,1,子图 运动命令 内部化学连接
11841664,16952691,chem,other,none,5.00,0.50,6,子图 运动命令 内部化学连接
11841664,17022668,chem,other,none,5.00,0.50,1,子图 运动命令 内部化学连接
11841664,17165755,chem,other,none,5.00,0.50,4,子图 运动命令 内部化学连接
11841664,17173852,chem,other,none,5.00,0.50,4,子图 运动命令 内部化学连接
11841664,17357979,chem,other,none,5.00,0.50,3,子图 运动命令 内部化学连接
11841664,17358864,chem,other,none,5.00,0.50,1,子图 运动命令 内部化学连接
11841664,17454636,chem,other,none,5.00,0.50,2,子图 运动命令 内部化学连接
11841664,17654514,chem,other,none,5.00,0.50,2,子图 运动命令 内部化学连接
11841664,17867309,chem,other,none,5.00,0.50,4,子图 运动命令 内部化学连接
11841664,17897230,chem,other,none,5.00,0.50,1,子图 运动命令 内部化学连接
11841664,18058793,chem,other,none,5.00,0.50,1,子图 运动命令 内部化学连接
11841664,18076102,chem,other,none,5.00,0.50,2,子图 运动命令 内部化学连接
11841664,18080008,chem,other,none,5.00,0.50,1,子图 运动命令 内部化学连接
11841664,18551732,chem,other,none,5.00,0.50,8,子图 运动命令 内部化学连接
11841664,19361427,chem,other,none,5.00,0.50,2,子图 运动命令 内部化学连接
11841664,20139548,chem,other,none,5.00,0.50,2,子图 运动命令 内部化学连接
11841664,20911955,chem,other,none,5.00,0.50,2,子图 运动命令 内部化学连接
11841664,20911961,chem,other,none,5.00,0.50,6,子图 运动命令 内部化学连接
11876076,1622901,chem,other,none,5.00,0.50,6,子图 运动命令 内部化学连接
11876076,4966994,chem,other,none,5.00,0.50,1,子图 运动命令 内部化学连接
11876076,5856647,chem,other,none,5.00,0.50,5,子图 运动命令 内部化学连接
11876076,10581624,chem,other,none,5.00,0.50,1,子图 运动命令 内部化学连接
11876076,10758204,chem,other,none,5.00,0.50,1,子图 运动命令 内部化学连接
11876076,11362334,chem,other,none,5.00,0.50,1,子图 运动命令 内部化学连接
11876076,11841664,chem,other,none,5.00,0.50,3,子图 运动命令 内部化学连接
11876076,12598741,chem,other,none,5.00,0.50,3,子图 运动命令 内部化学连接
11876076,15512404,chem,other,none,5.00,0.50,1,子图 运动命令 内部化学连接
11876076,15800115,chem,other,none,5.00,0.50,1,子图 运动命令 内部化学连接
11876076,16327998,chem,other,none,5.00,0.50,2,子图 运动命令 内部化学连接
11876076,16952691,chem,other,none,5.00,0.50,1,子图 运动命令 内部化学连接
11876076,17165755,chem,other,none,5.00,0.50,3,子图 运动命令 内部化学连接
11876076,17173852,chem,other,none,5.00,0.50,1,子图 运动命令 内部化学连接
11876076,17323054,chem,other,none,5.00,0.50,1,子图 运动命令 内部化学连接
11876076,17454636,chem,other,none,5.00,0.50,1,子图 运动命令 内部化学连接
11876076,17728695,chem,other,none,5.00,0.50,3,子图 运动命令 内部化学连接
11876076,18076102,chem,other,none,5.00,0.50,1,子图 运动命令 内部化学连接
11876076,19361427,chem,other,none,5.00,0.50,2,子图 运动命令 内部化学连接
11891098,2669844,chem,other,none,5.00,0.50,1,子图 运动命令 内部化学连接
11891098,3021609,chem,other,none,5.00,0.50,4,子图 运动命令 内部化学连接
11891098,7590264,chem,other,none,5.00,0.50,1,子图 运动命令 内部化学连接
11891098,8070872,chem,other,none,5.00,0.50,1,子图 运动命令 内部化学连接
11891098,8571259,chem,other,none,5.00,0.50,8,子图 运动命令 内部化学连接
11891098,8801715,chem,other,none,5.00,0.50,5,子图 运动命令 内部化学连接
11891098,9034378,chem,other,none,5.00,0.50,3,子图 运动命令 内部化学连接
11891098,9116228,chem,other,none,5.00,0.50,1,子图 运动命令 内部化学连接
11891098,9532295,chem,other,none,5.00,0.50,1,子图 运动命令 内部化学连接
11891098,10600188,chem,other,none,5.00,0.50,5,子图 运动命令 内部化学连接
11891098,11278919,chem,other,none,5.00,0.50,1,子图 运动命令 内部化学连接
11891098,12422147,chem,other,none,5.00,0.50,1,子图 运动命令 内部化学连接
11891098,13137623,chem,other,none,5.00,0.50,4,子图 运动命令 内部化学连接
11891098,14680483,chem,other,none,5.00,0.50,1,子图 运动命令 内部化学连接
11891098,15629759,chem,other,none,5.00,0.50,1,子图 运动命令 内部化学连接
11891098,16195633,chem,other,none,5.00,0.50,9,子图 运动命令 内部化学连接
11891098,16340011,chem,other,none,5.00,0.50,2,子图 运动命令 内部化学连接
11891098,16340461,chem,other,none,5.00,0.50,3,子图 运动命令 内部化学连接
11891098,17324711,chem,other,none,5.00,0.50,6,子图 运动命令 内部化学连接
11891098,17354414,chem,other,none,5.00,0.50,5,子图 运动命令 内部化学连接
11891098,17654991,chem,other,none,5.00,0.50,1,子图 运动命令 内部化学连接
11891098,17813001,chem,other,none,5.00,0.50,3,子图 运动命令 内部化学连接
11905911,3048606,chem,other,none,5.00,0.50,1,子图 运动命令 内部化学连接
11905911,7587948,chem,other,none,5.00,0.50,1,子图 运动命令 内部化学连接
11905911,7982324,chem,other,none,5.00,0.50,1,子图 运动命令 内部化学连接
11905911,13580849,chem,other,none,5.00,0.50,4,子图 运动命令 内部化学连接
11905911,13674287,chem,other,none,5.00,0.50,1,子图 运动命令 内部化学连接
11905911,16316973,chem,other,none,5.00,0.50,2,子图 运动命令 内部化学连接
11905911,17473163,chem,other,none,5.00,0.50,1,子图 运动命令 内部化学连接
11941255,2283495,chem,other,none,5.00,0.50,1,子图 运动命令 内部化学连接
11941255,2357110,chem,other,none,5.00,0.50,1,子图 运动命令 内部化学连接
11941255,3414508,chem,other,none,5.00,0.50,4,子图 运动命令 内部化学连接
11941255,5476653,chem,other,none,5.00,0.50,3,子图 运动命令 内部化学连接
11941255,5559657,chem,other,none,5.00,0.50,6,子图 运动命令 内部化学连接
11941255,6219445,chem,other,none,5.00,0.50,1,子图 运动命令 内部化学连接
11941255,11639192,chem,other,none,5.00,0.50,5,子图 运动命令 内部化学连接
11941255,11941255,chem,other,none,5.00,0.50,1,子图 运动命令 内部化学连接
11941255,13167025,chem,other,none,5.00,0.50,1,子图 运动命令 内部化学连接
11941255,13191017,chem,other,none,5.00,0.50,9,子图 运动命令 内部化学连接
11941255,15202263,chem,other,none,5.00,0.50,2,子图 运动命令 内部化学连接
11941255,15250080,chem,other,none,5.00,0.50,6,子图 运动命令 内部化学连接
11941255,15639294,chem,other,none,5.00,0.50,1,子图 运动命令 内部化学连接
12000033,9428865,chem,other,none,5.00,0.50,1,子图 运动命令 内部化学连接
12000033,16424131,chem,other,none,5.00,0.50,1,子图 运动命令 内部化学连接
12000033,17062823,chem,other,none,5.00,0.50,6,子图 运动命令 内部化学连接
12000033,17545695,chem,other,none,5.00,0.50,1,子图 运动命令 内部化学连接
12026822,6700147,chem,other,none,5.00,0.50,1,子图 运动命令 内部化学连接
12030078,14756061,chem,other,none,5.00,0.50,1,子图 运动命令 内部化学连接
12030078,17378648,chem,other,none,5.00,0.50,1,子图 运动命令 内部化学连接
12031406,1622901,chem,other,none,5.00,0.50,1,子图 运动命令 内部化学连接
12031406,1678567,chem,other,none,5.00,0.50,4,子图 运动命令 内部化学连接
12031406,4324567,chem,other,none,5.00,0.50,1,子图 运动命令 内部化学连接
12031406,7025064,chem,other,none,5.00,0.50,8,子图 运动命令 内部化学连接
12031406,8025665,chem,other,none,5.00,0.50,6,子图 运动命令 内部化学连接
12031406,8271875,chem,other,none,5.00,0.50,1,子图 运动命令 内部化学连接
12031406,9154024,chem,other,none,5.00,0.50,1,子图 运动命令 内部化学连接
12031406,10553248,chem,other,none,5.00,0.50,7,子图 运动命令 内部化学连接
12031406,10728333,chem,other,none,5.00,0.50,2,子图 运动命令 内部化学连接
12031406,12598741,chem,other,none,5.00,0.50,3,子图 运动命令 内部化学连接
12031406,15005403,chem,other,none,5.00,0.50,3,子图 运动命令 内部化学连接
12031406,15512408,chem,other,none,5.00,0.50,1,子图 运动命令 内部化学连接
12031406,15513540,chem,other,none,5.00,0.50,1,子图 运动命令 内部化学连接
12031406,15525794,chem,other,none,5.00,0.50,3,子图 运动命令 内部化学连接
12031406,15800115,chem,other,none,5.00,0.50,1,子图 运动命令 内部化学连接
12031406,16471422,chem,other,none,5.00,0.50,1,子图 运动命令 内部化学连接
12031406,16540741,chem,other,none,5.00,0.50,2,子图 运动命令 内部化学连接
12031406,16561224,chem,other,none,5.00,0.50,2,子图 运动命令 内部化学连接
12031406,16578252,chem,other,none,5.00,0.50,1,子图 运动命令 内部化学连接
12031406,16667306,chem,other,none,5.00,0.50,8,子图 运动命令 内部化学连接
12031406,16667592,chem,other,none,5.00,0.50,3,子图 运动命令 内部化学连接
12031406,16851496,chem,other,none,5.00,0.50,2,子图 运动命令 内部化学连接
12031406,16852421,chem,other,none,5.00,0.50,3,子图 运动命令 内部化学连接
12031406,16931001,chem,other,none,5.00,0.50,1,子图 运动命令 内部化学连接
12031406,17053270,chem,other,none,5.00,0.50,1,子图 运动命令 内部化学连接
12031406,17165755,chem,other,none,5.00,0.50,2,子图 运动命令 内部化学连接
12031406,17173852,chem,other,none,5.00,0.50,11,子图 运动命令 内部化学连接
12031406,17358864,chem,other,none,5.00,0.50,2,子图 运动命令 内部化学连接
12031406,17360404,chem,other,none,5.00,0.50,1,子图 运动命令 内部化学连接
12031406,17380319,chem,other,none,5.00,0.50,1,子图 运动命令 内部化学连接
12031406,17448356,chem,other,none,5.00,0.50,1,子图 运动命令 内部化学连接
12031406,17454636,chem,other,none,5.00,0.50,2,子图 运动命令 内部化学连接
12031406,17736641,chem,other,none,5.00,0.50,3,子图 运动命令 内部化学连接
12031406,18267838,chem,other,none,5.00,0.50,1,子图 运动命令 内部化学连接
12031406,18929470,chem,other,none,5.00,0.50,1,子图 运动命令 内部化学连接
12252572,9077224,chem,other,none,5.00,0.50,1,子图 运动命令 内部化学连接
12252572,9239759,chem,other,none,5.00,0.50,1,子图 运动命令 内部化学连接
12252572,9384504,chem,other,none,5.00,0.50,1,子图 运动命令 内部化学连接
12252572,10553248,chem,other,none,5.00,0.50,2,子图 运动命令 内部化学连接
12252572,10600188,chem,other,none,5.00,0.50,1,子图 运动命令 内部化学连接
12252572,10728328,chem,other,none,5.00,0.50,1,子图 运动命令 内部化学连接
12252572,11027071,chem,other,none,5.00,0.50,1,子图 运动命令 内部化学连接
12252572,14726069,chem,other,none,5.00,0.50,2,子图 运动命令 内部化学连接
12252572,17454636,chem,other,none,5.00,0.50,6,子图 运动命令 内部化学连接
12252572,18551732,chem,other,none,5.00,0.50,16,子图 运动命令 内部化学连接
12279909,3944626,chem,other,none,5.00,0.50,2,子图 运动命令 内部化学连接
12279909,3945136,chem,other,none,5.00,0.50,1,子图 运动命令 内部化学连接
12279909,4901087,chem,other,none,5.00,0.50,1,子图 运动命令 内部化学连接
12279909,8951591,chem,other,none,5.00,0.50,2,子图 运动命令 内部化学连接
12279909,9424902,chem,other,none,5.00,0.50,14,子图 运动命令 内部化学连接
12279909,10792617,chem,other,none,5.00,0.50,7,子图 运动命令 内部化学连接
12279909,10872426,chem,other,none,5.00,0.50,1,子图 运动命令 内部化学连接
12279909,11348509,chem,other,none,5.00,0.50,2,子图 运动命令 内部化学连接
12279909,12279941,chem,other,none,5.00,0.50,4,子图 运动命令 内部化学连接
12279909,13818467,chem,other,none,5.00,0.50,3,子图 运动命令 内部化学连接
12279909,15792643,chem,other,none,5.00,0.50,2,子图 运动命令 内部化学连接
12279909,16051878,chem,other,none,5.00,0.50,2,子图 运动命令 内部化学连接
12279909,16361363,chem,other,none,5.00,0.50,2,子图 运动命令 内部化学连接
12279909,16433696,chem,other,none,5.00,0.50,1,子图 运动命令 内部化学连接
12279909,17384874,chem,other,none,5.00,0.50,1,子图 运动命令 内部化学连接
12279941,3945136,chem,other,none,5.00,0.50,2,子图 运动命令 内部化学连接
12279941,9424902,chem,other,none,5.00,0.50,18,子图 运动命令 内部化学连接
12279941,9428865,chem,other,none,5.00,0.50,3,子图 运动命令 内部化学连接
12279941,10345590,chem,other,none,5.00,0.50,1,子图 运动命令 内部化学连接
12279941,10583715,chem,other,none,5.00,0.50,2,子图 运动命令 内部化学连接
12279941,10792617,chem,other,none,5.00,0.50,3,子图 运动命令 内部化学连接
12279941,11348509,chem,other,none,5.00,0.50,1,子图 运动命令 内部化学连接
12279941,16361363,chem,other,none,5.00,0.50,2,子图 运动命令 内部化学连接
12299704,2283495,chem,other,none,5.00,0.50,1,子图 运动命令 内部化学连接
12299704,3044500,chem,other,none,5.00,0.50,2,子图 运动命令 内部化学连接
12299704,3436420,chem,other,none,5.00,0.50,2,子图 运动命令 内部化学连接
12299704,3944626,chem,other,none,5.00,0.50,3,子图 运动命令 内部化学连接
12299704,4400767,chem,other,none,5.00,0.50,1,子图 运动命令 内部化学连接
12299704,4453485,chem,other,none,5.00,0.50,1,子图 运动命令 内部化学连接
12299704,4523584,chem,other,none,5.00,0.50,1,子图 运动命令 内部化学连接
12299704,6317793,chem,other,none,5.00,0.50,3,子图 运动命令 内部化学连接
12299704,6445994,chem,other,none,5.00,0.50,1,子图 运动命令 内部化学连接
12299704,8566140,chem,other,none,5.00,0.50,4,子图 运动命令 内部化学连接
12299704,9424902,chem,other,none,5.00,0.50,2,子图 运动命令 内部化学连接
12299704,10329208,chem,other,none,5.00,0.50,1,子图 运动命令 内部化学连接
12299704,10583715,chem,other,none,5.00,0.50,1,子图 运动命令 内部化学连接
12299704,10768709,chem,other,none,5.00,0.50,5,子图 运动命令 内部化学连接
12299704,10797407,chem,other,none,5.00,0.50,2,子图 运动命令 内部化学连接
12299704,11605567,chem,other,none,5.00,0.50,1,子图 运动命令 内部化学连接
12299704,12364717,chem,other,none,5.00,0.50,1,子图 运动命令 内部化学连接
12299704,13395814,chem,other,none,5.00,0.50,1,子图 运动命令 内部化学连接
12299704,15517247,chem,other,none,5.00,0.50,1,子图 运动命令 内部化学连接
12299704,15601640,chem,other,none,5.00,0.50,1,子图 运动命令 内部化学连接
12299704,15605301,chem,other,none,5.00,0.50,4,子图 运动命令 内部化学连接
12299704,15607335,chem,other,none,5.00,0.50,1,子图 运动命令 内部化学连接
12299704,15686444,chem,other,none,5.00,0.50,1,子图 运动命令 内部化学连接
12299704,16195633,chem,other,none,5.00,0.50,3,子图 运动命令 内部化学连接
12299704,16361363,chem,other,none,5.00,0.50,1,子图 运动命令 内部化学连接
12335381,858479,chem,other,none,5.00,0.50,1,子图 运动命令 内部化学连接
12335381,3436420,chem,other,none,5.00,0.50,1,子图 运动命令 内部化学连接
12335381,4523803,chem,other,none,5.00,0.50,1,子图 运动命令 内部化学连接
12335381,16057212,chem,other,none,5.00,0.50,1,子图 运动命令 内部化学连接
12335381,16586265,chem,other,none,5.00,0.50,2,子图 运动命令 内部化学连接
12335381,18440675,chem,other,none,5.00,0.50,6,子图 运动命令 内部化学连接
12364717,3027876,chem,other,none,5.00,0.50,11,子图 运动命令 内部化学连接
12364717,3944626,chem,other,none,5.00,0.50,1,子图 运动命令 内部化学连接
12364717,3945136,chem,other,none,5.00,0.50,1,子图 运动命令 内部化学连接
12364717,3945756,chem,other,none,5.00,0.50,4,子图 运动命令 内部化学连接
12364717,4901087,chem,other,none,5.00,0.50,1,子图 运动命令 内部化学连接
12364717,6317793,chem,other,none,5.00,0.50,2,子图 运动命令 内部化学连接
12364717,8566140,chem,other,none,5.00,0.50,2,子图 运动命令 内部化学连接
12364717,9424902,chem,other,none,5.00,0.50,6,子图 运动命令 内部化学连接
12364717,11278919,chem,other,none,5.00,0.50,6,子图 运动命令 内部化学连接
12364717,11306294,chem,other,none,5.00,0.50,4,子图 运动命令 内部化学连接
12364717,11356523,chem,other,none,5.00,0.50,2,子图 运动命令 内部化学连接
12364717,12299704,chem,other,none,5.00,0.50,1,子图 运动命令 内部化学连接
12364717,12364717,chem,other,none,5.00,0.50,1,子图 运动命令 内部化学连接
12364717,13948718,chem,other,none,5.00,0.50,4,子图 运动命令 内部化学连接
12364717,16195633,chem,other,none,5.00,0.50,1,子图 运动命令 内部化学连接
12364717,17384874,chem,other,none,5.00,0.50,1,子图 运动命令 内部化学连接
12364717,17756162,chem,other,none,5.00,0.50,2,子图 运动命令 内部化学连接
12364717,20536322,chem,other,none,5.00,0.50,1,子图 运动命令 内部化学连接
12366224,3044500,chem,other,none,5.00,0.50,3,子图 运动命令 内部化学连接
12366224,7449767,chem,other,none,5.00,0.50,1,子图 运动命令 内部化学连接
12366224,8529400,chem,other,none,5.00,0.50,2,子图 运动命令 内部化学连接
12366224,10527147,chem,other,none,5.00,0.50,6,子图 运动命令 内部化学连接
12366224,10728323,chem,other,none,5.00,0.50,3,子图 运动命令 内部化学连接
12366224,17728922,chem,other,none,5.00,0.50,1,子图 运动命令 内部化学连接
12366224,17732270,chem,other,none,5.00,0.50,3,子图 运动命令 内部化学连接
12367135,15689046,chem,other,none,5.00,0.50,1,子图 运动命令 内部化学连接
12367135,17223685,chem,other,none,5.00,0.50,1,子图 运动命令 内部化学连接
12420377,2669844,chem,other,none,5.00,0.50,8,子图 运动命令 内部化学连接
12420377,4110483,chem,other,none,5.00,0.50,3,子图 运动命令 内部化学连接
12420377,5902352,chem,other,none,5.00,0.50,5,子图 运动命令 内部化学连接
12420377,15897280,chem,other,none,5.00,0.50,11,子图 运动命令 内部化学连接
12420377,16340977,chem,other,none,5.00,0.50,2,子图 运动命令 内部化学连接
12420377,16676038,chem,other,none,5.00,0.50,1,子图 运动命令 内部化学连接
12420377,16851791,chem,other,none,5.00,0.50,1,子图 运动命令 内部化学连接
12420377,17352824,chem,other,none,5.00,0.50,1,子图 运动命令 内部化学连接
12420377,18111410,chem,other,none,5.00,0.50,1,子图 运动命令 内部化学连接
12420377,18305433,chem,other,none,5.00,0.50,2,子图 运动命令 内部化学连接
12420377,19166349,chem,other,none,5.00,0.50,1,子图 运动命令 内部化学连接
12420898,4110483,chem,other,none,5.00,0.50,3,子图 运动命令 内部化学连接
12420898,5768240,chem,other,none,5.00,0.50,3,子图 运动命令 内部化学连接
12420898,5902352,chem,other,none,5.00,0.50,2,子图 运动命令 内部化学连接
12420898,10018150,chem,other,none,5.00,0.50,2,子图 运动命令 内部化学连接
12420898,10234576,chem,other,none,5.00,0.50,3,子图 运动命令 内部化学连接
12420898,10449035,chem,other,none,5.00,0.50,3,子图 运动命令 内部化学连接
12420898,12420377,chem,other,none,5.00,0.50,1,子图 运动命令 内部化学连接
12420898,12420898,chem,other,none,5.00,0.50,4,子图 运动命令 内部化学连接
12420898,15629759,chem,other,none,5.00,0.50,3,子图 运动命令 内部化学连接
12420898,15897280,chem,other,none,5.00,0.50,2,子图 运动命令 内部化学连接
12420898,16340977,chem,other,none,5.00,0.50,1,子图 运动命令 内部化学连接
12420898,16937799,chem,other,none,5.00,0.50,2,子图 运动命令 内部化学连接
12420898,17352824,chem,other,none,5.00,0.50,3,子图 运动命令 内部化学连接
12420898,17354403,chem,other,none,5.00,0.50,1,子图 运动命令 内部化学连接
12420898,17354414,chem,other,none,5.00,0.50,11,子图 运动命令 内部化学连接
12420898,17729347,chem,other,none,5.00,0.50,1,子图 运动命令 内部化学连接
12420898,18305433,chem,other,none,5.00,0.50,2,子图 运动命令 内部化学连接
12422147,3021609,chem,other,none,5.00,0.50,4,子图 运动命令 内部化学连接
12422147,8142831,chem,other,none,5.00,0.50,1,子图 运动命令 内部化学连接
12422147,8801715,chem,other,none,5.00,0.50,1,子图 运动命令 内部化学连接
12422147,8801736,chem,other,none,5.00,0.50,3,子图 运动命令 内部化学连接
12422147,9351843,chem,other,none,5.00,0.50,1,子图 运动命令 内部化学连接
12422147,10234576,chem,other,none,5.00,0.50,1,子图 运动命令 内部化学连接
12422147,11027071,chem,other,none,5.00,0.50,1,子图 运动命令 内部化学连接
12422147,12031406,chem,other,none,5.00,0.50,1,子图 运动命令 内部化学连接
12422147,12420898,chem,other,none,5.00,0.50,1,子图 运动命令 内部化学连接
12422147,15629759,chem,other,none,5.00,0.50,2,子图 运动命令 内部化学连接
12422147,16340977,chem,other,none,5.00,0.50,2,子图 运动命令 内部化学连接
12422147,16342197,chem,other,none,5.00,0.50,15,子图 运动命令 内部化学连接
12422147,16422727,chem,other,none,5.00,0.50,1,子图 运动命令 内部化学连接
12422147,16445073,chem,other,none,5.00,0.50,1,子图 运动命令 内部化学连接
12422147,16547297,chem,other,none,5.00,0.50,1,子图 运动命令 内部化学连接
12422147,16561660,chem,other,none,5.00,0.50,1,子图 运动命令 内部化学连接
12422147,17354403,chem,other,none,5.00,0.50,1,子图 运动命令 内部化学连接
12422147,17354414,chem,other,none,5.00,0.50,4,子图 运动命令 内部化学连接
12422147,17729347,chem,other,none,5.00,0.50,5,子图 运动命令 内部化学连接
12422355,2504517,chem,other,none,5.00,0.50,6,子图 运动命令 内部化学连接
12422355,2669844,chem,other,none,5.00,0.50,1,子图 运动命令 内部化学连接
12422355,3027876,chem,other,none,5.00,0.50,3,子图 运动命令 内部化学连接
12422355,4812481,chem,other,none,5.00,0.50,12,子图 运动命令 内部化学连接
12422355,8142831,chem,other,none,5.00,0.50,4,子图 运动命令 内部化学连接
12422355,8801715,chem,other,none,5.00,0.50,1,子图 运动命令 内部化学连接
12422355,8801736,chem,other,none,5.00,0.50,1,子图 运动命令 内部化学连接
12422355,8810141,chem,other,none,5.00,0.50,3,子图 运动命令 内部化学连接
12422355,9116228,chem,other,none,5.00,0.50,1,子图 运动命令 内部化学连接
12422355,9532295,chem,other,none,5.00,0.50,3,子图 运动命令 内部化学连接
12422355,10317031,chem,other,none,5.00,0.50,5,子图 运动命令 内部化学连接
12422355,10523825,chem,other,none,5.00,0.50,2,子图 运动命令 内部化学连接
12422355,12030078,chem,other,none,5.00,0.50,1,子图 运动命令 内部化学连接
12422355,12031406,chem,other,none,5.00,0.50,4,子图 运动命令 内部化学连接
12422355,12420898,chem,other,none,5.00,0.50,1,子图 运动命令 内部化学连接
12422355,14723506,chem,other,none,5.00,0.50,1,子图 运动命令 内部化学连接
12422355,14754777,chem,other,none,5.00,0.50,1,子图 运动命令 内部化学连接
12422355,15481779,chem,other,none,5.00,0.50,1,子图 运动命令 内部化学连接
12422355,15589738,chem,other,none,5.00,0.50,2,子图 运动命令 内部化学连接
12422355,15897280,chem,other,none,5.00,0.50,3,子图 运动命令 内部化学连接
12422355,16342197,chem,other,none,5.00,0.50,1,子图 运动命令 内部化学连接
12422355,16383966,chem,other,none,5.00,0.50,1,子图 运动命令 内部化学连接
12422355,16415910,chem,other,none,5.00,0.50,2,子图 运动命令 内部化学连接
12422355,16445073,chem,other,none,5.00,0.50,1,子图 运动命令 内部化学连接
12422355,16545101,chem,other,none,5.00,0.50,3,子图 运动命令 内部化学连接
12422355,16547297,chem,other,none,5.00,0.50,1,子图 运动命令 内部化学连接
12422355,17360282,chem,other,none,5.00,0.50,1,子图 运动命令 内部化学连接
12422355,17378648,chem,other,none,5.00,0.50,4,子图 运动命令 内部化学连接
12422355,17455871,chem,other,none,5.00,0.50,5,子图 运动命令 内部化学连接
12422355,17654967,chem,other,none,5.00,0.50,1,子图 运动命令 内部化学连接
12422355,17655000,chem,other,none,5.00,0.50,1,子图 运动命令 内部化学连接
12422355,17660233,chem,other,none,5.00,0.50,4,子图 运动命令 内部化学连接
12422355,17732346,chem,other,none,5.00,0.50,3,子图 运动命令 内部化学连接
12422355,18088813,chem,other,none,5.00,0.50,2,子图 运动命令 内部化学连接
12474164,1622901,chem,other,none,5.00,0.50,2,子图 运动命令 内部化学连接
12474164,7700444,chem,other,none,5.00,0.50,1,子图 运动命令 内部化学连接
12474164,10553248,chem,other,none,5.00,0.50,1,子图 运动命令 内部化学连接
12474164,10581624,chem,other,none,5.00,0.50,1,子图 运动命令 内部化学连接
12474164,10728328,chem,other,none,5.00,0.50,2,子图 运动命令 内部化学连接
12474164,10728333,chem,other,none,5.00,0.50,6,子图 运动命令 内部化学连接
12474164,12474164,chem,other,none,5.00,0.50,1,子图 运动命令 内部化学连接
12474164,13557064,chem,other,none,5.00,0.50,4,子图 运动命令 内部化学连接
12474164,14586769,chem,other,none,5.00,0.50,1,子图 运动命令 内部化学连接
12474164,16545264,chem,other,none,5.00,0.50,1,子图 运动命令 内部化学连接
12474164,16561224,chem,other,none,5.00,0.50,2,子图 运动命令 内部化学连接
12474164,16852589,chem,other,none,5.00,0.50,4,子图 运动命令 内部化学连接
12474164,16952691,chem,other,none,5.00,0.50,1,子图 运动命令 内部化学连接
12474164,17022668,chem,other,none,5.00,0.50,1,子图 运动命令 内部化学连接
12474164,17087885,chem,other,none,5.00,0.50,2,子图 运动命令 内部化学连接
12474164,18464581,chem,other,none,5.00,0.50,1,子图 运动命令 内部化学连接
12474164,20556072,chem,other,none,5.00,0.50,1,子图 运动命令 内部化学连接
12474815,1646076,chem,other,none,5.00,0.50,2,子图 运动命令 内部化学连接
12474815,1678567,chem,other,none,5.00,0.50,2,子图 运动命令 内部化学连接
12474815,3944626,chem,other,none,5.00,0.50,2,子图 运动命令 内部化学连接
12474815,4966994,chem,other,none,5.00,0.50,5,子图 运动命令 内部化学连接
12474815,7025064,chem,other,none,5.00,0.50,10,子图 运动命令 内部化学连接
12474815,9034378,chem,other,none,5.00,0.50,1,子图 运动命令 内部化学连接
12474815,10553248,chem,other,none,5.00,0.50,13,子图 运动命令 内部化学连接
12474815,10728328,chem,other,none,5.00,0.50,9,子图 运动命令 内部化学连接
12474815,10728333,chem,other,none,5.00,0.50,4,子图 运动命令 内部化学连接
12474815,10921106,chem,other,none,5.00,0.50,9,子图 运动命令 内部化学连接
12474815,10964258,chem,other,none,5.00,0.50,1,子图 运动命令 内部化学连接
12474815,13557064,chem,other,none,5.00,0.50,8,子图 运动命令 内部化学连接
12474815,13714311,chem,other,none,5.00,0.50,1,子图 运动命令 内部化学连接
12474815,14726069,chem,other,none,5.00,0.50,2,子图 运动命令 内部化学连接
12474815,16545264,chem,other,none,5.00,0.50,2,子图 运动命令 内部化学连接
12474815,16578252,chem,other,none,5.00,0.50,1,子图 运动命令 内部化学连接
12474815,16851496,chem,other,none,5.00,0.50,4,子图 运动命令 内部化学连接
12474815,16851791,chem,other,none,5.00,0.50,1,子图 运动命令 内部化学连接
12474815,16852589,chem,other,none,5.00,0.50,1,子图 运动命令 内部化学连接
12474815,16931001,chem,other,none,5.00,0.50,1,子图 运动命令 内部化学连接
12474815,16952691,chem,other,none,5.00,0.50,2,子图 运动命令 内部化学连接
12474815,17165755,chem,other,none,5.00,0.50,1,子图 运动命令 内部化学连接
12474815,17454636,chem,other,none,5.00,0.50,4,子图 运动命令 内部化学连接
12474815,18464581,chem,other,none,5.00,0.50,3,子图 运动命令 内部化学连接
12474815,18538744,chem,other,none,5.00,0.50,1,子图 运动命令 内部化学连接
12474815,18545747,chem,other,none,5.00,0.50,2,子图 运动命令 内部化学连接
12474815,18551732,chem,other,none,5.00,0.50,5,子图 运动命令 内部化学连接
12548756,1805669,chem,other,none,5.00,0.50,1,子图 运动命令 内部化学连接
12548756,1868538,chem,other,none,5.00,0.50,1,子图 运动命令 内部化学连接
12548756,3765735,chem,other,none,5.00,0.50,1,子图 运动命令 内部化学连接
12548756,7467027,chem,other,none,5.00,0.50,1,子图 运动命令 内部化学连接
12548756,7587948,chem,other,none,5.00,0.50,4,子图 运动命令 内部化学连接
12548756,7982307,chem,other,none,5.00,0.50,1,子图 运动命令 内部化学连接
12548756,8047280,chem,other,none,5.00,0.50,5,子图 运动命令 内部化学连接
12548756,8592501,chem,other,none,5.00,0.50,1,子图 运动命令 内部化学连接
12548756,9822593,chem,other,none,5.00,0.50,1,子图 运动命令 内部化学连接
12548756,10100020,chem,other,none,5.00,0.50,1,子图 运动命令 内部化学连接
12548756,10842099,chem,other,none,5.00,0.50,1,子图 运动命令 内部化学连接
12548756,10870424,chem,other,none,5.00,0.50,3,子图 运动命令 内部化学连接
12548756,10885466,chem,other,none,5.00,0.50,3,子图 运动命令 内部化学连接
12548756,13049485,chem,other,none,5.00,0.50,3,子图 运动命令 内部化学连接
12548756,13749806,chem,other,none,5.00,0.50,1,子图 运动命令 内部化学连接
12548756,14753815,chem,other,none,5.00,0.50,4,子图 运动命令 内部化学连接
12548756,15048530,chem,other,none,5.00,0.50,1,子图 运动命令 内部化学连接
12548756,15585114,chem,other,none,5.00,0.50,2,子图 运动命令 内部化学连接
12548756,15608953,chem,other,none,5.00,0.50,1,子图 运动命令 内部化学连接
12548756,15632120,chem,other,none,5.00,0.50,1,子图 运动命令 内部化学连接
12548756,16433696,chem,other,none,5.00,0.50,1,子图 运动命令 内部化学连接
12548756,16848587,chem,other,none,5.00,0.50,2,子图 运动命令 内部化学连接
12548756,17378483,chem,other,none,5.00,0.50,1,子图 运动命令 内部化学连接
12548756,17654645,chem,other,none,5.00,0.50,1,子图 运动命令 内部化学连接
12548756,17728922,chem,other,none,5.00,0.50,3,子图 运动命令 内部化学连接
12548756,17729973,chem,other,none,5.00,0.50,7,子图 运动命令 内部化学连接
12548756,18302665,chem,other,none,5.00,0.50,1,子图 运动命令 内部化学连接
12548756,19010160,chem,other,none,5.00,0.50,2,子图 运动命令 内部化学连接
12548756,19132527,chem,other,none,5.00,0.50,3,子图 运动命令 内部化学连接
12548756,20443501,chem,other,none,5.00,0.50,1,子图 运动命令 内部化学连接
12551020,8572353,chem,other,none,5.00,0.50,1,子图 运动命令 内部化学连接
12551020,10234576,chem,other,none,5.00,0.50,1,子图 运动命令 内部化学连接
12551020,10276161,chem,other,none,5.00,0.50,1,子图 运动命令 内部化学连接
12551020,12030078,chem,other,none,5.00,0.50,19,子图 运动命令 内部化学连接
12551020,14756061,chem,other,none,5.00,0.50,5,子图 运动命令 内部化学连接
12551020,15481779,chem,other,none,5.00,0.50,7,子图 运动命令 内部化学连接
12551020,15601640,chem,other,none,5.00,0.50,10,子图 运动命令 内部化学连接
12551020,16167914,chem,other,none,5.00,0.50,1,子图 运动命令 内部化学连接
12551020,16340461,chem,other,none,5.00,0.50,14,子图 运动命令 内部化学连接
12551020,16348875,chem,other,none,5.00,0.50,6,子图 运动命令 内部化学连接
12551020,16445073,chem,other,none,5.00,0.50,8,子图 运动命令 内部化学连接
12551020,16851791,chem,other,none,5.00,0.50,11,子图 运动命令 内部化学连接
12551020,17354403,chem,other,none,5.00,0.50,9,子图 运动命令 内部化学连接
12551020,17378648,chem,other,none,5.00,0.50,13,子图 运动命令 内部化学连接
12551020,17732346,chem,other,none,5.00,0.50,10,子图 运动命令 内部化学连接
12551020,19090042,chem,other,none,5.00,0.50,3,子图 运动命令 内部化学连接
12598741,1622901,chem,other,none,5.00,0.50,11,子图 运动命令 内部化学连接
12598741,4324567,chem,other,none,5.00,0.50,1,子图 运动命令 内部化学连接
12598741,9154024,chem,other,none,5.00,0.50,1,子图 运动命令 内部化学连接
12598741,13028455,chem,other,none,5.00,0.50,4,子图 运动命令 内部化学连接
12598741,14726069,chem,other,none,5.00,0.50,1,子图 运动命令 内部化学连接
12598741,15512404,chem,other,none,5.00,0.50,4,子图 运动命令 内部化学连接
12598741,16327998,chem,other,none,5.00,0.50,10,子图 运动命令 内部化学连接
12598741,16545113,chem,other,none,5.00,0.50,3,子图 运动命令 内部化学连接
12598741,16545264,chem,other,none,5.00,0.50,1,子图 运动命令 内部化学连接
12598741,16547281,chem,other,none,5.00,0.50,1,子图 运动命令 内部化学连接
12598741,16670540,chem,other,none,5.00,0.50,2,子图 运动命令 内部化学连接
12598741,16851577,chem,other,none,5.00,0.50,5,子图 运动命令 内部化学连接
12598741,16851718,chem,other,none,5.00,0.50,10,子图 运动命令 内部化学连接
12598741,16852589,chem,other,none,5.00,0.50,2,子图 运动命令 内部化学连接
12598741,16910799,chem,other,none,5.00,0.50,1,子图 运动命令 内部化学连接
12598741,16950115,chem,other,none,5.00,0.50,3,子图 运动命令 内部化学连接
12598741,16952691,chem,other,none,5.00,0.50,3,子图 运动命令 内部化学连接
12598741,17022668,chem,other,none,5.00,0.50,3,子图 运动命令 内部化学连接
12598741,17053270,chem,other,none,5.00,0.50,2,子图 运动命令 内部化学连接
12598741,17165755,chem,other,none,5.00,0.50,1,子图 运动命令 内部化学连接
12598741,17173852,chem,other,none,5.00,0.50,4,子图 运动命令 内部化学连接
12598741,17360404,chem,other,none,5.00,0.50,4,子图 运动命令 内部化学连接
12598741,17454636,chem,other,none,5.00,0.50,4,子图 运动命令 内部化学连接
12598741,17728695,chem,other,none,5.00,0.50,17,子图 运动命令 内部化学连接
12598741,17736654,chem,other,none,5.00,0.50,1,子图 运动命令 内部化学连接
12598741,17809869,chem,other,none,5.00,0.50,1,子图 运动命令 内部化学连接
12598741,18267838,chem,other,none,5.00,0.50,1,子图 运动命令 内部化学连接
12598741,19361427,chem,other,none,5.00,0.50,2,子图 运动命令 内部化学连接
12654063,1646076,chem,other,none,5.00,0.50,4,子图 运动命令 内部化学连接
12654063,3044500,chem,other,none,5.00,0.50,1,子图 运动命令 内部化学连接
12654063,9480916,chem,other,none,5.00,0.50,1,子图 运动命令 内部化学连接
12654063,10872426,chem,other,none,5.00,0.50,4,子图 运动命令 内部化学连接
12654063,11079069,chem,other,none,5.00,0.50,1,子图 运动命令 内部化学连接
12654063,11348509,chem,other,none,5.00,0.50,4,子图 运动命令 内部化学连接
12654063,13818467,chem,other,none,5.00,0.50,1,子图 运动命令 内部化学连接
12654063,14617508,chem,other,none,5.00,0.50,3,子图 运动命令 内部化学连接
12654063,15897280,chem,other,none,5.00,0.50,1,子图 运动命令 内部化学连接
12654063,16340977,chem,other,none,5.00,0.50,2,子图 运动命令 内部化学连接
12654063,16676038,chem,other,none,5.00,0.50,5,子图 运动命令 内部化学连接
12654063,16851791,chem,other,none,5.00,0.50,1,子图 运动命令 内部化学连接
12654063,16863538,chem,other,none,5.00,0.50,1,子图 运动命令 内部化学连接
12654063,17658948,chem,other,none,5.00,0.50,1,子图 运动命令 内部化学连接
12654063,18111410,chem,other,none,5.00,0.50,3,子图 运动命令 内部化学连接
12736001,2964760,chem,other,none,5.00,0.50,1,子图 运动命令 内部化学连接
12736001,9351843,chem,other,none,5.00,0.50,2,子图 运动命令 内部化学连接
12736001,14617508,chem,other,none,5.00,0.50,2,子图 运动命令 内部化学连接
12736001,14723506,chem,other,none,5.00,0.50,1,子图 运动命令 内部化学连接
12736001,15522152,chem,other,none,5.00,0.50,5,子图 运动命令 内部化学连接
12736001,16415910,chem,other,none,5.00,0.50,1,子图 运动命令 内部化学连接
12736001,16445338,chem,other,none,5.00,0.50,4,子图 运动命令 内部化学连接
12736001,16561660,chem,other,none,5.00,0.50,1,子图 运动命令 内部化学连接
12736001,17075832,chem,other,none,5.00,0.50,1,子图 运动命令 内部化学连接
12736001,17087885,chem,other,none,5.00,0.50,2,子图 运动命令 内部化学连接
12736001,17353986,chem,other,none,5.00,0.50,1,子图 运动命令 内部化学连接
12736001,19017386,chem,other,none,5.00,0.50,5,子图 运动命令 内部化学连接
12736001,19298625,chem,other,none,5.00,0.50,4,子图 运动命令 内部化学连接
12782494,3027876,chem,other,none,5.00,0.50,1,子图 运动命令 内部化学连接
12782494,3979181,chem,other,none,5.00,0.50,1,子图 运动命令 内部化学连接
12782494,5680013,chem,other,none,5.00,0.50,1,子图 运动命令 内部化学连接
12782494,5794678,chem,other,none,5.00,0.50,1,子图 运动命令 内部化学连接
12782494,6298455,chem,other,none,5.00,0.50,1,子图 运动命令 内部化学连接
12782494,7700444,chem,other,none,5.00,0.50,3,子图 运动命令 内部化学连接
12782494,8572353,chem,other,none,5.00,0.50,3,子图 运动命令 内部化学连接
12782494,9480916,chem,other,none,5.00,0.50,1,子图 运动命令 内部化学连接
12782494,10581624,chem,other,none,5.00,0.50,7,子图 运动命令 内部化学连接
12782494,10870424,chem,other,none,5.00,0.50,3,子图 运动命令 内部化学连接
12782494,10921106,chem,other,none,5.00,0.50,2,子图 运动命令 内部化学连接
12782494,10964258,chem,other,none,5.00,0.50,1,子图 运动命令 内部化学连接
12782494,11625573,chem,other,none,5.00,0.50,3,子图 运动命令 内部化学连接
12782494,12551020,chem,other,none,5.00,0.50,3,子图 运动命令 内部化学连接
12782494,13564607,chem,other,none,5.00,0.50,4,子图 运动命令 内部化学连接
12782494,14756061,chem,other,none,5.00,0.50,4,子图 运动命令 内部化学连接
12782494,16910799,chem,other,none,5.00,0.50,11,子图 运动命令 内部化学连接
12782494,17357979,chem,other,none,5.00,0.50,4,子图 运动命令 内部化学连接
12782494,17729973,chem,other,none,5.00,0.50,2,子图 运动命令 内部化学连接
12782494,18545747,chem,other,none,5.00,0.50,3,子图 运动命令 内部化学连接
12923749,3060480,chem,other,none,5.00,0.50,3,子图 运动命令 内部化学连接
12923749,5080991,chem,other,none,5.00,0.50,1,子图 运动命令 内部化学连接
12923749,5745110,chem,other,none,5.00,0.50,2,子图 运动命令 内部化学连接
12923749,8529400,chem,other,none,5.00,0.50,1,子图 运动命令 内部化学连接
12923749,10728323,chem,other,none,5.00,0.50,3,子图 运动命令 内部化学连接
12923749,11084320,chem,other,none,5.00,0.50,1,子图 运动命令 内部化学连接
12923749,16059134,chem,other,none,5.00,0.50,2,子图 运动命令 内部化学连接
12923749,16636860,chem,other,none,5.00,0.50,5,子图 运动命令 内部化学连接
12923749,17360286,chem,other,none,5.00,0.50,1,子图 运动命令 内部化学连接
12923749,17728922,chem,other,none,5.00,0.50,1,子图 运动命令 内部化学连接
12935706,1678567,chem,other,none,5.00,0.50,3,子图 运动命令 内部化学连接
12935706,4966994,chem,other,none,5.00,0.50,1,子图 运动命令 内部化学连接
12935706,5052370,chem,other,none,5.00,0.50,1,子图 运动命令 内部化学连接
12935706,5794678,chem,other,none,5.00,0.50,1,子图 运动命令 内部化学连接
12935706,5805651,chem,other,none,5.00,0.50,1,子图 运动命令 内部化学连接
12935706,7025064,chem,other,none,5.00,0.50,3,子图 运动命令 内部化学连接
12935706,8161148,chem,other,none,5.00,0.50,5,子图 运动命令 内部化学连接
12935706,8496618,chem,other,none,5.00,0.50,2,子图 运动命令 内部化学连接
12935706,10553248,chem,other,none,5.00,0.50,2,子图 运动命令 内部化学连接
12935706,10728328,chem,other,none,5.00,0.50,10,子图 运动命令 内部化学连接
12935706,10728333,chem,other,none,5.00,0.50,8,子图 运动命令 内部化学连接
12935706,10921106,chem,other,none,5.00,0.50,3,子图 运动命令 内部化学连接
12935706,11625573,chem,other,none,5.00,0.50,4,子图 运动命令 内部化学连接
12935706,12474164,chem,other,none,5.00,0.50,1,子图 运动命令 内部化学连接
12935706,13557064,chem,other,none,5.00,0.50,6,子图 运动命令 内部化学连接
12935706,13727202,chem,other,none,5.00,0.50,1,子图 运动命令 内部化学连接
12935706,14726069,chem,other,none,5.00,0.50,3,子图 运动命令 内部化学连接
12935706,15467736,chem,other,none,5.00,0.50,1,子图 运动命令 内部化学连接
12935706,15539984,chem,other,none,5.00,0.50,1,子图 运动命令 内部化学连接
12935706,16340977,chem,other,none,5.00,0.50,1,子图 运动命令 内部化学连接
12935706,16388736,chem,other,none,5.00,0.50,1,子图 运动命令 内部化学连接
12935706,16851791,chem,other,none,5.00,0.50,1,子图 运动命令 内部化学连接
12935706,16852421,chem,other,none,5.00,0.50,2,子图 运动命令 内部化学连接
12935706,16852589,chem,other,none,5.00,0.50,2,子图 运动命令 内部化学连接
12935706,16910799,chem,other,none,5.00,0.50,1,子图 运动命令 内部化学连接
12935706,17165755,chem,other,none,5.00,0.50,5,子图 运动命令 内部化学连接
12935706,17454636,chem,other,none,5.00,0.50,2,子图 运动命令 内部化学连接
12935706,18232369,chem,other,none,5.00,0.50,1,子图 运动命令 内部化学连接
12935706,18464581,chem,other,none,5.00,0.50,10,子图 运动命令 内部化学连接
12935706,18545747,chem,other,none,5.00,0.50,3,子图 运动命令 内部化学连接
12935706,18551732,chem,other,none,5.00,0.50,14,子图 运动命令 内部化学连接
12935706,19048289,chem,other,none,5.00,0.50,2,子图 运动命令 内部化学连接
12962772,3979181,chem,other,none,5.00,0.50,2,子图 运动命令 内部化学连接
12962772,4324479,chem,other,none,5.00,0.50,1,子图 运动命令 内部化学连接
12962772,4324567,chem,other,none,5.00,0.50,8,子图 运动命令 内部化学连接
12962772,5760480,chem,other,none,5.00,0.50,1,子图 运动命令 内部化学连接
12962772,6317793,chem,other,none,5.00,0.50,1,子图 运动命令 内部化学连接
12962772,8357933,chem,other,none,5.00,0.50,2,子图 运动命令 内部化学连接
12962772,13081886,chem,other,none,5.00,0.50,1,子图 运动命令 内部化学连接
12962772,14492757,chem,other,none,5.00,0.50,1,子图 运动命令 内部化学连接
12962772,14586769,chem,other,none,5.00,0.50,1,子图 运动命令 内部化学连接
12962772,14621584,chem,other,none,5.00,0.50,2,子图 运动命令 内部化学连接
12962772,16545113,chem,other,none,5.00,0.50,2,子图 运动命令 内部化学连接
12962772,16545179,chem,other,none,5.00,0.50,1,子图 运动命令 内部化学连接
12962772,16547281,chem,other,none,5.00,0.50,2,子图 运动命令 内部化学连接
12962772,16561224,chem,other,none,5.00,0.50,1,子图 运动命令 内部化学连接
12962772,16852589,chem,other,none,5.00,0.50,1,子图 运动命令 内部化学连接
12962772,17053270,chem,other,none,5.00,0.50,3,子图 运动命令 内部化学连接
12962772,17358864,chem,other,none,5.00,0.50,2,子图 运动命令 内部化学连接
12962772,17448356,chem,other,none,5.00,0.50,5,子图 运动命令 内部化学连接
12962772,17732311,chem,other,none,5.00,0.50,4,子图 运动命令 内部化学连接
12962772,18058793,chem,other,none,5.00,0.50,2,子图 运动命令 内部化学连接
12962772,18305476,chem,other,none,5.00,0.50,1,子图 运动命令 内部化学连接
12962772,18527962,chem,other,none,5.00,0.50,1,子图 运动命令 内部化学连接
12962772,18695745,chem,other,none,5.00,0.50,3,子图 运动命令 内部化学连接
12990900,1868538,chem,other,none,5.00,0.50,1,子图 运动命令 内部化学连接
12990900,3764792,chem,other,none,5.00,0.50,11,子图 运动命令 内部化学连接
12990900,3765735,chem,other,none,5.00,0.50,2,子图 运动命令 内部化学连接
12990900,4876839,chem,other,none,5.00,0.50,5,子图 运动命令 内部化学连接
12990900,7982307,chem,other,none,5.00,0.50,5,子图 运动命令 内部化学连接
12990900,8572353,chem,other,none,5.00,0.50,2,子图 运动命令 内部化学连接
12990900,8801715,chem,other,none,5.00,0.50,1,子图 运动命令 内部化学连接
12990900,9177218,chem,other,none,5.00,0.50,2,子图 运动命令 内部化学连接
12990900,10276161,chem,other,none,5.00,0.50,7,子图 运动命令 内部化学连接
12990900,10842099,chem,other,none,5.00,0.50,1,子图 运动命令 内部化学连接
12990900,10986253,chem,other,none,5.00,0.50,2,子图 运动命令 内部化学连接
12990900,13137623,chem,other,none,5.00,0.50,1,子图 运动命令 内部化学连接
12990900,13645610,chem,other,none,5.00,0.50,5,子图 运动命令 内部化学连接
12990900,14680483,chem,other,none,5.00,0.50,2,子图 运动命令 内部化学连接
12990900,14753815,chem,other,none,5.00,0.50,1,子图 运动命令 内部化学连接
12990900,14756061,chem,other,none,5.00,0.50,1,子图 运动命令 内部化学连接
12990900,15606239,chem,other,none,5.00,0.50,3,子图 运动命令 内部化学连接
12990900,15610774,chem,other,none,5.00,0.50,1,子图 运动命令 内部化学连接
12990900,16347786,chem,other,none,5.00,0.50,1,子图 运动命令 内部化学连接
12990900,16848587,chem,other,none,5.00,0.50,1,子图 运动命令 内部化学连接
12990900,17654967,chem,other,none,5.00,0.50,1,子图 运动命令 内部化学连接
12990900,18232369,chem,other,none,5.00,0.50,1,子图 运动命令 内部化学连接
13007383,13727202,chem,other,none,5.00,0.50,2,子图 运动命令 内部化学连接
13007383,15894178,chem,other,none,5.00,0.50,1,子图 运动命令 内部化学连接
13007383,16851496,chem,other,none,5.00,0.50,1,子图 运动命令 内部化学连接
13007383,17587734,chem,other,none,5.00,0.50,2,子图 运动命令 内部化学连接
13007383,17736654,chem,other,none,5.00,0.50,5,子图 运动命令 内部化学连接
13007383,17777981,chem,other,none,5.00,0.50,2,子图 运动命令 内部化学连接
13028455,5935744,chem,other,none,5.00,0.50,1,子图 运动命令 内部化学连接
13028455,6188181,chem,other,none,5.00,0.50,1,子图 运动命令 内部化学连接
13028455,6190181,chem,other,none,5.00,0.50,1,子图 运动命令 内部化学连接
13028455,7057730,chem,other,none,5.00,0.50,3,子图 运动命令 内部化学连接
13028455,9594273,chem,other,none,5.00,0.50,2,子图 运动命令 内部化学连接
13028455,9612903,chem,other,none,5.00,0.50,2,子图 运动命令 内部化学连接
13028455,12598741,chem,other,none,5.00,0.50,1,子图 运动命令 内部化学连接
13028455,13028455,chem,other,none,5.00,0.50,2,子图 运动命令 内部化学连接
13028455,15005403,chem,other,none,5.00,0.50,2,子图 运动命令 内部化学连接
13028455,15525711,chem,other,none,5.00,0.50,6,子图 运动命令 内部化学连接
13028455,15525794,chem,other,none,5.00,0.50,8,子图 运动命令 内部化学连接
13028455,16345627,chem,other,none,5.00,0.50,4,子图 运动命令 内部化学连接
13028455,16562142,chem,other,none,5.00,0.50,1,子图 运动命令 内部化学连接
13028455,16992171,chem,other,none,5.00,0.50,1,子图 运动命令 内部化学连接
13028455,17053270,chem,other,none,5.00,0.50,3,子图 运动命令 内部化学连接
13028455,17105218,chem,other,none,5.00,0.50,3,子图 运动命令 内部化学连接
13028455,17110007,chem,other,none,5.00,0.50,2,子图 运动命令 内部化学连接
13028455,17360404,chem,other,none,5.00,0.50,1,子图 运动命令 内部化学连接
13028455,18076102,chem,other,none,5.00,0.50,1,子图 运动命令 内部化学连接
13028455,18267838,chem,other,none,5.00,0.50,2,子图 运动命令 内部化学连接
13049485,5033480,chem,other,none,5.00,0.50,3,子图 运动命令 内部化学连接
13049485,5038920,chem,other,none,5.00,0.50,1,子图 运动命令 内部化学连接
13049485,5657004,chem,other,none,5.00,0.50,1,子图 运动命令 内部化学连接
13049485,7467027,chem,other,none,5.00,0.50,5,子图 运动命令 内部化学连接
13049485,8461082,chem,other,none,5.00,0.50,1,子图 运动命令 内部化学连接
13049485,10882750,chem,other,none,5.00,0.50,1,子图 运动命令 内部化学连接
13049485,15606239,chem,other,none,5.00,0.50,1,子图 运动命令 内部化学连接
13049485,17384874,chem,other,none,5.00,0.50,3,子图 运动命令 内部化学连接
13049485,19046339,chem,other,none,5.00,0.50,2,子图 运动命令 内部化学连接
13081886,1805669,chem,other,none,5.00,0.50,1,子图 运动命令 内部化学连接
13081886,3620633,chem,other,none,5.00,0.50,1,子图 运动命令 内部化学连接
13081886,3944330,chem,other,none,5.00,0.50,3,子图 运动命令 内部化学连接
13081886,3946166,chem,other,none,5.00,0.50,2,子图 运动命令 内部化学连接
13081886,4188290,chem,other,none,5.00,0.50,2,子图 运动命令 内部化学连接
13081886,6317793,chem,other,none,5.00,0.50,3,子图 运动命令 内部化学连接
13081886,7589765,chem,other,none,5.00,0.50,1,子图 运动命令 内部化学连接
13081886,9424902,chem,other,none,5.00,0.50,7,子图 运动命令 内部化学连接
13081886,10945795,chem,other,none,5.00,0.50,1,子图 运动命令 内部化学连接
13081886,13749806,chem,other,none,5.00,0.50,1,子图 运动命令 内部化学连接
13081886,16468935,chem,other,none,5.00,0.50,2,子图 运动命令 内部化学连接
13081886,16571210,chem,other,none,5.00,0.50,1,子图 运动命令 内部化学连接
13081886,16676038,chem,other,none,5.00,0.50,1,子图 运动命令 内部化学连接
13081886,17379360,chem,other,none,5.00,0.50,1,子图 运动命令 内部化学连接
13137623,1805418,chem,other,none,5.00,0.50,2,子图 运动命令 内部化学连接
13137623,6317793,chem,other,none,5.00,0.50,1,子图 运动命令 内部化学连接
13137623,7982307,chem,other,none,5.00,0.50,1,子图 运动命令 内部化学连接
13137623,10276161,chem,other,none,5.00,0.50,5,子图 运动命令 内部化学连接
13137623,10792617,chem,other,none,5.00,0.50,1,子图 运动命令 内部化学连接
13137623,11278919,chem,other,none,5.00,0.50,1,子图 运动命令 内部化学连接
13137623,11891098,chem,other,none,5.00,0.50,3,子图 运动命令 内部化学连接
13137623,12990900,chem,other,none,5.00,0.50,1,子图 运动命令 内部化学连接
13137623,15629759,chem,other,none,5.00,0.50,1,子图 运动命令 内部化学连接
13137623,16852421,chem,other,none,5.00,0.50,1,子图 运动命令 内部化学连接
13137623,20479904,chem,other,none,5.00,0.50,1,子图 运动命令 内部化学连接
13167025,3944330,chem,other,none,5.00,0.50,2,子图 运动命令 内部化学连接
13167025,16424131,chem,other,none,5.00,0.50,5,子图 运动命令 内部化学连接
13167730,1868538,chem,other,none,5.00,0.50,5,子图 运动命令 内部化学连接
13167730,2659504,chem,other,none,5.00,0.50,1,子图 运动命令 内部化学连接
13167730,5898284,chem,other,none,5.00,0.50,1,子图 运动命令 内部化学连接
13167730,8741619,chem,other,none,5.00,0.50,3,子图 运动命令 内部化学连接
13167730,9077224,chem,other,none,5.00,0.50,4,子图 运动命令 内部化学连接
13167730,13242252,chem,other,none,5.00,0.50,1,子图 运动命令 内部化学连接
13167730,17315288,chem,other,none,5.00,0.50,1,子图 运动命令 内部化学连接
13167730,17587730,chem,other,none,5.00,0.50,4,子图 运动命令 内部化学连接
13167730,18232369,chem,other,none,5.00,0.50,9,子图 运动命令 内部化学连接
13167730,19132527,chem,other,none,5.00,0.50,5,子图 运动命令 内部化学连接
13167730,20443362,chem,other,none,5.00,0.50,5,子图 运动命令 内部化学连接
13167730,20443501,chem,other,none,5.00,0.50,1,子图 运动命令 内部化学连接
13167730,20443571,chem,other,none,5.00,0.50,3,子图 运动命令 内部化学连接
13191017,2283495,chem,other,none,5.00,0.50,1,子图 运动命令 内部化学连接
13191017,2357110,chem,other,none,5.00,0.50,1,子图 运动命令 内部化学连接
13191017,3414508,chem,other,none,5.00,0.50,1,子图 运动命令 内部化学连接
13191017,5476653,chem,other,none,5.00,0.50,5,子图 运动命令 内部化学连接
13191017,5559657,chem,other,none,5.00,0.50,2,子图 运动命令 内部化学连接
13191017,6219445,chem,other,none,5.00,0.50,1,子图 运动命令 内部化学连接
13191017,11639192,chem,other,none,5.00,0.50,2,子图 运动命令 内部化学连接
13191017,11941255,chem,other,none,5.00,0.50,8,子图 运动命令 内部化学连接
13191017,15202263,chem,other,none,5.00,0.50,1,子图 运动命令 内部化学连接
13191017,15250080,chem,other,none,5.00,0.50,4,子图 运动命令 内部化学连接
13242252,1805418,chem,other,none,5.00,0.50,1,子图 运动命令 内部化学连接
13242252,2659504,chem,other,none,5.00,0.50,2,子图 运动命令 内部化学连接
13242252,2669844,chem,other,none,5.00,0.50,10,子图 运动命令 内部化学连接
13242252,4876839,chem,other,none,5.00,0.50,3,子图 运动命令 内部化学连接
13242252,5730322,chem,other,none,5.00,0.50,1,子图 运动命令 内部化学连接
13242252,5898284,chem,other,none,5.00,0.50,1,子图 运动命令 内部化学连接
13242252,5936935,chem,other,none,5.00,0.50,7,子图 运动命令 内部化学连接
13242252,9177218,chem,other,none,5.00,0.50,2,子图 运动命令 内部化学连接
13242252,13167730,chem,other,none,5.00,0.50,2,子图 运动命令 内部化学连接
13242252,15897280,chem,other,none,5.00,0.50,9,子图 运动命令 内部化学连接
13242252,16115255,chem,other,none,5.00,0.50,3,子图 运动命令 内部化学连接
13242252,16340011,chem,other,none,5.00,0.50,1,子图 运动命令 内部化学连接
13242252,17587730,chem,other,none,5.00,0.50,11,子图 运动命令 内部化学连接
13242252,17654967,chem,other,none,5.00,0.50,1,子图 运动命令 内部化学连接
13242252,18232369,chem,other,none,5.00,0.50,1,子图 运动命令 内部化学连接
13242252,20443362,chem,other,none,5.00,0.50,1,子图 运动命令 内部化学连接
13313410,4116174,chem,other,none,5.00,0.50,2,子图 运动命令 内部化学连接
13313410,12000033,chem,other,none,5.00,0.50,1,子图 运动命令 内部化学连接
13313410,13833814,chem,other,none,5.00,0.50,2,子图 运动命令 内部化学连接
13313410,17355745,chem,other,none,5.00,0.50,3,子图 运动命令 内部化学连接
13313410,17356454,chem,other,none,5.00,0.50,1,子图 运动命令 内部化学连接
13370624,4847079,chem,other,none,5.00,0.50,1,子图 运动命令 内部化学连接
13370624,10382824,chem,other,none,5.00,0.50,1,子图 运动命令 内部化学连接
13370624,11013583,chem,other,none,5.00,0.50,1,子图 运动命令 内部化学连接
13370624,13167730,chem,other,none,5.00,0.50,6,子图 运动命令 内部化学连接
13370624,13370624,chem,other,none,5.00,0.50,1,子图 运动命令 内部化学连接
13370624,13652117,chem,other,none,5.00,0.50,3,子图 运动命令 内部化学连接
13370624,15522152,chem,other,none,5.00,0.50,5,子图 运动命令 内部化学连接
13370624,15548844,chem,other,none,5.00,0.50,1,子图 运动命令 内部化学连接
13370624,15560623,chem,other,none,5.00,0.50,1,子图 运动命令 内部化学连接
13370624,16415910,chem,other,none,5.00,0.50,1,子图 运动命令 内部化学连接
13370624,16928740,chem,other,none,5.00,0.50,2,子图 运动命令 内部化学连接
13370624,17455871,chem,other,none,5.00,0.50,3,子图 运动命令 内部化学连接
13370624,17732256,chem,other,none,5.00,0.50,1,子图 运动命令 内部化学连接
13370624,17777031,chem,other,none,5.00,0.50,1,子图 运动命令 内部化学连接
13370624,19166349,chem,other,none,5.00,0.50,3,子图 运动命令 内部化学连接
13370624,19190681,chem,other,none,5.00,0.50,7,子图 运动命令 内部化学连接
13370624,19950281,chem,other,none,5.00,0.50,1,子图 运动命令 内部化学连接
13380660,3486867,chem,other,none,5.00,0.50,3,子图 运动命令 内部化学连接
13380660,3797420,chem,other,none,5.00,0.50,2,子图 运动命令 内部化学连接
13380660,4541081,chem,other,none,5.00,0.50,2,子图 运动命令 内部化学连接
13380660,5558724,chem,other,none,5.00,0.50,1,子图 运动命令 内部化学连接
13380660,6143930,chem,other,none,5.00,0.50,2,子图 运动命令 内部化学连接
13380660,13380660,chem,other,none,5.00,0.50,1,子图 运动命令 内部化学连接
13380660,14517691,chem,other,none,5.00,0.50,3,子图 运动命令 内部化学连接
13380660,17545695,chem,other,none,5.00,0.50,1,子图 运动命令 内部化学连接
13395814,3944626,chem,other,none,5.00,0.50,1,子图 运动命令 内部化学连接
13395814,3945756,chem,other,none,5.00,0.50,1,子图 运动命令 内部化学连接
13395814,9424902,chem,other,none,5.00,0.50,9,子图 运动命令 内部化学连接
13395814,9428865,chem,other,none,5.00,0.50,1,子图 运动命令 内部化学连接
13395814,9436520,chem,other,none,5.00,0.50,1,子图 运动命令 内部化学连接
13395814,10792617,chem,other,none,5.00,0.50,2,子图 运动命令 内部化学连接
13395814,13849557,chem,other,none,5.00,0.50,1,子图 运动命令 内部化学连接
13395814,16051878,chem,other,none,5.00,0.50,1,子图 运动命令 内部化学连接
13395814,17384874,chem,other,none,5.00,0.50,1,子图 运动命令 内部化学连接
13411445,3027876,chem,other,none,5.00,0.50,2,子图 运动命令 内部化学连接
13411445,4847079,chem,other,none,5.00,0.50,9,子图 运动命令 内部化学连接
13411445,5319633,chem,other,none,5.00,0.50,6,子图 运动命令 内部化学连接
13411445,5902352,chem,other,none,5.00,0.50,1,子图 运动命令 内部化学连接
13411445,6609380,chem,other,none,5.00,0.50,1,子图 运动命令 内部化学连接
13411445,9085808,chem,other,none,5.00,0.50,1,子图 运动命令 内部化学连接
13411445,13411445,chem,other,none,5.00,0.50,2,子图 运动命令 内部化学连接
13411445,14334367,chem,other,none,5.00,0.50,3,子图 运动命令 内部化学连接
13411445,14374534,chem,other,none,5.00,0.50,2,子图 运动命令 内部化学连接
13411445,14656798,chem,other,none,5.00,0.50,5,子图 运动命令 内部化学连接
13411445,14680483,chem,other,none,5.00,0.50,3,子图 运动命令 内部化学连接
13411445,15481779,chem,other,none,5.00,0.50,12,子图 运动命令 内部化学连接
13411445,15548844,chem,other,none,5.00,0.50,6,子图 运动命令 内部化学连接
13411445,15674282,chem,other,none,5.00,0.50,2,子图 运动命令 内部化学连接
13411445,15732509,chem,other,none,5.00,0.50,1,子图 运动命令 内部化学连接
13411445,16316973,chem,other,none,5.00,0.50,1,子图 运动命令 内部化学连接
13411445,19156025,chem,other,none,5.00,0.50,2,子图 运动命令 内部化学连接
13411445,19950281,chem,other,none,5.00,0.50,3,子图 运动命令 内部化学连接
13422280,3946166,chem,other,none,5.00,0.50,2,子图 运动命令 内部化学连接
13422280,7335439,chem,other,none,5.00,0.50,1,子图 运动命令 内部化学连接
13535380,2355126,chem,other,none,5.00,0.50,1,子图 运动命令 内部化学连接
13535380,3158085,chem,other,none,5.00,0.50,1,子图 运动命令 内部化学连接
13535380,6445994,chem,other,none,5.00,0.50,1,子图 运动命令 内部化学连接
13535387,2355126,chem,other,none,5.00,0.50,1,子图 运动命令 内部化学连接
13535387,2357110,chem,other,none,5.00,0.50,1,子图 运动命令 内部化学连接
13557064,5462159,chem,other,none,5.00,0.50,1,子图 运动命令 内部化学连接
13557064,10240382,chem,other,none,5.00,0.50,1,子图 运动命令 内部化学连接
13557064,10921106,chem,other,none,5.00,0.50,1,子图 运动命令 内部化学连接
13557064,12474164,chem,other,none,5.00,0.50,1,子图 运动命令 内部化学连接
13557064,13557064,chem,other,none,5.00,0.50,1,子图 运动命令 内部化学连接
13557064,14586769,chem,other,none,5.00,0.50,5,子图 运动命令 内部化学连接
13557064,14588375,chem,other,none,5.00,0.50,1,子图 运动命令 内部化学连接
13557064,14621584,chem,other,none,5.00,0.50,11,子图 运动命令 内部化学连接
13557064,14726069,chem,other,none,5.00,0.50,1,子图 运动命令 内部化学连接
13557064,16154290,chem,other,none,5.00,0.50,1,子图 运动命令 内部化学连接
13557064,16167914,chem,other,none,5.00,0.50,1,子图 运动命令 内部化学连接
13557064,16667592,chem,other,none,5.00,0.50,1,子图 运动命令 内部化学连接
13557064,16952648,chem,other,none,5.00,0.50,1,子图 运动命令 内部化学连接
13557064,17022668,chem,other,none,5.00,0.50,1,子图 运动命令 内部化学连接
13557064,17448356,chem,other,none,5.00,0.50,2,子图 运动命令 内部化学连接
13557064,17537254,chem,other,none,5.00,0.50,1,子图 运动命令 内部化学连接
13557064,18464581,chem,other,none,5.00,0.50,4,子图 运动命令 内部化学连接
13564607,6193472,chem,other,none,5.00,0.50,1,子图 运动命令 内部化学连接
13564607,7700444,chem,other,none,5.00,0.50,1,子图 运动命令 内部化学连接
13564607,9116228,chem,other,none,5.00,0.50,1,子图 运动命令 内部化学连接
13564607,9565674,chem,other,none,5.00,0.50,1,子图 运动命令 内部化学连接
13564607,13760954,chem,other,none,5.00,0.50,1,子图 运动命令 内部化学连接
13564607,14680483,chem,other,none,5.00,0.50,2,子图 运动命令 内部化学连接
13564607,15481779,chem,other,none,5.00,0.50,1,子图 运动命令 内部化学连接
13564607,15548844,chem,other,none,5.00,0.50,4,子图 运动命令 内部化学连接
13564607,15732485,chem,other,none,5.00,0.50,3,子图 运动命令 内部化学连接
13564607,16852421,chem,other,none,5.00,0.50,1,子图 运动命令 内部化学连接
13564607,17357979,chem,other,none,5.00,0.50,1,子图 运动命令 内部化学连接
13564607,17659014,chem,other,none,5.00,0.50,1,子图 运动命令 内部化学连接
13580849,8741619,chem,other,none,5.00,0.50,1,子图 运动命令 内部化学连接
13580849,10158972,chem,other,none,5.00,0.50,1,子图 运动命令 内部化学连接
13580849,11714576,chem,other,none,5.00,0.50,2,子图 运动命令 内部化学连接
13580849,11905911,chem,other,none,5.00,0.50,1,子图 运动命令 内部化学连接
13580849,13849557,chem,other,none,5.00,0.50,1,子图 运动命令 内部化学连接
13580849,15334461,chem,other,none,5.00,0.50,1,子图 运动命令 内部化学连接
13580849,16316973,chem,other,none,5.00,0.50,1,子图 运动命令 内部化学连接
13644685,4847079,chem,other,none,5.00,0.50,5,子图 运动命令 内部化学连接
13644685,5162462,chem,other,none,5.00,0.50,1,子图 运动命令 内部化学连接
13644685,5859372,chem,other,none,5.00,0.50,1,子图 运动命令 内部化学连接
13644685,5902352,chem,other,none,5.00,0.50,1,子图 运动命令 内部化学连接
13644685,5993765,chem,other,none,5.00,0.50,2,子图 运动命令 内部化学连接
13644685,13370624,chem,other,none,5.00,0.50,5,子图 运动命令 内部化学连接
13644685,13644685,chem,other,none,5.00,0.50,1,子图 运动命令 内部化学连接
13644685,13713529,chem,other,none,5.00,0.50,1,子图 运动命令 内部化学连接
13644685,14241490,chem,other,none,5.00,0.50,2,子图 运动命令 内部化学连接
13644685,14756440,chem,other,none,5.00,0.50,3,子图 运动命令 内部化学连接
13644685,15589591,chem,other,none,5.00,0.50,2,子图 运动命令 内部化学连接
13644685,15672263,chem,other,none,5.00,0.50,1,子图 运动命令 内部化学连接
13644685,15732497,chem,other,none,5.00,0.50,1,子图 运动命令 内部化学连接
13644685,15934458,chem,other,none,5.00,0.50,1,子图 运动命令 内部化学连接
13644685,16154290,chem,other,none,5.00,0.50,1,子图 运动命令 内部化学连接
13644685,16950354,chem,other,none,5.00,0.50,5,子图 运动命令 内部化学连接
13644685,17877682,chem,other,none,5.00,0.50,2,子图 运动命令 内部化学连接
13644685,18604097,chem,other,none,5.00,0.50,1,子图 运动命令 内部化学连接
13645610,2260755,chem,other,none,5.00,0.50,2,子图 运动命令 内部化学连接
13645610,3027876,chem,other,none,5.00,0.50,9,子图 运动命令 内部化学连接
13645610,3044500,chem,other,none,5.00,0.50,4,子图 运动命令 内部化学连接
13645610,3048606,chem,other,none,5.00,0.50,1,子图 运动命令 内部化学连接
13645610,3149791,chem,other,none,5.00,0.50,6,子图 运动命令 内部化学连接
13645610,3414508,chem,other,none,5.00,0.50,5,子图 运动命令 内部化学连接
13645610,3620633,chem,other,none,5.00,0.50,3,子图 运动命令 内部化学连接
13645610,4215611,chem,other,none,5.00,0.50,7,子图 运动命令 内部化学连接
13645610,6554358,chem,other,none,5.00,0.50,9,子图 运动命令 内部化学连接
13645610,8572353,chem,other,none,5.00,0.50,1,子图 运动命令 内部化学连接
13645610,13645610,chem,other,none,5.00,0.50,1,子图 运动命令 内部化学连接
13645610,14034206,chem,other,none,5.00,0.50,7,子图 运动命令 内部化学连接
13645610,15732050,chem,other,none,5.00,0.50,1,子图 运动命令 内部化学连接
13645610,17776982,chem,other,none,5.00,0.50,1,子图 运动命令 内部化学连接
13646473,5167842,chem,other,none,5.00,0.50,1,子图 运动命令 内部化学连接
13646473,5319633,chem,other,none,5.00,0.50,1,子图 运动命令 内部化学连接
13646473,12026822,chem,other,none,5.00,0.50,3,子图 运动命令 内部化学连接
13646473,13007383,chem,other,none,5.00,0.50,4,子图 运动命令 内部化学连接
13646473,13722900,chem,other,none,5.00,0.50,2,子图 运动命令 内部化学连接
13646473,15732497,chem,other,none,5.00,0.50,1,子图 运动命令 内部化学连接
13646473,15732509,chem,other,none,5.00,0.50,1,子图 运动命令 内部化学连接
13646473,16347786,chem,other,none,5.00,0.50,1,子图 运动命令 内部化学连接
13646473,16383966,chem,other,none,5.00,0.50,1,子图 运动命令 内部化学连接
13646473,16561224,chem,other,none,5.00,0.50,1,子图 运动命令 内部化学连接
13646473,17358864,chem,other,none,5.00,0.50,1,子图 运动命令 内部化学连接
13646473,17587734,chem,other,none,5.00,0.50,2,子图 运动命令 内部化学连接
13646473,18695745,chem,other,none,5.00,0.50,1,子图 运动命令 内部化学连接
13646473,19950281,chem,other,none,5.00,0.50,1,子图 运动命令 内部化学连接
13646473,20911955,chem,other,none,5.00,0.50,1,子图 运动命令 内部化学连接
13652117,5162462,chem,other,none,5.00,0.50,3,子图 运动命令 内部化学连接
13652117,5995125,chem,other,none,5.00,0.50,4,子图 运动命令 内部化学连接
13652117,7439913,chem,other,none,5.00,0.50,2,子图 运动命令 内部化学连接
13652117,9424902,chem,other,none,5.00,0.50,2,子图 运动命令 内部化学连接
13652117,10964258,chem,other,none,5.00,0.50,2,子图 运动命令 内部化学连接
13652117,11303036,chem,other,none,5.00,0.50,1,子图 运动命令 内部化学连接
13652117,12420898,chem,other,none,5.00,0.50,6,子图 运动命令 内部化学连接
13652117,14039007,chem,other,none,5.00,0.50,1,子图 运动命令 内部化学连接
13652117,14579509,chem,other,none,5.00,0.50,1,子图 运动命令 内部化学连接
13652117,15548844,chem,other,none,5.00,0.50,2,子图 运动命令 内部化学连接
13652117,16443509,chem,other,none,5.00,0.50,1,子图 运动命令 内部化学连接
13652117,16561660,chem,other,none,5.00,0.50,5,子图 运动命令 内部化学连接
13652117,16670540,chem,other,none,5.00,0.50,1,子图 运动命令 内部化学连接
13652117,16851577,chem,other,none,5.00,0.50,1,子图 运动命令 内部化学连接
13652117,16952671,chem,other,none,5.00,0.50,3,子图 运动命令 内部化学连接
13652117,17356442,chem,other,none,5.00,0.50,3,子图 运动命令 内部化学连接
13652117,17732311,chem,other,none,5.00,0.50,2,子图 运动命令 内部化学连接
13652117,17777031,chem,other,none,5.00,0.50,1,子图 运动命令 内部化学连接
13652117,17809869,chem,other,none,5.00,0.50,4,子图 运动命令 内部化学连接
13652117,17850822,chem,other,none,5.00,0.50,1,子图 运动命令 内部化学连接
13674287,3010486,chem,other,none,5.00,0.50,5,子图 运动命令 内部化学连接
13674287,3027876,chem,other,none,5.00,0.50,7,子图 运动命令 内部化学连接
13674287,3158085,chem,other,none,5.00,0.50,9,子图 运动命令 内部化学连接
13674287,3276003,chem,other,none,5.00,0.50,12,子图 运动命令 内部化学连接
13674287,3620633,chem,other,none,5.00,0.50,2,子图 运动命令 内部化学连接
13674287,5010581,chem,other,none,5.00,0.50,2,子图 运动命令 内部化学连接
13674287,5500958,chem,other,none,5.00,0.50,2,子图 运动命令 内部化学连接
13674287,5973097,chem,other,none,5.00,0.50,15,子图 运动命令 内部化学连接
13674287,5976168,chem,other,none,5.00,0.50,2,子图 运动命令 内部化学连接
13674287,5993001,chem,other,none,5.00,0.50,2,子图 运动命令 内部化学连接
13674287,7569260,chem,other,none,5.00,0.50,1,子图 运动命令 内部化学连接
13674287,8471817,chem,other,none,5.00,0.50,1,子图 运动命令 内部化学连接
13674287,8546775,chem,other,none,5.00,0.50,2,子图 运动命令 内部化学连接
13674287,8566140,chem,other,none,5.00,0.50,1,子图 运动命令 内部化学连接
13674287,8571259,chem,other,none,5.00,0.50,1,子图 运动命令 内部化学连接
13674287,8572353,chem,other,none,5.00,0.50,1,子图 运动命令 内部化学连接
13674287,9234420,chem,other,none,5.00,0.50,1,子图 运动命令 内部化学连接
13674287,10768709,chem,other,none,5.00,0.50,2,子图 运动命令 内部化学连接
13674287,10781924,chem,other,none,5.00,0.50,2,子图 运动命令 内部化学连接
13674287,11278919,chem,other,none,5.00,0.50,3,子图 运动命令 内部化学连接
13674287,11356523,chem,other,none,5.00,0.50,4,子图 运动命令 内部化学连接
13674287,11605567,chem,other,none,5.00,0.50,6,子图 运动命令 内部化学连接
13674287,14656798,chem,other,none,5.00,0.50,2,子图 运动命令 内部化学连接
13674287,15568134,chem,other,none,5.00,0.50,3,子图 运动命令 内部化学连接
13674287,15732485,chem,other,none,5.00,0.50,1,子图 运动命令 内部化学连接
13674287,16195633,chem,other,none,5.00,0.50,5,子图 运动命令 内部化学连接
13674287,16471422,chem,other,none,5.00,0.50,1,子图 运动命令 内部化学连接
13674287,16910799,chem,other,none,5.00,0.50,5,子图 运动命令 内部化学连接
13674287,17176927,chem,other,none,5.00,0.50,3,子图 运动命令 内部化学连接
13674287,17756162,chem,other,none,5.00,0.50,4,子图 运动命令 内部化学连接
13674287,20536322,chem,other,none,5.00,0.50,2,子图 运动命令 内部化学连接
13675374,4017464,chem,other,none,5.00,0.50,15,子图 运动命令 内部化学连接
13675374,4188325,chem,other,none,5.00,0.50,1,子图 运动命令 内部化学连接
13675374,4390116,chem,other,none,5.00,0.50,1,子图 运动命令 内部化学连接
13675374,4917442,chem,other,none,5.00,0.50,6,子图 运动命令 内部化学连接
13675374,5052370,chem,other,none,5.00,0.50,7,子图 运动命令 内部化学连接
13675374,5319633,chem,other,none,5.00,0.50,1,子图 运动命令 内部化学连接
13675374,5786898,chem,other,none,5.00,0.50,6,子图 运动命令 内部化学连接
13675374,5790355,chem,other,none,5.00,0.50,5,子图 运动命令 内部化学连接
13675374,6154921,chem,other,none,5.00,0.50,1,子图 运动命令 内部化学连接
13675374,6155577,chem,other,none,5.00,0.50,1,子图 运动命令 内部化学连接
13675374,6156152,chem,other,none,5.00,0.50,2,子图 运动命令 内部化学连接
13675374,6609380,chem,other,none,5.00,0.50,2,子图 运动命令 内部化学连接
13675374,6700147,chem,other,none,5.00,0.50,2,子图 运动命令 内部化学连接
13675374,6702943,chem,other,none,5.00,0.50,1,子图 运动命令 内部化学连接
13675374,7700444,chem,other,none,5.00,0.50,5,子图 运动命令 内部化学连接
13675374,8161148,chem,other,none,5.00,0.50,2,子图 运动命令 内部化学连接
13675374,8496618,chem,other,none,5.00,0.50,2,子图 运动命令 内部化学连接
13675374,9097065,chem,other,none,5.00,0.50,1,子图 运动命令 内部化学连接
13675374,9480916,chem,other,none,5.00,0.50,1,子图 运动命令 内部化学连接
13675374,11841664,chem,other,none,5.00,0.50,2,子图 运动命令 内部化学连接
13675374,13564607,chem,other,none,5.00,0.50,2,子图 运动命令 内部化学连接
13675374,13722900,chem,other,none,5.00,0.50,6,子图 运动命令 内部化学连接
13675374,15467736,chem,other,none,5.00,0.50,1,子图 运动命令 内部化学连接
13675374,15539984,chem,other,none,5.00,0.50,2,子图 运动命令 内部化学连接
13675374,15732509,chem,other,none,5.00,0.50,1,子图 运动命令 内部化学连接
13675374,15823055,chem,other,none,5.00,0.50,1,子图 运动命令 内部化学连接
13675374,16327998,chem,other,none,5.00,0.50,6,子图 运动命令 内部化学连接
13675374,16520950,chem,other,none,5.00,0.50,1,子图 运动命令 内部化学连接
13675374,16950443,chem,other,none,5.00,0.50,3,子图 运动命令 内部化学连接
13675374,16950550,chem,other,none,5.00,0.50,3,子图 运动命令 内部化学连接
13675374,17380309,chem,other,none,5.00,0.50,1,子图 运动命令 内部化学连接
13675374,17654514,chem,other,none,5.00,0.50,3,子图 运动命令 内部化学连接
13675374,17897230,chem,other,none,5.00,0.50,2,子图 运动命令 内部化学连接
13675374,20443362,chem,other,none,5.00,0.50,1,子图 运动命令 内部化学连接
13675374,20911955,chem,other,none,5.00,0.50,4,子图 运动命令 内部化学连接
13675374,20911961,chem,other,none,5.00,0.50,1,子图 运动命令 内部化学连接
13713529,3806652,chem,other,none,5.00,0.50,1,子图 运动命令 内部化学连接
13713529,4847079,chem,other,none,5.00,0.50,2,子图 运动命令 内部化学连接
13713529,5902352,chem,other,none,5.00,0.50,1,子图 运动命令 内部化学连接
13713529,8127390,chem,other,none,5.00,0.50,1,子图 运动命令 内部化学连接
13713529,9753494,chem,other,none,5.00,0.50,1,子图 运动命令 内部化学连接
13713529,13167730,chem,other,none,5.00,0.50,1,子图 运动命令 内部化学连接
13713529,13411445,chem,other,none,5.00,0.50,2,子图 运动命令 内部化学连接
13713529,13713529,chem,other,none,5.00,0.50,1,子图 运动命令 内部化学连接
13713529,13760954,chem,other,none,5.00,0.50,3,子图 运动命令 内部化学连接
13713529,13763548,chem,other,none,5.00,0.50,1,子图 运动命令 内部化学连接
13713529,13849557,chem,other,none,5.00,0.50,1,子图 运动命令 内部化学连接
13713529,13968203,chem,other,none,5.00,0.50,1,子图 运动命令 内部化学连接
13713529,14039007,chem,other,none,5.00,0.50,1,子图 运动命令 内部化学连接
13713529,14680483,chem,other,none,5.00,0.50,1,子图 运动命令 内部化学连接
13713529,15481779,chem,other,none,5.00,0.50,4,子图 运动命令 内部化学连接
13713529,15548844,chem,other,none,5.00,0.50,2,子图 运动命令 内部化学连接
13713529,15606239,chem,other,none,5.00,0.50,1,子图 运动命令 内部化学连接
13713529,15934458,chem,other,none,5.00,0.50,6,子图 运动命令 内部化学连接
13713529,16154290,chem,other,none,5.00,0.50,5,子图 运动命令 内部化学连接
13713529,17380345,chem,other,none,5.00,0.50,2,子图 运动命令 内部化学连接
13713529,17537254,chem,other,none,5.00,0.50,1,子图 运动命令 内部化学连接
13713529,17762417,chem,other,none,5.00,0.50,4,子图 运动命令 内部化学连接
13713529,17850822,chem,other,none,5.00,0.50,1,子图 运动命令 内部化学连接
13713529,19046339,chem,other,none,5.00,0.50,1,子图 运动命令 内部化学连接
13713529,19190681,chem,other,none,5.00,0.50,3,子图 运动命令 内部化学连接
13714311,4966994,chem,other,none,5.00,0.50,4,子图 运动命令 内部化学连接
13714311,7025064,chem,other,none,5.00,0.50,5,子图 运动命令 内部化学连接
13714311,8025665,chem,other,none,5.00,0.50,3,子图 运动命令 内部化学连接
13714311,8357933,chem,other,none,5.00,0.50,1,子图 运动命令 内部化学连接
13714311,9034378,chem,other,none,5.00,0.50,1,子图 运动命令 内部化学连接
13714311,9239759,chem,other,none,5.00,0.50,1,子图 运动命令 内部化学连接
13714311,9594273,chem,other,none,5.00,0.50,1,子图 运动命令 内部化学连接
13714311,10553248,chem,other,none,5.00,0.50,20,子图 运动命令 内部化学连接
13714311,10581624,chem,other,none,5.00,0.50,1,子图 运动命令 内部化学连接
13714311,10728328,chem,other,none,5.00,0.50,5,子图 运动命令 内部化学连接
13714311,10728333,chem,other,none,5.00,0.50,3,子图 运动命令 内部化学连接
13714311,12474815,chem,other,none,5.00,0.50,8,子图 运动命令 内部化学连接
13714311,13557064,chem,other,none,5.00,0.50,4,子图 运动命令 内部化学连接
13714311,16345627,chem,other,none,5.00,0.50,1,子图 运动命令 内部化学连接
13714311,16471422,chem,other,none,5.00,0.50,1,子图 运动命令 内部化学连接
13714311,16545264,chem,other,none,5.00,0.50,2,子图 运动命令 内部化学连接
13714311,16578252,chem,other,none,5.00,0.50,1,子图 运动命令 内部化学连接
13714311,16851496,chem,other,none,5.00,0.50,1,子图 运动命令 内部化学连接
13714311,16851791,chem,other,none,5.00,0.50,2,子图 运动命令 内部化学连接
13714311,16852421,chem,other,none,5.00,0.50,1,子图 运动命令 内部化学连接
13714311,16931001,chem,other,none,5.00,0.50,1,子图 运动命令 内部化学连接
13714311,16952691,chem,other,none,5.00,0.50,1,子图 运动命令 内部化学连接
13714311,17022668,chem,other,none,5.00,0.50,5,子图 运动命令 内部化学连接
13714311,17165755,chem,other,none,5.00,0.50,1,子图 运动命令 内部化学连接
13714311,17454636,chem,other,none,5.00,0.50,6,子图 运动命令 内部化学连接
13714311,18464581,chem,other,none,5.00,0.50,3,子图 运动命令 内部化学连接
13714311,18545747,chem,other,none,5.00,0.50,4,子图 运动命令 内部化学连接
13714311,18551732,chem,other,none,5.00,0.50,4,子图 运动命令 内部化学连接
13722900,2648254,chem,other,none,5.00,0.50,5,子图 运动命令 内部化学连接
13722900,4142619,chem,other,none,5.00,0.50,1,子图 运动命令 内部化学连接
13722900,4188325,chem,other,none,5.00,0.50,9,子图 运动命令 内部化学连接
13722900,4749004,chem,other,none,5.00,0.50,9,子图 运动命令 内部化学连接
13722900,5052370,chem,other,none,5.00,0.50,2,子图 运动命令 内部化学连接
13722900,6700147,chem,other,none,5.00,0.50,5,子图 运动命令 内部化学连接
13722900,11841664,chem,other,none,5.00,0.50,2,子图 运动命令 内部化学连接
13722900,12474164,chem,other,none,5.00,0.50,7,子图 运动命令 内部化学连接
13722900,15018449,chem,other,none,5.00,0.50,1,子图 运动命令 内部化学连接
13722900,15732509,chem,other,none,5.00,0.50,1,子图 运动命令 内部化学连接
13722900,16947349,chem,other,none,5.00,0.50,12,子图 运动命令 内部化学连接
13722900,16950767,chem,other,none,5.00,0.50,1,子图 运动命令 内部化学连接
13722900,17380309,chem,other,none,5.00,0.50,2,子图 运动命令 内部化学连接
13722900,17659014,chem,other,none,5.00,0.50,2,子图 运动命令 内部化学连接
13722900,18566361,chem,other,none,5.00,0.50,1,子图 运动命令 内部化学连接
13727202,12598741,chem,other,none,5.00,0.50,1,子图 运动命令 内部化学连接
13727202,13007383,chem,other,none,5.00,0.50,3,子图 运动命令 内部化学连接
13727202,14638686,chem,other,none,5.00,0.50,1,子图 运动命令 内部化学连接
13727202,17354403,chem,other,none,5.00,0.50,2,子图 运动命令 内部化学连接
13727202,17587734,chem,other,none,5.00,0.50,6,子图 运动命令 内部化学连接
13736919,16851496,chem,other,none,5.00,0.50,3,子图 运动命令 内部化学连接
13736919,17777031,chem,other,none,5.00,0.50,2,子图 运动命令 内部化学连接
13749806,3044500,chem,other,none,5.00,0.50,2,子图 运动命令 内部化学连接
13749806,3048606,chem,other,none,5.00,0.50,1,子图 运动命令 内部化学连接
13749806,3946166,chem,other,none,5.00,0.50,1,子图 运动命令 内部化学连接
13749806,5010581,chem,other,none,5.00,0.50,1,子图 运动命令 内部化学连接
13749806,5469039,chem,other,none,5.00,0.50,1,子图 运动命令 内部化学连接
13749806,7005145,chem,other,none,5.00,0.50,1,子图 运动命令 内部化学连接
13749806,7335439,chem,other,none,5.00,0.50,1,子图 运动命令 内部化学连接
13749806,7338309,chem,other,none,5.00,0.50,1,子图 运动命令 内部化学连接
13749806,10781924,chem,other,none,5.00,0.50,10,子图 运动命令 内部化学连接
13749806,11905911,chem,other,none,5.00,0.50,1,子图 运动命令 内部化学连接
13749806,14034311,chem,other,none,5.00,0.50,1,子图 运动命令 内部化学连接
13749806,14656798,chem,other,none,5.00,0.50,1,子图 运动命令 内部化学连接
13749806,16195633,chem,other,none,5.00,0.50,1,子图 运动命令 内部化学连接
13749806,17473163,chem,other,none,5.00,0.50,2,子图 运动命令 内部化学连接
13751194,5956787,chem,other,none,5.00,0.50,1,子图 运动命令 内部化学连接
13751194,11306294,chem,other,none,5.00,0.50,1,子图 运动命令 内部化学连接
13760954,17358864,chem,other,none,5.00,0.50,1,子图 运动命令 内部化学连接
13763548,15560623,chem,other,none,5.00,0.50,1,子图 运动命令 内部化学连接
13764822,14334367,chem,other,none,5.00,0.50,1,子图 运动命令 内部化学连接
13793212,2659386,chem,other,none,5.00,0.50,1,子图 运动命令 内部化学连接
13818467,3944626,chem,other,none,5.00,0.50,7,子图 运动命令 内部化学连接
13818467,3945136,chem,other,none,5.00,0.50,1,子图 运动命令 内部化学连接
13818467,3945756,chem,other,none,5.00,0.50,1,子图 运动命令 内部化学连接
13818467,4901087,chem,other,none,5.00,0.50,1,子图 运动命令 内部化学连接
13818467,9424902,chem,other,none,5.00,0.50,12,子图 运动命令 内部化学连接
13818467,10583715,chem,other,none,5.00,0.50,6,子图 运动命令 内部化学连接
13818467,10792617,chem,other,none,5.00,0.50,5,子图 运动命令 内部化学连接
13818467,12279909,chem,other,none,5.00,0.50,1,子图 运动命令 内部化学连接
13818467,14586769,chem,other,none,5.00,0.50,1,子图 运动命令 内部化学连接
13818467,14723506,chem,other,none,5.00,0.50,3,子图 运动命令 内部化学连接
13818467,16361363,chem,other,none,5.00,0.50,3,子图 运动命令 内部化学连接
13818467,17384874,chem,other,none,5.00,0.50,1,子图 运动命令 内部化学连接
13830600,3539170,chem,other,none,5.00,0.50,1,子图 运动命令 内部化学连接
13830600,4116174,chem,other,none,5.00,0.50,1,子图 运动命令 内部化学连接
13830600,11105182,chem,other,none,5.00,0.50,1,子图 运动命令 内部化学连接
13830600,13313410,chem,other,none,5.00,0.50,1,子图 运动命令 内部化学连接
13830600,14437742,chem,other,none,5.00,0.50,2,子图 运动命令 内部化学连接
13830600,15718981,chem,other,none,5.00,0.50,1,子图 运动命令 内部化学连接
13830600,17062823,chem,other,none,5.00,0.50,1,子图 运动命令 内部化学连接
13830600,17545695,chem,other,none,5.00,0.50,2,子图 运动命令 内部化学连接
13830600,17740547,chem,other,none,5.00,0.50,3,子图 运动命令 内部化学连接
13833814,9787859,chem,other,none,5.00,0.50,1,子图 运动命令 内部化学连接
13833814,9842383,chem,other,none,5.00,0.50,1,子图 运动命令 内部化学连接
13833814,10865025,chem,other,none,5.00,0.50,2,子图 运动命令 内部化学连接
13833814,14437742,chem,other,none,5.00,0.50,1,子图 运动命令 内部化学连接
13833814,17740547,chem,other,none,5.00,0.50,1,子图 运动命令 内部化学连接
13834125,1646076,chem,other,none,5.00,0.50,2,子图 运动命令 内部化学连接
13834125,2669844,chem,other,none,5.00,0.50,4,子图 运动命令 内部化学连接
13834125,3021609,chem,other,none,5.00,0.50,1,子图 运动命令 内部化学连接
13834125,3945756,chem,other,none,5.00,0.50,2,子图 运动命令 内部化学连接
13834125,4110483,chem,other,none,5.00,0.50,2,子图 运动命令 内部化学连接
13834125,4876839,chem,other,none,5.00,0.50,1,子图 运动命令 内部化学连接
13834125,5902352,chem,other,none,5.00,0.50,1,子图 运动命令 内部化学连接
13834125,7005145,chem,other,none,5.00,0.50,6,子图 运动命令 内部化学连接
13834125,7590264,chem,other,none,5.00,0.50,3,子图 运动命令 内部化学连接
13834125,8127390,chem,other,none,5.00,0.50,1,子图 运动命令 内部化学连接
13834125,8572353,chem,other,none,5.00,0.50,1,子图 运动命令 内部化学连接
13834125,9077224,chem,other,none,5.00,0.50,1,子图 运动命令 内部化学连接
13834125,9424902,chem,other,none,5.00,0.50,2,子图 运动命令 内部化学连接
13834125,9480916,chem,other,none,5.00,0.50,1,子图 运动命令 内部化学连接
13834125,10276161,chem,other,none,5.00,0.50,1,子图 运动命令 内部化学连接
13834125,10523825,chem,other,none,5.00,0.50,3,子图 运动命令 内部化学连接
13834125,10596949,chem,other,none,5.00,0.50,9,子图 运动命令 内部化学连接
13834125,10842047,chem,other,none,5.00,0.50,1,子图 运动命令 内部化学连接
13834125,10872426,chem,other,none,5.00,0.50,2,子图 运动命令 内部化学连接
13834125,10875178,chem,other,none,5.00,0.50,1,子图 运动命令 内部化学连接
13834125,10880408,chem,other,none,5.00,0.50,3,子图 运动命令 内部化学连接
13834125,11348509,chem,other,none,5.00,0.50,7,子图 运动命令 内部化学连接
13834125,12031406,chem,other,none,5.00,0.50,3,子图 运动命令 内部化学连接
13834125,12551020,chem,other,none,5.00,0.50,5,子图 运动命令 内部化学连接
13834125,13411445,chem,other,none,5.00,0.50,8,子图 运动命令 内部化学连接
13834125,14617508,chem,other,none,5.00,0.50,30,子图 运动命令 内部化学连接
13834125,14680483,chem,other,none,5.00,0.50,13,子图 运动命令 内部化学连接
13834125,14754777,chem,other,none,5.00,0.50,8,子图 运动命令 内部化学连接
13834125,14756061,chem,other,none,5.00,0.50,3,子图 运动命令 内部化学连接
13834125,15431408,chem,other,none,5.00,0.50,1,子图 运动命令 内部化学连接
13834125,15522152,chem,other,none,5.00,0.50,1,子图 运动命令 内部化学连接
13834125,15897280,chem,other,none,5.00,0.50,2,子图 运动命令 内部化学连接
13834125,16167914,chem,other,none,5.00,0.50,1,子图 运动命令 内部化学连接
13834125,16340011,chem,other,none,5.00,0.50,1,子图 运动命令 内部化学连接
13834125,16342197,chem,other,none,5.00,0.50,5,子图 运动命令 内部化学连接
13834125,16561660,chem,other,none,5.00,0.50,1,子图 运动命令 内部化学连接
13834125,17067625,chem,other,none,5.00,0.50,2,子图 运动命令 内部化学连接
13834125,17328580,chem,other,none,5.00,0.50,1,子图 运动命令 内部化学连接
13834125,17359501,chem,other,none,5.00,0.50,2,子图 运动命令 内部化学连接
13834125,17360282,chem,other,none,5.00,0.50,9,子图 运动命令 内部化学连接
13834125,17455871,chem,other,none,5.00,0.50,1,子图 运动命令 内部化学连接
13834125,18111410,chem,other,none,5.00,0.50,5,子图 运动命令 内部化学连接
13834125,18305433,chem,other,none,5.00,0.50,1,子图 运动命令 内部化学连接
13834125,19017386,chem,other,none,5.00,0.50,1,子图 运动命令 内部化学连接
13835439,3027876,chem,other,none,5.00,0.50,4,子图 运动命令 内部化学连接
13835439,3944626,chem,other,none,5.00,0.50,2,子图 运动命令 内部化学连接
13835439,4847079,chem,other,none,5.00,0.50,1,子图 运动命令 内部化学连接
13835439,5319633,chem,other,none,5.00,0.50,2,子图 运动命令 内部化学连接
13835439,5995125,chem,other,none,5.00,0.50,4,子图 运动命令 内部化学连接
13835439,8571259,chem,other,none,5.00,0.50,3,子图 运动命令 内部化学连接
13835439,9116228,chem,other,none,5.00,0.50,5,子图 运动命令 内部化学连接
13835439,9351843,chem,other,none,5.00,0.50,1,子图 运动命令 内部化学连接
13835439,9429085,chem,other,none,5.00,0.50,1,子图 运动命令 内部化学连接
13835439,10596949,chem,other,none,5.00,0.50,1,子图 运动命令 内部化学连接
13835439,10600188,chem,other,none,5.00,0.50,1,子图 运动命令 内部化学连接
13835439,11306294,chem,other,none,5.00,0.50,1,子图 运动命令 内部化学连接
13835439,12031406,chem,other,none,5.00,0.50,1,子图 运动命令 内部化学连接
13835439,13411445,chem,other,none,5.00,0.50,2,子图 运动命令 内部化学连接
13835439,13652117,chem,other,none,5.00,0.50,4,子图 运动命令 内部化学连接
13835439,14039007,chem,other,none,5.00,0.50,2,子图 运动命令 内部化学连接
13835439,14579509,chem,other,none,5.00,0.50,3,子图 运动命令 内部化学连接
13835439,14680483,chem,other,none,5.00,0.50,4,子图 运动命令 内部化学连接
13835439,14754777,chem,other,none,5.00,0.50,7,子图 运动命令 内部化学连接
13835439,14756061,chem,other,none,5.00,0.50,1,子图 运动命令 内部化学连接
13835439,15481779,chem,other,none,5.00,0.50,2,子图 运动命令 内部化学连接
13835439,15522152,chem,other,none,5.00,0.50,1,子图 运动命令 内部化学连接
13835439,15548844,chem,other,none,5.00,0.50,8,子图 运动命令 内部化学连接
13835439,15674282,chem,other,none,5.00,0.50,3,子图 运动命令 内部化学连接
13835439,15934458,chem,other,none,5.00,0.50,4,子图 运动命令 内部化学连接
13835439,16167914,chem,other,none,5.00,0.50,1,子图 运动命令 内部化学连接
13835439,16561660,chem,other,none,5.00,0.50,6,子图 运动命令 内部化学连接
13835439,17053270,chem,other,none,5.00,0.50,1,子图 运动命令 内部化学连接
13835439,17075832,chem,other,none,5.00,0.50,5,子图 运动命令 内部化学连接
13835439,17353986,chem,other,none,5.00,0.50,3,子图 运动命令 内部化学连接
13835439,17355864,chem,other,none,5.00,0.50,1,子图 运动命令 内部化学连接
13835439,17360282,chem,other,none,5.00,0.50,5,子图 运动命令 内部化学连接
13835439,17732311,chem,other,none,5.00,0.50,4,子图 运动命令 内部化学连接
13835439,17809869,chem,other,none,5.00,0.50,2,子图 运动命令 内部化学连接
13835439,18604097,chem,other,none,5.00,0.50,5,子图 运动命令 内部化学连接
13835439,19298644,chem,other,none,5.00,0.50,1,子图 运动命令 内部化学连接
13841523,1868538,chem,other,none,5.00,0.50,3,子图 运动命令 内部化学连接
13841523,5700090,chem,other,none,5.00,0.50,5,子图 运动命令 内部化学连接
13841523,6317793,chem,other,none,5.00,0.50,3,子图 运动命令 内部化学连接
13841523,7587948,chem,other,none,5.00,0.50,3,子图 运动命令 内部化学连接
13841523,10870424,chem,other,none,5.00,0.50,2,子图 运动命令 内部化学连接
13841523,10882750,chem,other,none,5.00,0.50,1,子图 运动命令 内部化学连接
13841523,11623145,chem,other,none,5.00,0.50,2,子图 运动命令 内部化学连接
13841523,12548756,chem,other,none,5.00,0.50,5,子图 运动命令 内部化学连接
13841523,13841523,chem,other,none,5.00,0.50,1,子图 运动命令 内部化学连接
13841523,15606239,chem,other,none,5.00,0.50,1,子图 运动命令 内部化学连接
13841523,15632120,chem,other,none,5.00,0.50,3,子图 运动命令 内部化学连接
13841523,17384874,chem,other,none,5.00,0.50,1,子图 运动命令 内部化学连接
13841523,17654645,chem,other,none,5.00,0.50,3,子图 运动命令 内部化学连接
13841523,18302610,chem,other,none,5.00,0.50,1,子图 运动命令 内部化学连接
13842372,4324479,chem,other,none,5.00,0.50,3,子图 运动命令 内部化学连接
13842372,6702943,chem,other,none,5.00,0.50,3,子图 运动命令 内部化学连接
13842372,7955278,chem,other,none,5.00,0.50,1,子图 运动命令 内部化学连接
13842372,14651659,chem,other,none,5.00,0.50,8,子图 运动命令 内部化学连接
13842372,16547281,chem,other,none,5.00,0.50,7,子图 运动命令 内部化学连接
13842372,17173852,chem,other,none,5.00,0.50,1,子图 运动命令 内部化学连接
13842372,17736654,chem,other,none,5.00,0.50,4,子图 运动命令 内部化学连接
13849557,1591270,chem,other,none,5.00,0.50,1,子图 运动命令 内部化学连接
13849557,3765735,chem,other,none,5.00,0.50,2,子图 运动命令 内部化学连接
13849557,3814701,chem,other,none,5.00,0.50,1,子图 运动命令 内部化学连接
13849557,5500958,chem,other,none,5.00,0.50,1,子图 运动命令 内部化学连接
13849557,5675990,chem,other,none,5.00,0.50,1,子图 运动命令 内部化学连接
13849557,5746180,chem,other,none,5.00,0.50,1,子图 运动命令 内部化学连接
13849557,7168356,chem,other,none,5.00,0.50,1,子图 运动命令 内部化学连接
13849557,7335439,chem,other,none,5.00,0.50,1,子图 运动命令 内部化学连接
13849557,7388340,chem,other,none,5.00,0.50,2,子图 运动命令 内部化学连接
13849557,8159396,chem,other,none,5.00,0.50,1,子图 运动命令 内部化学连接
13849557,8227502,chem,other,none,5.00,0.50,3,子图 运动命令 内部化学连接
13849557,9753494,chem,other,none,5.00,0.50,1,子图 运动命令 内部化学连接
13849557,10158972,chem,other,none,5.00,0.50,1,子图 运动命令 内部化学连接
13849557,11027071,chem,other,none,5.00,0.50,1,子图 运动命令 内部化学连接
13849557,13081886,chem,other,none,5.00,0.50,8,子图 运动命令 内部化学连接
13849557,13395814,chem,other,none,5.00,0.50,1,子图 运动命令 内部化学连接
13849557,13713529,chem,other,none,5.00,0.50,5,子图 运动命令 内部化学连接
13849557,13968203,chem,other,none,5.00,0.50,4,子图 运动命令 内部化学连接
13849557,14154154,chem,other,none,5.00,0.50,1,子图 运动命令 内部化学连接
13849557,14334367,chem,other,none,5.00,0.50,2,子图 运动命令 内部化学连接
13849557,15585114,chem,other,none,5.00,0.50,1,子图 运动命令 内部化学连接
13849557,16884962,chem,other,none,5.00,0.50,1,子图 运动命令 内部化学连接
13849557,16928740,chem,other,none,5.00,0.50,1,子图 运动命令 内部化学连接
13849557,17176927,chem,other,none,5.00,0.50,3,子图 运动命令 内部化学连接
13849557,17304269,chem,other,none,5.00,0.50,2,子图 运动命令 内部化学连接
13849557,17355872,chem,other,none,5.00,0.50,1,子图 运动命令 内部化学连接
13849557,17659219,chem,other,none,5.00,0.50,1,子图 运动命令 内部化学连接
13849557,18644088,chem,other,none,5.00,0.50,1,子图 运动命令 内部化学连接
13849557,19156025,chem,other,none,5.00,0.50,1,子图 运动命令 内部化学连接
13854190,3414508,chem,other,none,5.00,0.50,2,子图 运动命令 内部化学连接
13854190,3498479,chem,other,none,5.00,0.50,4,子图 运动命令 内部化学连接
13854190,4901087,chem,other,none,5.00,0.50,1,子图 运动命令 内部化学连接
13854190,7130033,chem,other,none,5.00,0.50,1,子图 运动命令 内部化学连接
13854190,9428865,chem,other,none,5.00,0.50,8,子图 运动命令 内部化学连接
13854190,10059655,chem,other,none,5.00,0.50,5,子图 运动命令 内部化学连接
13854190,11217208,chem,other,none,5.00,0.50,1,子图 运动命令 内部化学连接
13854190,11639192,chem,other,none,5.00,0.50,1,子图 运动命令 内部化学连接
13948718,2979675,chem,other,none,5.00,0.50,1,子图 运动命令 内部化学连接
13948718,3149791,chem,other,none,5.00,0.50,2,子图 运动命令 内部化学连接
13948718,4127926,chem,other,none,5.00,0.50,1,子图 运动命令 内部化学连接
13948718,5134110,chem,other,none,5.00,0.50,2,子图 运动命令 内部化学连接
13948718,5680013,chem,other,none,5.00,0.50,5,子图 运动命令 内部化学连接
13948718,5684940,chem,other,none,5.00,0.50,2,子图 运动命令 内部化学连接
13948718,5754346,chem,other,none,5.00,0.50,4,子图 运动命令 内部化学连接
13948718,5763407,chem,other,none,5.00,0.50,3,子图 运动命令 内部化学连接
13948718,6572414,chem,other,none,5.00,0.50,6,子图 运动命令 内部化学连接
13948718,9643439,chem,other,none,5.00,0.50,2,子图 运动命令 内部化学连接
13948718,10609443,chem,other,none,5.00,0.50,5,子图 运动命令 内部化学连接
13948718,10842047,chem,other,none,5.00,0.50,2,子图 运动命令 内部化学连接
13948718,10922928,chem,other,none,5.00,0.50,1,子图 运动命令 内部化学连接
13948718,15365184,chem,other,none,5.00,0.50,1,子图 运动命令 内部化学连接
13948718,15588711,chem,other,none,5.00,0.50,1,子图 运动命令 内部化学连接
13948718,17360022,chem,other,none,5.00,0.50,1,子图 运动命令 内部化学连接
13948718,17360038,chem,other,none,5.00,0.50,5,子图 运动命令 内部化学连接
13948718,17378483,chem,other,none,5.00,0.50,1,子图 运动命令 内部化学连接
13948718,17728922,chem,other,none,5.00,0.50,1,子图 运动命令 内部化学连接
13948718,17804729,chem,other,none,5.00,0.50,2,子图 运动命令 内部化学连接
13948718,18133444,chem,other,none,5.00,0.50,1,子图 运动命令 内部化学连接
13953184,3765735,chem,other,none,5.00,0.50,1,子图 运动命令 内部化学连接
13953184,8271875,chem,other,none,5.00,0.50,1,子图 运动命令 内部化学连接
13953184,8357933,chem,other,none,5.00,0.50,1,子图 运动命令 内部化学连接
13953184,10756813,chem,other,none,5.00,0.50,1,子图 运动命令 内部化学连接
13953184,10918898,chem,other,none,5.00,0.50,1,子图 运动命令 内部化学连接
13953184,11841664,chem,other,none,5.00,0.50,1,子图 运动命令 内部化学连接
13953184,13763548,chem,other,none,5.00,0.50,1,子图 运动命令 内部化学连接
13953184,14334367,chem,other,none,5.00,0.50,1,子图 运动命令 内部化学连接
13953184,16361363,chem,other,none,5.00,0.50,11,子图 运动命令 内部化学连接
13953184,16471422,chem,other,none,5.00,0.50,1,子图 运动命令 内部化学连接
13953184,16852589,chem,other,none,5.00,0.50,1,子图 运动命令 内部化学连接
13953184,17435815,chem,other,none,5.00,0.50,1,子图 运动命令 内部化学连接
13953184,17809869,chem,other,none,5.00,0.50,1,子图 运动命令 内部化学连接
13953184,18566361,chem,other,none,5.00,0.50,2,子图 运动命令 内部化学连接
13968203,869360,chem,other,none,5.00,0.50,2,子图 运动命令 内部化学连接
13968203,4116174,chem,other,none,5.00,0.50,7,子图 运动命令 内部化学连接
13968203,8159396,chem,other,none,5.00,0.50,1,子图 运动命令 内部化学连接
13968203,10865025,chem,other,none,5.00,0.50,1,子图 运动命令 内部化学连接
13968203,13968203,chem,other,none,5.00,0.50,2,子图 运动命令 内部化学连接
13968203,17304269,chem,other,none,5.00,0.50,1,子图 运动命令 内部化学连接
14034206,2138427,chem,other,none,5.00,0.50,1,子图 运动命令 内部化学连接
14034206,2260755,chem,other,none,5.00,0.50,1,子图 运动命令 内部化学连接
14034206,3044500,chem,other,none,5.00,0.50,2,子图 运动命令 内部化学连接
14034206,3620633,chem,other,none,5.00,0.50,3,子图 运动命令 内部化学连接
14034206,3729496,chem,other,none,5.00,0.50,1,子图 运动命令 内部化学连接
14034206,3764792,chem,other,none,5.00,0.50,1,子图 运动命令 内部化学连接
14034206,3946166,chem,other,none,5.00,0.50,1,子图 运动命令 内部化学连接
14034206,4215611,chem,other,none,5.00,0.50,8,子图 运动命令 内部化学连接
14034206,5615961,chem,other,none,5.00,0.50,1,子图 运动命令 内部化学连接
14034206,7569260,chem,other,none,5.00,0.50,1,子图 运动命令 内部化学连接
14034206,10781924,chem,other,none,5.00,0.50,1,子图 运动命令 内部化学连接
14034206,15517247,chem,other,none,5.00,0.50,1,子图 运动命令 内部化学连接
14034206,15639216,chem,other,none,5.00,0.50,1,子图 运动命令 内部化学连接
14034206,16468935,chem,other,none,5.00,0.50,4,子图 运动命令 内部化学连接
14034206,16571210,chem,other,none,5.00,0.50,2,子图 运动命令 内部化学连接
14034311,3027876,chem,other,none,5.00,0.50,3,子图 运动命令 内部化学连接
14034311,3044500,chem,other,none,5.00,0.50,3,子图 运动命令 内部化学连接
14034311,3149791,chem,other,none,5.00,0.50,1,子图 运动命令 内部化学连接
14034311,3414508,chem,other,none,5.00,0.50,8,子图 运动命令 内部化学连接
14034311,3620633,chem,other,none,5.00,0.50,3,子图 运动命令 内部化学连接
14034311,3946166,chem,other,none,5.00,0.50,3,子图 运动命令 内部化学连接
14034311,5010581,chem,other,none,5.00,0.50,4,子图 运动命令 内部化学连接
14034311,5319633,chem,other,none,5.00,0.50,2,子图 运动命令 内部化学连接
14034311,6554358,chem,other,none,5.00,0.50,9,子图 运动命令 内部化学连接
14034311,7130033,chem,other,none,5.00,0.50,2,子图 运动命令 内部化学连接
14034311,10100020,chem,other,none,5.00,0.50,1,子图 运动命令 内部化学连接
14034311,10781924,chem,other,none,5.00,0.50,9,子图 运动命令 内部化学连接
14034311,11639192,chem,other,none,5.00,0.50,1,子图 运动命令 内部化学连接
14034311,14034206,chem,other,none,5.00,0.50,11,子图 运动命令 内部化学连接
14034311,19048289,chem,other,none,5.00,0.50,1,子图 运动命令 内部化学连接
14154154,3729496,chem,other,none,5.00,0.50,1,子图 运动命令 内部化学连接
14154154,3944330,chem,other,none,5.00,0.50,1,子图 运动命令 内部化学连接
14154154,10221622,chem,other,none,5.00,0.50,1,子图 运动命令 内部化学连接
14154154,13167025,chem,other,none,5.00,0.50,1,子图 运动命令 内部化学连接
14154154,13674287,chem,other,none,5.00,0.50,6,子图 运动命令 内部化学连接
14241490,4812481,chem,other,none,5.00,0.50,9,子图 运动命令 内部化学连接
14241490,5162462,chem,other,none,5.00,0.50,6,子图 运动命令 内部化学连接
14241490,5856647,chem,other,none,5.00,0.50,1,子图 运动命令 内部化学连接
14241490,5993765,chem,other,none,5.00,0.50,11,子图 运动命令 内部化学连接
14241490,5995125,chem,other,none,5.00,0.50,16,子图 运动命令 内部化学连接
14241490,6049565,chem,other,none,5.00,0.50,1,子图 运动命令 内部化学连接
14241490,12420898,chem,other,none,5.00,0.50,2,子图 运动命令 内部化学连接
14241490,14039007,chem,other,none,5.00,0.50,2,子图 运动命令 内部化学连接
14241490,15674282,chem,other,none,5.00,0.50,1,子图 运动命令 内部化学连接
14241490,15732497,chem,other,none,5.00,0.50,9,子图 运动命令 内部化学连接
14241490,15934458,chem,other,none,5.00,0.50,2,子图 运动命令 内部化学连接
14241490,16154290,chem,other,none,5.00,0.50,1,子图 运动命令 内部化学连接
14241490,16327998,chem,other,none,5.00,0.50,1,子图 运动命令 内部化学连接
14241490,16443509,chem,other,none,5.00,0.50,2,子图 运动命令 内部化学连接
14241490,16635345,chem,other,none,5.00,0.50,4,子图 运动命令 内部化学连接
14241490,16851577,chem,other,none,5.00,0.50,2,子图 运动命令 内部化学连接
14241490,16910799,chem,other,none,5.00,0.50,1,子图 运动命令 内部化学连接
14241490,16913476,chem,other,none,5.00,0.50,1,子图 运动命令 内部化学连接
14241490,16924423,chem,other,none,5.00,0.50,1,子图 运动命令 内部化学连接
14241490,16950354,chem,other,none,5.00,0.50,3,子图 运动命令 内部化学连接
14241490,16952642,chem,other,none,5.00,0.50,3,子图 运动命令 内部化学连接
14241490,16952691,chem,other,none,5.00,0.50,1,子图 运动命令 内部化学连接
14241490,17173852,chem,other,none,5.00,0.50,1,子图 运动命令 内部化学连接
14241490,17380319,chem,other,none,5.00,0.50,1,子图 运动命令 内部化学连接
14241490,17660233,chem,other,none,5.00,0.50,1,子图 运动命令 内部化学连接
14241490,17809869,chem,other,none,5.00,0.50,3,子图 运动命令 内部化学连接
14241490,18058793,chem,other,none,5.00,0.50,1,子图 运动命令 内部化学连接
14241490,18076102,chem,other,none,5.00,0.50,1,子图 运动命令 内部化学连接
14241490,18500988,chem,other,none,5.00,0.50,1,子图 运动命令 内部化学连接
14241490,19092010,chem,other,none,5.00,0.50,1,子图 运动命令 内部化学连接
14241490,19361427,chem,other,none,5.00,0.50,5,子图 运动命令 内部化学连接
14334367,2650887,chem,other,none,5.00,0.50,8,子图 运动命令 内部化学连接
14334367,4228105,chem,other,none,5.00,0.50,1,子图 运动命令 内部化学连接
14334367,4311241,chem,other,none,5.00,0.50,22,子图 运动命令 内部化学连接
14334367,5162462,chem,other,none,5.00,0.50,1,子图 运动命令 内部化学连接
14334367,5794678,chem,other,none,5.00,0.50,1,子图 运动命令 内部化学连接
14334367,5859372,chem,other,none,5.00,0.50,4,子图 运动命令 内部化学连接
14334367,5935744,chem,other,none,5.00,0.50,24,子图 运动命令 内部化学连接
14334367,6049565,chem,other,none,5.00,0.50,20,子图 运动命令 内部化学连接
14334367,6188181,chem,other,none,5.00,0.50,10,子图 运动命令 内部化学连接
14334367,6190181,chem,other,none,5.00,0.50,2,子图 运动命令 内部化学连接
14334367,6193472,chem,other,none,5.00,0.50,1,子图 运动命令 内部化学连接
14334367,6610913,chem,other,none,5.00,0.50,1,子图 运动命令 内部化学连接
14334367,7371184,chem,other,none,5.00,0.50,2,子图 运动命令 内部化学连接
14334367,8357933,chem,other,none,5.00,0.50,2,子图 运动命令 内部化学连接
14334367,8496618,chem,other,none,5.00,0.50,1,子图 运动命令 内部化学连接
14334367,8801715,chem,other,none,5.00,0.50,2,子图 运动命令 内部化学连接
14334367,8801736,chem,other,none,5.00,0.50,24,子图 运动命令 内部化学连接
14334367,8993049,chem,other,none,5.00,0.50,1,子图 运动命令 内部化学连接
14334367,9068024,chem,other,none,5.00,0.50,1,子图 运动命令 内部化学连接
14334367,9235545,chem,other,none,5.00,0.50,1,子图 运动命令 内部化学连接
14334367,9384504,chem,other,none,5.00,0.50,18,子图 运动命令 内部化学连接
14334367,9519425,chem,other,none,5.00,0.50,2,子图 运动命令 内部化学连接
14334367,9612903,chem,other,none,5.00,0.50,8,子图 运动命令 内部化学连接
14334367,9961098,chem,other,none,5.00,0.50,11,子图 运动命令 内部化学连接
14334367,10017944,chem,other,none,5.00,0.50,6,子图 运动命令 内部化学连接
14334367,10355356,chem,other,none,5.00,0.50,1,子图 运动命令 内部化学连接
14334367,10473853,chem,other,none,5.00,0.50,1,子图 运动命令 内部化学连接
14334367,10758204,chem,other,none,5.00,0.50,10,子图 运动命令 内部化学连接
14334367,10855798,chem,other,none,5.00,0.50,2,子图 运动命令 内部化学连接
14334367,10964258,chem,other,none,5.00,0.50,1,子图 运动命令 内部化学连接
14334367,11303036,chem,other,none,5.00,0.50,5,子图 运动命令 内部化学连接
14334367,11841664,chem,other,none,5.00,0.50,1,子图 运动命令 内部化学连接
14334367,12962772,chem,other,none,5.00,0.50,1,子图 运动命令 内部化学连接
14334367,13028455,chem,other,none,5.00,0.50,2,子图 运动命令 内部化学连接
14334367,13081886,chem,other,none,5.00,0.50,1,子图 运动命令 内部化学连接
14334367,13764822,chem,other,none,5.00,0.50,7,子图 运动命令 内部化学连接
14334367,13834125,chem,other,none,5.00,0.50,1,子图 运动命令 内部化学连接
14334367,13953184,chem,other,none,5.00,0.50,4,子图 运动命令 内部化学连接
14334367,14241490,chem,other,none,5.00,0.50,10,子图 运动命令 内部化学连接
14334367,14334367,chem,other,none,5.00,0.50,2,子图 运动命令 内部化学连接
14334367,15155348,chem,other,none,5.00,0.50,1,子图 运动命令 内部化学连接
14334367,15516413,chem,other,none,5.00,0.50,1,子图 运动命令 内部化学连接
14334367,16327998,chem,other,none,5.00,0.50,3,子图 运动命令 内部化学连接
14334367,16361363,chem,other,none,5.00,0.50,1,子图 运动命令 内部化学连接
14334367,16471422,chem,other,none,5.00,0.50,1,子图 运动命令 内部化学连接
14334367,16547292,chem,other,none,5.00,0.50,77,子图 运动命令 内部化学连接
14334367,16560178,chem,other,none,5.00,0.50,4,子图 运动命令 内部化学连接
14334367,16617920,chem,other,none,5.00,0.50,1,子图 运动命令 内部化学连接
14334367,16635345,chem,other,none,5.00,0.50,3,子图 运动命令 内部化学连接
14334367,16667306,chem,other,none,5.00,0.50,1,子图 运动命令 内部化学连接
14334367,16667592,chem,other,none,5.00,0.50,1,子图 运动命令 内部化学连接
14334367,16910799,chem,other,none,5.00,0.50,1,子图 运动命令 内部化学连接
14334367,16913476,chem,other,none,5.00,0.50,17,子图 运动命令 内部化学连接
14334367,16924423,chem,other,none,5.00,0.50,8,子图 运动命令 内部化学连接
14334367,16937395,chem,other,none,5.00,0.50,7,子图 运动命令 内部化学连接
14334367,17083341,chem,other,none,5.00,0.50,5,子图 运动命令 内部化学连接
14334367,17110007,chem,other,none,5.00,0.50,27,子图 运动命令 内部化学连接
14334367,17353986,chem,other,none,5.00,0.50,1,子图 运动命令 内部化学连接
14334367,17357979,chem,other,none,5.00,0.50,1,子图 运动命令 内部化学连接
14334367,17360404,chem,other,none,5.00,0.50,1,子图 运动命令 内部化学连接
14334367,17380319,chem,other,none,5.00,0.50,1,子图 运动命令 内部化学连接
14334367,17535542,chem,other,none,5.00,0.50,10,子图 运动命令 内部化学连接
14334367,17813457,chem,other,none,5.00,0.50,2,子图 运动命令 内部化学连接
14334367,17897230,chem,other,none,5.00,0.50,1,子图 运动命令 内部化学连接
14334367,18267838,chem,other,none,5.00,0.50,1,子图 运动命令 内部化学连接
14334367,18500988,chem,other,none,5.00,0.50,1,子图 运动命令 内部化学连接
14334367,18545747,chem,other,none,5.00,0.50,3,子图 运动命令 内部化学连接
14334367,18644088,chem,other,none,5.00,0.50,1,子图 运动命令 内部化学连接
14334367,19046339,chem,other,none,5.00,0.50,1,子图 运动命令 内部化学连接
14334367,19091995,chem,other,none,5.00,0.50,17,子图 运动命令 内部化学连接
14334367,19361427,chem,other,none,5.00,0.50,1,子图 运动命令 内部化学连接
14374534,4966994,chem,other,none,5.00,0.50,1,子图 运动命令 内部化学连接
14374534,6153877,chem,other,none,5.00,0.50,3,子图 运动命令 内部化学连接
14374534,6190181,chem,other,none,5.00,0.50,14,子图 运动命令 内部化学连接
14374534,6610913,chem,other,none,5.00,0.50,3,子图 运动命令 内部化学连接
14374534,9714476,chem,other,none,5.00,0.50,1,子图 运动命令 内部化学连接
14374534,10964258,chem,other,none,5.00,0.50,1,子图 运动命令 内部化学连接
14374534,11362334,chem,other,none,5.00,0.50,2,子图 运动命令 内部化学连接
14374534,11625573,chem,other,none,5.00,0.50,1,子图 运动命令 内部化学连接
14374534,13557064,chem,other,none,5.00,0.50,1,子图 运动命令 内部化学连接
14374534,13727202,chem,other,none,5.00,0.50,5,子图 运动命令 内部化学连接
14374534,13953184,chem,other,none,5.00,0.50,4,子图 运动命令 内部化学连接
14374534,14334367,chem,other,none,5.00,0.50,20,子图 运动命令 内部化学连接
14374534,14588375,chem,other,none,5.00,0.50,1,子图 运动命令 内部化学连接
14374534,15155348,chem,other,none,5.00,0.50,1,子图 运动命令 内部化学连接
14374534,15539984,chem,other,none,5.00,0.50,1,子图 运动命令 内部化学连接
14374534,16339338,chem,other,none,5.00,0.50,1,子图 运动命令 内部化学连接
14374534,16361363,chem,other,none,5.00,0.50,1,子图 运动命令 内部化学连接
14374534,16471422,chem,other,none,5.00,0.50,8,子图 运动命令 内部化学连接
14374534,16709072,chem,other,none,5.00,0.50,1,子图 运动命令 内部化学连接
14374534,17357979,chem,other,none,5.00,0.50,2,子图 运动命令 内部化学连接
14374534,17435815,chem,other,none,5.00,0.50,1,子图 运动命令 内部化学连接
14374534,18500988,chem,other,none,5.00,0.50,1,子图 运动命令 内部化学连接
14374534,18545747,chem,other,none,5.00,0.50,1,子图 运动命令 内部化学连接
14437742,3539170,chem,other,none,5.00,0.50,1,子图 运动命令 内部化学连接
14437742,6143930,chem,other,none,5.00,0.50,1,子图 运动命令 内部化学连接
14437742,11105182,chem,other,none,5.00,0.50,3,子图 运动命令 内部化学连接
14437742,17062823,chem,other,none,5.00,0.50,1,子图 运动命令 内部化学连接
14437742,17355745,chem,other,none,5.00,0.50,11,子图 运动命令 内部化学连接
14437742,17356450,chem,other,none,5.00,0.50,1,子图 运动命令 内部化学连接
14437742,17356454,chem,other,none,5.00,0.50,3,子图 运动命令 内部化学连接
14492757,1646076,chem,other,none,5.00,0.50,2,子图 运动命令 内部化学连接
14492757,3010486,chem,other,none,5.00,0.50,6,子图 运动命令 内部化学连接
14492757,3021609,chem,other,none,5.00,0.50,1,子图 运动命令 内部化学连接
14492757,3044500,chem,other,none,5.00,0.50,3,子图 运动命令 内部化学连接
14492757,3595837,chem,other,none,5.00,0.50,1,子图 运动命令 内部化学连接
14492757,3620633,chem,other,none,5.00,0.50,1,子图 运动命令 内部化学连接
14492757,3979181,chem,other,none,5.00,0.50,2,子图 运动命令 内部化学连接
14492757,5805651,chem,other,none,5.00,0.50,4,子图 运动命令 内部化学连接
14492757,5893912,chem,other,none,5.00,0.50,10,子图 运动命令 内部化学连接
14492757,5895651,chem,other,none,5.00,0.50,6,子图 运动命令 内部化学连接
14492757,5993001,chem,other,none,5.00,0.50,3,子图 运动命令 内部化学连接
14492757,7025064,chem,other,none,5.00,0.50,1,子图 运动命令 内部化学连接
14492757,8161148,chem,other,none,5.00,0.50,1,子图 运动命令 内部化学连接
14492757,8496618,chem,other,none,5.00,0.50,4,子图 运动命令 内部化学连接
14492757,8571259,chem,other,none,5.00,0.50,3,子图 运动命令 内部化学连接
14492757,9237734,chem,other,none,5.00,0.50,1,子图 运动命令 内部化学连接
14492757,9429085,chem,other,none,5.00,0.50,1,子图 运动命令 内部化学连接
14492757,9753494,chem,other,none,5.00,0.50,1,子图 运动命令 内部化学连接
14492757,10238739,chem,other,none,5.00,0.50,7,子图 运动命令 内部化学连接
14492757,10240382,chem,other,none,5.00,0.50,2,子图 运动命令 内部化学连接
14492757,10553248,chem,other,none,5.00,0.50,16,子图 运动命令 内部化学连接
14492757,10728318,chem,other,none,5.00,0.50,1,子图 运动命令 内部化学连接
14492757,10728328,chem,other,none,5.00,0.50,2,子图 运动命令 内部化学连接
14492757,10728333,chem,other,none,5.00,0.50,5,子图 运动命令 内部化学连接
14492757,10781924,chem,other,none,5.00,0.50,4,子图 运动命令 内部化学连接
14492757,10921106,chem,other,none,5.00,0.50,11,子图 运动命令 内部化学连接
14492757,11027071,chem,other,none,5.00,0.50,9,子图 运动命令 内部化学连接
14492757,11217208,chem,other,none,5.00,0.50,2,子图 运动命令 内部化学连接
14492757,12420377,chem,other,none,5.00,0.50,5,子图 运动命令 内部化学连接
14492757,12474164,chem,other,none,5.00,0.50,1,子图 运动命令 内部化学连接
14492757,12935706,chem,other,none,5.00,0.50,1,子图 运动命令 内部化学连接
14492757,13557064,chem,other,none,5.00,0.50,3,子图 运动命令 内部化学连接
14492757,13727202,chem,other,none,5.00,0.50,5,子图 运动命令 内部化学连接
14492757,13749806,chem,other,none,5.00,0.50,1,子图 运动命令 内部化学连接
14492757,13764822,chem,other,none,5.00,0.50,1,子图 运动命令 内部化学连接
14492757,13834125,chem,other,none,5.00,0.50,4,子图 运动命令 内部化学连接
14492757,14492757,chem,other,none,5.00,0.50,1,子图 运动命令 内部化学连接
14492757,14492880,chem,other,none,5.00,0.50,11,子图 运动命令 内部化学连接
14492757,14621584,chem,other,none,5.00,0.50,3,子图 运动命令 内部化学连接
14492757,14656798,chem,other,none,5.00,0.50,4,子图 运动命令 内部化学连接
14492757,14726069,chem,other,none,5.00,0.50,2,子图 运动命令 内部化学连接
14492757,15055590,chem,other,none,5.00,0.50,13,子图 运动命令 内部化学连接
14492757,15467736,chem,other,none,5.00,0.50,8,子图 运动命令 内部化学连接
14492757,15610774,chem,other,none,5.00,0.50,4,子图 运动命令 内部化学连接
14492757,15792643,chem,other,none,5.00,0.50,4,子图 运动命令 内部化学连接
14492757,15800115,chem,other,none,5.00,0.50,2,子图 运动命令 内部化学连接
14492757,16167914,chem,other,none,5.00,0.50,11,子图 运动命令 内部化学连接
14492757,16195633,chem,other,none,5.00,0.50,3,子图 运动命令 内部化学连接
14492757,16388736,chem,other,none,5.00,0.50,4,子图 运动命令 内部化学连接
14492757,16468935,chem,other,none,5.00,0.50,1,子图 运动命令 内部化学连接
14492757,16851791,chem,other,none,5.00,0.50,1,子图 运动命令 内部化学连接
14492757,16852421,chem,other,none,5.00,0.50,3,子图 运动命令 内部化学连接
14492757,16950354,chem,other,none,5.00,0.50,2,子图 运动命令 内部化学连接
14492757,17022668,chem,other,none,5.00,0.50,4,子图 运动命令 内部化学连接
14492757,17087885,chem,other,none,5.00,0.50,6,子图 运动命令 内部化学连接
14492757,17165755,chem,other,none,5.00,0.50,1,子图 运动命令 内部化学连接
14492757,17324711,chem,other,none,5.00,0.50,1,子图 运动命令 内部化学连接
14492757,17355864,chem,other,none,5.00,0.50,1,子图 运动命令 内部化学连接
14492757,17379420,chem,other,none,5.00,0.50,2,子图 运动命令 内部化学连接
14492757,17454636,chem,other,none,5.00,0.50,1,子图 运动命令 内部化学连接
14492757,17466463,chem,other,none,5.00,0.50,7,子图 运动命令 内部化学连接
14492757,18464581,chem,other,none,5.00,0.50,4,子图 运动命令 内部化学连接
14492757,19048289,chem,other,none,5.00,0.50,1,子图 运动命令 内部化学连接
14492757,20421224,chem,other,none,5.00,0.50,12,子图 运动命令 内部化学连接
14492880,3044500,chem,other,none,5.00,0.50,1,子图 运动命令 内部化学连接
14492880,5164129,chem,other,none,5.00,0.50,2,子图 运动命令 内部化学连接
14492880,5786898,chem,other,none,5.00,0.50,2,子图 运动命令 内部化学连接
14492880,5805651,chem,other,none,5.00,0.50,1,子图 运动命令 内部化学连接
14492880,5893912,chem,other,none,5.00,0.50,2,子图 运动命令 内部化学连接
14492880,5993001,chem,other,none,5.00,0.50,3,子图 运动命令 内部化学连接
14492880,8161148,chem,other,none,5.00,0.50,14,子图 运动命令 内部化学连接
14492880,8496618,chem,other,none,5.00,0.50,7,子图 运动命令 内部化学连接
14492880,9565674,chem,other,none,5.00,0.50,1,子图 运动命令 内部化学连接
14492880,10276161,chem,other,none,5.00,0.50,1,子图 运动命令 内部化学连接
14492880,10728328,chem,other,none,5.00,0.50,5,子图 运动命令 内部化学连接
14492880,10728333,chem,other,none,5.00,0.50,9,子图 运动命令 内部化学连接
14492880,10781924,chem,other,none,5.00,0.50,2,子图 运动命令 内部化学连接
14492880,11625573,chem,other,none,5.00,0.50,1,子图 运动命令 内部化学连接
14492880,12474164,chem,other,none,5.00,0.50,3,子图 运动命令 内部化学连接
14492880,13557064,chem,other,none,5.00,0.50,8,子图 运动命令 内部化学连接
14492880,13713529,chem,other,none,5.00,0.50,1,子图 运动命令 内部化学连接
14492880,13727202,chem,other,none,5.00,0.50,2,子图 运动命令 内部化学连接
14492880,13763548,chem,other,none,5.00,0.50,1,子图 运动命令 内部化学连接
14492880,13764822,chem,other,none,5.00,0.50,1,子图 运动命令 内部化学连接
14492880,13834125,chem,other,none,5.00,0.50,9,子图 运动命令 内部化学连接
14492880,14034206,chem,other,none,5.00,0.50,1,子图 运动命令 内部化学连接
14492880,14492757,chem,other,none,5.00,0.50,1,子图 运动命令 内部化学连接
14492880,14492880,chem,other,none,5.00,0.50,2,子图 运动命令 内部化学连接
14492880,14621584,chem,other,none,5.00,0.50,7,子图 运动命令 内部化学连接
14492880,14656798,chem,other,none,5.00,0.50,3,子图 运动命令 内部化学连接
14492880,14726069,chem,other,none,5.00,0.50,2,子图 运动命令 内部化学连接
14492880,15610774,chem,other,none,5.00,0.50,1,子图 运动命令 内部化学连接
14492880,15672269,chem,other,none,5.00,0.50,1,子图 运动命令 内部化学连接
14492880,16195633,chem,other,none,5.00,0.50,2,子图 运动命令 内部化学连接
14492880,16340977,chem,other,none,5.00,0.50,2,子图 运动命令 内部化学连接
14492880,16388736,chem,other,none,5.00,0.50,1,子图 运动命令 内部化学连接
14492880,16578252,chem,other,none,5.00,0.50,1,子图 运动命令 内部化学连接
14492880,16714214,chem,other,none,5.00,0.50,1,子图 运动命令 内部化学连接
14492880,16950354,chem,other,none,5.00,0.50,1,子图 运动命令 内部化学连接
14492880,17247877,chem,other,none,5.00,0.50,2,子图 运动命令 内部化学连接
14492880,17324711,chem,other,none,5.00,0.50,2,子图 运动命令 内部化学连接
14492880,17355864,chem,other,none,5.00,0.50,1,子图 运动命令 内部化学连接
14492880,17379420,chem,other,none,5.00,0.50,3,子图 运动命令 内部化学连接
14492880,17466463,chem,other,none,5.00,0.50,1,子图 运动命令 内部化学连接
14492880,17589475,chem,other,none,5.00,0.50,1,子图 运动命令 内部化学连接
14492880,17755491,chem,other,none,5.00,0.50,2,子图 运动命令 内部化学连接
14492880,17762417,chem,other,none,5.00,0.50,2,子图 运动命令 内部化学连接
14492880,18464581,chem,other,none,5.00,0.50,3,子图 运动命令 内部化学连接
14492880,19190681,chem,other,none,5.00,0.50,2,子图 运动命令 内部化学连接
14501257,1065967,chem,other,none,5.00,0.50,3,子图 运动命令 内部化学连接
14501257,2659504,chem,other,none,5.00,0.50,1,子图 运动命令 内部化学连接
14501257,3021609,chem,other,none,5.00,0.50,5,子图 运动命令 内部化学连接
14501257,3765735,chem,other,none,5.00,0.50,10,子图 运动命令 内部化学连接
14501257,4876839,chem,other,none,5.00,0.50,1,子图 运动命令 内部化学连接
14501257,5162462,chem,other,none,5.00,0.50,1,子图 运动命令 内部化学连接
14501257,5369028,chem,other,none,5.00,0.50,1,子图 运动命令 内部化学连接
14501257,5805651,chem,other,none,5.00,0.50,1,子图 运动命令 内部化学连接
14501257,5936935,chem,other,none,5.00,0.50,1,子图 运动命令 内部化学连接
14501257,6143930,chem,other,none,5.00,0.50,11,子图 运动命令 内部化学连接
14501257,6609380,chem,other,none,5.00,0.50,1,子图 运动命令 内部化学连接
14501257,7590264,chem,other,none,5.00,0.50,2,子图 运动命令 内部化学连接
14501257,7982307,chem,other,none,5.00,0.50,1,子图 运动命令 内部化学连接
14501257,8127390,chem,other,none,5.00,0.50,9,子图 运动命令 内部化学连接
14501257,9034378,chem,other,none,5.00,0.50,1,子图 运动命令 内部化学连接
14501257,9077224,chem,other,none,5.00,0.50,2,子图 运动命令 内部化学连接
14501257,9753494,chem,other,none,5.00,0.50,6,子图 运动命令 内部化学连接
14501257,12030078,chem,other,none,5.00,0.50,15,子图 运动命令 内部化学连接
14501257,13242252,chem,other,none,5.00,0.50,2,子图 运动命令 内部化学连接
14501257,13652117,chem,other,none,5.00,0.50,4,子图 运动命令 内部化学连接
14501257,14656798,chem,other,none,5.00,0.50,1,子图 运动命令 内部化学连接
14501257,14753815,chem,other,none,5.00,0.50,1,子图 运动命令 内部化学连接
14501257,14756061,chem,other,none,5.00,0.50,3,子图 运动命令 内部化学连接
14501257,15481779,chem,other,none,5.00,0.50,11,子图 运动命令 内部化学连接
14501257,15601640,chem,other,none,5.00,0.50,1,子图 运动命令 内部化学连接
14501257,15688523,chem,other,none,5.00,0.50,1,子图 运动命令 内部化学连接
14501257,16340011,chem,other,none,5.00,0.50,1,子图 运动命令 内部化学连接
14501257,16340461,chem,other,none,5.00,0.50,1,子图 运动命令 内部化学连接
14501257,17378648,chem,other,none,5.00,0.50,4,子图 运动命令 内部化学连接
14501257,17455871,chem,other,none,5.00,0.50,8,子图 运动命令 内部化学连接
14501257,17587726,chem,other,none,5.00,0.50,9,子图 运动命令 内部化学连接
14501257,17587730,chem,other,none,5.00,0.50,1,子图 运动命令 内部化学连接
14501257,17660233,chem,other,none,5.00,0.50,1,子图 运动命令 内部化学连接
14501257,17762417,chem,other,none,5.00,0.50,1,子图 运动命令 内部化学连接
14501257,19010160,chem,other,none,5.00,0.50,1,子图 运动命令 内部化学连接
14501257,19091995,chem,other,none,5.00,0.50,2,子图 运动命令 内部化学连接
14501257,20379247,chem,other,none,5.00,0.50,3,子图 运动命令 内部化学连接
14517691,869360,chem,other,none,5.00,0.50,1,子图 运动命令 内部化学连接
14517691,3797420,chem,other,none,5.00,0.50,1,子图 运动命令 内部化学连接
14517691,4541081,chem,other,none,5.00,0.50,1,子图 运动命令 内部化学连接
14517691,5478818,chem,other,none,5.00,0.50,3,子图 运动命令 内部化学连接
14517691,10865025,chem,other,none,5.00,0.50,1,子图 运动命令 内部化学连接
14517691,12335381,chem,other,none,5.00,0.50,1,子图 运动命令 内部化学连接
14517691,13380660,chem,other,none,5.00,0.50,4,子图 运动命令 内部化学连接
14519756,2988292,chem,other,none,5.00,0.50,4,子图 运动命令 内部化学连接
14519756,3060480,chem,other,none,5.00,0.50,2,子图 运动命令 内部化学连接
14519756,5680013,chem,other,none,5.00,0.50,1,子图 运动命令 内部化学连接
14519756,5688091,chem,other,none,5.00,0.50,2,子图 运动命令 内部化学连接
14519756,5690425,chem,other,none,5.00,0.50,1,子图 运动命令 内部化学连接
14519756,5754346,chem,other,none,5.00,0.50,7,子图 运动命令 内部化学连接
14519756,5763407,chem,other,none,5.00,0.50,1,子图 运动命令 内部化学连接
14519756,5764924,chem,other,none,5.00,0.50,16,子图 运动命令 内部化学连接
14519756,6572414,chem,other,none,5.00,0.50,6,子图 运动命令 内部化学连接
14519756,7227010,chem,other,none,5.00,0.50,1,子图 运动命令 内部化学连接
14519756,8347720,chem,other,none,5.00,0.50,1,子图 运动命令 内部化学连接
14519756,10345590,chem,other,none,5.00,0.50,2,子图 运动命令 内部化学连接
14519756,10527147,chem,other,none,5.00,0.50,3,子图 运动命令 内部化学连接
14519756,10609443,chem,other,none,5.00,0.50,2,子图 运动命令 内部化学连接
14519756,10728323,chem,other,none,5.00,0.50,7,子图 运动命令 内部化学连接
14519756,10842099,chem,other,none,5.00,0.50,2,子图 运动命令 内部化学连接
14519756,10915553,chem,other,none,5.00,0.50,2,子图 运动命令 内部化学连接
14519756,10922928,chem,other,none,5.00,0.50,2,子图 运动命令 内部化学连接
14519756,11079069,chem,other,none,5.00,0.50,4,子图 运动命令 内部化学连接
14519756,12279941,chem,other,none,5.00,0.50,1,子图 运动命令 内部化学连接
14519756,13948718,chem,other,none,5.00,0.50,3,子图 运动命令 内部化学连接
14519756,15365184,chem,other,none,5.00,0.50,1,子图 运动命令 内部化学连接
14519756,15638906,chem,other,none,5.00,0.50,1,子图 运动命令 内部化学连接
14519756,16096934,chem,other,none,5.00,0.50,1,子图 运动命令 内部化学连接
14519756,17360038,chem,other,none,5.00,0.50,4,子图 运动命令 内部化学连接
14519756,17732270,chem,other,none,5.00,0.50,12,子图 运动命令 内部化学连接
14519756,18133444,chem,other,none,5.00,0.50,2,子图 运动命令 内部化学连接
14519756,21300466,chem,other,none,5.00,0.50,1,子图 运动命令 内部化学连接
14539753,2648254,chem,other,none,5.00,0.50,1,子图 运动命令 内部化学连接
14539753,3044500,chem,other,none,5.00,0.50,1,子图 运动命令 内部化学连接
14539753,4227880,chem,other,none,5.00,0.50,1,子图 运动命令 内部化学连接
14539753,5319633,chem,other,none,5.00,0.50,3,子图 运动命令 内部化学连接
14539753,5794678,chem,other,none,5.00,0.50,5,子图 运动命令 内部化学连接
14539753,5893912,chem,other,none,5.00,0.50,2,子图 运动命令 内部化学连接
14539753,5995125,chem,other,none,5.00,0.50,1,子图 运动命令 内部化学连接
14539753,6702943,chem,other,none,5.00,0.50,3,子图 运动命令 内部化学连接
14539753,13411445,chem,other,none,5.00,0.50,3,子图 运动命令 内部化学连接
14539753,13722900,chem,other,none,5.00,0.50,1,子图 运动命令 内部化学连接
14539753,13764822,chem,other,none,5.00,0.50,2,子图 运动命令 内部化学连接
14539753,14501257,chem,other,none,5.00,0.50,2,子图 运动命令 内部化学连接
14539753,14539753,chem,other,none,5.00,0.50,1,子图 运动命令 内部化学连接
14539753,14656798,chem,other,none,5.00,0.50,4,子图 运动命令 内部化学连接
14539753,15589738,chem,other,none,5.00,0.50,1,子图 运动命令 内部化学连接
14539753,15674282,chem,other,none,5.00,0.50,3,子图 运动命令 内部化学连接
14539753,16617920,chem,other,none,5.00,0.50,2,子图 运动命令 内部化学连接
14539753,16852421,chem,other,none,5.00,0.50,3,子图 运动命令 内部化学连接
14539753,17355864,chem,other,none,5.00,0.50,1,子图 运动命令 内部化学连接
14579509,2669844,chem,other,none,5.00,0.50,1,子图 运动命令 内部化学连接
14579509,3027876,chem,other,none,5.00,0.50,1,子图 运动命令 内部化学连接
14579509,4847079,chem,other,none,5.00,0.50,2,子图 运动命令 内部化学连接
14579509,5319633,chem,other,none,5.00,0.50,3,子图 运动命令 内部化学连接
14579509,5730322,chem,other,none,5.00,0.50,1,子图 运动命令 内部化学连接
14579509,5936935,chem,other,none,5.00,0.50,2,子图 运动命令 内部化学连接
14579509,5995125,chem,other,none,5.00,0.50,2,子图 运动命令 内部化学连接
14579509,7439913,chem,other,none,5.00,0.50,2,子图 运动命令 内部化学连接
14579509,9116228,chem,other,none,5.00,0.50,6,子图 运动命令 内部化学连接
14579509,10596949,chem,other,none,5.00,0.50,3,子图 运动命令 内部化学连接
14579509,10872426,chem,other,none,5.00,0.50,1,子图 运动命令 内部化学连接
14579509,10875178,chem,other,none,5.00,0.50,1,子图 运动命令 内部化学连接
14579509,13411445,chem,other,none,5.00,0.50,1,子图 运动命令 内部化学连接
14579509,13652117,chem,other,none,5.00,0.50,6,子图 运动命令 内部化学连接
14579509,13760954,chem,other,none,5.00,0.50,2,子图 运动命令 内部化学连接
14579509,13834125,chem,other,none,5.00,0.50,1,子图 运动命令 内部化学连接
14579509,13835439,chem,other,none,5.00,0.50,4,子图 运动命令 内部化学连接
14579509,14039007,chem,other,none,5.00,0.50,3,子图 运动命令 内部化学连接
14579509,14638686,chem,other,none,5.00,0.50,2,子图 运动命令 内部化学连接
14579509,14754777,chem,other,none,5.00,0.50,10,子图 运动命令 内部化学连接
14579509,15481779,chem,other,none,5.00,0.50,1,子图 运动命令 内部化学连接
14579509,15522152,chem,other,none,5.00,0.50,3,子图 运动命令 内部化学连接
14579509,15548844,chem,other,none,5.00,0.50,2,子图 运动命令 内部化学连接
14579509,15674282,chem,other,none,5.00,0.50,1,子图 运动命令 内部化学连接
14579509,15934458,chem,other,none,5.00,0.50,11,子图 运动命令 内部化学连接
14579509,16415910,chem,other,none,5.00,0.50,3,子图 运动命令 内部化学连接
14579509,16445073,chem,other,none,5.00,0.50,1,子图 运动命令 内部化学连接
14579509,16547292,chem,other,none,5.00,0.50,1,子图 运动命令 内部化学连接
14579509,16561660,chem,other,none,5.00,0.50,4,子图 运动命令 内部化学连接
14579509,16950097,chem,other,none,5.00,0.50,1,子图 运动命令 内部化学连接
14579509,17053270,chem,other,none,5.00,0.50,2,子图 运动命令 内部化学连接
14579509,17075832,chem,other,none,5.00,0.50,2,子图 运动命令 内部化学连接
14579509,17353986,chem,other,none,5.00,0.50,3,子图 运动命令 内部化学连接
14579509,17360282,chem,other,none,5.00,0.50,3,子图 运动命令 内部化学连接
14579509,17732311,chem,other,none,5.00,0.50,3,子图 运动命令 内部化学连接
14579509,18604097,chem,other,none,5.00,0.50,3,子图 运动命令 内部化学连接
14579509,19017386,chem,other,none,5.00,0.50,1,子图 运动命令 内部化学连接
14579509,19048289,chem,other,none,5.00,0.50,1,子图 运动命令 内部化学连接
14586769,3021609,chem,other,none,5.00,0.50,1,子图 运动命令 内部化学连接
14586769,3044500,chem,other,none,5.00,0.50,8,子图 运动命令 内部化学连接
14586769,3498479,chem,other,none,5.00,0.50,1,子图 运动命令 内部化学连接
14586769,3946166,chem,other,none,5.00,0.50,1,子图 运动命令 内部化学连接
14586769,5768240,chem,other,none,5.00,0.50,1,子图 运动命令 内部化学连接
14586769,5902352,chem,other,none,5.00,0.50,2,子图 运动命令 内部化学连接
14586769,6317793,chem,other,none,5.00,0.50,6,子图 运动命令 内部化学连接
14586769,7700444,chem,other,none,5.00,0.50,5,子图 运动命令 内部化学连接
14586769,9234420,chem,other,none,5.00,0.50,1,子图 运动命令 内部化学连接
14586769,10583715,chem,other,none,5.00,0.50,2,子图 运动命令 内部化学连接
14586769,10600188,chem,other,none,5.00,0.50,5,子图 运动命令 内部化学连接
14586769,10781924,chem,other,none,5.00,0.50,1,子图 运动命令 内部化学连接
14586769,10872426,chem,other,none,5.00,0.50,3,子图 运动命令 内部化学连接
14586769,11027071,chem,other,none,5.00,0.50,1,子图 运动命令 内部化学连接
14586769,11050498,chem,other,none,5.00,0.50,2,子图 运动命令 内部化学连接
14586769,11217208,chem,other,none,5.00,0.50,1,子图 运动命令 内部化学连接
14586769,11306294,chem,other,none,5.00,0.50,1,子图 运动命令 内部化学连接
14586769,12962772,chem,other,none,5.00,0.50,2,子图 运动命令 内部化学连接
14586769,13652117,chem,other,none,5.00,0.50,1,子图 运动命令 内部化学连接
14586769,13714311,chem,other,none,5.00,0.50,1,子图 运动命令 内部化学连接
14586769,13948718,chem,other,none,5.00,0.50,1,子图 运动命令 内部化学连接
14586769,14492757,chem,other,none,5.00,0.50,3,子图 运动命令 内部化学连接
14586769,14617508,chem,other,none,5.00,0.50,2,子图 运动命令 内部化学连接
14586769,14656798,chem,other,none,5.00,0.50,2,子图 运动命令 内部化学连接
14586769,14726069,chem,other,none,5.00,0.50,1,子图 运动命令 内部化学连接
14586769,15522152,chem,other,none,5.00,0.50,1,子图 运动命令 内部化学连接
14586769,15792643,chem,other,none,5.00,0.50,1,子图 运动命令 内部化学连接
14586769,16422727,chem,other,none,5.00,0.50,1,子图 运动命令 内部化学连接
14586769,16434560,chem,other,none,5.00,0.50,1,子图 运动命令 内部化学连接
14586769,16445073,chem,other,none,5.00,0.50,1,子图 运动命令 内部化学连接
14586769,16468935,chem,other,none,5.00,0.50,2,子图 运动命令 内部化学连接
14586769,16545264,chem,other,none,5.00,0.50,1,子图 运动命令 内部化学连接
14586769,16571210,chem,other,none,5.00,0.50,1,子图 运动命令 内部化学连接
14586769,16863538,chem,other,none,5.00,0.50,2,子图 运动命令 内部化学连接
14586769,17087885,chem,other,none,5.00,0.50,3,子图 运动命令 内部化学连接
14586769,17359501,chem,other,none,5.00,0.50,1,子图 运动命令 内部化学连接
14586769,17454636,chem,other,none,5.00,0.50,2,子图 运动命令 内部化学连接
14586769,17728922,chem,other,none,5.00,0.50,3,子图 运动命令 内部化学连接
14586769,17827011,chem,other,none,5.00,0.50,1,子图 运动命令 内部化学连接
14586769,18023286,chem,other,none,5.00,0.50,4,子图 运动命令 内部化学连接
14586769,18035063,chem,other,none,5.00,0.50,2,子图 运动命令 内部化学连接
14586769,18133444,chem,other,none,5.00,0.50,1,子图 运动命令 内部化学连接
14586769,18566361,chem,other,none,5.00,0.50,2,子图 运动命令 内部化学连接
14586769,19298625,chem,other,none,5.00,0.50,1,子图 运动命令 内部化学连接
14586769,19298644,chem,other,none,5.00,0.50,1,子图 运动命令 内部化学连接
14586769,21300466,chem,other,none,5.00,0.50,1,子图 运动命令 内部化学连接
14588375,10728328,chem,other,none,5.00,0.50,2,子图 运动命令 内部化学连接
14588375,14579509,chem,other,none,5.00,0.50,2,子图 运动命令 内部化学连接
14588375,14586769,chem,other,none,5.00,0.50,1,子图 运动命令 内部化学连接
14588375,14588375,chem,other,none,5.00,0.50,2,子图 运动命令 内部化学连接
14588375,14621584,chem,other,none,5.00,0.50,2,子图 运动命令 内部化学连接
14588375,16154290,chem,other,none,5.00,0.50,1,子图 运动命令 内部化学连接
14588375,16388736,chem,other,none,5.00,0.50,1,子图 运动命令 内部化学连接
14588375,16952691,chem,other,none,5.00,0.50,1,子图 运动命令 内部化学连接
14588375,17448356,chem,other,none,5.00,0.50,1,子图 运动命令 内部化学连接
14588375,18232369,chem,other,none,5.00,0.50,1,子图 运动命令 内部化学连接
14588375,18464581,chem,other,none,5.00,0.50,2,子图 运动命令 内部化学连接
14617508,1646076,chem,other,none,5.00,0.50,1,子图 运动命令 内部化学连接
14617508,1980134,chem,other,none,5.00,0.50,1,子图 运动命令 内部化学连接
14617508,2797480,chem,other,none,5.00,0.50,3,子图 运动命令 内部化学连接
14617508,5936935,chem,other,none,5.00,0.50,4,子图 运动命令 内部化学连接
14617508,7439913,chem,other,none,5.00,0.50,2,子图 运动命令 内部化学连接
14617508,7955278,chem,other,none,5.00,0.50,2,子图 运动命令 内部化学连接
14617508,9351843,chem,other,none,5.00,0.50,1,子图 运动命令 内部化学连接
14617508,10581624,chem,other,none,5.00,0.50,1,子图 运动命令 内部化学连接
14617508,11303036,chem,other,none,5.00,0.50,2,子图 运动命令 内部化学连接
14617508,11348509,chem,other,none,5.00,0.50,1,子图 运动命令 内部化学连接
14617508,14651659,chem,other,none,5.00,0.50,9,子图 运动命令 内部化学连接
14617508,14723506,chem,other,none,5.00,0.50,1,子图 运动命令 内部化学连接
14617508,15522152,chem,other,none,5.00,0.50,7,子图 运动命令 内部化学连接
14617508,16415910,chem,other,none,5.00,0.50,1,子图 运动命令 内部化学连接
14617508,16422744,chem,other,none,5.00,0.50,1,子图 运动命令 内部化学连接
14617508,16434560,chem,other,none,5.00,0.50,6,子图 运动命令 内部化学连接
14617508,16444758,chem,other,none,5.00,0.50,1,子图 运动命令 内部化学连接
14617508,16445073,chem,other,none,5.00,0.50,2,子图 运动命令 内部化学连接
14617508,16445338,chem,other,none,5.00,0.50,7,子图 运动命令 内部化学连接
14617508,16547268,chem,other,none,5.00,0.50,1,子图 运动命令 内部化学连接
14617508,16547287,chem,other,none,5.00,0.50,2,子图 运动命令 内部化学连接
14617508,16950097,chem,other,none,5.00,0.50,1,子图 运动命令 内部化学连接
14617508,17053270,chem,other,none,5.00,0.50,1,子图 运动命令 内部化学连接
14617508,17075832,chem,other,none,5.00,0.50,1,子图 运动命令 内部化学连接
14617508,17353986,chem,other,none,5.00,0.50,5,子图 运动命令 内部化学连接
14617508,17732256,chem,other,none,5.00,0.50,1,子图 运动命令 内部化学连接
14617508,17736654,chem,other,none,5.00,0.50,2,子图 运动命令 内部化学连接
14617508,17777031,chem,other,none,5.00,0.50,2,子图 运动命令 内部化学连接
14617508,18123575,chem,other,none,5.00,0.50,7,子图 运动命令 内部化学连接
14617508,19017386,chem,other,none,5.00,0.50,9,子图 运动命令 内部化学连接
14617508,19298625,chem,other,none,5.00,0.50,6,子图 运动命令 内部化学连接
14617508,19298644,chem,other,none,5.00,0.50,1,子图 运动命令 内部化学连接
14617508,20139548,chem,other,none,5.00,0.50,3,子图 运动命令 内部化学连接
14621584,3044500,chem,other,none,5.00,0.50,1,子图 运动命令 内部化学连接
14621584,5162462,chem,other,none,5.00,0.50,1,子图 运动命令 内部化学连接
14621584,5902352,chem,other,none,5.00,0.50,4,子图 运动命令 内部化学连接
14621584,6610913,chem,other,none,5.00,0.50,1,子图 运动命令 内部化学连接
14621584,7025064,chem,other,none,5.00,0.50,3,子图 运动命令 内部化学连接
14621584,8161148,chem,other,none,5.00,0.50,2,子图 运动命令 内部化学连接
14621584,8571259,chem,other,none,5.00,0.50,2,子图 运动命令 内部化学连接
14621584,9237734,chem,other,none,5.00,0.50,2,子图 运动命令 内部化学连接
14621584,10553248,chem,other,none,5.00,0.50,1,子图 运动命令 内部化学连接
14621584,10583715,chem,other,none,5.00,0.50,3,子图 运动命令 内部化学连接
14621584,10600188,chem,other,none,5.00,0.50,5,子图 运动命令 内部化学连接
14621584,10872426,chem,other,none,5.00,0.50,1,子图 运动命令 内部化学连接
14621584,10921106,chem,other,none,5.00,0.50,1,子图 运动命令 内部化学连接
14621584,11013583,chem,other,none,5.00,0.50,1,子图 运动命令 内部化学连接
14621584,13834125,chem,other,none,5.00,0.50,4,子图 运动命令 内部化学连接
14621584,14492757,chem,other,none,5.00,0.50,11,子图 运动命令 内部化学连接
14621584,14492880,chem,other,none,5.00,0.50,6,子图 运动命令 内部化学连接
14621584,14656798,chem,other,none,5.00,0.50,3,子图 运动命令 内部化学连接
14621584,14726069,chem,other,none,5.00,0.50,1,子图 运动命令 内部化学连接
14621584,15005403,chem,other,none,5.00,0.50,1,子图 运动命令 内部化学连接
14621584,15055590,chem,other,none,5.00,0.50,4,子图 运动命令 内部化学连接
14621584,15467736,chem,other,none,5.00,0.50,6,子图 运动命令 内部化学连接
14621584,15522152,chem,other,none,5.00,0.50,6,子图 运动命令 内部化学连接
14621584,15548844,chem,other,none,5.00,0.50,2,子图 运动命令 内部化学连接
14621584,15894178,chem,other,none,5.00,0.50,3,子图 运动命令 内部化学连接
14621584,15894278,chem,other,none,5.00,0.50,3,子图 运动命令 内部化学连接
14621584,16167914,chem,other,none,5.00,0.50,13,子图 运动命令 内部化学连接
14621584,16545264,chem,other,none,5.00,0.50,1,子图 运动命令 内部化学连接
14621584,16950550,chem,other,none,5.00,0.50,1,子图 运动命令 内部化学连接
14621584,17087885,chem,other,none,5.00,0.50,1,子图 运动命令 内部化学连接
14621584,17247877,chem,other,none,5.00,0.50,1,子图 运动命令 内部化学连接
14621584,17324711,chem,other,none,5.00,0.50,1,子图 运动命令 内部化学连接
14621584,17355864,chem,other,none,5.00,0.50,6,子图 运动命令 内部化学连接
14621584,17454636,chem,other,none,5.00,0.50,6,子图 运动命令 内部化学连接
14621584,17647621,chem,other,none,5.00,0.50,1,子图 运动命令 内部化学连接
14621584,18058793,chem,other,none,5.00,0.50,1,子图 运动命令 内部化学连接
14621584,18551732,chem,other,none,5.00,0.50,2,子图 运动命令 内部化学连接
14621584,20151537,chem,other,none,5.00,0.50,4,子图 运动命令 内部化学连接
14621584,20556072,chem,other,none,5.00,0.50,1,子图 运动命令 内部化学连接
14638686,1980134,chem,other,none,5.00,0.50,1,子图 运动命令 内部化学连接
14638686,3021609,chem,other,none,5.00,0.50,6,子图 运动命令 内部化学连接
14638686,3027876,chem,other,none,5.00,0.50,2,子图 运动命令 内部化学连接
14638686,3944626,chem,other,none,5.00,0.50,5,子图 运动命令 内部化学连接
14638686,7005145,chem,other,none,5.00,0.50,3,子图 运动命令 内部化学连接
14638686,8142831,chem,other,none,5.00,0.50,4,子图 运动命令 内部化学连接
14638686,8571259,chem,other,none,5.00,0.50,3,子图 运动命令 内部化学连接
14638686,9177218,chem,other,none,5.00,0.50,1,子图 运动命令 内部化学连接
14638686,9532295,chem,other,none,5.00,0.50,2,子图 运动命令 内部化学连接
14638686,10600188,chem,other,none,5.00,0.50,4,子图 运动命令 内部化学连接
14638686,14638686,chem,other,none,5.00,0.50,1,子图 运动命令 内部化学连接
14638686,15629759,chem,other,none,5.00,0.50,2,子图 运动命令 内部化学连接
14638686,16415910,chem,other,none,5.00,0.50,1,子图 运动命令 内部化学连接
14638686,16544712,chem,other,none,5.00,0.50,1,子图 运动命令 内部化学连接
14638686,16675987,chem,other,none,5.00,0.50,1,子图 运动命令 内部化学连接
14638686,16851791,chem,other,none,5.00,0.50,2,子图 运动命令 内部化学连接
14638686,17087885,chem,other,none,5.00,0.50,1,子图 运动命令 内部化学连接
14638686,17324711,chem,other,none,5.00,0.50,1,子图 运动命令 内部化学连接
14638686,17352824,chem,other,none,5.00,0.50,1,子图 运动命令 内部化学连接
14638686,17354414,chem,other,none,5.00,0.50,1,子图 运动命令 内部化学连接
14651659,2797480,chem,other,none,5.00,0.50,1,子图 运动命令 内部化学连接
14655602,1646076,chem,other,none,5.00,0.50,1,子图 运动命令 内部化学连接
14655602,1868538,chem,other,none,5.00,0.50,3,子图 运动命令 内部化学连接
14655602,3498479,chem,other,none,5.00,0.50,3,子图 运动命令 内部化学连接
14655602,3729496,chem,other,none,5.00,0.50,4,子图 运动命令 内部化学连接
14655602,3944330,chem,other,none,5.00,0.50,2,子图 运动命令 内部化学连接
14655602,3944626,chem,other,none,5.00,0.50,5,子图 运动命令 内部化学连接
14655602,3945136,chem,other,none,5.00,0.50,10,子图 运动命令 内部化学连接
14655602,3946166,chem,other,none,5.00,0.50,9,子图 运动命令 内部化学连接
14655602,4901087,chem,other,none,5.00,0.50,2,子图 运动命令 内部化学连接
14655602,9234420,chem,other,none,5.00,0.50,1,子图 运动命令 内部化学连接
14655602,9351843,chem,other,none,5.00,0.50,2,子图 运动命令 内部化学连接
14655602,9424902,chem,other,none,5.00,0.50,2,子图 运动命令 内部化学连接
14655602,9428865,chem,other,none,5.00,0.50,1,子图 运动命令 内部化学连接
14655602,10018161,chem,other,none,5.00,0.50,3,子图 运动命令 内部化学连接
14655602,10276161,chem,other,none,5.00,0.50,1,子图 运动命令 内部化学连接
14655602,10553248,chem,other,none,5.00,0.50,7,子图 运动命令 内部化学连接
14655602,10600188,chem,other,none,5.00,0.50,1,子图 运动命令 内部化学连接
14655602,10716080,chem,other,none,5.00,0.50,1,子图 运动命令 内部化学连接
14655602,10728318,chem,other,none,5.00,0.50,2,子图 运动命令 内部化学连接
14655602,10728333,chem,other,none,5.00,0.50,3,子图 运动命令 内部化学连接
14655602,10872426,chem,other,none,5.00,0.50,1,子图 运动命令 内部化学连接
14655602,10921106,chem,other,none,5.00,0.50,15,子图 运动命令 内部化学连接
14655602,10922928,chem,other,none,5.00,0.50,1,子图 运动命令 内部化学连接
14655602,11217208,chem,other,none,5.00,0.50,5,子图 运动命令 内部化学连接
14655602,11261332,chem,other,none,5.00,0.50,1,子图 运动命令 内部化学连接
14655602,13749806,chem,other,none,5.00,0.50,1,子图 运动命令 内部化学连接
14655602,13818467,chem,other,none,5.00,0.50,1,子图 运动命令 内部化学连接
14655602,14579509,chem,other,none,5.00,0.50,1,子图 运动命令 内部化学连接
14655602,14656798,chem,other,none,5.00,0.50,1,子图 运动命令 内部化学连接
14655602,15605301,chem,other,none,5.00,0.50,2,子图 运动命令 内部化学连接
14655602,15792643,chem,other,none,5.00,0.50,12,子图 运动命令 内部化学连接
14655602,16445338,chem,other,none,5.00,0.50,2,子图 运动命令 内部化学连接
14655602,16468935,chem,other,none,5.00,0.50,22,子图 运动命令 内部化学连接
14655602,17053270,chem,other,none,5.00,0.50,1,子图 运动命令 内部化学连接
14655602,17728922,chem,other,none,5.00,0.50,1,子图 运动命令 内部化学连接
14655602,17827011,chem,other,none,5.00,0.50,5,子图 运动命令 内部化学连接
14655602,18023286,chem,other,none,5.00,0.50,1,子图 运动命令 内部化学连接
14655602,18485293,chem,other,none,5.00,0.50,2,子图 运动命令 内部化学连接
14656798,1646076,chem,other,none,5.00,0.50,1,子图 运动命令 内部化学连接
14656798,3010486,chem,other,none,5.00,0.50,7,子图 运动命令 内部化学连接
14656798,3044500,chem,other,none,5.00,0.50,2,子图 运动命令 内部化学连接
14656798,3944626,chem,other,none,5.00,0.50,6,子图 运动命令 内部化学连接
14656798,3979181,chem,other,none,5.00,0.50,2,子图 运动命令 内部化学连接
14656798,5805651,chem,other,none,5.00,0.50,1,子图 运动命令 内部化学连接
14656798,5893912,chem,other,none,5.00,0.50,4,子图 运动命令 内部化学连接
14656798,5895651,chem,other,none,5.00,0.50,3,子图 运动命令 内部化学连接
14656798,5993001,chem,other,none,5.00,0.50,3,子图 运动命令 内部化学连接
14656798,6317793,chem,other,none,5.00,0.50,1,子图 运动命令 内部化学连接
14656798,8496618,chem,other,none,5.00,0.50,6,子图 运动命令 内部化学连接
14656798,8571259,chem,other,none,5.00,0.50,2,子图 运动命令 内部化学连接
14656798,9237734,chem,other,none,5.00,0.50,3,子图 运动命令 内部化学连接
14656798,10238739,chem,other,none,5.00,0.50,5,子图 运动命令 内部化学连接
14656798,10240382,chem,other,none,5.00,0.50,5,子图 运动命令 内部化学连接
14656798,10248031,chem,other,none,5.00,0.50,1,子图 运动命令 内部化学连接
14656798,10553248,chem,other,none,5.00,0.50,9,子图 运动命令 内部化学连接
14656798,10728328,chem,other,none,5.00,0.50,5,子图 运动命令 内部化学连接
14656798,10728333,chem,other,none,5.00,0.50,10,子图 运动命令 内部化学连接
14656798,10781924,chem,other,none,5.00,0.50,1,子图 运动命令 内部化学连接
14656798,10921106,chem,other,none,5.00,0.50,12,子图 运动命令 内部化学连接
14656798,11027071,chem,other,none,5.00,0.50,4,子图 运动命令 内部化学连接
14656798,11217208,chem,other,none,5.00,0.50,2,子图 运动命令 内部化学连接
14656798,11625573,chem,other,none,5.00,0.50,1,子图 运动命令 内部化学连接
14656798,11891098,chem,other,none,5.00,0.50,1,子图 运动命令 内部化学连接
14656798,13557064,chem,other,none,5.00,0.50,8,子图 运动命令 内部化学连接
14656798,13674287,chem,other,none,5.00,0.50,1,子图 运动命令 内部化学连接
14656798,13727202,chem,other,none,5.00,0.50,5,子图 运动命令 内部化学连接
14656798,13834125,chem,other,none,5.00,0.50,2,子图 运动命令 内部化学连接
14656798,14492757,chem,other,none,5.00,0.50,6,子图 运动命令 内部化学连接
14656798,14492880,chem,other,none,5.00,0.50,5,子图 运动命令 内部化学连接
14656798,14621584,chem,other,none,5.00,0.50,1,子图 运动命令 内部化学连接
14656798,14726069,chem,other,none,5.00,0.50,3,子图 运动命令 内部化学连接
14656798,14999928,chem,other,none,5.00,0.50,2,子图 运动命令 内部化学连接
14656798,15055590,chem,other,none,5.00,0.50,11,子图 运动命令 内部化学连接
14656798,15467736,chem,other,none,5.00,0.50,2,子图 运动命令 内部化学连接
14656798,15610774,chem,other,none,5.00,0.50,5,子图 运动命令 内部化学连接
14656798,15672269,chem,other,none,5.00,0.50,1,子图 运动命令 内部化学连接
14656798,15792643,chem,other,none,5.00,0.50,3,子图 运动命令 内部化学连接
14656798,15800115,chem,other,none,5.00,0.50,4,子图 运动命令 内部化学连接
14656798,16167914,chem,other,none,5.00,0.50,7,子图 运动命令 内部化学连接
14656798,16195633,chem,other,none,5.00,0.50,1,子图 运动命令 内部化学连接
14656798,16340461,chem,other,none,5.00,0.50,1,子图 运动命令 内部化学连接
14656798,16361363,chem,other,none,5.00,0.50,1,子图 运动命令 内部化学连接
14656798,16388736,chem,other,none,5.00,0.50,3,子图 运动命令 内部化学连接
14656798,16544712,chem,other,none,5.00,0.50,1,子图 运动命令 内部化学连接
14656798,16562142,chem,other,none,5.00,0.50,1,子图 运动命令 内部化学连接
14656798,16852421,chem,other,none,5.00,0.50,5,子图 运动命令 内部化学连接
14656798,17087885,chem,other,none,5.00,0.50,4,子图 运动命令 内部化学连接
14656798,17165755,chem,other,none,5.00,0.50,3,子图 运动命令 内部化学连接
14656798,17247877,chem,other,none,5.00,0.50,1,子图 运动命令 内部化学连接
14656798,17454636,chem,other,none,5.00,0.50,9,子图 运动命令 内部化学连接
14656798,17466463,chem,other,none,5.00,0.50,4,子图 运动命令 内部化学连接
14656798,18232369,chem,other,none,5.00,0.50,1,子图 运动命令 内部化学连接
14656798,18464581,chem,other,none,5.00,0.50,2,子图 运动命令 内部化学连接
14656798,18551732,chem,other,none,5.00,0.50,1,子图 运动命令 内部化学连接
14656798,19298625,chem,other,none,5.00,0.50,1,子图 运动命令 内部化学连接
14656798,19298644,chem,other,none,5.00,0.50,1,子图 运动命令 内部化学连接
14656798,20421224,chem,other,none,5.00,0.50,7,子图 运动命令 内部化学连接
14680483,4188325,chem,other,none,5.00,0.50,1,子图 运动命令 内部化学连接
14680483,9116228,chem,other,none,5.00,0.50,3,子图 运动命令 内部化学连接
14680483,10100020,chem,other,none,5.00,0.50,1,子图 运动命令 内部化学连接
14680483,10875178,chem,other,none,5.00,0.50,1,子图 运动命令 内部化学连接
14680483,11891098,chem,other,none,5.00,0.50,7,子图 运动命令 内部化学连接
14680483,13411445,chem,other,none,5.00,0.50,13,子图 运动命令 内部化学连接
14680483,13564607,chem,other,none,5.00,0.50,2,子图 运动命令 内部化学连接
14680483,13713529,chem,other,none,5.00,0.50,2,子图 运动命令 内部化学连接
14680483,13760954,chem,other,none,5.00,0.50,6,子图 运动命令 内部化学连接
14680483,14039007,chem,other,none,5.00,0.50,1,子图 运动命令 内部化学连接
14680483,14680483,chem,other,none,5.00,0.50,1,子图 运动命令 内部化学连接
14680483,15481779,chem,other,none,5.00,0.50,2,子图 运动命令 内部化学连接
14680483,15548844,chem,other,none,5.00,0.50,13,子图 运动命令 内部化学连接
14680483,15706875,chem,other,none,5.00,0.50,1,子图 运动命令 内部化学连接
14680483,15934458,chem,other,none,5.00,0.50,7,子图 运动命令 内部化学连接
14680483,16154290,chem,other,none,5.00,0.50,7,子图 运动命令 内部化学连接
14680483,16350988,chem,other,none,5.00,0.50,4,子图 运动命令 内部化学连接
14680483,16434560,chem,other,none,5.00,0.50,1,子图 运动命令 内部化学连接
14680483,17247877,chem,other,none,5.00,0.50,1,子图 运动命令 内部化学连接
14680483,17328580,chem,other,none,5.00,0.50,5,子图 运动命令 内部化学连接
14680483,17380345,chem,other,none,5.00,0.50,1,子图 运动命令 内部化学连接
14680483,17537254,chem,other,none,5.00,0.50,4,子图 运动命令 内部化学连接
14680483,17762417,chem,other,none,5.00,0.50,1,子图 运动命令 内部化学连接
14680483,17850822,chem,other,none,5.00,0.50,2,子图 运动命令 内部化学连接
14680483,17877682,chem,other,none,5.00,0.50,1,子图 运动命令 内部化学连接
14680483,18604097,chem,other,none,5.00,0.50,3,子图 运动命令 内部化学连接
14680483,19156025,chem,other,none,5.00,0.50,1,子图 运动命令 内部化学连接
14680483,20911955,chem,other,none,5.00,0.50,3,子图 运动命令 内部化学连接
14723506,2669844,chem,other,none,5.00,0.50,1,子图 运动命令 内部化学连接
14723506,2797480,chem,other,none,5.00,0.50,1,子图 运动命令 内部化学连接
14723506,2964760,chem,other,none,5.00,0.50,1,子图 运动命令 内部化学连接
14723506,3021609,chem,other,none,5.00,0.50,2,子图 运动命令 内部化学连接
14723506,3945136,chem,other,none,5.00,0.50,1,子图 运动命令 内部化学连接
14723506,4901087,chem,other,none,5.00,0.50,1,子图 运动命令 内部化学连接
14723506,5936935,chem,other,none,5.00,0.50,1,子图 运动命令 内部化学连接
14723506,9424902,chem,other,none,5.00,0.50,4,子图 运动命令 内部化学连接
14723506,10596949,chem,other,none,5.00,0.50,2,子图 运动命令 内部化学连接
14723506,10600188,chem,other,none,5.00,0.50,1,子图 运动命令 内部化学连接
14723506,10792617,chem,other,none,5.00,0.50,3,子图 运动命令 内部化学连接
14723506,11278919,chem,other,none,5.00,0.50,2,子图 运动命令 内部化学连接
14723506,11348509,chem,other,none,5.00,0.50,4,子图 运动命令 内部化学连接
14723506,14579509,chem,other,none,5.00,0.50,2,子图 运动命令 内部化学连接
14723506,14651659,chem,other,none,5.00,0.50,1,子图 运动命令 内部化学连接
14723506,15522152,chem,other,none,5.00,0.50,1,子图 运动命令 内部化学连接
14723506,16167914,chem,other,none,5.00,0.50,1,子图 运动命令 内部化学连接
14723506,16361363,chem,other,none,5.00,0.50,3,子图 运动命令 内部化学连接
14723506,16445338,chem,other,none,5.00,0.50,1,子图 运动命令 内部化学连接
14723506,16544712,chem,other,none,5.00,0.50,1,子图 运动命令 内部化学连接
14723506,16851791,chem,other,none,5.00,0.50,1,子图 运动命令 内部化学连接
14723506,19017386,chem,other,none,5.00,0.50,1,子图 运动命令 内部化学连接
14723506,19298644,chem,other,none,5.00,0.50,1,子图 运动命令 内部化学连接
14726012,4591713,chem,other,none,5.00,0.50,1,子图 运动命令 内部化学连接
14726012,9612903,chem,other,none,5.00,0.50,3,子图 运动命令 内部化学连接
14726012,14726012,chem,other,none,5.00,0.50,1,子图 运动命令 内部化学连接
14726012,14755393,chem,other,none,5.00,0.50,2,子图 运动命令 内部化学连接
14726012,14999928,chem,other,none,5.00,0.50,1,子图 运动命令 内部化学连接
14726012,15005403,chem,other,none,5.00,0.50,5,子图 运动命令 内部化学连接
14726012,15525711,chem,other,none,5.00,0.50,7,子图 运动命令 内部化学连接
14726012,15525794,chem,other,none,5.00,0.50,7,子图 运动命令 内部化学连接
14726012,15722990,chem,other,none,5.00,0.50,1,子图 运动命令 内部化学连接
14726012,16851496,chem,other,none,5.00,0.50,5,子图 运动命令 内部化学连接
14726012,16937395,chem,other,none,5.00,0.50,1,子图 运动命令 内部化学连接
14726012,17105218,chem,other,none,5.00,0.50,3,子图 运动命令 内部化学连接
14726012,17109286,chem,other,none,5.00,0.50,1,子图 运动命令 内部化学连接
14726012,17110007,chem,other,none,5.00,0.50,13,子图 运动命令 内部化学连接
14726012,18267838,chem,other,none,5.00,0.50,1,子图 运动命令 内部化学连接
14726012,18500988,chem,other,none,5.00,0.50,3,子图 运动命令 内部化学连接
14726069,4966994,chem,other,none,5.00,0.50,7,子图 运动命令 内部化学连接
14726069,5164129,chem,other,none,5.00,0.50,2,子图 运动命令 内部化学连接
14726069,5805651,chem,other,none,5.00,0.50,9,子图 运动命令 内部化学连接
14726069,6446394,chem,other,none,5.00,0.50,1,子图 运动命令 内部化学连接
14726069,6610913,chem,other,none,5.00,0.50,2,子图 运动命令 内部化学连接
14726069,7025064,chem,other,none,5.00,0.50,4,子图 运动命令 内部化学连接
14726069,8161142,chem,other,none,5.00,0.50,12,子图 运动命令 内部化学连接
14726069,8161148,chem,other,none,5.00,0.50,11,子图 运动命令 内部化学连接
14726069,8271875,chem,other,none,5.00,0.50,1,子图 运动命令 内部化学连接
14726069,8496618,chem,other,none,5.00,0.50,6,子图 运动命令 内部化学连接
14726069,9714476,chem,other,none,5.00,0.50,1,子图 运动命令 内部化学连接
14726069,10238739,chem,other,none,5.00,0.50,1,子图 运动命令 内部化学连接
14726069,10276161,chem,other,none,5.00,0.50,1,子图 运动命令 内部化学连接
14726069,10553248,chem,other,none,5.00,0.50,2,子图 运动命令 内部化学连接
14726069,10728323,chem,other,none,5.00,0.50,1,子图 运动命令 内部化学连接
14726069,10728328,chem,other,none,5.00,0.50,5,子图 运动命令 内部化学连接
14726069,10728333,chem,other,none,5.00,0.50,6,子图 运动命令 内部化学连接
14726069,10921106,chem,other,none,5.00,0.50,4,子图 运动命令 内部化学连接
14726069,11362334,chem,other,none,5.00,0.50,2,子图 运动命令 内部化学连接
14726069,11625573,chem,other,none,5.00,0.50,5,子图 运动命令 内部化学连接
14726069,12252572,chem,other,none,5.00,0.50,1,子图 运动命令 内部化学连接
14726069,12474815,chem,other,none,5.00,0.50,3,子图 运动命令 内部化学连接
14726069,12935706,chem,other,none,5.00,0.50,1,子图 运动命令 内部化学连接
14726069,13557064,chem,other,none,5.00,0.50,9,子图 运动命令 内部化学连接
14726069,13727202,chem,other,none,5.00,0.50,3,子图 运动命令 内部化学连接
14726069,14621584,chem,other,none,5.00,0.50,1,子图 运动命令 内部化学连接
14726069,14656798,chem,other,none,5.00,0.50,2,子图 运动命令 内部化学连接
14726069,14999928,chem,other,none,5.00,0.50,1,子图 运动命令 内部化学连接
14726069,15005403,chem,other,none,5.00,0.50,1,子图 运动命令 内部化学连接
14726069,15055590,chem,other,none,5.00,0.50,2,子图 运动命令 内部化学连接
14726069,15467736,chem,other,none,5.00,0.50,1,子图 运动命令 内部化学连接
14726069,15539984,chem,other,none,5.00,0.50,1,子图 运动命令 内部化学连接
14726069,16167914,chem,other,none,5.00,0.50,2,子图 运动命令 内部化学连接
14726069,16195633,chem,other,none,5.00,0.50,1,子图 运动命令 内部化学连接
14726069,16340977,chem,other,none,5.00,0.50,1,子图 运动命令 内部化学连接
14726069,16388736,chem,other,none,5.00,0.50,5,子图 运动命令 内部化学连接
14726069,16578252,chem,other,none,5.00,0.50,4,子图 运动命令 内部化学连接
14726069,16851791,chem,other,none,5.00,0.50,1,子图 运动命令 内部化学连接
14726069,16852421,chem,other,none,5.00,0.50,2,子图 运动命令 内部化学连接
14726069,16852589,chem,other,none,5.00,0.50,1,子图 运动命令 内部化学连接
14726069,17087885,chem,other,none,5.00,0.50,1,子图 运动命令 内部化学连接
14726069,17165755,chem,other,none,5.00,0.50,1,子图 运动命令 内部化学连接
14726069,17454636,chem,other,none,5.00,0.50,1,子图 运动命令 内部化学连接
14726069,17466463,chem,other,none,5.00,0.50,1,子图 运动命令 内部化学连接
14726069,18232369,chem,other,none,5.00,0.50,1,子图 运动命令 内部化学连接
14726069,18464581,chem,other,none,5.00,0.50,10,子图 运动命令 内部化学连接
14726069,18545747,chem,other,none,5.00,0.50,4,子图 运动命令 内部化学连接
14726069,18551732,chem,other,none,5.00,0.50,10,子图 运动命令 内部化学连接
14726069,19048289,chem,other,none,5.00,0.50,1,子图 运动命令 内部化学连接
14726069,20139548,chem,other,none,5.00,0.50,2,子图 运动命令 内部化学连接
14726069,20151537,chem,other,none,5.00,0.50,2,子图 运动命令 内部化学连接
14753815,1065967,chem,other,none,5.00,0.50,1,子图 运动命令 内部化学连接
14753815,1646076,chem,other,none,5.00,0.50,4,子图 运动命令 内部化学连接
14753815,1868538,chem,other,none,5.00,0.50,3,子图 运动命令 内部化学连接
14753815,1961182,chem,other,none,5.00,0.50,3,子图 运动命令 内部化学连接
14753815,1980134,chem,other,none,5.00,0.50,7,子图 运动命令 内部化学连接
14753815,2659504,chem,other,none,5.00,0.50,1,子图 运动命令 内部化学连接
14753815,2669844,chem,other,none,5.00,0.50,9,子图 运动命令 内部化学连接
14753815,3021609,chem,other,none,5.00,0.50,4,子图 运动命令 内部化学连接
14753815,3595837,chem,other,none,5.00,0.50,1,子图 运动命令 内部化学连接
14753815,3598000,chem,other,none,5.00,0.50,1,子图 运动命令 内部化学连接
14753815,3764792,chem,other,none,5.00,0.50,5,子图 运动命令 内部化学连接
14753815,3944626,chem,other,none,5.00,0.50,1,子图 运动命令 内部化学连接
14753815,3945756,chem,other,none,5.00,0.50,7,子图 运动命令 内部化学连接
14753815,4876839,chem,other,none,5.00,0.50,2,子图 运动命令 内部化学连接
14753815,5754346,chem,other,none,5.00,0.50,3,子图 运动命令 内部化学连接
14753815,5936935,chem,other,none,5.00,0.50,1,子图 运动命令 内部化学连接
14753815,7005145,chem,other,none,5.00,0.50,5,子图 运动命令 内部化学连接
14753815,7590264,chem,other,none,5.00,0.50,3,子图 运动命令 内部化学连接
14753815,7700444,chem,other,none,5.00,0.50,2,子图 运动命令 内部化学连接
14753815,7982307,chem,other,none,5.00,0.50,8,子图 运动命令 内部化学连接
14753815,8127390,chem,other,none,5.00,0.50,1,子图 运动命令 内部化学连接
14753815,8566140,chem,other,none,5.00,0.50,6,子图 运动命令 内部化学连接
14753815,8571259,chem,other,none,5.00,0.50,2,子图 运动命令 内部化学连接
14753815,8572353,chem,other,none,5.00,0.50,7,子图 运动命令 内部化学连接
14753815,9116228,chem,other,none,5.00,0.50,10,子图 运动命令 内部化学连接
14753815,9177218,chem,other,none,5.00,0.50,1,子图 运动命令 内部化学连接
14753815,9753494,chem,other,none,5.00,0.50,6,子图 运动命令 内部化学连接
14753815,10100020,chem,other,none,5.00,0.50,4,子图 运动命令 内部化学连接
14753815,10276161,chem,other,none,5.00,0.50,7,子图 运动命令 内部化学连接
14753815,10449035,chem,other,none,5.00,0.50,4,子图 运动命令 内部化学连接
14753815,10583715,chem,other,none,5.00,0.50,3,子图 运动命令 内部化学连接
14753815,10596949,chem,other,none,5.00,0.50,1,子图 运动命令 内部化学连接
14753815,10600188,chem,other,none,5.00,0.50,7,子图 运动命令 内部化学连接
14753815,10716080,chem,other,none,5.00,0.50,2,子图 运动命令 内部化学连接
14753815,10728318,chem,other,none,5.00,0.50,3,子图 运动命令 内部化学连接
14753815,10781924,chem,other,none,5.00,0.50,1,子图 运动命令 内部化学连接
14753815,10842099,chem,other,none,5.00,0.50,1,子图 运动命令 内部化学连接
14753815,10872426,chem,other,none,5.00,0.50,3,子图 运动命令 内部化学连接
14753815,10875178,chem,other,none,5.00,0.50,1,子图 运动命令 内部化学连接
14753815,10986253,chem,other,none,5.00,0.50,1,子图 运动命令 内部化学连接
14753815,11306294,chem,other,none,5.00,0.50,2,子图 运动命令 内部化学连接
14753815,12031406,chem,other,none,5.00,0.50,1,子图 运动命令 内部化学连接
14753815,12551020,chem,other,none,5.00,0.50,7,子图 运动命令 内部化学连接
14753815,12782494,chem,other,none,5.00,0.50,1,子图 运动命令 内部化学连接
14753815,13137623,chem,other,none,5.00,0.50,1,子图 运动命令 内部化学连接
14753815,13411445,chem,other,none,5.00,0.50,5,子图 运动命令 内部化学连接
14753815,13645610,chem,other,none,5.00,0.50,1,子图 运动命令 内部化学连接
14753815,13763548,chem,other,none,5.00,0.50,1,子图 运动命令 内部化学连接
14753815,13818467,chem,other,none,5.00,0.50,1,子图 运动命令 内部化学连接
14753815,14617508,chem,other,none,5.00,0.50,4,子图 运动命令 内部化学连接
14753815,14680483,chem,other,none,5.00,0.50,3,子图 运动命令 内部化学连接
14753815,14754777,chem,other,none,5.00,0.50,3,子图 运动命令 内部化学连接
14753815,14756061,chem,other,none,5.00,0.50,5,子图 运动命令 内部化学连接
14753815,15897280,chem,other,none,5.00,0.50,9,子图 运动命令 内部化学连接
14753815,16195633,chem,other,none,5.00,0.50,4,子图 运动命令 内部化学连接
14753815,16340011,chem,other,none,5.00,0.50,2,子图 运动命令 内部化学连接
14753815,16340977,chem,other,none,5.00,0.50,6,子图 运动命令 内部化学连接
14753815,16415910,chem,other,none,5.00,0.50,7,子图 运动命令 内部化学连接
14753815,16848587,chem,other,none,5.00,0.50,2,子图 运动命令 内部化学连接
14753815,16851791,chem,other,none,5.00,0.50,1,子图 运动命令 内部化学连接
14753815,16910799,chem,other,none,5.00,0.50,1,子图 运动命令 内部化学连接
14753815,17087885,chem,other,none,5.00,0.50,1,子图 运动命令 内部化学连接
14753815,17102002,chem,other,none,5.00,0.50,1,子图 运动命令 内部化学连接
14753815,17324711,chem,other,none,5.00,0.50,2,子图 运动命令 内部化学连接
14753815,17328580,chem,other,none,5.00,0.50,1,子图 运动命令 内部化学连接
14753815,17354414,chem,other,none,5.00,0.50,1,子图 运动命令 内部化学连接
14753815,17360282,chem,other,none,5.00,0.50,6,子图 运动命令 内部化学连接
14753815,17587730,chem,other,none,5.00,0.50,2,子图 运动命令 内部化学连接
14753815,17654973,chem,other,none,5.00,0.50,1,子图 运动命令 内部化学连接
14753815,17658948,chem,other,none,5.00,0.50,1,子图 运动命令 内部化学连接
14753815,17729335,chem,other,none,5.00,0.50,3,子图 运动命令 内部化学连接
14753815,17729973,chem,other,none,5.00,0.50,1,子图 运动命令 内部化学连接
14753815,17813001,chem,other,none,5.00,0.50,1,子图 运动命令 内部化学连接
14753815,18023286,chem,other,none,5.00,0.50,1,子图 运动命令 内部化学连接
14753815,18305433,chem,other,none,5.00,0.50,3,子图 运动命令 内部化学连接
14753815,19017386,chem,other,none,5.00,0.50,1,子图 运动命令 内部化学连接
14753815,20443362,chem,other,none,5.00,0.50,3,子图 运动命令 内部化学连接
14753815,20479904,chem,other,none,5.00,0.50,2,子图 运动命令 内部化学连接
14754777,3027876,chem,other,none,5.00,0.50,2,子图 运动命令 内部化学连接
14754777,8571259,chem,other,none,5.00,0.50,1,子图 运动命令 内部化学连接
14754777,9116228,chem,other,none,5.00,0.50,1,子图 运动命令 内部化学连接
14754777,9532295,chem,other,none,5.00,0.50,9,子图 运动命令 内部化学连接
14754777,10317031,chem,other,none,5.00,0.50,2,子图 运动命令 内部化学连接
14754777,10355356,chem,other,none,5.00,0.50,2,子图 运动命令 内部化学连接
14754777,10473853,chem,other,none,5.00,0.50,4,子图 运动命令 内部化学连接
14754777,10523825,chem,other,none,5.00,0.50,1,子图 运动命令 内部化学连接
14754777,11022546,chem,other,none,5.00,0.50,1,子图 运动命令 内部化学连接
14754777,12551020,chem,other,none,5.00,0.50,2,子图 运动命令 内部化学连接
14754777,14756061,chem,other,none,5.00,0.50,1,子图 运动命令 内部化学连接
14754777,15431408,chem,other,none,5.00,0.50,1,子图 运动命令 内部化学连接
14754777,16340461,chem,other,none,5.00,0.50,15,子图 运动命令 内部化学连接
14754777,16355225,chem,other,none,5.00,0.50,5,子图 运动命令 内部化学连接
14754777,16445073,chem,other,none,5.00,0.50,1,子图 运动命令 内部化学连接
14754777,16851791,chem,other,none,5.00,0.50,13,子图 运动命令 内部化学连接
14754777,17354414,chem,other,none,5.00,0.50,1,子图 运动命令 内部化学连接
14754777,17360282,chem,other,none,5.00,0.50,5,子图 运动命令 内部化学连接
14754777,17378648,chem,other,none,5.00,0.50,26,子图 运动命令 内部化学连接
14754777,17383431,chem,other,none,5.00,0.50,5,子图 运动命令 内部化学连接
14754777,17732346,chem,other,none,5.00,0.50,22,子图 运动命令 内部化学连接
14755393,5680013,chem,other,none,5.00,0.50,8,子图 运动命令 内部化学连接
14755393,5745929,chem,other,none,5.00,0.50,1,子图 运动命令 内部化学连接
14755393,6729443,chem,other,none,5.00,0.50,1,子图 运动命令 内部化学连接
14755393,10447988,chem,other,none,5.00,0.50,3,子图 运动命令 内部化学连接
14755393,10918898,chem,other,none,5.00,0.50,1,子图 运动命令 内部化学连接
14755393,13714311,chem,other,none,5.00,0.50,1,子图 运动命令 内部化学连接
14755393,14492757,chem,other,none,5.00,0.50,2,子图 运动命令 内部化学连接
14755393,14726012,chem,other,none,5.00,0.50,1,子图 运动命令 内部化学连接
14755393,15539984,chem,other,none,5.00,0.50,1,子图 运动命令 内部化学连接
14755393,15594113,chem,other,none,5.00,0.50,9,子图 运动命令 内部化学连接
14755393,16544712,chem,other,none,5.00,0.50,3,子图 运动命令 内部化学连接
14755393,16545264,chem,other,none,5.00,0.50,1,子图 运动命令 内部化学连接
14755393,16931001,chem,other,none,5.00,0.50,5,子图 运动命令 内部化学连接
14755393,16937395,chem,other,none,5.00,0.50,1,子图 运动命令 内部化学连接
14755393,17937986,chem,other,none,5.00,0.50,1,子图 运动命令 内部化学连接
14755393,18035063,chem,other,none,5.00,0.50,2,子图 运动命令 内部化学连接
14755393,18111410,chem,other,none,5.00,0.50,2,子图 运动命令 内部化学连接
14755393,18501001,chem,other,none,5.00,0.50,1,子图 运动命令 内部化学连接
14756061,2669844,chem,other,none,5.00,0.50,1,子图 运动命令 内部化学连接
14756061,10355356,chem,other,none,5.00,0.50,1,子图 运动命令 内部化学连接
14756061,12030078,chem,other,none,5.00,0.50,18,子图 运动命令 内部化学连接
14756061,12551020,chem,other,none,5.00,0.50,3,子图 运动命令 内部化学连接
14756061,14753815,chem,other,none,5.00,0.50,2,子图 运动命令 内部化学连接
14756061,15481779,chem,other,none,5.00,0.50,17,子图 运动命令 内部化学连接
14756061,15601640,chem,other,none,5.00,0.50,9,子图 运动命令 内部化学连接
14756061,16340461,chem,other,none,5.00,0.50,9,子图 运动命令 内部化学连接
14756061,16348875,chem,other,none,5.00,0.50,5,子图 运动命令 内部化学连接
14756061,16355225,chem,other,none,5.00,0.50,2,子图 运动命令 内部化学连接
14756061,16445073,chem,other,none,5.00,0.50,8,子图 运动命令 内部化学连接
14756061,16851791,chem,other,none,5.00,0.50,10,子图 运动命令 内部化学连接
14756061,17354403,chem,other,none,5.00,0.50,6,子图 运动命令 内部化学连接
14756061,17360282,chem,other,none,5.00,0.50,1,子图 运动命令 内部化学连接
14756061,17378648,chem,other,none,5.00,0.50,13,子图 运动命令 内部化学连接
14756061,17663944,chem,other,none,5.00,0.50,1,子图 运动命令 内部化学连接
14756061,17732346,chem,other,none,5.00,0.50,13,子图 运动命令 内部化学连接
14756061,17755491,chem,other,none,5.00,0.50,2,子图 运动命令 内部化学连接
14756061,17813001,chem,other,none,5.00,0.50,3,子图 运动命令 内部化学连接
14756061,19090042,chem,other,none,5.00,0.50,3,子图 运动命令 内部化学连接
14756440,5900426,chem,other,none,5.00,0.50,1,子图 运动命令 内部化学连接
14756440,5993765,chem,other,none,5.00,0.50,1,子图 运动命令 内部化学连接
14756440,9116228,chem,other,none,5.00,0.50,3,子图 运动命令 内部化学连接
14756440,10382824,chem,other,none,5.00,0.50,1,子图 运动命令 内部化学连接
14756440,10523825,chem,other,none,5.00,0.50,1,子图 运动命令 内部化学连接
14756440,13167730,chem,other,none,5.00,0.50,1,子图 运动命令 内部化学连接
14756440,13644685,chem,other,none,5.00,0.50,1,子图 运动命令 内部化学连接
14756440,13760954,chem,other,none,5.00,0.50,1,子图 运动命令 内部化学连接
14756440,14651659,chem,other,none,5.00,0.50,2,子图 运动命令 内部化学连接
14756440,14680483,chem,other,none,5.00,0.50,1,子图 运动命令 内部化学连接
14756440,14723506,chem,other,none,5.00,0.50,2,子图 运动命令 内部化学连接
14756440,15431408,chem,other,none,5.00,0.50,1,子图 运动命令 内部化学连接
14756440,15548844,chem,other,none,5.00,0.50,2,子图 运动命令 内部化学连接
14756440,15560623,chem,other,none,5.00,0.50,3,子图 运动命令 内部化学连接
14756440,15589591,chem,other,none,5.00,0.50,2,子图 运动命令 内部化学连接
14756440,16443509,chem,other,none,5.00,0.50,1,子图 运动命令 内部化学连接
14756440,16928740,chem,other,none,5.00,0.50,2,子图 运动命令 内部化学连接
14756440,16952648,chem,other,none,5.00,0.50,1,子图 运动命令 内部化学连接
14756440,17358891,chem,other,none,5.00,0.50,1,子图 运动命令 内部化学连接
14756440,17380345,chem,other,none,5.00,0.50,2,子图 运动命令 内部化学连接
14756440,17728781,chem,other,none,5.00,0.50,1,子图 运动命令 内部化学连接
14756440,17732256,chem,other,none,5.00,0.50,7,子图 运动命令 内部化学连接
14756440,17777031,chem,other,none,5.00,0.50,1,子图 运动命令 内部化学连接
14756440,18604097,chem,other,none,5.00,0.50,1,子图 运动命令 内部化学连接
14756440,19166349,chem,other,none,5.00,0.50,3,子图 运动命令 内部化学连接
14757050,5680013,chem,other,none,5.00,0.50,4,子图 运动命令 内部化学连接
14757050,6623089,chem,other,none,5.00,0.50,1,子图 运动命令 内部化学连接
14757050,13714311,chem,other,none,5.00,0.50,1,子图 运动命令 内部化学连接
14757050,14492757,chem,other,none,5.00,0.50,1,子图 运动命令 内部化学连接
14757050,15594113,chem,other,none,5.00,0.50,3,子图 运动命令 内部化学连接
14757050,16544712,chem,other,none,5.00,0.50,7,子图 运动命令 内部化学连接
14757050,16931001,chem,other,none,5.00,0.50,12,子图 运动命令 内部化学连接
14757050,17086412,chem,other,none,5.00,0.50,1,子图 运动命令 内部化学连接
14757050,18111410,chem,other,none,5.00,0.50,3,子图 运动命令 内部化学连接
14757050,19508873,chem,other,none,5.00,0.50,1,子图 运动命令 内部化学连接
14759661,2670619,chem,other,none,5.00,0.50,1,子图 运动命令 内部化学连接
14759661,3058132,chem,other,none,5.00,0.50,1,子图 运动命令 内部化学连接
14759661,4876839,chem,other,none,5.00,0.50,4,子图 运动命令 内部化学连接
14759661,5700090,chem,other,none,5.00,0.50,2,子图 运动命令 内部化学连接
14759661,6317793,chem,other,none,5.00,0.50,3,子图 运动命令 内部化学连接
14759661,7449767,chem,other,none,5.00,0.50,1,子图 运动命令 内部化学连接
14759661,7573476,chem,other,none,5.00,0.50,2,子图 运动命令 内部化学连接
14759661,8696919,chem,other,none,5.00,0.50,1,子图 运动命令 内部化学连接
14759661,8710444,chem,other,none,5.00,0.50,1,子图 运动命令 内部化学连接
14759661,15517247,chem,other,none,5.00,0.50,1,子图 运动命令 内部化学连接
14759661,17384874,chem,other,none,5.00,0.50,1,子图 运动命令 内部化学连接
14759661,17913032,chem,other,none,5.00,0.50,1,子图 运动命令 内部化学连接
14760757,2357110,chem,other,none,5.00,0.50,1,子图 运动命令 内部化学连接
14760757,2659386,chem,other,none,5.00,0.50,1,子图 运动命令 内部化学连接
14760757,3620633,chem,other,none,5.00,0.50,8,子图 运动命令 内部化学连接
14760757,3925724,chem,other,none,5.00,0.50,2,子图 运动命令 内部化学连接
14760757,3926904,chem,other,none,5.00,0.50,3,子图 运动命令 内部化学连接
14760757,3946166,chem,other,none,5.00,0.50,4,子图 运动命令 内部化学连接
14760757,5010581,chem,other,none,5.00,0.50,2,子图 运动命令 内部化学连接
14760757,5955853,chem,other,none,5.00,0.50,2,子图 运动命令 内部化学连接
14760757,5956787,chem,other,none,5.00,0.50,1,子图 运动命令 内部化学连接
14760757,5973097,chem,other,none,5.00,0.50,2,子图 运动命令 内部化学连接
14760757,6445994,chem,other,none,5.00,0.50,2,子图 运动命令 内部化学连接
14760757,6978585,chem,other,none,5.00,0.50,2,子图 运动命令 内部化学连接
14760757,7476468,chem,other,none,5.00,0.50,3,子图 运动命令 内部化学连接
14760757,7529574,chem,other,none,5.00,0.50,3,子图 运动命令 内部化学连接
14760757,7530253,chem,other,none,5.00,0.50,1,子图 运动命令 内部化学连接
14760757,8572353,chem,other,none,5.00,0.50,1,子图 运动命令 内部化学连接
14760757,9436520,chem,other,none,5.00,0.50,1,子图 运动命令 内部化学连接
14760757,9842000,chem,other,none,5.00,0.50,1,子图 运动命令 内部化学连接
14760757,10797407,chem,other,none,5.00,0.50,12,子图 运动命令 内部化学连接
14760757,10872426,chem,other,none,5.00,0.50,2,子图 运动命令 内部化学连接
14760757,11306294,chem,other,none,5.00,0.50,3,子图 运动命令 内部化学连接
14760757,12299704,chem,other,none,5.00,0.50,1,子图 运动命令 内部化学连接
14760757,12364717,chem,other,none,5.00,0.50,1,子图 运动命令 内部化学连接
14760757,12704360,chem,other,none,5.00,0.50,1,子图 运动命令 内部化学连接
14760757,13948718,chem,other,none,5.00,0.50,1,子图 运动命令 内部化学连接
14760757,14034311,chem,other,none,5.00,0.50,1,子图 运动命令 内部化学连接
14760757,15568134,chem,other,none,5.00,0.50,5,子图 运动命令 内部化学连接
14760757,16683883,chem,other,none,5.00,0.50,1,子图 运动命令 内部化学连接
14760757,16683943,chem,other,none,5.00,0.50,5,子图 运动命令 内部化学连接
14760757,17324711,chem,other,none,5.00,0.50,1,子图 运动命令 内部化学连接
14760757,17658884,chem,other,none,5.00,0.50,1,子图 运动命令 内部化学连接
14760757,17756162,chem,other,none,5.00,0.50,1,子图 运动命令 内部化学连接
14914182,3945756,chem,other,none,5.00,0.50,1,子图 运动命令 内部化学连接
14914182,8572353,chem,other,none,5.00,0.50,1,子图 运动命令 内部化学连接
14914182,10842047,chem,other,none,5.00,0.50,1,子图 运动命令 内部化学连接
14914182,10842099,chem,other,none,5.00,0.50,1,子图 运动命令 内部化学连接
14914182,10872426,chem,other,none,5.00,0.50,1,子图 运动命令 内部化学连接
14914182,13645610,chem,other,none,5.00,0.50,3,子图 运动命令 内部化学连接
14914182,14754777,chem,other,none,5.00,0.50,1,子图 运动命令 内部化学连接
14914182,16348875,chem,other,none,5.00,0.50,1,子图 运动命令 内部化学连接
14914182,16676038,chem,other,none,5.00,0.50,2,子图 运动命令 内部化学连接
14914182,17000062,chem,other,none,5.00,0.50,1,子图 运动命令 内部化学连接
14914182,17360282,chem,other,none,5.00,0.50,1,子图 运动命令 内部化学连接
14914182,18644088,chem,other,none,5.00,0.50,1,子图 运动命令 内部化学连接
14999928,4173633,chem,other,none,5.00,0.50,3,子图 运动命令 内部化学连接
14999928,4228105,chem,other,none,5.00,0.50,1,子图 运动命令 内部化学连接
14999928,4591713,chem,other,none,5.00,0.50,4,子图 运动命令 内部化学连接
14999928,4966994,chem,other,none,5.00,0.50,1,子图 运动命令 内部化学连接
14999928,5319633,chem,other,none,5.00,0.50,2,子图 运动命令 内部化学连接
14999928,6153877,chem,other,none,5.00,0.50,14,子图 运动命令 内部化学连接
14999928,6190181,chem,other,none,5.00,0.50,22,子图 运动命令 内部化学连接
14999928,6653450,chem,other,none,5.00,0.50,2,子图 运动命令 内部化学连接
14999928,8709865,chem,other,none,5.00,0.50,2,子图 运动命令 内部化学连接
14999928,8710444,chem,other,none,5.00,0.50,1,子图 运动命令 内部化学连接
14999928,9085808,chem,other,none,5.00,0.50,2,子图 运动命令 内部化学连接
14999928,9594273,chem,other,none,5.00,0.50,3,子图 运动命令 内部化学连接
14999928,9604434,chem,other,none,5.00,0.50,2,子图 运动命令 内部化学连接
14999928,13727202,chem,other,none,5.00,0.50,6,子图 运动命令 内部化学连接
14999928,15894178,chem,other,none,5.00,0.50,1,子图 运动命令 内部化学连接
14999928,16339338,chem,other,none,5.00,0.50,13,子图 运动命令 内部化学连接
14999928,16345627,chem,other,none,5.00,0.50,2,子图 运动命令 内部化学连接
14999928,16388736,chem,other,none,5.00,0.50,1,子图 运动命令 内部化学连接
14999928,16671014,chem,other,none,5.00,0.50,8,子图 运动命令 内部化学连接
14999928,16934932,chem,other,none,5.00,0.50,10,子图 运动命令 内部化学连接
14999928,17356024,chem,other,none,5.00,0.50,1,子图 运动命令 内部化学连接
14999928,17813457,chem,other,none,5.00,0.50,4,子图 运动命令 内部化学连接
14999928,18464581,chem,other,none,5.00,0.50,1,子图 运动命令 内部化学连接
15005403,5052370,chem,other,none,5.00,0.50,4,子图 运动命令 内部化学连接
15005403,5993765,chem,other,none,5.00,0.50,3,子图 运动命令 内部化学连接
15005403,6156152,chem,other,none,5.00,0.50,1,子图 运动命令 内部化学连接
15005403,15823055,chem,other,none,5.00,0.50,1,子图 运动命令 内部化学连接
15005403,15964206,chem,other,none,5.00,0.50,1,子图 运动命令 内部化学连接
15005403,16154290,chem,other,none,5.00,0.50,1,子图 运动命令 内部化学连接
15005403,16520950,chem,other,none,5.00,0.50,4,子图 运动命令 内部化学连接
15005403,16950550,chem,other,none,5.00,0.50,1,子图 运动命令 内部化学连接
15005403,17356024,chem,other,none,5.00,0.50,5,子图 运动命令 内部化学连接
15005403,17587734,chem,other,none,5.00,0.50,1,子图 运动命令 内部化学连接
15005403,17589475,chem,other,none,5.00,0.50,1,子图 运动命令 内部化学连接
15005403,18305476,chem,other,none,5.00,0.50,1,子图 运动命令 内部化学连接
15005403,20911955,chem,other,none,5.00,0.50,1,子图 运动命令 内部化学连接
15005403,20911961,chem,other,none,5.00,0.50,2,子图 运动命令 内部化学连接
15018449,4173633,chem,other,none,5.00,0.50,1,子图 运动命令 内部化学连接
15018449,4228105,chem,other,none,5.00,0.50,1,子图 运动命令 内部化学连接
15018449,4591713,chem,other,none,5.00,0.50,9,子图 运动命令 内部化学连接
15018449,6153877,chem,other,none,5.00,0.50,4,子图 运动命令 内部化学连接
15018449,6188181,chem,other,none,5.00,0.50,5,子图 运动命令 内部化学连接
15018449,6190181,chem,other,none,5.00,0.50,4,子图 运动命令 内部化学连接
15018449,6653450,chem,other,none,5.00,0.50,6,子图 运动命令 内部化学连接
15018449,8709865,chem,other,none,5.00,0.50,1,子图 运动命令 内部化学连接
15018449,9067063,chem,other,none,5.00,0.50,4,子图 运动命令 内部化学连接
15018449,9091922,chem,other,none,5.00,0.50,1,子图 运动命令 内部化学连接
15018449,10248031,chem,other,none,5.00,0.50,1,子图 运动命令 内部化学连接
15018449,14999928,chem,other,none,5.00,0.50,5,子图 运动命令 内部化学连接
15018449,15467736,chem,other,none,5.00,0.50,1,子图 运动命令 内部化学连接
15018449,16671014,chem,other,none,5.00,0.50,1,子图 运动命令 内部化学连接
15018449,17083341,chem,other,none,5.00,0.50,1,子图 运动命令 内部化学连接
15018449,17109286,chem,other,none,5.00,0.50,1,子图 运动命令 内部化学连接
15018449,17535542,chem,other,none,5.00,0.50,2,子图 运动命令 内部化学连接
15018449,17813457,chem,other,none,5.00,0.50,2,子图 运动命令 内部化学连接
15018449,18464581,chem,other,none,5.00,0.50,1,子图 运动命令 内部化学连接
15023987,1868538,chem,other,none,5.00,0.50,1,子图 运动命令 内部化学连接
15023987,2438653,chem,other,none,5.00,0.50,1,子图 运动命令 内部化学连接
15023987,4663875,chem,other,none,5.00,0.50,1,子图 运动命令 内部化学连接
15023987,5033480,chem,other,none,5.00,0.50,3,子图 运动命令 内部化学连接
15023987,5700090,chem,other,none,5.00,0.50,1,子图 运动命令 内部化学连接
15023987,5745110,chem,other,none,5.00,0.50,1,子图 运动命令 内部化学连接
15023987,5763407,chem,other,none,5.00,0.50,2,子图 运动命令 内部化学连接
15023987,6317793,chem,other,none,5.00,0.50,1,子图 运动命令 内部化学连接
15023987,6445994,chem,other,none,5.00,0.50,1,子图 运动命令 内部化学连接
15023987,9234420,chem,other,none,5.00,0.50,5,子图 运动命令 内部化学连接
15023987,9822593,chem,other,none,5.00,0.50,1,子图 运动命令 内部化学连接
15023987,10870424,chem,other,none,5.00,0.50,1,子图 运动命令 内部化学连接
15023987,10882750,chem,other,none,5.00,0.50,4,子图 运动命令 内部化学连接
15023987,10885466,chem,other,none,5.00,0.50,9,子图 运动命令 内部化学连接
15023987,10945111,chem,other,none,5.00,0.50,4,子图 运动命令 内部化学连接
15023987,12548756,chem,other,none,5.00,0.50,6,子图 运动命令 内部化学连接
15023987,13049485,chem,other,none,5.00,0.50,4,子图 运动命令 内部化学连接
15023987,16096934,chem,other,none,5.00,0.50,1,子图 运动命令 内部化学连接
15023987,16636860,chem,other,none,5.00,0.50,1,子图 运动命令 内部化学连接
15023987,17360038,chem,other,none,5.00,0.50,1,子图 运动命令 内部化学连接
15023987,17728922,chem,other,none,5.00,0.50,3,子图 运动命令 内部化学连接
15048530,1065967,chem,other,none,5.00,0.50,1,子图 运动命令 内部化学连接
15048530,3027876,chem,other,none,5.00,0.50,10,子图 运动命令 内部化学连接
15048530,3765735,chem,other,none,5.00,0.50,1,子图 运动命令 内部化学连接
15048530,5993001,chem,other,none,5.00,0.50,5,子图 运动命令 内部化学连接
15048530,6317793,chem,other,none,5.00,0.50,3,子图 运动命令 内部化学连接
15048530,8471817,chem,other,none,5.00,0.50,2,子图 运动命令 内部化学连接
15048530,8566140,chem,other,none,5.00,0.50,3,子图 运动命令 内部化学连接
15048530,8571259,chem,other,none,5.00,0.50,1,子图 运动命令 内部化学连接
15048530,8572353,chem,other,none,5.00,0.50,2,子图 运动命令 内部化学连接
15048530,10276161,chem,other,none,5.00,0.50,1,子图 运动命令 内部化学连接
15048530,11278919,chem,other,none,5.00,0.50,3,子图 运动命令 内部化学连接
15048530,11605567,chem,other,none,5.00,0.50,1,子图 运动命令 内部化学连接
15048530,12031406,chem,other,none,5.00,0.50,2,子图 运动命令 内部化学连接
15048530,12364717,chem,other,none,5.00,0.50,1,子图 运动命令 内部化学连接
15048530,13953184,chem,other,none,5.00,0.50,2,子图 运动命令 内部化学连接
15048530,15605301,chem,other,none,5.00,0.50,1,子图 运动命令 内部化学连接
15048530,16195633,chem,other,none,5.00,0.50,1,子图 运动命令 内部化学连接
15048530,16714214,chem,other,none,5.00,0.50,1,子图 运动命令 内部化学连接
15048530,17328632,chem,other,none,5.00,0.50,2,子图 运动命令 内部化学连接
15048530,17756162,chem,other,none,5.00,0.50,1,子图 运动命令 内部化学连接
15048530,18644088,chem,other,none,5.00,0.50,2,子图 运动命令 内部化学连接
15048530,19132527,chem,other,none,5.00,0.50,1,子图 运动命令 内部化学连接
15055590,1646076,chem,other,none,5.00,0.50,1,子图 运动命令 内部化学连接
15055590,3021609,chem,other,none,5.00,0.50,1,子图 运动命令 内部化学连接
15055590,3944626,chem,other,none,5.00,0.50,4,子图 运动命令 内部化学连接
15055590,3979181,chem,other,none,5.00,0.50,1,子图 运动命令 内部化学连接
15055590,5805651,chem,other,none,5.00,0.50,1,子图 运动命令 内部化学连接
15055590,7025064,chem,other,none,5.00,0.50,1,子图 运动命令 内部化学连接
15055590,10553248,chem,other,none,5.00,0.50,16,子图 运动命令 内部化学连接
15055590,10728333,chem,other,none,5.00,0.50,5,子图 运动命令 内部化学连接
15055590,10921106,chem,other,none,5.00,0.50,3,子图 运动命令 内部化学连接
15055590,11217208,chem,other,none,5.00,0.50,4,子图 运动命令 内部化学连接
15055590,14492757,chem,other,none,5.00,0.50,4,子图 运动命令 内部化学连接
15055590,14621584,chem,other,none,5.00,0.50,1,子图 运动命令 内部化学连接
15055590,14656798,chem,other,none,5.00,0.50,1,子图 运动命令 内部化学连接
15055590,14726069,chem,other,none,5.00,0.50,1,子图 运动命令 内部化学连接
15055590,15055590,chem,other,none,5.00,0.50,1,子图 运动命令 内部化学连接
15055590,15522152,chem,other,none,5.00,0.50,2,子图 运动命令 内部化学连接
15055590,16167914,chem,other,none,5.00,0.50,17,子图 运动命令 内部化学连接
15055590,16468935,chem,other,none,5.00,0.50,1,子图 运动命令 内部化学连接
15055590,16544712,chem,other,none,5.00,0.50,1,子图 运动命令 内部化学连接
15055590,16851791,chem,other,none,5.00,0.50,1,子图 运动命令 内部化学连接
15055590,16852589,chem,other,none,5.00,0.50,1,子图 运动命令 内部化学连接
15055590,17022668,chem,other,none,5.00,0.50,2,子图 运动命令 内部化学连接
15055590,17087885,chem,other,none,5.00,0.50,1,子图 运动命令 内部化学连接
15055590,17355864,chem,other,none,5.00,0.50,2,子图 运动命令 内部化学连接
15055590,18464581,chem,other,none,5.00,0.50,2,子图 运动命令 内部化学连接
15055590,18551732,chem,other,none,5.00,0.50,5,子图 运动命令 内部化学连接
15096548,3044500,chem,other,none,5.00,0.50,2,子图 运动命令 内部化学连接
15096548,5033480,chem,other,none,5.00,0.50,2,子图 运动命令 内部化学连接
15096548,8047280,chem,other,none,5.00,0.50,1,子图 运动命令 内部化学连接
15096548,10885466,chem,other,none,5.00,0.50,10,子图 运动命令 内部化学连接
15096548,15608953,chem,other,none,5.00,0.50,7,子图 运动命令 内部化学连接
15096548,16096934,chem,other,none,5.00,0.50,3,子图 运动命令 内部化学连接
15096548,16366055,chem,other,none,5.00,0.50,2,子图 运动命令 内部化学连接
15096548,16433696,chem,other,none,5.00,0.50,1,子图 运动命令 内部化学连接
15096548,16848587,chem,other,none,5.00,0.50,1,子图 运动命令 内部化学连接
15096548,17729973,chem,other,none,5.00,0.50,1,子图 运动命令 内部化学连接
15155348,3027876,chem,other,none,5.00,0.50,1,子图 运动命令 内部化学连接
15155348,8127390,chem,other,none,5.00,0.50,2,子图 运动命令 内部化学连接
15155348,9116228,chem,other,none,5.00,0.50,7,子图 运动命令 内部化学连接
15155348,13652117,chem,other,none,5.00,0.50,3,子图 运动命令 内部化学连接
15155348,13763548,chem,other,none,5.00,0.50,2,子图 运动命令 内部化学连接
15155348,14680483,chem,other,none,5.00,0.50,4,子图 运动命令 内部化学连接
15155348,15548844,chem,other,none,5.00,0.50,6,子图 运动命令 内部化学连接
15155348,16154290,chem,other,none,5.00,0.50,2,子图 运动命令 内部化学连接
15155348,16195633,chem,other,none,5.00,0.50,1,子图 运动命令 内部化学连接
15155348,16350988,chem,other,none,5.00,0.50,2,子图 运动命令 内部化学连接
15155348,16714214,chem,other,none,5.00,0.50,1,子图 运动命令 内部化学连接
15155348,17355864,chem,other,none,5.00,0.50,1,子图 运动命令 内部化学连接
15155348,17380345,chem,other,none,5.00,0.50,2,子图 运动命令 内部化学连接
15155348,17755491,chem,other,none,5.00,0.50,1,子图 运动命令 内部化学连接
15155348,17850822,chem,other,none,5.00,0.50,1,子图 运动命令 内部化学连接
15155348,18604097,chem,other,none,5.00,0.50,4,子图 运动命令 内部化学连接
15250080,2357110,chem,other,none,5.00,0.50,2,子图 运动命令 内部化学连接
15250080,3414508,chem,other,none,5.00,0.50,2,子图 运动命令 内部化学连接
15250080,5476653,chem,other,none,5.00,0.50,5,子图 运动命令 内部化学连接
15250080,5559657,chem,other,none,5.00,0.50,15,子图 运动命令 内部化学连接
15250080,11639192,chem,other,none,5.00,0.50,1,子图 运动命令 内部化学连接
15250080,11941255,chem,other,none,5.00,0.50,3,子图 运动命令 内部化学连接
15250080,13167025,chem,other,none,5.00,0.50,2,子图 运动命令 内部化学连接
15250080,13191017,chem,other,none,5.00,0.50,1,子图 运动命令 内部化学连接
15250080,15202263,chem,other,none,5.00,0.50,3,子图 运动命令 内部化学连接
15250080,15250080,chem,other,none,5.00,0.50,1,子图 运动命令 内部化学连接
15334461,9750356,chem,other,none,5.00,0.50,1,子图 运动命令 内部化学连接
15334461,10158972,chem,other,none,5.00,0.50,1,子图 运动命令 内部化学连接
15334461,13674287,chem,other,none,5.00,0.50,6,子图 运动命令 内部化学连接
15334461,14154154,chem,other,none,5.00,0.50,3,子图 运动命令 内部化学连接
15334461,15334461,chem,other,none,5.00,0.50,1,子图 运动命令 内部化学连接
15334461,16158918,chem,other,none,5.00,0.50,1,子图 运动命令 内部化学连接
15334461,16393165,chem,other,none,5.00,0.50,1,子图 运动命令 内部化学连接
15365184,3764792,chem,other,none,5.00,0.50,2,子图 运动命令 内部化学连接
15365184,4215611,chem,other,none,5.00,0.50,1,子图 运动命令 内部化学连接
15431408,8070872,chem,other,none,5.00,0.50,4,子图 运动命令 内部化学连接
15431408,8801715,chem,other,none,5.00,0.50,1,子图 运动命令 内部化学连接
15431408,10018150,chem,other,none,5.00,0.50,2,子图 运动命令 内部化学连接
15431408,10355356,chem,other,none,5.00,0.50,2,子图 运动命令 内部化学连接
15431408,10872426,chem,other,none,5.00,0.50,1,子图 运动命令 内部化学连接
15431408,15629759,chem,other,none,5.00,0.50,1,子图 运动命令 内部化学连接
15431408,16547297,chem,other,none,5.00,0.50,1,子图 运动命令 内部化学连接
15431408,16937799,chem,other,none,5.00,0.50,1,子图 运动命令 内部化学连接
15431408,17000062,chem,other,none,5.00,0.50,2,子图 运动命令 内部化学连接
15431408,17354414,chem,other,none,5.00,0.50,2,子图 运动命令 内部化学连接
15431408,18302931,chem,other,none,5.00,0.50,1,子图 运动命令 内部化学连接
15431408,19167389,chem,other,none,5.00,0.50,1,子图 运动命令 内部化学连接
15467736,4188325,chem,other,none,5.00,0.50,1,子图 运动命令 内部化学连接
15467736,4876839,chem,other,none,5.00,0.50,1,子图 运动命令 内部化学连接
15467736,4966994,chem,other,none,5.00,0.50,1,子图 运动命令 内部化学连接
15467736,5052370,chem,other,none,5.00,0.50,11,子图 运动命令 内部化学连接
15467736,5164129,chem,other,none,5.00,0.50,3,子图 运动命令 内部化学连接
15467736,5319633,chem,other,none,5.00,0.50,1,子图 运动命令 内部化学连接
15467736,5786898,chem,other,none,5.00,0.50,1,子图 运动命令 内部化学连接
15467736,6153877,chem,other,none,5.00,0.50,1,子图 运动命令 内部化学连接
15467736,6154921,chem,other,none,5.00,0.50,1,子图 运动命令 内部化学连接
15467736,6156152,chem,other,none,5.00,0.50,7,子图 运动命令 内部化学连接
15467736,7371184,chem,other,none,5.00,0.50,1,子图 运动命令 内部化学连接
15467736,8025665,chem,other,none,5.00,0.50,1,子图 运动命令 内部化学连接
15467736,8161142,chem,other,none,5.00,0.50,1,子图 运动命令 内部化学连接
15467736,8161148,chem,other,none,5.00,0.50,2,子图 运动命令 内部化学连接
15467736,8496618,chem,other,none,5.00,0.50,20,子图 运动命令 内部化学连接
15467736,8709865,chem,other,none,5.00,0.50,1,子图 运动命令 内部化学连接
15467736,9069084,chem,other,none,5.00,0.50,2,子图 运动命令 内部化学连接
15467736,9480916,chem,other,none,5.00,0.50,1,子图 运动命令 内部化学连接
15467736,9604434,chem,other,none,5.00,0.50,1,子图 运动命令 内部化学连接
15467736,12474164,chem,other,none,5.00,0.50,1,子图 运动命令 内部化学连接
15467736,13675374,chem,other,none,5.00,0.50,1,子图 运动命令 内部化学连接
15467736,13727202,chem,other,none,5.00,0.50,3,子图 运动命令 内部化学连接
15467736,15525711,chem,other,none,5.00,0.50,1,子图 运动命令 内部化学连接
15467736,15525794,chem,other,none,5.00,0.50,1,子图 运动命令 内部化学连接
15467736,15732503,chem,other,none,5.00,0.50,1,子图 运动命令 内部化学连接
15467736,15894178,chem,other,none,5.00,0.50,7,子图 运动命令 内部化学连接
15467736,15894278,chem,other,none,5.00,0.50,1,子图 运动命令 内部化学连接
15467736,16327998,chem,other,none,5.00,0.50,21,子图 运动命令 内部化学连接
15467736,16342197,chem,other,none,5.00,0.50,1,子图 运动命令 内部化学连接
15467736,16388736,chem,other,none,5.00,0.50,1,子图 运动命令 内部化学连接
15467736,16520950,chem,other,none,5.00,0.50,1,子图 运动命令 内部化学连接
15467736,16578252,chem,other,none,5.00,0.50,1,子图 运动命令 内部化学连接
15467736,16934932,chem,other,none,5.00,0.50,2,子图 运动命令 内部化学连接
15467736,16947349,chem,other,none,5.00,0.50,1,子图 运动命令 内部化学连接
15467736,16950550,chem,other,none,5.00,0.50,10,子图 运动命令 内部化学连接
15467736,17380309,chem,other,none,5.00,0.50,1,子图 运动命令 内部化学连接
15481779,3027876,chem,other,none,5.00,0.50,1,子图 运动命令 内部化学连接
15481779,3598000,chem,other,none,5.00,0.50,1,子图 运动命令 内部化学连接
15481779,4847079,chem,other,none,5.00,0.50,1,子图 运动命令 内部化学连接
15481779,5902352,chem,other,none,5.00,0.50,1,子图 运动命令 内部化学连接
15481779,9565674,chem,other,none,5.00,0.50,1,子图 运动命令 内部化学连接
15481779,13411445,chem,other,none,5.00,0.50,3,子图 运动命令 内部化学连接
15481779,13674287,chem,other,none,5.00,0.50,2,子图 运动命令 内部化学连接
15481779,13713529,chem,other,none,5.00,0.50,3,子图 运动命令 内部化学连接
15481779,13760954,chem,other,none,5.00,0.50,3,子图 运动命令 内部化学连接
15481779,13835439,chem,other,none,5.00,0.50,2,子图 运动命令 内部化学连接
15481779,14680483,chem,other,none,5.00,0.50,1,子图 运动命令 内部化学连接
15481779,16154290,chem,other,none,5.00,0.50,2,子图 运动命令 内部化学连接
15481779,16884962,chem,other,none,5.00,0.50,1,子图 运动命令 内部化学连接
15481779,17304269,chem,other,none,5.00,0.50,1,子图 运动命令 内部化学连接
15481779,17537254,chem,other,none,5.00,0.50,1,子图 运动命令 内部化学连接
15481779,19156025,chem,other,none,5.00,0.50,1,子图 运动命令 内部化学连接
15481779,19190681,chem,other,none,5.00,0.50,11,子图 运动命令 内部化学连接
15512404,1678567,chem,other,none,5.00,0.50,1,子图 运动命令 内部化学连接
15512404,6623089,chem,other,none,5.00,0.50,2,子图 运动命令 内部化学连接
15512404,7057730,chem,other,none,5.00,0.50,1,子图 运动命令 内部化学连接
15512404,8271875,chem,other,none,5.00,0.50,1,子图 运动命令 内部化学连接
15512404,9077224,chem,other,none,5.00,0.50,1,子图 运动命令 内部化学连接
15512404,9154024,chem,other,none,5.00,0.50,1,子图 运动命令 内部化学连接
15512404,10553248,chem,other,none,5.00,0.50,3,子图 运动命令 内部化学连接
15512404,10756813,chem,other,none,5.00,0.50,1,子图 运动命令 内部化学连接
15512404,11468088,chem,other,none,5.00,0.50,1,子图 运动命令 内部化学连接
15512404,15005403,chem,other,none,5.00,0.50,2,子图 运动命令 内部化学连接
15512404,15512404,chem,other,none,5.00,0.50,1,子图 运动命令 内部化学连接
15512404,15525794,chem,other,none,5.00,0.50,3,子图 运动命令 内部化学连接
15512404,16345627,chem,other,none,5.00,0.50,1,子图 运动命令 内部化学连接
15512404,16540741,chem,other,none,5.00,0.50,1,子图 运动命令 内部化学连接
15512404,16545264,chem,other,none,5.00,0.50,11,子图 运动命令 内部化学连接
15512404,16562142,chem,other,none,5.00,0.50,1,子图 运动命令 内部化学连接
15512404,16667592,chem,other,none,5.00,0.50,7,子图 运动命令 内部化学连接
15512404,16851718,chem,other,none,5.00,0.50,3,子图 运动命令 内部化学连接
15512404,16950115,chem,other,none,5.00,0.50,2,子图 运动命令 内部化学连接
15512404,16952691,chem,other,none,5.00,0.50,9,子图 运动命令 内部化学连接
15512404,17053270,chem,other,none,5.00,0.50,1,子图 运动命令 内部化学连接
15512404,17173852,chem,other,none,5.00,0.50,25,子图 运动命令 内部化学连接
15512404,17448356,chem,other,none,5.00,0.50,2,子图 运动命令 内部化学连接
15512404,17454636,chem,other,none,5.00,0.50,5,子图 运动命令 内部化学连接
15512404,17809869,chem,other,none,5.00,0.50,2,子图 运动命令 内部化学连接
15512404,18111410,chem,other,none,5.00,0.50,10,子图 运动命令 内部化学连接
15512404,18267838,chem,other,none,5.00,0.50,1,子图 运动命令 内部化学连接
15512404,18551732,chem,other,none,5.00,0.50,1,子图 运动命令 内部化学连接
15512404,19361427,chem,other,none,5.00,0.50,1,子图 运动命令 内部化学连接
15512408,4749004,chem,other,none,5.00,0.50,5,子图 运动命令 内部化学连接
15512408,7057730,chem,other,none,5.00,0.50,1,子图 运动命令 内部化学连接
15512408,14651659,chem,other,none,5.00,0.50,1,子图 运动命令 内部化学连接
15512408,15513540,chem,other,none,5.00,0.50,5,子图 运动命令 内部化学连接
15512408,16547281,chem,other,none,5.00,0.50,21,子图 运动命令 内部化学连接
15512408,16562142,chem,other,none,5.00,0.50,7,子图 运动命令 内部化学连接
15512408,16667306,chem,other,none,5.00,0.50,9,子图 运动命令 内部化学连接
15512408,16670540,chem,other,none,5.00,0.50,2,子图 运动命令 内部化学连接
15512408,16852622,chem,other,none,5.00,0.50,12,子图 运动命令 内部化学连接
15512408,16952665,chem,other,none,5.00,0.50,1,子图 运动命令 内部化学连接
15512408,17173852,chem,other,none,5.00,0.50,4,子图 运动命令 内部化学连接
15512408,17358864,chem,other,none,5.00,0.50,3,子图 运动命令 内部化学连接
15512408,17736654,chem,other,none,5.00,0.50,3,子图 运动命令 内部化学连接
15512408,17975547,chem,other,none,5.00,0.50,1,子图 运动命令 内部化学连接
15512408,18076102,chem,other,none,5.00,0.50,1,子图 运动命令 内部化学连接
15513540,4324567,chem,other,none,5.00,0.50,1,子图 运动命令 内部化学连接
15513540,4749004,chem,other,none,5.00,0.50,4,子图 运动命令 内部化学连接
15513540,9068024,chem,other,none,5.00,0.50,5,子图 运动命令 内部化学连接
15513540,15512408,chem,other,none,5.00,0.50,2,子图 运动命令 内部化学连接
15513540,15513540,chem,other,none,5.00,0.50,1,子图 运动命令 内部化学连接
15513540,15800115,chem,other,none,5.00,0.50,3,子图 运动命令 内部化学连接
15513540,16547281,chem,other,none,5.00,0.50,4,子图 运动命令 内部化学连接
15513540,16561224,chem,other,none,5.00,0.50,3,子图 运动命令 内部化学连接
15513540,16562142,chem,other,none,5.00,0.50,3,子图 运动命令 内部化学连接
15513540,16667306,chem,other,none,5.00,0.50,10,子图 运动命令 内部化学连接
15513540,16670540,chem,other,none,5.00,0.50,3,子图 运动命令 内部化学连接
15513540,16852622,chem,other,none,5.00,0.50,1,子图 运动命令 内部化学连接
15513540,16952642,chem,other,none,5.00,0.50,1,子图 运动命令 内部化学连接
15513540,16952665,chem,other,none,5.00,0.50,3,子图 运动命令 内部化学连接
15513540,17173852,chem,other,none,5.00,0.50,15,子图 运动命令 内部化学连接
15513540,17448356,chem,other,none,5.00,0.50,4,子图 运动命令 内部化学连接
15513540,17454636,chem,other,none,5.00,0.50,1,子图 运动命令 内部化学连接
15513540,18111410,chem,other,none,5.00,0.50,3,子图 运动命令 内部化学连接
15516413,4274518,chem,other,none,5.00,0.50,1,子图 运动命令 内部化学连接
15516413,4324567,chem,other,none,5.00,0.50,1,子图 运动命令 内部化学连接
15516413,6188181,chem,other,none,5.00,0.50,13,子图 运动命令 内部化学连接
15516413,6702943,chem,other,none,5.00,0.50,2,子图 运动命令 内部化学连接
15516413,8801736,chem,other,none,5.00,0.50,2,子图 运动命令 内部化学连接
15516413,9612903,chem,other,none,5.00,0.50,4,子图 运动命令 内部化学连接
15516413,10355356,chem,other,none,5.00,0.50,1,子图 运动命令 内部化学连接
15516413,11303036,chem,other,none,5.00,0.50,2,子图 运动命令 内部化学连接
15516413,12031406,chem,other,none,5.00,0.50,1,子图 运动命令 内部化学连接
15516413,13842372,chem,other,none,5.00,0.50,3,子图 运动命令 内部化学连接
15516413,14651659,chem,other,none,5.00,0.50,1,子图 运动命令 内部化学连接
15516413,16547281,chem,other,none,5.00,0.50,1,子图 运动命令 内部化学连接
15516413,16560178,chem,other,none,5.00,0.50,2,子图 运动命令 内部化学连接
15516413,16561224,chem,other,none,5.00,0.50,1,子图 运动命令 内部化学连接
15516413,16667306,chem,other,none,5.00,0.50,2,子图 运动命令 内部化学连接
15516413,16852622,chem,other,none,5.00,0.50,2,子图 运动命令 内部化学连接
15516413,16913476,chem,other,none,5.00,0.50,1,子图 运动命令 内部化学连接
15516413,16992171,chem,other,none,5.00,0.50,2,子图 运动命令 内部化学连接
15516413,17110007,chem,other,none,5.00,0.50,6,子图 运动命令 内部化学连接
15516413,17173852,chem,other,none,5.00,0.50,1,子图 运动命令 内部化学连接
15516413,17358864,chem,other,none,5.00,0.50,3,子图 运动命令 内部化学连接
15516413,17358891,chem,other,none,5.00,0.50,2,子图 运动命令 内部化学连接
15516413,17535542,chem,other,none,5.00,0.50,8,子图 运动命令 内部化学连接
15516413,17736641,chem,other,none,5.00,0.50,3,子图 运动命令 内部化学连接
15516413,17736654,chem,other,none,5.00,0.50,8,子图 运动命令 内部化学连接
15516413,18076102,chem,other,none,5.00,0.50,1,子图 运动命令 内部化学连接
15516413,18111410,chem,other,none,5.00,0.50,2,子图 运动命令 内部化学连接
15516413,18305476,chem,other,none,5.00,0.50,1,子图 运动命令 内部化学连接
15516413,18929470,chem,other,none,5.00,0.50,1,子图 运动命令 内部化学连接
15517247,1591270,chem,other,none,5.00,0.50,2,子图 运动命令 内部化学连接
15517247,3010486,chem,other,none,5.00,0.50,1,子图 运动命令 内部化学连接
15517247,3044500,chem,other,none,5.00,0.50,2,子图 运动命令 内部化学连接
15517247,3048606,chem,other,none,5.00,0.50,1,子图 运动命令 内部化学连接
15517247,5462159,chem,other,none,5.00,0.50,5,子图 运动命令 内部化学连接
15517247,5700090,chem,other,none,5.00,0.50,1,子图 运动命令 内部化学连接
15517247,6572414,chem,other,none,5.00,0.50,1,子图 运动命令 内部化学连接
15517247,7335439,chem,other,none,5.00,0.50,1,子图 运动命令 内部化学连接
15517247,7388340,chem,other,none,5.00,0.50,1,子图 运动命令 内部化学连接
15517247,7571966,chem,other,none,5.00,0.50,1,子图 运动命令 内部化学连接
15517247,7589765,chem,other,none,5.00,0.50,1,子图 运动命令 内部化学连接
15517247,8347907,chem,other,none,5.00,0.50,2,子图 运动命令 内部化学连接
15517247,8546775,chem,other,none,5.00,0.50,1,子图 运动命令 内部化学连接
15517247,10609443,chem,other,none,5.00,0.50,1,子图 运动命令 内部化学连接
15517247,10768709,chem,other,none,5.00,0.50,1,子图 运动命令 内部化学连接
15517247,11217208,chem,other,none,5.00,0.50,2,子图 运动命令 内部化学连接
15517247,13749806,chem,other,none,5.00,0.50,2,子图 运动命令 内部化学连接
15517247,14655602,chem,other,none,5.00,0.50,2,子图 运动命令 内部化学连接
15517247,14757050,chem,other,none,5.00,0.50,1,子图 运动命令 内部化学连接
15517247,15606239,chem,other,none,5.00,0.50,1,子图 运动命令 内部化学连接
15517247,15636958,chem,other,none,5.00,0.50,1,子图 运动命令 内部化学连接
15517247,15638906,chem,other,none,5.00,0.50,1,子图 运动命令 内部化学连接
15517247,15639294,chem,other,none,5.00,0.50,1,子图 运动命令 内部化学连接
15517247,15672269,chem,other,none,5.00,0.50,1,子图 运动命令 内部化学连接
15517247,15689046,chem,other,none,5.00,0.50,1,子图 运动命令 内部化学连接
15517247,16335254,chem,other,none,5.00,0.50,1,子图 运动命令 内部化学连接
15517247,16468935,chem,other,none,5.00,0.50,4,子图 运动命令 内部化学连接
15517247,16571210,chem,other,none,5.00,0.50,4,子图 运动命令 内部化学连接
15517247,17315288,chem,other,none,5.00,0.50,1,子图 运动命令 内部化学连接
15517247,17360010,chem,other,none,5.00,0.50,1,子图 运动命令 内部化学连接
15517247,17360038,chem,other,none,5.00,0.50,2,子图 运动命令 内部化学连接
15517247,17473163,chem,other,none,5.00,0.50,1,子图 运动命令 内部化学连接
15517247,18149325,chem,other,none,5.00,0.50,1,子图 运动命令 内部化学连接
15517247,20151537,chem,other,none,5.00,0.50,2,子图 运动命令 内部化学连接
15517247,20443571,chem,other,none,5.00,0.50,1,子图 运动命令 内部化学连接
15517247,21300466,chem,other,none,5.00,0.50,1,子图 运动命令 内部化学连接
15522152,4274518,chem,other,none,5.00,0.50,2,子图 运动命令 内部化学连接
15522152,7439913,chem,other,none,5.00,0.50,2,子图 运动命令 内部化学连接
15522152,10581624,chem,other,none,5.00,0.50,6,子图 运动命令 内部化学连接
15522152,10756813,chem,other,none,5.00,0.50,1,子图 运动命令 内部化学连接
15522152,11022546,chem,other,none,5.00,0.50,2,子图 运动命令 内部化学连接
15522152,12598741,chem,other,none,5.00,0.50,2,子图 运动命令 内部化学连接
15522152,14617508,chem,other,none,5.00,0.50,1,子图 运动命令 内部化学连接
15522152,14651659,chem,other,none,5.00,0.50,3,子图 运动命令 内部化学连接
15522152,15365184,chem,other,none,5.00,0.50,1,子图 运动命令 内部化学连接
15522152,15522152,chem,other,none,5.00,0.50,1,子图 运动命令 内部化学连接
15522152,16415910,chem,other,none,5.00,0.50,1,子图 运动命令 内部化学连接
15522152,16445338,chem,other,none,5.00,0.50,1,子图 运动命令 内部化学连接
15522152,16950097,chem,other,none,5.00,0.50,2,子图 运动命令 内部化学连接
15522152,16950115,chem,other,none,5.00,0.50,2,子图 运动命令 内部化学连接
15522152,17053270,chem,other,none,5.00,0.50,1,子图 运动命令 内部化学连接
15522152,17380345,chem,other,none,5.00,0.50,6,子图 运动命令 内部化学连接
15522152,17736641,chem,other,none,5.00,0.50,1,子图 运动命令 内部化学连接
15522152,18527962,chem,other,none,5.00,0.50,1,子图 运动命令 内部化学连接
15525711,4173633,chem,other,none,5.00,0.50,2,子图 运动命令 内部化学连接
15525711,4228105,chem,other,none,5.00,0.50,1,子图 运动命令 内部化学连接
15525711,4591713,chem,other,none,5.00,0.50,12,子图 运动命令 内部化学连接
15525711,5319633,chem,other,none,5.00,0.50,4,子图 运动命令 内部化学连接
15525711,6153877,chem,other,none,5.00,0.50,10,子图 运动命令 内部化学连接
15525711,8025665,chem,other,none,5.00,0.50,1,子图 运动命令 内部化学连接
15525711,8161142,chem,other,none,5.00,0.50,1,子图 运动命令 内部化学连接
15525711,8161148,chem,other,none,5.00,0.50,8,子图 运动命令 内部化学连接
15525711,8709865,chem,other,none,5.00,0.50,1,子图 运动命令 内部化学连接
15525711,9068346,chem,other,none,5.00,0.50,1,子图 运动命令 内部化学连接
15525711,9085808,chem,other,none,5.00,0.50,5,子图 运动命令 内部化学连接
15525711,9604434,chem,other,none,5.00,0.50,7,子图 运动命令 内部化学连接
15525711,10248031,chem,other,none,5.00,0.50,2,子图 运动命令 内部化学连接
15525711,10447988,chem,other,none,5.00,0.50,4,子图 运动命令 内部化学连接
15525711,14999928,chem,other,none,5.00,0.50,2,子图 运动命令 内部化学连接
15525711,15467736,chem,other,none,5.00,0.50,3,子图 运动命令 内部化学连接
15525711,15525794,chem,other,none,5.00,0.50,3,子图 运动命令 内部化学连接
15525711,15539984,chem,other,none,5.00,0.50,2,子图 运动命令 内部化学连接
15525711,15894178,chem,other,none,5.00,0.50,16,子图 运动命令 内部化学连接
15525711,15894278,chem,other,none,5.00,0.50,7,子图 运动命令 内部化学连接
15525711,16339338,chem,other,none,5.00,0.50,5,子图 运动命令 内部化学连接
15525711,16540741,chem,other,none,5.00,0.50,1,子图 运动命令 内部化学连接
15525711,16671014,chem,other,none,5.00,0.50,9,子图 运动命令 内部化学连接
15525711,16934932,chem,other,none,5.00,0.50,10,子图 运动命令 内部化学连接
15525794,4173633,chem,other,none,5.00,0.50,1,子图 运动命令 内部化学连接
15525794,4591713,chem,other,none,5.00,0.50,1,子图 运动命令 内部化学连接
15525794,4966994,chem,other,none,5.00,0.50,2,子图 运动命令 内部化学连接
15525794,5052370,chem,other,none,5.00,0.50,2,子图 运动命令 内部化学连接
15525794,5319633,chem,other,none,5.00,0.50,1,子图 运动命令 内部化学连接
15525794,6153877,chem,other,none,5.00,0.50,1,子图 运动命令 内部化学连接
15525794,6190181,chem,other,none,5.00,0.50,1,子图 运动命令 内部化学连接
15525794,8025665,chem,other,none,5.00,0.50,1,子图 运动命令 内部化学连接
15525794,8161142,chem,other,none,5.00,0.50,11,子图 运动命令 内部化学连接
15525794,8161148,chem,other,none,5.00,0.50,22,子图 运动命令 内部化学连接
15525794,9085808,chem,other,none,5.00,0.50,4,子图 运动命令 内部化学连接
15525794,9097065,chem,other,none,5.00,0.50,1,子图 运动命令 内部化学连接
15525794,9594273,chem,other,none,5.00,0.50,1,子图 运动命令 内部化学连接
15525794,9604434,chem,other,none,5.00,0.50,4,子图 运动命令 内部化学连接
15525794,10248031,chem,other,none,5.00,0.50,1,子图 运动命令 内部化学连接
15525794,10447988,chem,other,none,5.00,0.50,2,子图 运动命令 内部化学连接
15525794,13727202,chem,other,none,5.00,0.50,2,子图 运动命令 内部化学连接
15525794,15018449,chem,other,none,5.00,0.50,1,子图 运动命令 内部化学连接
15525794,15155348,chem,other,none,5.00,0.50,1,子图 运动命令 内部化学连接
15525794,15467736,chem,other,none,5.00,0.50,15,子图 运动命令 内部化学连接
15525794,15539984,chem,other,none,5.00,0.50,5,子图 运动命令 内部化学连接
15525794,15894178,chem,other,none,5.00,0.50,3,子图 运动命令 内部化学连接
15525794,15894278,chem,other,none,5.00,0.50,12,子图 运动命令 内部化学连接
15525794,16327998,chem,other,none,5.00,0.50,1,子图 运动命令 内部化学连接
15525794,16339338,chem,other,none,5.00,0.50,4,子图 运动命令 内部化学连接
15525794,16355225,chem,other,none,5.00,0.50,1,子图 运动命令 内部化学连接
15525794,16520950,chem,other,none,5.00,0.50,2,子图 运动命令 内部化学连接
15525794,16671014,chem,other,none,5.00,0.50,7,子图 运动命令 内部化学连接
15525794,16852421,chem,other,none,5.00,0.50,1,子图 运动命令 内部化学连接
15525794,16934932,chem,other,none,5.00,0.50,7,子图 运动命令 内部化学连接
15525794,16950550,chem,other,none,5.00,0.50,7,子图 运动命令 内部化学连接
15525794,17109286,chem,other,none,5.00,0.50,1,子图 运动命令 内部化学连接
15525794,17356024,chem,other,none,5.00,0.50,1,子图 运动命令 内部化学连接
15539984,4017464,chem,other,none,5.00,0.50,2,子图 运动命令 内部化学连接
15539984,4749004,chem,other,none,5.00,0.50,2,子图 运动命令 内部化学连接
15539984,4966994,chem,other,none,5.00,0.50,2,子图 运动命令 内部化学连接
15539984,5164129,chem,other,none,5.00,0.50,1,子图 运动命令 内部化学连接
15539984,5786898,chem,other,none,5.00,0.50,1,子图 运动命令 内部化学连接
15539984,6153877,chem,other,none,5.00,0.50,1,子图 运动命令 内部化学连接
15539984,6609380,chem,other,none,5.00,0.50,2,子图 运动命令 内部化学连接
15539984,6610913,chem,other,none,5.00,0.50,8,子图 运动命令 内部化学连接
15539984,8161142,chem,other,none,5.00,0.50,3,子图 运动命令 内部化学连接
15539984,8161148,chem,other,none,5.00,0.50,23,子图 运动命令 内部化学连接
15539984,8496618,chem,other,none,5.00,0.50,2,子图 运动命令 内部化学连接
15539984,8710444,chem,other,none,5.00,0.50,1,子图 运动命令 内部化学连接
15539984,9097065,chem,other,none,5.00,0.50,3,子图 运动命令 内部化学连接
15539984,10276161,chem,other,none,5.00,0.50,2,子图 运动命令 内部化学连接
15539984,10728328,chem,other,none,5.00,0.50,3,子图 运动命令 内部化学连接
15539984,10728333,chem,other,none,5.00,0.50,1,子图 运动命令 内部化学连接
15539984,12474164,chem,other,none,5.00,0.50,5,子图 运动命令 内部化学连接
15539984,13557064,chem,other,none,5.00,0.50,2,子图 运动命令 内部化学连接
15539984,14726069,chem,other,none,5.00,0.50,1,子图 运动命令 内部化学连接
15539984,15467736,chem,other,none,5.00,0.50,17,子图 运动命令 内部化学连接
15539984,15539984,chem,other,none,5.00,0.50,1,子图 运动命令 内部化学连接
15539984,15894178,chem,other,none,5.00,0.50,1,子图 运动命令 内部化学连接
15539984,16339338,chem,other,none,5.00,0.50,1,子图 运动命令 内部化学连接
15539984,16578252,chem,other,none,5.00,0.50,2,子图 运动命令 内部化学连接
15539984,16852421,chem,other,none,5.00,0.50,1,子图 运动命令 内部化学连接
15539984,16934932,chem,other,none,5.00,0.50,3,子图 运动命令 内部化学连接
15539984,17247877,chem,other,none,5.00,0.50,3,子图 运动命令 内部化学连接
15539984,18464581,chem,other,none,5.00,0.50,9,子图 运动命令 内部化学连接
15539984,19048289,chem,other,none,5.00,0.50,2,子图 运动命令 内部化学连接
15539984,20151537,chem,other,none,5.00,0.50,1,子图 运动命令 内部化学连接
15548844,2648254,chem,other,none,5.00,0.50,1,子图 运动命令 内部化学连接
15548844,4188325,chem,other,none,5.00,0.50,1,子图 运动命令 内部化学连接
15548844,5319633,chem,other,none,5.00,0.50,1,子图 运动命令 内部化学连接
15548844,6609380,chem,other,none,5.00,0.50,7,子图 运动命令 内部化学连接
15548844,9116228,chem,other,none,5.00,0.50,4,子图 运动命令 内部化学连接
15548844,10947427,chem,other,none,5.00,0.50,1,子图 运动命令 内部化学连接
15548844,13411445,chem,other,none,5.00,0.50,1,子图 运动命令 内部化学连接
15548844,13674287,chem,other,none,5.00,0.50,1,子图 运动命令 内部化学连接
15548844,14039007,chem,other,none,5.00,0.50,2,子图 运动命令 内部化学连接
15548844,14492757,chem,other,none,5.00,0.50,1,子图 运动命令 内部化学连接
15548844,14588375,chem,other,none,5.00,0.50,1,子图 运动命令 内部化学连接
15548844,14656798,chem,other,none,5.00,0.50,1,子图 运动命令 内部化学连接
15548844,14680483,chem,other,none,5.00,0.50,1,子图 运动命令 内部化学连接
15548844,15934458,chem,other,none,5.00,0.50,1,子图 运动命令 内部化学连接
15548844,16350988,chem,other,none,5.00,0.50,1,子图 运动命令 内部化学连接
15548844,17297936,chem,other,none,5.00,0.50,5,子图 运动命令 内部化学连接
15548844,17663944,chem,other,none,5.00,0.50,1,子图 运动命令 内部化学连接
15548844,19048289,chem,other,none,5.00,0.50,2,子图 运动命令 内部化学连接
15548844,19156025,chem,other,none,5.00,0.50,2,子图 运动命令 内部化学连接
15548844,20139548,chem,other,none,5.00,0.50,4,子图 运动命令 内部化学连接
15560623,13763548,chem,other,none,5.00,0.50,2,子图 运动命令 内部化学连接
15560623,19508873,chem,other,none,5.00,0.50,1,子图 运动命令 内部化学连接
15568134,3027876,chem,other,none,5.00,0.50,11,子图 运动命令 内部化学连接
15568134,3276003,chem,other,none,5.00,0.50,3,子图 运动命令 内部化学连接
15568134,3436420,chem,other,none,5.00,0.50,1,子图 运动命令 内部化学连接
15568134,3928574,chem,other,none,5.00,0.50,1,子图 运动命令 内部化学连接
15568134,3944626,chem,other,none,5.00,0.50,4,子图 运动命令 内部化学连接
15568134,3945756,chem,other,none,5.00,0.50,1,子图 运动命令 内部化学连接
15568134,3946166,chem,other,none,5.00,0.50,1,子图 运动命令 内部化学连接
15568134,5010581,chem,other,none,5.00,0.50,1,子图 运动命令 内部化学连接
15568134,5869204,chem,other,none,5.00,0.50,7,子图 运动命令 内部化学连接
15568134,5973097,chem,other,none,5.00,0.50,9,子图 运动命令 内部化学连接
15568134,6317793,chem,other,none,5.00,0.50,4,子图 运动命令 内部化学连接
15568134,6978585,chem,other,none,5.00,0.50,5,子图 运动命令 内部化学连接
15568134,7557604,chem,other,none,5.00,0.50,1,子图 运动命令 内部化学连接
15568134,8566140,chem,other,none,5.00,0.50,3,子图 运动命令 内部化学连接
15568134,8572353,chem,other,none,5.00,0.50,9,子图 运动命令 内部化学连接
15568134,9424902,chem,other,none,5.00,0.50,4,子图 运动命令 内部化学连接
15568134,10797407,chem,other,none,5.00,0.50,2,子图 运动命令 内部化学连接
15568134,11278919,chem,other,none,5.00,0.50,1,子图 运动命令 内部化学连接
15568134,11306294,chem,other,none,5.00,0.50,1,子图 运动命令 内部化学连接
15568134,11356523,chem,other,none,5.00,0.50,1,子图 运动命令 内部化学连接
15568134,12704360,chem,other,none,5.00,0.50,1,子图 运动命令 内部化学连接
15568134,16195633,chem,other,none,5.00,0.50,9,子图 运动命令 内部化学连接
15568134,17415439,chem,other,none,5.00,0.50,3,子图 运动命令 内部化学连接
15576292,3027876,chem,other,none,5.00,0.50,8,子图 运动命令 内部化学连接
15576292,3944626,chem,other,none,5.00,0.50,1,子图 运动命令 内部化学连接
15576292,3946166,chem,other,none,5.00,0.50,1,子图 运动命令 内部化学连接
15576292,4901087,chem,other,none,5.00,0.50,1,子图 运动命令 内部化学连接
15576292,8566140,chem,other,none,5.00,0.50,2,子图 运动命令 内部化学连接
15576292,9234420,chem,other,none,5.00,0.50,2,子图 运动命令 内部化学连接
15576292,9424902,chem,other,none,5.00,0.50,1,子图 运动命令 内部化学连接
15576292,10345590,chem,other,none,5.00,0.50,1,子图 运动命令 内部化学连接
15576292,11278919,chem,other,none,5.00,0.50,1,子图 运动命令 内部化学连接
15576292,11306294,chem,other,none,5.00,0.50,1,子图 运动命令 内部化学连接
15576292,12364717,chem,other,none,5.00,0.50,1,子图 运动命令 内部化学连接
15576292,13953184,chem,other,none,5.00,0.50,2,子图 运动命令 内部化学连接
15576292,16195633,chem,other,none,5.00,0.50,2,子图 运动命令 内部化学连接
15576292,17384874,chem,other,none,5.00,0.50,3,子图 运动命令 内部化学连接
15576292,17756162,chem,other,none,5.00,0.50,4,子图 运动命令 内部化学连接
15585114,3979181,chem,other,none,5.00,0.50,2,子图 运动命令 内部化学连接
15585114,5794678,chem,other,none,5.00,0.50,2,子图 运动命令 内部化学连接
15585114,6193472,chem,other,none,5.00,0.50,2,子图 运动命令 内部化学连接
15585114,6298455,chem,other,none,5.00,0.50,1,子图 运动命令 内部化学连接
15585114,7700444,chem,other,none,5.00,0.50,7,子图 运动命令 内部化学连接
15585114,10581624,chem,other,none,5.00,0.50,5,子图 运动命令 内部化学连接
15585114,10921106,chem,other,none,5.00,0.50,2,子图 运动命令 内部化学连接
15585114,10964258,chem,other,none,5.00,0.50,2,子图 运动命令 内部化学连接
15585114,11625573,chem,other,none,5.00,0.50,3,子图 运动命令 内部化学连接
15585114,12551020,chem,other,none,5.00,0.50,11,子图 运动命令 内部化学连接
15585114,13564607,chem,other,none,5.00,0.50,7,子图 运动命令 内部化学连接
15585114,14756061,chem,other,none,5.00,0.50,7,子图 运动命令 内部化学连接
15585114,15548844,chem,other,none,5.00,0.50,1,子图 运动命令 内部化学连接
15585114,15897280,chem,other,none,5.00,0.50,1,子图 运动命令 内部化学连接
15585114,16347786,chem,other,none,5.00,0.50,1,子图 运动命令 内部化学连接
15585114,16910799,chem,other,none,5.00,0.50,8,子图 运动命令 内部化学连接
15585114,17324711,chem,other,none,5.00,0.50,1,子图 运动命令 内部化学连接
15585114,17357979,chem,other,none,5.00,0.50,7,子图 运动命令 内部化学连接
15585114,17729973,chem,other,none,5.00,0.50,1,子图 运动命令 内部化学连接
15585114,18545747,chem,other,none,5.00,0.50,3,子图 运动命令 内部化学连接
15585114,20443501,chem,other,none,5.00,0.50,1,子图 运动命令 内部化学连接
15586949,5657004,chem,other,none,5.00,0.50,5,子图 运动命令 内部化学连接
15586949,5671303,chem,other,none,5.00,0.50,1,子图 运动命令 内部化学连接
15586949,5745110,chem,other,none,5.00,0.50,7,子图 运动命令 内部化学连接
15586949,5764924,chem,other,none,5.00,0.50,3,子图 运动命令 内部化学连接
15586949,10728323,chem,other,none,5.00,0.50,3,子图 运动命令 内部化学连接
15586949,12366224,chem,other,none,5.00,0.50,1,子图 运动命令 内部化学连接
15586949,15365184,chem,other,none,5.00,0.50,3,子图 运动命令 内部化学连接
15586949,17224013,chem,other,none,5.00,0.50,2,子图 运动命令 内部化学连接
15586949,17360286,chem,other,none,5.00,0.50,1,子图 运动命令 内部化学连接
15586949,17804729,chem,other,none,5.00,0.50,1,子图 运动命令 内部化学连接
15588711,5763407,chem,other,none,5.00,0.50,1,子图 运动命令 内部化学连接
15588711,8047280,chem,other,none,5.00,0.50,6,子图 运动命令 内部化学连接
15588711,8755914,chem,other,none,5.00,0.50,3,子图 运动命令 内部化学连接
15588711,10609443,chem,other,none,5.00,0.50,1,子图 运动命令 内部化学连接
15588711,17359111,chem,other,none,5.00,0.50,1,子图 运动命令 内部化学连接
15588711,17732270,chem,other,none,5.00,0.50,3,子图 运动命令 内部化学连接
15589591,5993765,chem,other,none,5.00,0.50,10,子图 运动命令 内部化学连接
15589591,5995125,chem,other,none,5.00,0.50,1,子图 运动命令 内部化学连接
15589591,6609380,chem,other,none,5.00,0.50,4,子图 运动命令 内部化学连接
15589591,13167730,chem,other,none,5.00,0.50,1,子图 运动命令 内部化学连接
15589591,13834125,chem,other,none,5.00,0.50,1,子图 运动命令 内部化学连接
15589591,14656798,chem,other,none,5.00,0.50,1,子图 运动命令 内部化学连接
15589591,14756440,chem,other,none,5.00,0.50,5,子图 运动命令 内部化学连接
15589591,15560623,chem,other,none,5.00,0.50,6,子图 运动命令 内部化学连接
15589591,15589738,chem,other,none,5.00,0.50,3,子图 运动命令 内部化学连接
15589591,15607335,chem,other,none,5.00,0.50,1,子图 运动命令 内部化学连接
15589591,15688523,chem,other,none,5.00,0.50,2,子图 运动命令 内部化学连接
15589591,16852421,chem,other,none,5.00,0.50,1,子图 运动命令 内部化学连接
15589591,17025508,chem,other,none,5.00,0.50,1,子图 运动命令 内部化学连接
15589591,17380345,chem,other,none,5.00,0.50,1,子图 运动命令 内部化学连接
15589591,17537254,chem,other,none,5.00,0.50,4,子图 运动命令 内部化学连接
15589591,17877682,chem,other,none,5.00,0.50,1,子图 运动命令 内部化学连接
15589738,4127096,chem,other,none,5.00,0.50,3,子图 运动命令 内部化学连接
15589738,5993765,chem,other,none,5.00,0.50,10,子图 运动命令 内部化学连接
15589738,6609380,chem,other,none,5.00,0.50,3,子图 运动命令 内部化学连接
15589738,7982307,chem,other,none,5.00,0.50,1,子图 运动命令 内部化学连接
15589738,8592501,chem,other,none,5.00,0.50,6,子图 运动命令 内部化学连接
15589738,9116228,chem,other,none,5.00,0.50,6,子图 运动命令 内部化学连接
15589738,13646473,chem,other,none,5.00,0.50,1,子图 运动命令 内部化学连接
15589738,14756440,chem,other,none,5.00,0.50,4,子图 运动命令 内部化学连接
15589738,15560623,chem,other,none,5.00,0.50,2,子图 运动命令 内部化学连接
15589738,15589591,chem,other,none,5.00,0.50,2,子图 运动命令 内部化学连接
15589738,15589738,chem,other,none,5.00,0.50,2,子图 运动命令 内部化学连接
15589738,15607335,chem,other,none,5.00,0.50,10,子图 运动命令 内部化学连接
15589738,16347476,chem,other,none,5.00,0.50,13,子图 运动命令 内部化学连接
15589738,17025508,chem,other,none,5.00,0.50,3,子图 运动命令 内部化学连接
15589738,17297936,chem,other,none,5.00,0.50,1,子图 运动命令 内部化学连接
15589738,17379298,chem,other,none,5.00,0.50,3,子图 运动命令 内部化学连接
15589738,17380319,chem,other,none,5.00,0.50,1,子图 运动命令 内部化学连接
15589738,17877682,chem,other,none,5.00,0.50,18,子图 运动命令 内部化学连接
15589738,18604097,chem,other,none,5.00,0.50,1,子图 运动命令 内部化学连接
15589738,19156025,chem,other,none,5.00,0.50,1,子图 运动命令 内部化学连接
15590555,7056904,chem,other,none,5.00,0.50,2,子图 运动命令 内部化学连接
15590555,9424902,chem,other,none,5.00,0.50,5,子图 运动命令 内部化学连接
15590555,9428865,chem,other,none,5.00,0.50,1,子图 运动命令 内部化学连接
15590555,15594113,chem,other,none,5.00,0.50,12,子图 运动命令 内部化学连接
15590555,18644088,chem,other,none,5.00,0.50,1,子图 运动命令 内部化学连接
15594113,3620633,chem,other,none,5.00,0.50,1,子图 运动命令 内部化学连接
15594113,11356523,chem,other,none,5.00,0.50,1,子图 运动命令 内部化学连接
15594113,15590555,chem,other,none,5.00,0.50,8,子图 运动命令 内部化学连接
15599768,992646,chem,other,none,5.00,0.50,5,子图 运动命令 内部化学连接
15599768,17359101,chem,other,none,5.00,0.50,2,子图 运动命令 内部化学连接
15601640,3027876,chem,other,none,5.00,0.50,1,子图 运动命令 内部化学连接
15601640,3944626,chem,other,none,5.00,0.50,2,子图 运动命令 内部化学连接
15601640,6143930,chem,other,none,5.00,0.50,1,子图 运动命令 内部化学连接
15601640,8572353,chem,other,none,5.00,0.50,3,子图 运动命令 内部化学连接
15601640,9116228,chem,other,none,5.00,0.50,1,子图 运动命令 内部化学连接
15601640,10583715,chem,other,none,5.00,0.50,5,子图 运动命令 内部化学连接
15601640,10842047,chem,other,none,5.00,0.50,1,子图 运动命令 内部化学连接
15601640,10872426,chem,other,none,5.00,0.50,3,子图 运动命令 内部化学连接
15601640,11278919,chem,other,none,5.00,0.50,1,子图 运动命令 内部化学连接
15601640,12031406,chem,other,none,5.00,0.50,1,子图 运动命令 内部化学连接
15601640,13167730,chem,other,none,5.00,0.50,1,子图 运动命令 内部化学连接
15601640,13645610,chem,other,none,5.00,0.50,2,子图 运动命令 内部化学连接
15601640,13953184,chem,other,none,5.00,0.50,1,子图 运动命令 内部化学连接
15601640,15048530,chem,other,none,5.00,0.50,1,子图 运动命令 内部化学连接
15601640,15576292,chem,other,none,5.00,0.50,1,子图 运动命令 内部化学连接
15601640,15605301,chem,other,none,5.00,0.50,2,子图 运动命令 内部化学连接
15601640,15607335,chem,other,none,5.00,0.50,1,子图 运动命令 内部化学连接
15601640,16051878,chem,other,none,5.00,0.50,2,子图 运动命令 内部化学连接
15601640,16195633,chem,other,none,5.00,0.50,1,子图 运动命令 内部化学连接
15601640,16348875,chem,other,none,5.00,0.50,3,子图 运动命令 内部化学连接
15601640,16676038,chem,other,none,5.00,0.50,1,子图 运动命令 内部化学连接
15605301,2597151,chem,other,none,5.00,0.50,1,子图 运动命令 内部化学连接
15605301,3044500,chem,other,none,5.00,0.50,7,子图 运动命令 内部化学连接
15605301,3276003,chem,other,none,5.00,0.50,1,子图 运动命令 内部化学连接
15605301,3944626,chem,other,none,5.00,0.50,1,子图 运动命令 内部化学连接
15605301,3945756,chem,other,none,5.00,0.50,2,子图 运动命令 内部化学连接
15605301,6143930,chem,other,none,5.00,0.50,1,子图 运动命令 内部化学连接
15605301,7557604,chem,other,none,5.00,0.50,1,子图 运动命令 内部化学连接
15605301,8566140,chem,other,none,5.00,0.50,1,子图 运动命令 内部化学连接
15605301,8572353,chem,other,none,5.00,0.50,1,子图 运动命令 内部化学连接
15605301,9424902,chem,other,none,5.00,0.50,1,子图 运动命令 内部化学连接
15605301,10583715,chem,other,none,5.00,0.50,3,子图 运动命令 内部化学连接
15605301,10872426,chem,other,none,5.00,0.50,1,子图 运动命令 内部化学连接
15605301,11306294,chem,other,none,5.00,0.50,1,子图 运动命令 内部化学连接
15605301,11605567,chem,other,none,5.00,0.50,2,子图 运动命令 内部化学连接
15605301,12279909,chem,other,none,5.00,0.50,1,子图 运动命令 内部化学连接
15605301,15517247,chem,other,none,5.00,0.50,1,子图 运动命令 内部化学连接
15605301,15606239,chem,other,none,5.00,0.50,1,子图 运动命令 内部化学连接
15605301,15607335,chem,other,none,5.00,0.50,1,子图 运动命令 内部化学连接
15605301,16348875,chem,other,none,5.00,0.50,1,子图 运动命令 内部化学连接
15605301,16468935,chem,other,none,5.00,0.50,1,子图 运动命令 内部化学连接
15605301,17087885,chem,other,none,5.00,0.50,1,子图 运动命令 内部化学连接
15606239,3027876,chem,other,none,5.00,0.50,6,子图 运动命令 内部化学连接
15606239,6143930,chem,other,none,5.00,0.50,1,子图 运动命令 内部化学连接
15606239,6317793,chem,other,none,5.00,0.50,8,子图 运动命令 内部化学连接
15606239,8566140,chem,other,none,5.00,0.50,6,子图 运动命令 内部化学连接
15606239,8572353,chem,other,none,5.00,0.50,1,子图 运动命令 内部化学连接
15606239,8951591,chem,other,none,5.00,0.50,1,子图 运动命令 内部化学连接
15606239,11278919,chem,other,none,5.00,0.50,11,子图 运动命令 内部化学连接
15606239,11306294,chem,other,none,5.00,0.50,3,子图 运动命令 内部化学连接
15606239,12031406,chem,other,none,5.00,0.50,1,子图 运动命令 内部化学连接
15606239,15605301,chem,other,none,5.00,0.50,4,子图 运动命令 内部化学连接
15606239,15606239,chem,other,none,5.00,0.50,1,子图 运动命令 内部化学连接
15606239,16051878,chem,other,none,5.00,0.50,1,子图 运动命令 内部化学连接
15606239,16195633,chem,other,none,5.00,0.50,3,子图 运动命令 内部化学连接
15606239,17384874,chem,other,none,5.00,0.50,2,子图 运动命令 内部化学连接
15606239,17756162,chem,other,none,5.00,0.50,2,子图 运动命令 内部化学连接
15606239,17813001,chem,other,none,5.00,0.50,5,子图 运动命令 内部化学连接
15606239,19132527,chem,other,none,5.00,0.50,1,子图 运动命令 内部化学连接
15607335,3027876,chem,other,none,5.00,0.50,1,子图 运动命令 内部化学连接
15607335,3044500,chem,other,none,5.00,0.50,4,子图 运动命令 内部化学连接
15607335,3276003,chem,other,none,5.00,0.50,2,子图 运动命令 内部化学连接
15607335,4901087,chem,other,none,5.00,0.50,1,子图 运动命令 内部化学连接
15607335,6317793,chem,other,none,5.00,0.50,4,子图 运动命令 内部化学连接
15607335,8571259,chem,other,none,5.00,0.50,1,子图 运动命令 内部化学连接
15607335,10583715,chem,other,none,5.00,0.50,2,子图 运动命令 内部化学连接
15607335,10716080,chem,other,none,5.00,0.50,1,子图 运动命令 内部化学连接
15607335,10768709,chem,other,none,5.00,0.50,3,子图 运动命令 内部化学连接
15607335,10792617,chem,other,none,5.00,0.50,1,子图 运动命令 内部化学连接
15607335,10872426,chem,other,none,5.00,0.50,1,子图 运动命令 内部化学连接
15607335,11278919,chem,other,none,5.00,0.50,5,子图 运动命令 内部化学连接
15607335,11306294,chem,other,none,5.00,0.50,1,子图 运动命令 内部化学连接
15607335,11348509,chem,other,none,5.00,0.50,1,子图 运动命令 内部化学连接
15607335,11605567,chem,other,none,5.00,0.50,2,子图 运动命令 内部化学连接
15607335,12634154,chem,other,none,5.00,0.50,1,子图 运动命令 内部化学连接
15607335,13953184,chem,other,none,5.00,0.50,1,子图 运动命令 内部化学连接
15607335,15517247,chem,other,none,5.00,0.50,1,子图 运动命令 内部化学连接
15607335,15560623,chem,other,none,5.00,0.50,1,子图 运动命令 内部化学连接
15607335,15605301,chem,other,none,5.00,0.50,1,子图 运动命令 内部化学连接
15607335,16361363,chem,other,none,5.00,0.50,2,子图 运动命令 内部化学连接
15607335,16468935,chem,other,none,5.00,0.50,1,子图 运动命令 内部化学连接
15607335,17379420,chem,other,none,5.00,0.50,1,子图 运动命令 内部化学连接
15607335,17384874,chem,other,none,5.00,0.50,1,子图 运动命令 内部化学连接
15607335,17813001,chem,other,none,5.00,0.50,2,子图 运动命令 内部化学连接
15607335,17927604,chem,other,none,5.00,0.50,1,子图 运动命令 内部化学连接
15608953,1065967,chem,other,none,5.00,0.50,3,子图 运动命令 内部化学连接
15608953,1868538,chem,other,none,5.00,0.50,4,子图 运动命令 内部化学连接
15608953,1961182,chem,other,none,5.00,0.50,2,子图 运动命令 内部化学连接
15608953,1980134,chem,other,none,5.00,0.50,1,子图 运动命令 内部化学连接
15608953,2438653,chem,other,none,5.00,0.50,6,子图 运动命令 内部化学连接
15608953,3044500,chem,other,none,5.00,0.50,2,子图 运动命令 内部化学连接
15608953,3149791,chem,other,none,5.00,0.50,1,子图 运动命令 内部化学连接
15608953,3436420,chem,other,none,5.00,0.50,6,子图 运动命令 内部化学连接
15608953,3945756,chem,other,none,5.00,0.50,5,子图 运动命令 内部化学连接
15608953,5690425,chem,other,none,5.00,0.50,7,子图 运动命令 内部化学连接
15608953,6317793,chem,other,none,5.00,0.50,1,子图 运动命令 内部化学连接
15608953,7005145,chem,other,none,5.00,0.50,1,子图 运动命令 内部化学连接
15608953,7587948,chem,other,none,5.00,0.50,1,子图 运动命令 内部化学连接
15608953,7590264,chem,other,none,5.00,0.50,2,子图 运动命令 内部化学连接
15608953,7982307,chem,other,none,5.00,0.50,4,子图 运动命令 内部化学连接
15608953,8566140,chem,other,none,5.00,0.50,4,子图 运动命令 内部化学连接
15608953,8572353,chem,other,none,5.00,0.50,1,子图 运动命令 内部化学连接
15608953,9753494,chem,other,none,5.00,0.50,1,子图 运动命令 内部化学连接
15608953,10100020,chem,other,none,5.00,0.50,10,子图 运动命令 内部化学连接
15608953,10276161,chem,other,none,5.00,0.50,8,子图 运动命令 内部化学连接
15608953,10449035,chem,other,none,5.00,0.50,5,子图 运动命令 内部化学连接
15608953,10627239,chem,other,none,5.00,0.50,1,子图 运动命令 内部化学连接
15608953,10792617,chem,other,none,5.00,0.50,1,子图 运动命令 内部化学连接
15608953,10842099,chem,other,none,5.00,0.50,9,子图 运动命令 内部化学连接
15608953,10870424,chem,other,none,5.00,0.50,13,子图 运动命令 内部化学连接
15608953,10885466,chem,other,none,5.00,0.50,2,子图 运动命令 内部化学连接
15608953,10986253,chem,other,none,5.00,0.50,4,子图 运动命令 内部化学连接
15608953,11079069,chem,other,none,5.00,0.50,2,子图 运动命令 内部化学连接
15608953,11261332,chem,other,none,5.00,0.50,4,子图 运动命令 内部化学连接
15608953,12990900,chem,other,none,5.00,0.50,2,子图 运动命令 内部化学连接
15608953,13411445,chem,other,none,5.00,0.50,1,子图 运动命令 内部化学连接
15608953,13763548,chem,other,none,5.00,0.50,2,子图 运动命令 内部化学连接
15608953,14519756,chem,other,none,5.00,0.50,2,子图 运动命令 内部化学连接
15608953,14753815,chem,other,none,5.00,0.50,3,子图 运动命令 内部化学连接
15608953,15048530,chem,other,none,5.00,0.50,1,子图 运动命令 内部化学连接
15608953,15608953,chem,other,none,5.00,0.50,5,子图 运动命令 内部化学连接
15608953,15632120,chem,other,none,5.00,0.50,5,子图 运动命令 内部化学连接
15608953,16468935,chem,other,none,5.00,0.50,5,子图 运动命令 内部化学连接
15608953,16676038,chem,other,none,5.00,0.50,1,子图 运动命令 内部化学连接
15608953,16683883,chem,other,none,5.00,0.50,2,子图 运动命令 内部化学连接
15608953,16848587,chem,other,none,5.00,0.50,5,子图 运动命令 内部化学连接
15608953,17324711,chem,other,none,5.00,0.50,1,子图 运动命令 内部化学连接
15608953,17384874,chem,other,none,5.00,0.50,2,子图 运动命令 内部化学连接
15608953,17729973,chem,other,none,5.00,0.50,15,子图 运动命令 内部化学连接
15608953,18023286,chem,other,none,5.00,0.50,1,子图 运动命令 内部化学连接
15608953,19010160,chem,other,none,5.00,0.50,3,子图 运动命令 内部化学连接
15608953,19132527,chem,other,none,5.00,0.50,6,子图 运动命令 内部化学连接
15608953,20443501,chem,other,none,5.00,0.50,1,子图 运动命令 内部化学连接
15610774,1646076,chem,other,none,5.00,0.50,2,子图 运动命令 内部化学连接
15610774,2669844,chem,other,none,5.00,0.50,1,子图 运动命令 内部化学连接
15610774,3021609,chem,other,none,5.00,0.50,1,子图 运动命令 内部化学连接
15610774,3027876,chem,other,none,5.00,0.50,6,子图 运动命令 内部化学连接
15610774,3765735,chem,other,none,5.00,0.50,2,子图 运动命令 内部化学连接
15610774,3945756,chem,other,none,5.00,0.50,13,子图 运动命令 内部化学连接
15610774,5902352,chem,other,none,5.00,0.50,1,子图 运动命令 内部化学连接
15610774,5936935,chem,other,none,5.00,0.50,2,子图 运动命令 内部化学连接
15610774,7005145,chem,other,none,5.00,0.50,6,子图 运动命令 内部化学连接
15610774,7590264,chem,other,none,5.00,0.50,3,子图 运动命令 内部化学连接
15610774,8127390,chem,other,none,5.00,0.50,3,子图 运动命令 内部化学连接
15610774,8566140,chem,other,none,5.00,0.50,10,子图 运动命令 内部化学连接
15610774,8572353,chem,other,none,5.00,0.50,3,子图 运动命令 内部化学连接
15610774,10276161,chem,other,none,5.00,0.50,4,子图 运动命令 内部化学连接
15610774,10449035,chem,other,none,5.00,0.50,1,子图 运动命令 内部化学连接
15610774,10596949,chem,other,none,5.00,0.50,1,子图 运动命令 内部化学连接
15610774,10872426,chem,other,none,5.00,0.50,2,子图 运动命令 内部化学连接
15610774,10875178,chem,other,none,5.00,0.50,2,子图 运动命令 内部化学连接
15610774,12551020,chem,other,none,5.00,0.50,7,子图 运动命令 内部化学连接
15610774,13411445,chem,other,none,5.00,0.50,2,子图 运动命令 内部化学连接
15610774,13834125,chem,other,none,5.00,0.50,1,子图 运动命令 内部化学连接
15610774,14617508,chem,other,none,5.00,0.50,11,子图 运动命令 内部化学连接
15610774,14680483,chem,other,none,5.00,0.50,14,子图 运动命令 内部化学连接
15610774,14756061,chem,other,none,5.00,0.50,6,子图 运动命令 内部化学连接
15610774,15522152,chem,other,none,5.00,0.50,2,子图 运动命令 内部化学连接
15610774,15792643,chem,other,none,5.00,0.50,2,子图 运动命令 内部化学连接
15610774,16415910,chem,other,none,5.00,0.50,2,子图 运动命令 内部化学连接
15610774,16676038,chem,other,none,5.00,0.50,2,子图 运动命令 内部化学连接
15610774,17324711,chem,other,none,5.00,0.50,1,子图 运动命令 内部化学连接
15610774,17359501,chem,other,none,5.00,0.50,1,子图 运动命令 内部化学连接
15610774,17360282,chem,other,none,5.00,0.50,1,子图 运动命令 内部化学连接
15610774,19017386,chem,other,none,5.00,0.50,2,子图 运动命令 内部化学连接
15629759,5902352,chem,other,none,5.00,0.50,1,子图 运动命令 内部化学连接
15629759,5993001,chem,other,none,5.00,0.50,1,子图 运动命令 内部化学连接
15629759,7982307,chem,other,none,5.00,0.50,9,子图 运动命令 内部化学连接
15629759,8571259,chem,other,none,5.00,0.50,11,子图 运动命令 内部化学连接
15629759,9034378,chem,other,none,5.00,0.50,1,子图 运动命令 内部化学连接
15629759,9532295,chem,other,none,5.00,0.50,1,子图 运动命令 内部化学连接
15629759,10276161,chem,other,none,5.00,0.50,10,子图 运动命令 内部化学连接
15629759,10600188,chem,other,none,5.00,0.50,2,子图 运动命令 内部化学连接
15629759,14492880,chem,other,none,5.00,0.50,11,子图 运动命令 内部化学连接
15629759,14753815,chem,other,none,5.00,0.50,1,子图 运动命令 内部化学连接
15629759,15560623,chem,other,none,5.00,0.50,1,子图 运动命令 内部化学连接
15629759,16115255,chem,other,none,5.00,0.50,1,子图 运动命令 内部化学连接
15629759,16195633,chem,other,none,5.00,0.50,1,子图 运动命令 内部化学连接
15629759,16340461,chem,other,none,5.00,0.50,25,子图 运动命令 内部化学连接
15629759,16852421,chem,other,none,5.00,0.50,8,子图 运动命令 内部化学连接
15629759,17587726,chem,other,none,5.00,0.50,1,子图 运动命令 内部化学连接
15629759,17654991,chem,other,none,5.00,0.50,1,子图 运动命令 内部化学连接
15629759,17813001,chem,other,none,5.00,0.50,4,子图 运动命令 内部化学连接
15629759,20316708,chem,other,none,5.00,0.50,1,子图 运动命令 内部化学连接
15632120,1065967,chem,other,none,5.00,0.50,1,子图 运动命令 内部化学连接
15632120,1868538,chem,other,none,5.00,0.50,7,子图 运动命令 内部化学连接
15632120,3149791,chem,other,none,5.00,0.50,1,子图 运动命令 内部化学连接
15632120,3436420,chem,other,none,5.00,0.50,2,子图 运动命令 内部化学连接
15632120,3945756,chem,other,none,5.00,0.50,11,子图 运动命令 内部化学连接
15632120,3946166,chem,other,none,5.00,0.50,1,子图 运动命令 内部化学连接
15632120,5690425,chem,other,none,5.00,0.50,1,子图 运动命令 内部化学连接
15632120,6143930,chem,other,none,5.00,0.50,1,子图 运动命令 内部化学连接
15632120,6317793,chem,other,none,5.00,0.50,1,子图 运动命令 内部化学连接
15632120,6445994,chem,other,none,5.00,0.50,1,子图 运动命令 内部化学连接
15632120,7005145,chem,other,none,5.00,0.50,3,子图 运动命令 内部化学连接
15632120,7587948,chem,other,none,5.00,0.50,1,子图 运动命令 内部化学连接
15632120,7982307,chem,other,none,5.00,0.50,1,子图 运动命令 内部化学连接
15632120,8566140,chem,other,none,5.00,0.50,2,子图 运动命令 内部化学连接
15632120,9177218,chem,other,none,5.00,0.50,1,子图 运动命令 内部化学连接
15632120,9753494,chem,other,none,5.00,0.50,1,子图 运动命令 内部化学连接
15632120,10100020,chem,other,none,5.00,0.50,3,子图 运动命令 内部化学连接
15632120,10276161,chem,other,none,5.00,0.50,4,子图 运动命令 内部化学连接
15632120,10627239,chem,other,none,5.00,0.50,1,子图 运动命令 内部化学连接
15632120,10716080,chem,other,none,5.00,0.50,1,子图 运动命令 内部化学连接
15632120,10781924,chem,other,none,5.00,0.50,1,子图 运动命令 内部化学连接
15632120,10842099,chem,other,none,5.00,0.50,1,子图 运动命令 内部化学连接
15632120,10870424,chem,other,none,5.00,0.50,3,子图 运动命令 内部化学连接
15632120,10986253,chem,other,none,5.00,0.50,2,子图 运动命令 内部化学连接
15632120,11079069,chem,other,none,5.00,0.50,1,子图 运动命令 内部化学连接
15632120,11623145,chem,other,none,5.00,0.50,1,子图 运动命令 内部化学连接
15632120,12782494,chem,other,none,5.00,0.50,2,子图 运动命令 内部化学连接
15632120,12990900,chem,other,none,5.00,0.50,2,子图 运动命令 内部化学连接
15632120,15632120,chem,other,none,5.00,0.50,1,子图 运动命令 内部化学连接
15632120,16433696,chem,other,none,5.00,0.50,5,子图 运动命令 内部化学连接
15632120,16468935,chem,other,none,5.00,0.50,3,子图 运动命令 内部化学连接
15632120,16683883,chem,other,none,5.00,0.50,1,子图 运动命令 内部化学连接
15632120,16848587,chem,other,none,5.00,0.50,2,子图 运动命令 内部化学连接
15632120,17324711,chem,other,none,5.00,0.50,1,子图 运动命令 内部化学连接
15632120,17729973,chem,other,none,5.00,0.50,5,子图 运动命令 内部化学连接
15632120,18023286,chem,other,none,5.00,0.50,1,子图 运动命令 内部化学连接
15632120,19010160,chem,other,none,5.00,0.50,5,子图 运动命令 内部化学连接
15632120,19132527,chem,other,none,5.00,0.50,5,子图 运动命令 内部化学连接
15636958,3058132,chem,other,none,5.00,0.50,1,子图 运动命令 内部化学连接
15636958,5038920,chem,other,none,5.00,0.50,4,子图 运动命令 内部化学连接
15636958,5657004,chem,other,none,5.00,0.50,1,子图 运动命令 内部化学连接
15636958,5688091,chem,other,none,5.00,0.50,5,子图 运动命令 内部化学连接
15636958,7422253,chem,other,none,5.00,0.50,1,子图 运动命令 内部化学连接
15636958,9351843,chem,other,none,5.00,0.50,1,子图 运动命令 内部化学连接
15636958,9643439,chem,other,none,5.00,0.50,2,子图 运动命令 内部化学连接
15636958,9739780,chem,other,none,5.00,0.50,3,子图 运动命令 内部化学连接
15636958,11079069,chem,other,none,5.00,0.50,1,子图 运动命令 内部化学连接
15636958,11081239,chem,other,none,5.00,0.50,13,子图 运动命令 内部化学连接
15636958,11605567,chem,other,none,5.00,0.50,1,子图 运动命令 内部化学连接
15636958,12279941,chem,other,none,5.00,0.50,3,子图 运动命令 内部化学连接
15636958,12299704,chem,other,none,5.00,0.50,2,子图 运动命令 内部化学连接
15636958,13049485,chem,other,none,5.00,0.50,1,子图 运动命令 内部化学连接
15636958,15590555,chem,other,none,5.00,0.50,1,子图 运动命令 内部化学连接
15636958,15638932,chem,other,none,5.00,0.50,1,子图 运动命令 内部化学连接
15636958,15639216,chem,other,none,5.00,0.50,1,子图 运动命令 内部化学连接
15636958,16742642,chem,other,none,5.00,0.50,1,子图 运动命令 内部化学连接
15636958,17328632,chem,other,none,5.00,0.50,4,子图 运动命令 内部化学连接
15636958,17354392,chem,other,none,5.00,0.50,1,子图 运动命令 内部化学连接
15636958,17360010,chem,other,none,5.00,0.50,1,子图 运动命令 内部化学连接
15636958,17732031,chem,other,none,5.00,0.50,3,子图 运动命令 内部化学连接
15636958,17913032,chem,other,none,5.00,0.50,3,子图 运动命令 内部化学连接
15636958,21300466,chem,other,none,5.00,0.50,2,子图 运动命令 内部化学连接
15638906,2979675,chem,other,none,5.00,0.50,1,子图 运动命令 内部化学连接
15638906,3620633,chem,other,none,5.00,0.50,2,子图 运动命令 内部化学连接
15638906,3764792,chem,other,none,5.00,0.50,1,子图 运动命令 内部化学连接
15638906,5134110,chem,other,none,5.00,0.50,1,子图 运动命令 内部化学连接
15638906,5512988,chem,other,none,5.00,0.50,2,子图 运动命令 内部化学连接
15638906,5657004,chem,other,none,5.00,0.50,1,子图 运动命令 内部化学连接
15638906,5688091,chem,other,none,5.00,0.50,2,子图 运动命令 内部化学连接
15638906,5754346,chem,other,none,5.00,0.50,1,子图 运动命令 内部化学连接
15638906,7227010,chem,other,none,5.00,0.50,2,子图 运动命令 内部化学连接
15638906,7422253,chem,other,none,5.00,0.50,2,子图 运动命令 内部化学连接
15638906,7429933,chem,other,none,5.00,0.50,2,子图 运动命令 内部化学连接
15638906,7982324,chem,other,none,5.00,0.50,1,子图 运动命令 内部化学连接
15638906,8546775,chem,other,none,5.00,0.50,4,子图 运动命令 内部化学连接
15638906,8709865,chem,other,none,5.00,0.50,1,子图 运动命令 内部化学连接
15638906,8979434,chem,other,none,5.00,0.50,1,子图 运动命令 内部化学连接
15638906,11050498,chem,other,none,5.00,0.50,1,子图 运动命令 内部化学连接
15638906,11081239,chem,other,none,5.00,0.50,1,子图 运动命令 内部化学连接
15638906,11623145,chem,other,none,5.00,0.50,1,子图 运动命令 内部化学连接
15638906,12279941,chem,other,none,5.00,0.50,6,子图 运动命令 内部化学连接
15638906,14034206,chem,other,none,5.00,0.50,1,子图 运动命令 内部化学连接
15638906,14760757,chem,other,none,5.00,0.50,1,子图 运动命令 内部化学连接
15638906,15365184,chem,other,none,5.00,0.50,2,子图 运动命令 内部化学连接
15638906,15590555,chem,other,none,5.00,0.50,2,子图 运动命令 内部化学连接
15638906,15638932,chem,other,none,5.00,0.50,1,子图 运动命令 内部化学连接
15638906,16115575,chem,other,none,5.00,0.50,1,子图 运动命令 内部化学连接
15638906,16742642,chem,other,none,5.00,0.50,5,子图 运动命令 内部化学连接
15638906,17328632,chem,other,none,5.00,0.50,2,子图 运动命令 内部化学连接
15638906,17354392,chem,other,none,5.00,0.50,1,子图 运动命令 内部化学连接
15638906,17360010,chem,other,none,5.00,0.50,2,子图 运动命令 内部化学连接
15638906,17658978,chem,other,none,5.00,0.50,1,子图 运动命令 内部化学连接
15638906,21300466,chem,other,none,5.00,0.50,2,子图 运动命令 内部化学连接
15638932,5038920,chem,other,none,5.00,0.50,3,子图 运动命令 内部化学连接
15638932,5688091,chem,other,none,5.00,0.50,1,子图 运动命令 内部化学连接
15638932,5890323,chem,other,none,5.00,0.50,1,子图 运动命令 内部化学连接
15638932,5973097,chem,other,none,5.00,0.50,1,子图 运动命令 内部化学连接
15638932,7005184,chem,other,none,5.00,0.50,1,子图 运动命令 内部化学连接
15638932,7569260,chem,other,none,5.00,0.50,5,子图 运动命令 内部化学连接
15638932,11605567,chem,other,none,5.00,0.50,4,子图 运动命令 内部化学连接
15638932,13049485,chem,other,none,5.00,0.50,2,子图 运动命令 内部化学连接
15638932,13422280,chem,other,none,5.00,0.50,1,子图 运动命令 内部化学连接
15638932,15638932,chem,other,none,5.00,0.50,1,子图 运动命令 内部化学连接
15638932,15639216,chem,other,none,5.00,0.50,1,子图 运动命令 内部化学连接
15638932,16096934,chem,other,none,5.00,0.50,2,子图 运动命令 内部化学连接
15638932,17328632,chem,other,none,5.00,0.50,3,子图 运动命令 内部化学连接
15638932,17415439,chem,other,none,5.00,0.50,1,子图 运动命令 内部化学连接
15638932,17913032,chem,other,none,5.00,0.50,13,子图 运动命令 内部化学连接
15638932,17927604,chem,other,none,5.00,0.50,2,子图 运动命令 内部化学连接
15638932,19051762,chem,other,none,5.00,0.50,1,子图 运动命令 内部化学连接
15639216,2142817,chem,other,none,5.00,0.50,4,子图 运动命令 内部化学连接
15639216,3048606,chem,other,none,5.00,0.50,1,子图 运动命令 内部化学连接
15639216,3620633,chem,other,none,5.00,0.50,1,子图 运动命令 内部化学连接
15639216,5688091,chem,other,none,5.00,0.50,1,子图 运动命令 内部化学连接
15639216,7569260,chem,other,none,5.00,0.50,2,子图 运动命令 内部化学连接
15639216,7589765,chem,other,none,5.00,0.50,1,子图 运动命令 内部化学连接
15639216,7688300,chem,other,none,5.00,0.50,1,子图 运动命令 内部化学连接
15639216,8687096,chem,other,none,5.00,0.50,4,子图 运动命令 内部化学连接
15639216,9643439,chem,other,none,5.00,0.50,4,子图 运动命令 内部化学连接
15639216,10768709,chem,other,none,5.00,0.50,5,子图 运动命令 内部化学连接
15639216,11605567,chem,other,none,5.00,0.50,4,子图 运动命令 内部化学连接
15639216,12299704,chem,other,none,5.00,0.50,3,子图 运动命令 内部化学连接
15639216,12364717,chem,other,none,5.00,0.50,1,子图 运动命令 内部化学连接
15639216,13049485,chem,other,none,5.00,0.50,2,子图 运动命令 内部化学连接
15639216,15517247,chem,other,none,5.00,0.50,1,子图 运动命令 内部化学连接
15639216,15636958,chem,other,none,5.00,0.50,1,子图 运动命令 内部化学连接
15639216,15639331,chem,other,none,5.00,0.50,1,子图 运动命令 内部化学连接
15639216,16096934,chem,other,none,5.00,0.50,1,子图 运动命令 内部化学连接
15639216,16335254,chem,other,none,5.00,0.50,5,子图 运动命令 内部化学连接
15639216,17354392,chem,other,none,5.00,0.50,1,子图 运动命令 内部化学连接
15639216,17415439,chem,other,none,5.00,0.50,3,子图 运动命令 内部化学连接
15639216,17913032,chem,other,none,5.00,0.50,1,子图 运动命令 内部化学连接
15639216,17927604,chem,other,none,5.00,0.50,2,子图 运动命令 内部化学连接
15639294,2260755,chem,other,none,5.00,0.50,1,子图 运动命令 内部化学连接
15639294,6219445,chem,other,none,5.00,0.50,1,子图 运动命令 内部化学连接
15639294,13751194,chem,other,none,5.00,0.50,1,子图 运动命令 内部化学连接
15639331,3620633,chem,other,none,5.00,0.50,1,子图 运动命令 内部化学连接
15639331,3946166,chem,other,none,5.00,0.50,1,子图 运动命令 内部化学连接
15639331,4400767,chem,other,none,5.00,0.50,1,子图 运动命令 内部化学连接
15639331,7569260,chem,other,none,5.00,0.50,1,子图 运动命令 内部化学连接
15639331,7589765,chem,other,none,5.00,0.50,1,子图 运动命令 内部化学连接
15639331,8687096,chem,other,none,5.00,0.50,4,子图 运动命令 内部化学连接
15639331,9643439,chem,other,none,5.00,0.50,6,子图 运动命令 内部化学连接
15639331,10768709,chem,other,none,5.00,0.50,2,子图 运动命令 内部化学连接
15639331,11356523,chem,other,none,5.00,0.50,1,子图 运动命令 内部化学连接
15639331,11605567,chem,other,none,5.00,0.50,2,子图 运动命令 内部化学连接
15639331,12299704,chem,other,none,5.00,0.50,2,子图 运动命令 内部化学连接
15639331,13749806,chem,other,none,5.00,0.50,1,子图 运动命令 内部化学连接
15639331,15636958,chem,other,none,5.00,0.50,6,子图 运动命令 内部化学连接
15639331,15638932,chem,other,none,5.00,0.50,1,子图 运动命令 内部化学连接
15639331,15639216,chem,other,none,5.00,0.50,2,子图 运动命令 内部化学连接
15639331,16335254,chem,other,none,5.00,0.50,2,子图 运动命令 内部化学连接
15639331,17328632,chem,other,none,5.00,0.50,1,子图 运动命令 内部化学连接
15639331,17354392,chem,other,none,5.00,0.50,3,子图 运动命令 内部化学连接
15639331,17415439,chem,other,none,5.00,0.50,3,子图 运动命令 内部化学连接
15639331,17913032,chem,other,none,5.00,0.50,1,子图 运动命令 内部化学连接
15655801,3009700,chem,other,none,5.00,0.50,5,子图 运动命令 内部化学连接
15655801,5657004,chem,other,none,5.00,0.50,2,子图 运动命令 内部化学连接
15655801,7005184,chem,other,none,5.00,0.50,1,子图 运动命令 内部化学连接
15655801,9348984,chem,other,none,5.00,0.50,1,子图 运动命令 内部化学连接
15655801,9739780,chem,other,none,5.00,0.50,1,子图 运动命令 内部化学连接
15655801,11081239,chem,other,none,5.00,0.50,1,子图 运动命令 内部化学连接
15655801,13749806,chem,other,none,5.00,0.50,1,子图 运动命令 内部化学连接
15655801,14759661,chem,other,none,5.00,0.50,1,子图 运动命令 内部化学连接
15655801,15636958,chem,other,none,5.00,0.50,1,子图 运动命令 内部化学连接
15655801,15639216,chem,other,none,5.00,0.50,5,子图 运动命令 内部化学连接
15655801,15676016,chem,other,none,5.00,0.50,1,子图 运动命令 内部化学连接
15655801,17354392,chem,other,none,5.00,0.50,2,子图 运动命令 内部化学连接
15655801,17360076,chem,other,none,5.00,0.50,1,子图 运动命令 内部化学连接
15655801,17360225,chem,other,none,5.00,0.50,2,子图 运动命令 内部化学连接
15655801,17732031,chem,other,none,5.00,0.50,1,子图 运动命令 内部化学连接
15669682,3044500,chem,other,none,5.00,0.50,1,子图 运动命令 内部化学连接
15669682,3060480,chem,other,none,5.00,0.50,1,子图 运动命令 内部化学连接
15669682,5745110,chem,other,none,5.00,0.50,3,子图 运动命令 内部化学连接
15669682,5764924,chem,other,none,5.00,0.50,4,子图 运动命令 内部化学连接
15669682,5778133,chem,other,none,5.00,0.50,2,子图 运动命令 内部化学连接
15669682,8347720,chem,other,none,5.00,0.50,4,子图 运动命令 内部化学连接
15669682,8348277,chem,other,none,5.00,0.50,2,子图 运动命令 内部化学连接
15669682,11084320,chem,other,none,5.00,0.50,1,子图 运动命令 内部化学连接
15669682,11271082,chem,other,none,5.00,0.50,1,子图 运动命令 内部化学连接
15669682,15096548,chem,other,none,5.00,0.50,1,子图 运动命令 内部化学连接
15669682,16636860,chem,other,none,5.00,0.50,4,子图 运动命令 内部化学连接
15669682,17224013,chem,other,none,5.00,0.50,1,子图 运动命令 内部化学连接
15669682,17732270,chem,other,none,5.00,0.50,2,子图 运动命令 内部化学连接
15672263,5900426,chem,other,none,5.00,0.50,1,子图 运动命令 内部化学连接
15672263,5995125,chem,other,none,5.00,0.50,1,子图 运动命令 内部化学连接
15672263,6154200,chem,other,none,5.00,0.50,1,子图 运动命令 内部化学连接
15672263,16347786,chem,other,none,5.00,0.50,1,子图 运动命令 内部化学连接
15672263,17025508,chem,other,none,5.00,0.50,6,子图 运动命令 内部化学连接
15672263,17357979,chem,other,none,5.00,0.50,1,子图 运动命令 内部化学连接
15672263,17378648,chem,other,none,5.00,0.50,1,子图 运动命令 内部化学连接
15672263,17877682,chem,other,none,5.00,0.50,1,子图 运动命令 内部化学连接
15672263,18604097,chem,other,none,5.00,0.50,1,子图 运动命令 内部化学连接
15672269,1646076,chem,other,none,5.00,0.50,2,子图 运动命令 内部化学连接
15672269,3620633,chem,other,none,5.00,0.50,1,子图 运动命令 内部化学连接
15672269,3729496,chem,other,none,5.00,0.50,1,子图 运动命令 内部化学连接
15672269,3762317,chem,other,none,5.00,0.50,1,子图 运动命令 内部化学连接
15672269,5794678,chem,other,none,5.00,0.50,1,子图 运动命令 内部化学连接
15672269,8496618,chem,other,none,5.00,0.50,3,子图 运动命令 内部化学连接
15672269,8571259,chem,other,none,5.00,0.50,1,子图 运动命令 内部化学连接
15672269,8572353,chem,other,none,5.00,0.50,1,子图 运动命令 内部化学连接
15672269,9565674,chem,other,none,5.00,0.50,2,子图 运动命令 内部化学连接
15672269,9753494,chem,other,none,5.00,0.50,1,子图 运动命令 内部化学连接
15672269,10248031,chem,other,none,5.00,0.50,1,子图 运动命令 内部化学连接
15672269,10276161,chem,other,none,5.00,0.50,2,子图 运动命令 内部化学连接
15672269,10728328,chem,other,none,5.00,0.50,3,子图 运动命令 内部化学连接
15672269,10728333,chem,other,none,5.00,0.50,3,子图 运动命令 内部化学连接
15672269,10781924,chem,other,none,5.00,0.50,4,子图 运动命令 内部化学连接
15672269,13557064,chem,other,none,5.00,0.50,6,子图 运动命令 内部化学连接
15672269,13674287,chem,other,none,5.00,0.50,1,子图 运动命令 内部化学连接
15672269,13764822,chem,other,none,5.00,0.50,1,子图 运动命令 内部化学连接
15672269,13834125,chem,other,none,5.00,0.50,1,子图 运动命令 内部化学连接
15672269,13948718,chem,other,none,5.00,0.50,4,子图 运动命令 内部化学连接
15672269,14492880,chem,other,none,5.00,0.50,4,子图 运动命令 内部化学连接
15672269,15610774,chem,other,none,5.00,0.50,1,子图 运动命令 内部化学连接
15672269,16388736,chem,other,none,5.00,0.50,3,子图 运动命令 内部化学连接
15672269,16852421,chem,other,none,5.00,0.50,1,子图 运动命令 内部化学连接
15672269,16910799,chem,other,none,5.00,0.50,2,子图 运动命令 内部化学连接
15672269,17247877,chem,other,none,5.00,0.50,1,子图 运动命令 内部化学连接
15672269,17324711,chem,other,none,5.00,0.50,1,子图 运动命令 内部化学连接
15672269,17379420,chem,other,none,5.00,0.50,1,子图 运动命令 内部化学连接
15672269,17990556,chem,other,none,5.00,0.50,2,子图 运动命令 内部化学连接
15672269,18133444,chem,other,none,5.00,0.50,2,子图 运动命令 内部化学连接
15674282,2650887,chem,other,none,5.00,0.50,1,子图 运动命令 内部化学连接
15674282,5052370,chem,other,none,5.00,0.50,1,子图 运动命令 内部化学连接
15674282,5786898,chem,other,none,5.00,0.50,2,子图 运动命令 内部化学连接
15674282,5856647,chem,other,none,5.00,0.50,1,子图 运动命令 内部化学连接
15674282,5900426,chem,other,none,5.00,0.50,1,子图 运动命令 内部化学连接
15674282,6153877,chem,other,none,5.00,0.50,4,子图 运动命令 内部化学连接
15674282,6154921,chem,other,none,5.00,0.50,1,子图 运动命令 内部化学连接
15674282,6156152,chem,other,none,5.00,0.50,1,子图 运动命令 内部化学连接
15674282,9097065,chem,other,none,5.00,0.50,5,子图 运动命令 内部化学连接
15674282,9235545,chem,other,none,5.00,0.50,1,子图 运动命令 内部化学连接
15674282,10367190,chem,other,none,5.00,0.50,3,子图 运动命令 内部化学连接
15674282,10964258,chem,other,none,5.00,0.50,1,子图 运动命令 内部化学连接
15674282,11841664,chem,other,none,5.00,0.50,8,子图 运动命令 内部化学连接
15674282,13722900,chem,other,none,5.00,0.50,1,子图 运动命令 内部化学连接
15674282,13727202,chem,other,none,5.00,0.50,1,子图 运动命令 内部化学连接
15674282,15672263,chem,other,none,5.00,0.50,1,子图 运动命令 内部化学连接
15674282,15706875,chem,other,none,5.00,0.50,5,子图 运动命令 内部化学连接
15674282,15732503,chem,other,none,5.00,0.50,1,子图 运动命令 内部化学连接
15674282,15964206,chem,other,none,5.00,0.50,1,子图 运动命令 内部化学连接
15674282,16327998,chem,other,none,5.00,0.50,1,子图 运动命令 内部化学连接
15674282,16520950,chem,other,none,5.00,0.50,1,子图 运动命令 内部化学连接
15674282,16950354,chem,other,none,5.00,0.50,7,子图 运动命令 内部化学连接
15674282,17173852,chem,other,none,5.00,0.50,3,子图 运动命令 内部化学连接
15674282,17323054,chem,other,none,5.00,0.50,1,子图 运动命令 内部化学连接
15674282,17654514,chem,other,none,5.00,0.50,1,子图 运动命令 内部化学连接
15674282,18500988,chem,other,none,5.00,0.50,1,子图 运动命令 内部化学连接
15674282,19190681,chem,other,none,5.00,0.50,1,子图 运动命令 内部化学连接
15676016,3009700,chem,other,none,5.00,0.50,2,子图 运动命令 内部化学连接
15676016,3048606,chem,other,none,5.00,0.50,2,子图 运动命令 内部化学连接
15676016,3058132,chem,other,none,5.00,0.50,12,子图 运动命令 内部化学连接
15676016,3182103,chem,other,none,5.00,0.50,6,子图 运动命令 内部化学连接
15676016,5657004,chem,other,none,5.00,0.50,1,子图 运动命令 内部化学连接
15676016,8687096,chem,other,none,5.00,0.50,2,子图 运动命令 内部化学连接
15676016,8696919,chem,other,none,5.00,0.50,1,子图 运动命令 内部化学连接
15676016,9643439,chem,other,none,5.00,0.50,1,子图 运动命令 内部化学连接
15676016,9739780,chem,other,none,5.00,0.50,4,子图 运动命令 内部化学连接
15676016,13749806,chem,other,none,5.00,0.50,1,子图 运动命令 内部化学连接
15676016,14034206,chem,other,none,5.00,0.50,1,子图 运动命令 内部化学连接
15676016,15590555,chem,other,none,5.00,0.50,4,子图 运动命令 内部化学连接
15676016,15636958,chem,other,none,5.00,0.50,1,子图 运动命令 内部化学连接
15676016,15638906,chem,other,none,5.00,0.50,4,子图 运动命令 内部化学连接
15676016,15639331,chem,other,none,5.00,0.50,4,子图 运动命令 内部化学连接
15676016,15655801,chem,other,none,5.00,0.50,1,子图 运动命令 内部化学连接
15676016,17360038,chem,other,none,5.00,0.50,1,子图 运动命令 内部化学连接
15676016,17360266,chem,other,none,5.00,0.50,1,子图 运动命令 内部化学连接
15686444,2142817,chem,other,none,5.00,0.50,3,子图 运动命令 内部化学连接
15686444,3009700,chem,other,none,5.00,0.50,1,子图 运动命令 内部化学连接
15686444,3928522,chem,other,none,5.00,0.50,1,子图 运动命令 内部化学连接
15686444,4400767,chem,other,none,5.00,0.50,2,子图 运动命令 内部化学连接
15686444,5038920,chem,other,none,5.00,0.50,2,子图 运动命令 内部化学连接
15686444,5688091,chem,other,none,5.00,0.50,4,子图 运动命令 内部化学连接
15686444,7005184,chem,other,none,5.00,0.50,5,子图 运动命令 内部化学连接
15686444,7557604,chem,other,none,5.00,0.50,1,子图 运动命令 内部化学连接
15686444,10958210,chem,other,none,5.00,0.50,1,子图 运动命令 内部化学连接
15686444,16096934,chem,other,none,5.00,0.50,9,子图 运动命令 内部化学连接
15686444,17328632,chem,other,none,5.00,0.50,3,子图 运动命令 内部化学连接
15686444,17354392,chem,other,none,5.00,0.50,3,子图 运动命令 内部化学连接
15686444,17360010,chem,other,none,5.00,0.50,1,子图 运动命令 内部化学连接
15686444,17927604,chem,other,none,5.00,0.50,4,子图 运动命令 内部化学连接
15686444,19051762,chem,other,none,5.00,0.50,11,子图 运动命令 内部化学连接
15688523,1065967,chem,other,none,5.00,0.50,4,子图 运动命令 内部化学连接
15688523,3021609,chem,other,none,5.00,0.50,3,子图 运动命令 内部化学连接
15688523,7590264,chem,other,none,5.00,0.50,3,子图 运动命令 内部化学连接
15688523,9116228,chem,other,none,5.00,0.50,19,子图 运动命令 内部化学连接
15688523,9753494,chem,other,none,5.00,0.50,1,子图 运动命令 内部化学连接
15688523,13167730,chem,other,none,5.00,0.50,6,子图 运动命令 内部化学连接
15688523,15560623,chem,other,none,5.00,0.50,1,子图 运动命令 内部化学连接
15688523,15632120,chem,other,none,5.00,0.50,6,子图 运动命令 内部化学连接
15688523,15688523,chem,other,none,5.00,0.50,1,子图 运动命令 内部化学连接
15688523,16223688,chem,other,none,5.00,0.50,2,子图 运动命令 内部化学连接
15688523,17354414,chem,other,none,5.00,0.50,6,子图 运动命令 内部化学连接
15688523,17587726,chem,other,none,5.00,0.50,3,子图 运动命令 内部化学连接
15688523,18232369,chem,other,none,5.00,0.50,1,子图 运动命令 内部化学连接
15688523,19132527,chem,other,none,5.00,0.50,2,子图 运动命令 内部化学连接
15689046,2772093,chem,other,none,5.00,0.50,5,子图 运动命令 内部化学连接
15689046,3058132,chem,other,none,5.00,0.50,2,子图 运动命令 内部化学连接
15689046,3182103,chem,other,none,5.00,0.50,1,子图 运动命令 内部化学连接
15689046,5038920,chem,other,none,5.00,0.50,7,子图 运动命令 内部化学连接
15689046,5134110,chem,other,none,5.00,0.50,5,子图 运动命令 内部化学连接
15689046,5657004,chem,other,none,5.00,0.50,5,子图 运动命令 内部化学连接
15689046,5671303,chem,other,none,5.00,0.50,1,子图 运动命令 内部化学连接
15689046,5688091,chem,other,none,5.00,0.50,2,子图 运动命令 内部化学连接
15689046,7569260,chem,other,none,5.00,0.50,2,子图 运动命令 内部化学连接
15689046,7982324,chem,other,none,5.00,0.50,2,子图 运动命令 内部化学连接
15689046,8709865,chem,other,none,5.00,0.50,1,子图 运动命令 内部化学连接
15689046,8979434,chem,other,none,5.00,0.50,3,子图 运动命令 内部化学连接
15689046,9348984,chem,other,none,5.00,0.50,1,子图 运动命令 内部化学连接
15689046,9351843,chem,other,none,5.00,0.50,1,子图 运动命令 内部化学连接
15689046,9739780,chem,other,none,5.00,0.50,5,子图 运动命令 内部化学连接
15689046,10725068,chem,other,none,5.00,0.50,1,子图 运动命令 内部化学连接
15689046,10915553,chem,other,none,5.00,0.50,2,子图 运动命令 内部化学连接
15689046,11081239,chem,other,none,5.00,0.50,2,子图 运动命令 内部化学连接
15689046,12279941,chem,other,none,5.00,0.50,2,子图 运动命令 内部化学连接
15689046,15590555,chem,other,none,5.00,0.50,5,子图 运动命令 内部化学连接
15689046,15594113,chem,other,none,5.00,0.50,6,子图 运动命令 内部化学连接
15689046,15636958,chem,other,none,5.00,0.50,10,子图 运动命令 内部化学连接
15689046,15638906,chem,other,none,5.00,0.50,5,子图 运动命令 内部化学连接
15689046,15638932,chem,other,none,5.00,0.50,1,子图 运动命令 内部化学连接
15689046,15639216,chem,other,none,5.00,0.50,1,子图 运动命令 内部化学连接
15689046,15686444,chem,other,none,5.00,0.50,2,子图 运动命令 内部化学连接
15689046,16059134,chem,other,none,5.00,0.50,2,子图 运动命令 内部化学连接
15689046,16096934,chem,other,none,5.00,0.50,1,子图 运动命令 内部化学连接
15689046,16571210,chem,other,none,5.00,0.50,2,子图 运动命令 内部化学连接
15689046,17328632,chem,other,none,5.00,0.50,1,子图 运动命令 内部化学连接
15689046,17354392,chem,other,none,5.00,0.50,3,子图 运动命令 内部化学连接
15689046,17360010,chem,other,none,5.00,0.50,8,子图 运动命令 内部化学连接
15689046,17360022,chem,other,none,5.00,0.50,1,子图 运动命令 内部化学连接
15689046,17360076,chem,other,none,5.00,0.50,1,子图 运动命令 内部化学连接
15689046,17732031,chem,other,none,5.00,0.50,1,子图 运动命令 内部化学连接
15689046,18644088,chem,other,none,5.00,0.50,3,子图 运动命令 内部化学连接
15689046,21300466,chem,other,none,5.00,0.50,1,子图 运动命令 内部化学连接
15706875,5052370,chem,other,none,5.00,0.50,5,子图 运动命令 内部化学连接
15706875,5790355,chem,other,none,5.00,0.50,2,子图 运动命令 内部化学连接
15706875,6154921,chem,other,none,5.00,0.50,1,子图 运动命令 内部化学连接
15706875,6156152,chem,other,none,5.00,0.50,9,子图 运动命令 内部化学连接
15706875,6193472,chem,other,none,5.00,0.50,1,子图 运动命令 内部化学连接
15706875,6609380,chem,other,none,5.00,0.50,1,子图 运动命令 内部化学连接
15706875,6610913,chem,other,none,5.00,0.50,2,子图 运动命令 内部化学连接
15706875,6702943,chem,other,none,5.00,0.50,2,子图 运动命令 内部化学连接
15706875,9097065,chem,other,none,5.00,0.50,3,子图 运动命令 内部化学连接
15706875,10367190,chem,other,none,5.00,0.50,13,子图 运动命令 内部化学连接
15706875,11841664,chem,other,none,5.00,0.50,2,子图 运动命令 内部化学连接
15706875,12474164,chem,other,none,5.00,0.50,3,子图 运动命令 内部化学连接
15706875,13727202,chem,other,none,5.00,0.50,4,子图 运动命令 内部化学连接
15706875,15467736,chem,other,none,5.00,0.50,2,子图 运动命令 内部化学连接
15706875,15674282,chem,other,none,5.00,0.50,1,子图 运动命令 内部化学连接
15706875,15732503,chem,other,none,5.00,0.50,1,子图 运动命令 内部化学连接
15706875,15732509,chem,other,none,5.00,0.50,1,子图 运动命令 内部化学连接
15706875,15964206,chem,other,none,5.00,0.50,1,子图 运动命令 内部化学连接
15706875,16950354,chem,other,none,5.00,0.50,1,子图 运动命令 内部化学连接
15706875,16950798,chem,other,none,5.00,0.50,6,子图 运动命令 内部化学连接
15706875,17173852,chem,other,none,5.00,0.50,13,子图 运动命令 内部化学连接
15706875,17654514,chem,other,none,5.00,0.50,1,子图 运动命令 内部化学连接
15706875,19090042,chem,other,none,5.00,0.50,1,子图 运动命令 内部化学连接
15706875,20911961,chem,other,none,5.00,0.50,1,子图 运动命令 内部化学连接
15718981,3765735,chem,other,none,5.00,0.50,1,子图 运动命令 内部化学连接
15718981,6143930,chem,other,none,5.00,0.50,1,子图 运动命令 内部化学连接
15718981,8471817,chem,other,none,5.00,0.50,21,子图 运动命令 内部化学连接
15718981,8741619,chem,other,none,5.00,0.50,22,子图 运动命令 内部化学连接
15718981,9116228,chem,other,none,5.00,0.50,1,子图 运动命令 内部化学连接
15718981,9761454,chem,other,none,5.00,0.50,12,子图 运动命令 内部化学连接
15718981,10959064,chem,other,none,5.00,0.50,2,子图 运动命令 内部化学连接
15718981,12000033,chem,other,none,5.00,0.50,2,子图 运动命令 内部化学连接
15718981,15589591,chem,other,none,5.00,0.50,1,子图 运动命令 内部化学连接
15718981,15601640,chem,other,none,5.00,0.50,2,子图 运动命令 内部化学连接
15718981,15607335,chem,other,none,5.00,0.50,2,子图 运动命令 内部化学连接
15718981,15688523,chem,other,none,5.00,0.50,2,子图 运动命令 内部化学连接
15718981,15718981,chem,other,none,5.00,0.50,2,子图 运动命令 内部化学连接
15718981,17355745,chem,other,none,5.00,0.50,1,子图 运动命令 内部化学连接
15718981,17379420,chem,other,none,5.00,0.50,6,子图 运动命令 内部化学连接
15718981,17537254,chem,other,none,5.00,0.50,2,子图 运动命令 内部化学连接
15718981,17913032,chem,other,none,5.00,0.50,1,子图 运动命令 内部化学连接
15718981,19132527,chem,other,none,5.00,0.50,1,子图 运动命令 内部化学连接
15722990,1678567,chem,other,none,5.00,0.50,2,子图 运动命令 内部化学连接
15722990,4591713,chem,other,none,5.00,0.50,1,子图 运动命令 内部化学连接
15722990,4966994,chem,other,none,5.00,0.50,1,子图 运动命令 内部化学连接
15722990,8025665,chem,other,none,5.00,0.50,5,子图 运动命令 内部化学连接
15722990,9069084,chem,other,none,5.00,0.50,1,子图 运动命令 内部化学连接
15722990,9612903,chem,other,none,5.00,0.50,1,子图 运动命令 内部化学连接
15722990,14999928,chem,other,none,5.00,0.50,6,子图 运动命令 内部化学连接
15722990,15005403,chem,other,none,5.00,0.50,2,子图 运动命令 内部化学连接
15722990,16562142,chem,other,none,5.00,0.50,4,子图 运动命令 内部化学连接
15722990,16578252,chem,other,none,5.00,0.50,9,子图 运动命令 内部化学连接
15722990,16851496,chem,other,none,5.00,0.50,3,子图 运动命令 内部化学连接
15722990,16931001,chem,other,none,5.00,0.50,1,子图 运动命令 内部化学连接
15722990,17053270,chem,other,none,5.00,0.50,1,子图 运动命令 内部化学连接
15722990,17083341,chem,other,none,5.00,0.50,1,子图 运动命令 内部化学连接
15722990,17110007,chem,other,none,5.00,0.50,3,子图 运动命令 内部化学连接
15722990,17454636,chem,other,none,5.00,0.50,1,子图 运动命令 内部化学连接
15722990,17975547,chem,other,none,5.00,0.50,1,子图 运动命令 内部化学连接
15722990,18267838,chem,other,none,5.00,0.50,1,子图 运动命令 内部化学连接
15722990,18551732,chem,other,none,5.00,0.50,16,子图 运动命令 内部化学连接
15732050,16424131,chem,other,none,5.00,0.50,1,子图 运动命令 内部化学连接
15732050,17062823,chem,other,none,5.00,0.50,3,子图 运动命令 内部化学连接
15732050,17351780,chem,other,none,5.00,0.50,1,子图 运动命令 内部化学连接
15732050,17545695,chem,other,none,5.00,0.50,3,子图 运动命令 内部化学连接
15732485,2648254,chem,other,none,5.00,0.50,1,子图 运动命令 内部化学连接
15732485,4188325,chem,other,none,5.00,0.50,1,子图 运动命令 内部化学连接
15732485,4847079,chem,other,none,5.00,0.50,8,子图 运动命令 内部化学连接
15732485,5319633,chem,other,none,5.00,0.50,1,子图 运动命令 内部化学连接
15732485,9565674,chem,other,none,5.00,0.50,1,子图 运动命令 内部化学连接
15732485,13564607,chem,other,none,5.00,0.50,9,子图 运动命令 内部化学连接
15732485,14656798,chem,other,none,5.00,0.50,1,子图 运动命令 内部化学连接
15732485,14680483,chem,other,none,5.00,0.50,4,子图 运动命令 内部化学连接
15732485,15481779,chem,other,none,5.00,0.50,1,子图 运动命令 内部化学连接
15732485,15548844,chem,other,none,5.00,0.50,1,子图 运动命令 内部化学连接
15732485,15589591,chem,other,none,5.00,0.50,3,子图 运动命令 内部化学连接
15732485,15706875,chem,other,none,5.00,0.50,1,子图 运动命令 内部化学连接
15732485,16347786,chem,other,none,5.00,0.50,2,子图 运动命令 内部化学连接
15732485,16947349,chem,other,none,5.00,0.50,1,子图 运动命令 内部化学连接
15732485,17663944,chem,other,none,5.00,0.50,3,子图 运动命令 内部化学连接
15732485,19156025,chem,other,none,5.00,0.50,4,子图 运动命令 内部化学连接
15732485,19508873,chem,other,none,5.00,0.50,1,子图 运动命令 内部化学连接
15732485,20443571,chem,other,none,5.00,0.50,2,子图 运动命令 内部化学连接
15732485,20911955,chem,other,none,5.00,0.50,3,子图 运动命令 内部化学连接
15732497,2650887,chem,other,none,5.00,0.50,5,子图 运动命令 内部化学连接
15732497,4812481,chem,other,none,5.00,0.50,1,子图 运动命令 内部化学连接
15732497,6049565,chem,other,none,5.00,0.50,7,子图 运动命令 内部化学连接
15732497,6188181,chem,other,none,5.00,0.50,1,子图 运动命令 内部化学连接
15732497,8801736,chem,other,none,5.00,0.50,5,子图 运动命令 内部化学连接
15732497,9384504,chem,other,none,5.00,0.50,1,子图 运动命令 内部化学连接
15732497,9604434,chem,other,none,5.00,0.50,1,子图 运动命令 内部化学连接
15732497,10758204,chem,other,none,5.00,0.50,13,子图 运动命令 内部化学连接
15732497,10964258,chem,other,none,5.00,0.50,1,子图 运动命令 内部化学连接
15732497,11303036,chem,other,none,5.00,0.50,1,子图 运动命令 内部化学连接
15732497,11841664,chem,other,none,5.00,0.50,2,子图 运动命令 内部化学连接
15732497,13411445,chem,other,none,5.00,0.50,1,子图 运动命令 内部化学连接
15732497,13760954,chem,other,none,5.00,0.50,1,子图 运动命令 内部化学连接
15732497,14241490,chem,other,none,5.00,0.50,2,子图 运动命令 内部化学连接
15732497,15672263,chem,other,none,5.00,0.50,3,子图 运动命令 内部化学连接
15732497,15823055,chem,other,none,5.00,0.50,1,子图 运动命令 内部化学连接
15732497,15934458,chem,other,none,5.00,0.50,2,子图 运动命令 内部化学连接
15732497,16355225,chem,other,none,5.00,0.50,3,子图 运动命令 内部化学连接
15732497,16443509,chem,other,none,5.00,0.50,6,子图 运动命令 内部化学连接
15732497,16924423,chem,other,none,5.00,0.50,1,子图 运动命令 内部化学连接
15732497,17025508,chem,other,none,5.00,0.50,4,子图 运动命令 内部化学连接
15732497,17297936,chem,other,none,5.00,0.50,2,子图 运动命令 内部化学连接
15732497,17356024,chem,other,none,5.00,0.50,10,子图 运动命令 内部化学连接
15732497,17380319,chem,other,none,5.00,0.50,1,子图 运动命令 内部化学连接
15732497,17535542,chem,other,none,5.00,0.50,2,子图 运动命令 内部化学连接
15732497,17663944,chem,other,none,5.00,0.50,11,子图 运动命令 内部化学连接
15732497,18302931,chem,other,none,5.00,0.50,1,子图 运动命令 内部化学连接
15732497,18500988,chem,other,none,5.00,0.50,13,子图 运动命令 内部化学连接
15732497,18604097,chem,other,none,5.00,0.50,3,子图 运动命令 内部化学连接
15732503,1805418,chem,other,none,5.00,0.50,3,子图 运动命令 内部化学连接
15732503,2648254,chem,other,none,5.00,0.50,1,子图 运动命令 内部化学连接
15732503,4142619,chem,other,none,5.00,0.50,1,子图 运动命令 内部化学连接
15732503,4188325,chem,other,none,5.00,0.50,10,子图 运动命令 内部化学连接
15732503,5319633,chem,other,none,5.00,0.50,1,子图 运动命令 内部化学连接
15732503,5782947,chem,other,none,5.00,0.50,2,子图 运动命令 内部化学连接
15732503,5786898,chem,other,none,5.00,0.50,1,子图 运动命令 内部化学连接
15732503,5816138,chem,other,none,5.00,0.50,2,子图 运动命令 内部化学连接
15732503,5856647,chem,other,none,5.00,0.50,1,子图 运动命令 内部化学连接
15732503,5859372,chem,other,none,5.00,0.50,1,子图 运动命令 内部化学连接
15732503,6609380,chem,other,none,5.00,0.50,36,子图 运动命令 内部化学连接
15732503,8025665,chem,other,none,5.00,0.50,1,子图 运动命令 内部化学连接
15732503,9237734,chem,other,none,5.00,0.50,1,子图 运动命令 内部化学连接
15732503,9532295,chem,other,none,5.00,0.50,2,子图 运动命令 内部化学连接
15732503,10964258,chem,other,none,5.00,0.50,2,子图 运动命令 内部化学连接
15732503,11841664,chem,other,none,5.00,0.50,1,子图 运动命令 内部化学连接
15732503,14374534,chem,other,none,5.00,0.50,1,子图 运动命令 内部化学连接
15732503,14588375,chem,other,none,5.00,0.50,1,子图 运动命令 内部化学连接
15732503,15589738,chem,other,none,5.00,0.50,2,子图 运动命令 内部化学连接
15732503,15706875,chem,other,none,5.00,0.50,15,子图 运动命令 内部化学连接
15732503,15732503,chem,other,none,5.00,0.50,1,子图 运动命令 内部化学连接
15732503,15732509,chem,other,none,5.00,0.50,3,子图 运动命令 内部化学连接
15732503,15964206,chem,other,none,5.00,0.50,4,子图 运动命令 内部化学连接
15732503,16924423,chem,other,none,5.00,0.50,1,子图 运动命令 内部化学连接
15732503,16947349,chem,other,none,5.00,0.50,10,子图 运动命令 内部化学连接
15732503,16950354,chem,other,none,5.00,0.50,1,子图 运动命令 内部化学连接
15732503,17323054,chem,other,none,5.00,0.50,5,子图 运动命令 内部化学连接
15732503,17379298,chem,other,none,5.00,0.50,2,子图 运动命令 内部化学连接
15732503,17639824,chem,other,none,5.00,0.50,4,子图 运动命令 内部化学连接
15732503,19092010,chem,other,none,5.00,0.50,1,子图 运动命令 内部化学连接
15732503,19156025,chem,other,none,5.00,0.50,2,子图 运动命令 内部化学连接
15732503,19950281,chem,other,none,5.00,0.50,2,子图 运动命令 内部化学连接
15732509,4017464,chem,other,none,5.00,0.50,1,子图 运动命令 内部化学连接
15732509,5052370,chem,other,none,5.00,0.50,11,子图 运动命令 内部化学连接
15732509,5319633,chem,other,none,5.00,0.50,2,子图 运动命令 内部化学连接
15732509,5790355,chem,other,none,5.00,0.50,1,子图 运动命令 内部化学连接
15732509,5816138,chem,other,none,5.00,0.50,1,子图 运动命令 内部化学连接
15732509,6153877,chem,other,none,5.00,0.50,2,子图 运动命令 内部化学连接
15732509,6700147,chem,other,none,5.00,0.50,2,子图 运动命令 内部化学连接
15732509,6702943,chem,other,none,5.00,0.50,2,子图 运动命令 内部化学连接
15732509,8025665,chem,other,none,5.00,0.50,1,子图 运动命令 内部化学连接
15732509,9237734,chem,other,none,5.00,0.50,1,子图 运动命令 内部化学连接
15732509,13646473,chem,other,none,5.00,0.50,2,子图 运动命令 内部化学连接
15732509,13722900,chem,other,none,5.00,0.50,1,子图 运动命令 内部化学连接
15732509,13760954,chem,other,none,5.00,0.50,1,子图 运动命令 内部化学连接
15732509,13842372,chem,other,none,5.00,0.50,2,子图 运动命令 内部化学连接
15732509,15005403,chem,other,none,5.00,0.50,3,子图 运动命令 内部化学连接
15732509,15467736,chem,other,none,5.00,0.50,2,子图 运动命令 内部化学连接
15732509,15706875,chem,other,none,5.00,0.50,1,子图 运动命令 内部化学连接
15732509,15732503,chem,other,none,5.00,0.50,3,子图 运动命令 内部化学连接
15732509,15823055,chem,other,none,5.00,0.50,2,子图 运动命令 内部化学连接
15732509,15894178,chem,other,none,5.00,0.50,1,子图 运动命令 内部化学连接
15732509,16327998,chem,other,none,5.00,0.50,1,子图 运动命令 内部化学连接
15732509,16355225,chem,other,none,5.00,0.50,1,子图 运动命令 内部化学连接
15732509,16443509,chem,other,none,5.00,0.50,1,子图 运动命令 内部化学连接
15732509,16520950,chem,other,none,5.00,0.50,4,子图 运动命令 内部化学连接
15732509,16561224,chem,other,none,5.00,0.50,4,子图 运动命令 内部化学连接
15732509,16562142,chem,other,none,5.00,0.50,1,子图 运动命令 内部化学连接
15732509,17356024,chem,other,none,5.00,0.50,3,子图 运动命令 内部化学连接
15732509,17358864,chem,other,none,5.00,0.50,1,子图 运动命令 内部化学连接
15732509,17656886,chem,other,none,5.00,0.50,2,子图 运动命令 内部化学连接
15732509,17663944,chem,other,none,5.00,0.50,1,子图 运动命令 内部化学连接
15732509,19156025,chem,other,none,5.00,0.50,7,子图 运动命令 内部化学连接
15732509,19190681,chem,other,none,5.00,0.50,4,子图 运动命令 内部化学连接
15732509,20911955,chem,other,none,5.00,0.50,1,子图 运动命令 内部化学连接
15732509,20911961,chem,other,none,5.00,0.50,6,子图 运动命令 内部化学连接
15792643,1646076,chem,other,none,5.00,0.50,2,子图 运动命令 内部化学连接
15792643,3021609,chem,other,none,5.00,0.50,5,子图 运动命令 内部化学连接
15792643,3027876,chem,other,none,5.00,0.50,3,子图 运动命令 内部化学连接
15792643,3765735,chem,other,none,5.00,0.50,1,子图 运动命令 内部化学连接
15792643,3945756,chem,other,none,5.00,0.50,5,子图 运动命令 内部化学连接
15792643,4876839,chem,other,none,5.00,0.50,1,子图 运动命令 内部化学连接
15792643,7005145,chem,other,none,5.00,0.50,4,子图 运动命令 内部化学连接
15792643,7590264,chem,other,none,5.00,0.50,3,子图 运动命令 内部化学连接
15792643,8127390,chem,other,none,5.00,0.50,2,子图 运动命令 内部化学连接
15792643,8566140,chem,other,none,5.00,0.50,6,子图 运动命令 内部化学连接
15792643,8572353,chem,other,none,5.00,0.50,8,子图 运动命令 内部化学连接
15792643,9424902,chem,other,none,5.00,0.50,3,子图 运动命令 内部化学连接
15792643,9753494,chem,other,none,5.00,0.50,1,子图 运动命令 内部化学连接
15792643,10276161,chem,other,none,5.00,0.50,3,子图 运动命令 内部化学连接
15792643,10596949,chem,other,none,5.00,0.50,2,子图 运动命令 内部化学连接
15792643,10872426,chem,other,none,5.00,0.50,2,子图 运动命令 内部化学连接
15792643,10875178,chem,other,none,5.00,0.50,2,子图 运动命令 内部化学连接
15792643,11348509,chem,other,none,5.00,0.50,3,子图 运动命令 内部化学连接
15792643,12551020,chem,other,none,5.00,0.50,10,子图 运动命令 内部化学连接
15792643,13411445,chem,other,none,5.00,0.50,1,子图 运动命令 内部化学连接
15792643,13763548,chem,other,none,5.00,0.50,1,子图 运动命令 内部化学连接
15792643,13834125,chem,other,none,5.00,0.50,3,子图 运动命令 内部化学连接
15792643,14617508,chem,other,none,5.00,0.50,10,子图 运动命令 内部化学连接
15792643,14680483,chem,other,none,5.00,0.50,11,子图 运动命令 内部化学连接
15792643,14756061,chem,other,none,5.00,0.50,13,子图 运动命令 内部化学连接
15792643,14914182,chem,other,none,5.00,0.50,1,子图 运动命令 内部化学连接
15792643,15522152,chem,other,none,5.00,0.50,1,子图 运动命令 内部化学连接
15792643,15548844,chem,other,none,5.00,0.50,2,子图 运动命令 内部化学连接
15792643,15560623,chem,other,none,5.00,0.50,1,子图 运动命令 内部化学连接
15792643,15610774,chem,other,none,5.00,0.50,1,子图 运动命令 内部化学连接
15792643,16342197,chem,other,none,5.00,0.50,1,子图 运动命令 内部化学连接
15792643,16347786,chem,other,none,5.00,0.50,1,子图 运动命令 内部化学连接
15792643,16468935,chem,other,none,5.00,0.50,1,子图 运动命令 内部化学连接
15792643,16676038,chem,other,none,5.00,0.50,1,子图 运动命令 内部化学连接
15792643,17359501,chem,other,none,5.00,0.50,3,子图 运动命令 内部化学连接
15792643,17360282,chem,other,none,5.00,0.50,2,子图 运动命令 内部化学连接
15792643,17658948,chem,other,none,5.00,0.50,1,子图 运动命令 内部化学连接
15792643,19017386,chem,other,none,5.00,0.50,1,子图 运动命令 内部化学连接
15800115,7057730,chem,other,none,5.00,0.50,4,子图 运动命令 内部化学连接
15800115,8271875,chem,other,none,5.00,0.50,1,子图 运动命令 内部化学连接
15800115,10553248,chem,other,none,5.00,0.50,1,子图 运动命令 内部化学连接
15800115,11468088,chem,other,none,5.00,0.50,1,子图 运动命令 内部化学连接
15800115,11841664,chem,other,none,5.00,0.50,1,子图 运动命令 内部化学连接
15800115,12031406,chem,other,none,5.00,0.50,1,子图 运动命令 内部化学连接
15800115,15512404,chem,other,none,5.00,0.50,5,子图 运动命令 内部化学连接
15800115,15513540,chem,other,none,5.00,0.50,13,子图 运动命令 内部化学连接
15800115,16545113,chem,other,none,5.00,0.50,3,子图 运动命令 内部化学连接
15800115,16561224,chem,other,none,5.00,0.50,5,子图 运动命令 内部化学连接
15800115,16635345,chem,other,none,5.00,0.50,4,子图 运动命令 内部化学连接
15800115,16667306,chem,other,none,5.00,0.50,1,子图 运动命令 内部化学连接
15800115,16670540,chem,other,none,5.00,0.50,2,子图 运动命令 内部化学连接
15800115,16851577,chem,other,none,5.00,0.50,2,子图 运动命令 内部化学连接
15800115,16852622,chem,other,none,5.00,0.50,1,子图 运动命令 内部化学连接
15800115,16950115,chem,other,none,5.00,0.50,2,子图 运动命令 内部化学连接
15800115,16952642,chem,other,none,5.00,0.50,1,子图 运动命令 内部化学连接
15800115,16952665,chem,other,none,5.00,0.50,3,子图 运动命令 内部化学连接
15800115,16952691,chem,other,none,5.00,0.50,2,子图 运动命令 内部化学连接
15800115,17022668,chem,other,none,5.00,0.50,4,子图 运动命令 内部化学连接
15800115,17173852,chem,other,none,5.00,0.50,14,子图 运动命令 内部化学连接
15800115,17323054,chem,other,none,5.00,0.50,1,子图 运动命令 内部化学连接
15800115,17358864,chem,other,none,5.00,0.50,6,子图 运动命令 内部化学连接
15800115,17736654,chem,other,none,5.00,0.50,1,子图 运动命令 内部化学连接
15800115,17809869,chem,other,none,5.00,0.50,6,子图 运动命令 内部化学连接
15800115,18111410,chem,other,none,5.00,0.50,1,子图 运动命令 内部化学连接
15800115,18551732,chem,other,none,5.00,0.50,1,子图 运动命令 内部化学连接
15800115,18929470,chem,other,none,5.00,0.50,4,子图 运动命令 内部化学连接
15800115,19361427,chem,other,none,5.00,0.50,2,子图 运动命令 内部化学连接
15823055,3021609,chem,other,none,5.00,0.50,1,子图 运动命令 内部化学连接
15823055,4274518,chem,other,none,5.00,0.50,1,子图 运动命令 内部化学连接
15823055,4812481,chem,other,none,5.00,0.50,2,子图 运动命令 内部化学连接
15823055,4847079,chem,other,none,5.00,0.50,1,子图 运动命令 内部化学连接
15823055,5162462,chem,other,none,5.00,0.50,2,子图 运动命令 内部化学连接
15823055,5319633,chem,other,none,5.00,0.50,3,子图 运动命令 内部化学连接
15823055,5794678,chem,other,none,5.00,0.50,1,子图 运动命令 内部化学连接
15823055,5900426,chem,other,none,5.00,0.50,1,子图 运动命令 内部化学连接
15823055,9097065,chem,other,none,5.00,0.50,3,子图 运动命令 内部化学连接
15823055,10248031,chem,other,none,5.00,0.50,1,子图 运动命令 内部化学连接
15823055,10964258,chem,other,none,5.00,0.50,1,子图 运动命令 内部化学连接
15823055,11303036,chem,other,none,5.00,0.50,3,子图 运动命令 内部化学连接
15823055,13646473,chem,other,none,5.00,0.50,1,子图 运动命令 内部化学连接
15823055,13727202,chem,other,none,5.00,0.50,1,子图 运动命令 内部化学连接
15823055,14241490,chem,other,none,5.00,0.50,1,子图 运动命令 内部化学连接
15823055,14334367,chem,other,none,5.00,0.50,7,子图 运动命令 内部化学连接
15823055,15431408,chem,other,none,5.00,0.50,1,子图 运动命令 内部化学连接
15823055,15672263,chem,other,none,5.00,0.50,1,子图 运动命令 内部化学连接
15823055,15800115,chem,other,none,5.00,0.50,2,子图 运动命令 内部化学连接
15823055,16443509,chem,other,none,5.00,0.50,17,子图 运动命令 内部化学连接
15823055,16545101,chem,other,none,5.00,0.50,3,子图 运动命令 内部化学连接
15823055,16714214,chem,other,none,5.00,0.50,1,子图 运动命令 内部化学连接
15823055,16852589,chem,other,none,5.00,0.50,1,子图 运动命令 内部化学连接
15823055,16952671,chem,other,none,5.00,0.50,3,子图 运动命令 内部化学连接
15823055,16992171,chem,other,none,5.00,0.50,6,子图 运动命令 内部化学连接
15823055,17000062,chem,other,none,5.00,0.50,1,子图 运动命令 内部化学连接
15823055,17025508,chem,other,none,5.00,0.50,5,子图 运动命令 内部化学连接
15823055,17297936,chem,other,none,5.00,0.50,1,子图 运动命令 内部化学连接
15823055,17356024,chem,other,none,5.00,0.50,5,子图 运动命令 内部化学连接
15823055,17356442,chem,other,none,5.00,0.50,5,子图 运动命令 内部化学连接
15823055,17358891,chem,other,none,5.00,0.50,1,子图 运动命令 内部化学连接
15823055,17380319,chem,other,none,5.00,0.50,6,子图 运动命令 内部化学连接
15823055,17663944,chem,other,none,5.00,0.50,1,子图 运动命令 内部化学连接
15823055,17755491,chem,other,none,5.00,0.50,8,子图 运动命令 内部化学连接
15823055,17777031,chem,other,none,5.00,0.50,3,子图 运动命令 内部化学连接
15823055,18604097,chem,other,none,5.00,0.50,1,子图 运动命令 内部化学连接
15823055,18929470,chem,other,none,5.00,0.50,1,子图 运动命令 内部化学连接
15823055,19156025,chem,other,none,5.00,0.50,3,子图 运动命令 内部化学连接
15823055,20556072,chem,other,none,5.00,0.50,1,子图 运动命令 内部化学连接
15894178,1622901,chem,other,none,5.00,0.50,5,子图 运动命令 内部化学连接
15894178,13007383,chem,other,none,5.00,0.50,1,子图 运动命令 内部化学连接
15894178,13727202,chem,other,none,5.00,0.50,1,子图 运动命令 内部化学连接
15894178,15894278,chem,other,none,5.00,0.50,1,子图 运动命令 内部化学连接
15894178,16422744,chem,other,none,5.00,0.50,1,子图 运动命令 内部化学连接
15894178,16667592,chem,other,none,5.00,0.50,3,子图 运动命令 内部化学连接
15894178,16851577,chem,other,none,5.00,0.50,1,子图 运动命令 内部化学连接
15894178,16952671,chem,other,none,5.00,0.50,1,子图 运动命令 内部化学连接
15894178,16952691,chem,other,none,5.00,0.50,2,子图 运动命令 内部化学连接
15894178,17087885,chem,other,none,5.00,0.50,1,子图 运动命令 内部化学连接
15894178,19298644,chem,other,none,5.00,0.50,1,子图 运动命令 内部化学连接
15894278,1622901,chem,other,none,5.00,0.50,5,子图 运动命令 内部化学连接
15894278,11876076,chem,other,none,5.00,0.50,1,子图 运动命令 内部化学连接
15894278,15894178,chem,other,none,5.00,0.50,6,子图 运动命令 内部化学连接
15894278,15894278,chem,other,none,5.00,0.50,1,子图 运动命令 内部化学连接
15894278,16560178,chem,other,none,5.00,0.50,1,子图 运动命令 内部化学连接
15894278,16667592,chem,other,none,5.00,0.50,1,子图 运动命令 内部化学连接
15894278,16851577,chem,other,none,5.00,0.50,1,子图 运动命令 内部化学连接
15894278,16952691,chem,other,none,5.00,0.50,6,子图 运动命令 内部化学连接
15894278,17075832,chem,other,none,5.00,0.50,1,子图 运动命令 内部化学连接
15897280,2669844,chem,other,none,5.00,0.50,4,子图 运动命令 内部化学连接
15934458,14039007,chem,other,none,5.00,0.50,3,子图 运动命令 内部化学连接
15995958,1622901,chem,other,none,5.00,0.50,3,子图 运动命令 内部化学连接
15995958,1678567,chem,other,none,5.00,0.50,3,子图 运动命令 内部化学连接
15995958,4749004,chem,other,none,5.00,0.50,2,子图 运动命令 内部化学连接
15995958,5856647,chem,other,none,5.00,0.50,4,子图 运动命令 内部化学连接
15995958,11841664,chem,other,none,5.00,0.50,2,子图 运动命令 内部化学连接
15995958,12598741,chem,other,none,5.00,0.50,2,子图 运动命令 内部化学连接
15995958,13028455,chem,other,none,5.00,0.50,1,子图 运动命令 内部化学连接
15995958,15512404,chem,other,none,5.00,0.50,3,子图 运动命令 内部化学连接
15995958,15512408,chem,other,none,5.00,0.50,2,子图 运动命令 内部化学连接
15995958,16547281,chem,other,none,5.00,0.50,2,子图 运动命令 内部化学连接
15995958,16851577,chem,other,none,5.00,0.50,1,子图 运动命令 内部化学连接
15995958,16950115,chem,other,none,5.00,0.50,3,子图 运动命令 内部化学连接
15995958,16952691,chem,other,none,5.00,0.50,1,子图 运动命令 内部化学连接
15995958,17975547,chem,other,none,5.00,0.50,1,子图 运动命令 内部化学连接
15995958,18111410,chem,other,none,5.00,0.50,1,子图 运动命令 内部化学连接
16051878,2438653,chem,other,none,5.00,0.50,1,子图 运动命令 内部化学连接
16051878,3027876,chem,other,none,5.00,0.50,3,子图 运动命令 内部化学连接
16051878,3765735,chem,other,none,5.00,0.50,3,子图 运动命令 内部化学连接
16051878,3944626,chem,other,none,5.00,0.50,2,子图 运动命令 内部化学连接
16051878,6317793,chem,other,none,5.00,0.50,1,子图 运动命令 内部化学连接
16051878,7388340,chem,other,none,5.00,0.50,3,子图 运动命令 内部化学连接
16051878,8471817,chem,other,none,5.00,0.50,1,子图 运动命令 内部化学连接
16051878,8951591,chem,other,none,5.00,0.50,7,子图 运动命令 内部化学连接
16051878,9424902,chem,other,none,5.00,0.50,5,子图 运动命令 内部化学连接
16051878,10276161,chem,other,none,5.00,0.50,2,子图 运动命令 内部化学连接
16051878,10345590,chem,other,none,5.00,0.50,1,子图 运动命令 内部化学连接
16051878,10872426,chem,other,none,5.00,0.50,1,子图 运动命令 内部化学连接
16051878,10885466,chem,other,none,5.00,0.50,2,子图 运动命令 内部化学连接
16051878,11348509,chem,other,none,5.00,0.50,1,子图 运动命令 内部化学连接
16051878,12279909,chem,other,none,5.00,0.50,2,子图 运动命令 内部化学连接
16051878,12279941,chem,other,none,5.00,0.50,2,子图 运动命令 内部化学连接
16051878,12364717,chem,other,none,5.00,0.50,1,子图 运动命令 内部化学连接
16051878,12548756,chem,other,none,5.00,0.50,1,子图 运动命令 内部化学连接
16051878,13818467,chem,other,none,5.00,0.50,1,子图 运动命令 内部化学连接
16051878,15048530,chem,other,none,5.00,0.50,2,子图 运动命令 内部化学连接
16051878,15601640,chem,other,none,5.00,0.50,1,子图 运动命令 内部化学连接
16051878,15605301,chem,other,none,5.00,0.50,1,子图 运动命令 内部化学连接
16051878,15606239,chem,other,none,5.00,0.50,5,子图 运动命令 内部化学连接
16051878,16195633,chem,other,none,5.00,0.50,1,子图 运动命令 内部化学连接
16051878,16342197,chem,other,none,5.00,0.50,1,子图 运动命令 内部化学连接
16051878,16348875,chem,other,none,5.00,0.50,1,子图 运动命令 内部化学连接
16051878,16433696,chem,other,none,5.00,0.50,7,子图 运动命令 内部化学连接
16051878,17328632,chem,other,none,5.00,0.50,3,子图 运动命令 内部化学连接
16051878,17384874,chem,other,none,5.00,0.50,2,子图 运动命令 内部化学连接
16051878,17756162,chem,other,none,5.00,0.50,1,子图 运动命令 内部化学连接
16051878,17813001,chem,other,none,5.00,0.50,1,子图 运动命令 内部化学连接
16051878,18305433,chem,other,none,5.00,0.50,1,子图 运动命令 内部化学连接
16051878,19132527,chem,other,none,5.00,0.50,4,子图 运动命令 内部化学连接
16057212,3806652,chem,other,none,5.00,0.50,1,子图 运动命令 内部化学连接
16057212,13191017,chem,other,none,5.00,0.50,2,子图 运动命令 内部化学连接
16057212,13968203,chem,other,none,5.00,0.50,1,子图 运动命令 内部化学连接
16057212,16057212,chem,other,none,5.00,0.50,2,子图 运动命令 内部化学连接
16057212,16158918,chem,other,none,5.00,0.50,1,子图 运动命令 内部化学连接
16057212,16586265,chem,other,none,5.00,0.50,4,子图 运动命令 内部化学连接
16059134,3048606,chem,other,none,5.00,0.50,1,子图 运动命令 内部化学连接
16059134,4663875,chem,other,none,5.00,0.50,1,子图 运动命令 内部化学连接
16059134,5745110,chem,other,none,5.00,0.50,1,子图 运动命令 内部化学连接
16059134,8167696,chem,other,none,5.00,0.50,1,子图 运动命令 内部化学连接
16059134,8348277,chem,other,none,5.00,0.50,2,子图 运动命令 内部化学连接
16059134,8529400,chem,other,none,5.00,0.50,1,子图 运动命令 内部化学连接
16059134,10915553,chem,other,none,5.00,0.50,1,子图 运动命令 内部化学连接
16059134,12366224,chem,other,none,5.00,0.50,3,子图 运动命令 内部化学连接
16059134,12923749,chem,other,none,5.00,0.50,1,子图 运动命令 内部化学连接
16059134,15365184,chem,other,none,5.00,0.50,9,子图 运动命令 内部化学连接
16059134,15586949,chem,other,none,5.00,0.50,3,子图 运动命令 内部化学连接
16059134,17360038,chem,other,none,5.00,0.50,1,子图 运动命令 内部化学连接
16096934,1961182,chem,other,none,5.00,0.50,3,子图 运动命令 内部化学连接
16096934,2988292,chem,other,none,5.00,0.50,3,子图 运动命令 内部化学连接
16096934,3060480,chem,other,none,5.00,0.50,1,子图 运动命令 内部化学连接
16096934,5033480,chem,other,none,5.00,0.50,1,子图 运动命令 内部化学连接
16096934,5688091,chem,other,none,5.00,0.50,1,子图 运动命令 内部化学连接
16096934,5700090,chem,other,none,5.00,0.50,3,子图 运动命令 内部化学连接
16096934,5754346,chem,other,none,5.00,0.50,1,子图 运动命令 内部化学连接
16096934,8347720,chem,other,none,5.00,0.50,1,子图 运动命令 内部化学连接
16096934,11079069,chem,other,none,5.00,0.50,2,子图 运动命令 内部化学连接
16096934,14519756,chem,other,none,5.00,0.50,6,子图 运动命令 内部化学连接
16096934,15576292,chem,other,none,5.00,0.50,3,子图 运动命令 内部化学连接
16096934,17224013,chem,other,none,5.00,0.50,1,子图 运动命令 内部化学连接
16115255,17379298,chem,other,none,5.00,0.50,11,子图 运动命令 内部化学连接
16115575,3048606,chem,other,none,5.00,0.50,1,子图 运动命令 内部化学连接
16115575,5764924,chem,other,none,5.00,0.50,1,子图 运动命令 内部化学连接
16115575,6114695,chem,other,none,5.00,0.50,5,子图 运动命令 内部化学连接
16115575,6125806,chem,other,none,5.00,0.50,2,子图 运动命令 内部化学连接
16115575,7587948,chem,other,none,5.00,0.50,7,子图 运动命令 内部化学连接
16115575,8741619,chem,other,none,5.00,0.50,1,子图 运动命令 内部化学连接
16115575,10945111,chem,other,none,5.00,0.50,4,子图 运动命令 内部化学连接
16115575,10947427,chem,other,none,5.00,0.50,2,子图 运动命令 内部化学连接
16115575,15590555,chem,other,none,5.00,0.50,1,子图 运动命令 内部化学连接
16115575,16316973,chem,other,none,5.00,0.50,1,子图 运动命令 内部化学连接
16115575,17473163,chem,other,none,5.00,0.50,3,子图 运动命令 内部化学连接
16154290,13557064,chem,other,none,5.00,0.50,1,子图 运动命令 内部化学连接
16154290,15522152,chem,other,none,5.00,0.50,1,子图 运动命令 内部化学连接
16154290,16952648,chem,other,none,5.00,0.50,1,子图 运动命令 内部化学连接
16154290,17379420,chem,other,none,5.00,0.50,2,子图 运动命令 内部化学连接
16154290,17537254,chem,other,none,5.00,0.50,13,子图 运动命令 内部化学连接
16158918,8159396,chem,other,none,5.00,0.50,11,子图 运动命令 内部化学连接
16158918,10167116,chem,other,none,5.00,0.50,1,子图 运动命令 内部化学连接
16158918,11941255,chem,other,none,5.00,0.50,1,子图 运动命令 内部化学连接
16158918,12335381,chem,other,none,5.00,0.50,1,子图 运动命令 内部化学连接
16158918,14154154,chem,other,none,5.00,0.50,2,子图 运动命令 内部化学连接
16158918,15334461,chem,other,none,5.00,0.50,1,子图 运动命令 内部化学连接
16158918,17529547,chem,other,none,5.00,0.50,3,子图 运动命令 内部化学连接
16167914,1065967,chem,other,none,5.00,0.50,1,子图 运动命令 内部化学连接
16167914,2669844,chem,other,none,5.00,0.50,2,子图 运动命令 内部化学连接
16167914,3021609,chem,other,none,5.00,0.50,1,子图 运动命令 内部化学连接
16167914,3027876,chem,other,none,5.00,0.50,2,子图 运动命令 内部化学连接
16167914,3765735,chem,other,none,5.00,0.50,2,子图 运动命令 内部化学连接
16167914,3945756,chem,other,none,5.00,0.50,1,子图 运动命令 内部化学连接
16167914,4876839,chem,other,none,5.00,0.50,4,子图 运动命令 内部化学连接
16167914,5369028,chem,other,none,5.00,0.50,1,子图 运动命令 内部化学连接
16167914,7005145,chem,other,none,5.00,0.50,3,子图 运动命令 内部化学连接
16167914,7590264,chem,other,none,5.00,0.50,2,子图 运动命令 内部化学连接
16167914,8127390,chem,other,none,5.00,0.50,4,子图 运动命令 内部化学连接
16167914,8566140,chem,other,none,5.00,0.50,1,子图 运动命令 内部化学连接
16167914,8571259,chem,other,none,5.00,0.50,1,子图 运动命令 内部化学连接
16167914,8572353,chem,other,none,5.00,0.50,1,子图 运动命令 内部化学连接
16167914,9077224,chem,other,none,5.00,0.50,2,子图 运动命令 内部化学连接
16167914,9753494,chem,other,none,5.00,0.50,2,子图 运动命令 内部化学连接
16167914,10276161,chem,other,none,5.00,0.50,1,子图 运动命令 内部化学连接
16167914,10523825,chem,other,none,5.00,0.50,2,子图 运动命令 内部化学连接
16167914,10596949,chem,other,none,5.00,0.50,3,子图 运动命令 内部化学连接
16167914,10872426,chem,other,none,5.00,0.50,1,子图 运动命令 内部化学连接
16167914,10875178,chem,other,none,5.00,0.50,1,子图 运动命令 内部化学连接
16167914,10880408,chem,other,none,5.00,0.50,2,子图 运动命令 内部化学连接
16167914,11348509,chem,other,none,5.00,0.50,4,子图 运动命令 内部化学连接
16167914,12031406,chem,other,none,5.00,0.50,4,子图 运动命令 内部化学连接
16167914,12551020,chem,other,none,5.00,0.50,5,子图 运动命令 内部化学连接
16167914,13411445,chem,other,none,5.00,0.50,10,子图 运动命令 内部化学连接
16167914,13652117,chem,other,none,5.00,0.50,2,子图 运动命令 内部化学连接
16167914,13763548,chem,other,none,5.00,0.50,1,子图 运动命令 内部化学连接
16167914,13834125,chem,other,none,5.00,0.50,3,子图 运动命令 内部化学连接
16167914,14617508,chem,other,none,5.00,0.50,11,子图 运动命令 内部化学连接
16167914,14680483,chem,other,none,5.00,0.50,14,子图 运动命令 内部化学连接
16167914,14754777,chem,other,none,5.00,0.50,17,子图 运动命令 内部化学连接
16167914,14756061,chem,other,none,5.00,0.50,4,子图 运动命令 内部化学连接
16167914,15897280,chem,other,none,5.00,0.50,2,子图 运动命令 内部化学连接
16167914,16340011,chem,other,none,5.00,0.50,5,子图 运动命令 内部化学连接
16167914,16342197,chem,other,none,5.00,0.50,5,子图 运动命令 内部化学连接
16167914,16347786,chem,other,none,5.00,0.50,1,子图 运动命令 内部化学连接
16167914,16561660,chem,other,none,5.00,0.50,1,子图 运动命令 内部化学连接
16167914,17067625,chem,other,none,5.00,0.50,1,子图 运动命令 内部化学连接
16167914,17328580,chem,other,none,5.00,0.50,1,子图 运动命令 内部化学连接
16167914,17360282,chem,other,none,5.00,0.50,7,子图 运动命令 内部化学连接
16167914,17455871,chem,other,none,5.00,0.50,3,子图 运动命令 内部化学连接
16167914,18305433,chem,other,none,5.00,0.50,1,子图 运动命令 内部化学连接
16195633,3027876,chem,other,none,5.00,0.50,1,子图 运动命令 内部化学连接
16195633,3149791,chem,other,none,5.00,0.50,3,子图 运动命令 内部化学连接
16195633,3414508,chem,other,none,5.00,0.50,5,子图 运动命令 内部化学连接
16195633,3620633,chem,other,none,5.00,0.50,2,子图 运动命令 内部化学连接
16195633,4215611,chem,other,none,5.00,0.50,2,子图 运动命令 内部化学连接
16195633,5754346,chem,other,none,5.00,0.50,1,子图 运动命令 内部化学连接
16195633,6554358,chem,other,none,5.00,0.50,6,子图 运动命令 内部化学连接
16195633,7130033,chem,other,none,5.00,0.50,1,子图 运动命令 内部化学连接
16195633,9116228,chem,other,none,5.00,0.50,1,子图 运动命令 内部化学连接
16195633,10100020,chem,other,none,5.00,0.50,1,子图 运动命令 内部化学连接
16195633,11891098,chem,other,none,5.00,0.50,1,子图 运动命令 内部化学连接
16195633,13645610,chem,other,none,5.00,0.50,1,子图 运动命令 内部化学连接
16195633,14034206,chem,other,none,5.00,0.50,2,子图 运动命令 内部化学连接
16195633,14656798,chem,other,none,5.00,0.50,1,子图 运动命令 内部化学连接
16195633,17321919,chem,other,none,5.00,0.50,2,子图 运动命令 内部化学连接
16195633,17473163,chem,other,none,5.00,0.50,1,子图 运动命令 内部化学连接
16195633,17776982,chem,other,none,5.00,0.50,2,子图 运动命令 内部化学连接
16195633,19508873,chem,other,none,5.00,0.50,1,子图 运动命令 内部化学连接
16223688,1868538,chem,other,none,5.00,0.50,7,子图 运动命令 内部化学连接
16223688,3021609,chem,other,none,5.00,0.50,4,子图 运动命令 内部化学连接
16223688,3765735,chem,other,none,5.00,0.50,2,子图 运动命令 内部化学连接
16223688,8471817,chem,other,none,5.00,0.50,1,子图 运动命令 内部化学连接
16223688,8566140,chem,other,none,5.00,0.50,3,子图 运动命令 内部化学连接
16223688,8741619,chem,other,none,5.00,0.50,7,子图 运动命令 内部化学连接
16223688,9116228,chem,other,none,5.00,0.50,7,子图 运动命令 内部化学连接
16223688,9177218,chem,other,none,5.00,0.50,1,子图 运动命令 内部化学连接
16223688,9753494,chem,other,none,5.00,0.50,1,子图 运动命令 内部化学连接
16223688,9761454,chem,other,none,5.00,0.50,5,子图 运动命令 内部化学连接
16223688,12548756,chem,other,none,5.00,0.50,4,子图 运动命令 内部化学连接
16223688,15632120,chem,other,none,5.00,0.50,16,子图 运动命令 内部化学连接
16223688,15688523,chem,other,none,5.00,0.50,8,子图 运动命令 内部化学连接
16223688,17354414,chem,other,none,5.00,0.50,5,子图 运动命令 内部化学连接
16223688,17587726,chem,other,none,5.00,0.50,3,子图 运动命令 内部化学连接
16223688,17658948,chem,other,none,5.00,0.50,1,子图 运动命令 内部化学连接
16223688,19132527,chem,other,none,5.00,0.50,4,子图 运动命令 内部化学连接
16223688,20443501,chem,other,none,5.00,0.50,1,子图 运动命令 内部化学连接
16316973,3149791,chem,other,none,5.00,0.50,2,子图 运动命令 内部化学连接
16316981,5559657,chem,other,none,5.00,0.50,1,子图 运动命令 内部化学连接
16316981,11941255,chem,other,none,5.00,0.50,1,子图 运动命令 内部化学连接
16327998,2648254,chem,other,none,5.00,0.50,1,子图 运动命令 内部化学连接
16327998,4017464,chem,other,none,5.00,0.50,1,子图 运动命令 内部化学连接
16327998,4390116,chem,other,none,5.00,0.50,1,子图 运动命令 内部化学连接
16327998,4876839,chem,other,none,5.00,0.50,1,子图 运动命令 内部化学连接
16327998,4917442,chem,other,none,5.00,0.50,4,子图 运动命令 内部化学连接
16327998,5167842,chem,other,none,5.00,0.50,3,子图 运动命令 内部化学连接
16327998,5786898,chem,other,none,5.00,0.50,2,子图 运动命令 内部化学连接
16327998,5790355,chem,other,none,5.00,0.50,2,子图 运动命令 内部化学连接
16327998,5816138,chem,other,none,5.00,0.50,1,子图 运动命令 内部化学连接
16327998,5859372,chem,other,none,5.00,0.50,1,子图 运动命令 内部化学连接
16327998,6609380,chem,other,none,5.00,0.50,5,子图 运动命令 内部化学连接
16327998,7700444,chem,other,none,5.00,0.50,1,子图 运动命令 内部化学连接
16327998,9097065,chem,other,none,5.00,0.50,1,子图 运动命令 内部化学连接
16327998,9235545,chem,other,none,5.00,0.50,1,子图 运动命令 内部化学连接
16327998,10017944,chem,other,none,5.00,0.50,2,子图 运动命令 内部化学连接
16327998,11841664,chem,other,none,5.00,0.50,1,子图 运动命令 内部化学连接
16327998,12474164,chem,other,none,5.00,0.50,1,子图 运动命令 内部化学连接
16327998,13675374,chem,other,none,5.00,0.50,1,子图 运动命令 内部化学连接
16327998,13722900,chem,other,none,5.00,0.50,2,子图 运动命令 内部化学连接
16327998,15467736,chem,other,none,5.00,0.50,1,子图 运动命令 内部化学连接
16327998,15539984,chem,other,none,5.00,0.50,1,子图 运动命令 内部化学连接
16327998,15706875,chem,other,none,5.00,0.50,3,子图 运动命令 内部化学连接
16327998,15732509,chem,other,none,5.00,0.50,6,子图 运动命令 内部化学连接
16327998,15823055,chem,other,none,5.00,0.50,1,子图 运动命令 内部化学连接
16327998,16327998,chem,other,none,5.00,0.50,1,子图 运动命令 内部化学连接
16327998,16560178,chem,other,none,5.00,0.50,1,子图 运动命令 内部化学连接
16327998,16950798,chem,other,none,5.00,0.50,1,子图 运动命令 内部化学连接
16327998,17323054,chem,other,none,5.00,0.50,2,子图 运动命令 内部化学连接
16327998,17543765,chem,other,none,5.00,0.50,1,子图 运动命令 内部化学连接
16327998,17639824,chem,other,none,5.00,0.50,1,子图 运动命令 内部化学连接
16327998,17654514,chem,other,none,5.00,0.50,1,子图 运动命令 内部化学连接
16327998,17654519,chem,other,none,5.00,0.50,2,子图 运动命令 内部化学连接
16327998,20911955,chem,other,none,5.00,0.50,2,子图 运动命令 内部化学连接
16335254,5134110,chem,other,none,5.00,0.50,1,子图 运动命令 内部化学连接
16335254,5512988,chem,other,none,5.00,0.50,3,子图 运动命令 内部化学连接
16335254,5973097,chem,other,none,5.00,0.50,1,子图 运动命令 内部化学连接
16335254,6446394,chem,other,none,5.00,0.50,4,子图 运动命令 内部化学连接
16335254,6572414,chem,other,none,5.00,0.50,1,子图 运动命令 内部化学连接
16335254,7168356,chem,other,none,5.00,0.50,5,子图 运动命令 内部化学连接
16335254,7388340,chem,other,none,5.00,0.50,1,子图 运动命令 内部化学连接
16335254,7982324,chem,other,none,5.00,0.50,2,子图 运动命令 内部化学连接
16335254,8253620,chem,other,none,5.00,0.50,1,子图 运动命令 内部化学连接
16335254,9761454,chem,other,none,5.00,0.50,1,子图 运动命令 内部化学连接
16335254,10418394,chem,other,none,5.00,0.50,1,子图 运动命令 内部化学连接
16335254,10945795,chem,other,none,5.00,0.50,2,子图 运动命令 内部化学连接
16335254,12990900,chem,other,none,5.00,0.50,1,子图 运动命令 内部化学连接
16335254,13081886,chem,other,none,5.00,0.50,2,子图 运动命令 内部化学连接
16335254,13422280,chem,other,none,5.00,0.50,1,子图 运动命令 内部化学连接
16335254,14034206,chem,other,none,5.00,0.50,1,子图 运动命令 内部化学连接
16335254,15517247,chem,other,none,5.00,0.50,2,子图 运动命令 内部化学连接
16335254,15606239,chem,other,none,5.00,0.50,1,子图 运动命令 内部化学连接
16335254,15636958,chem,other,none,5.00,0.50,1,子图 运动命令 内部化学连接
16335254,15639216,chem,other,none,5.00,0.50,2,子图 运动命令 内部化学连接
16335254,15639294,chem,other,none,5.00,0.50,1,子图 运动命令 内部化学连接
16335254,15639331,chem,other,none,5.00,0.50,1,子图 运动命令 内部化学连接
16335254,15672269,chem,other,none,5.00,0.50,1,子图 运动命令 内部化学连接
16335254,16571210,chem,other,none,5.00,0.50,1,子图 运动命令 内部化学连接
16335254,17378483,chem,other,none,5.00,0.50,1,子图 运动命令 内部化学连接
16335254,17897230,chem,other,none,5.00,0.50,1,子图 运动命令 内部化学连接
16335254,19508873,chem,other,none,5.00,0.50,1,子图 运动命令 内部化学连接
16339338,5319633,chem,other,none,5.00,0.50,2,子图 运动命令 内部化学连接
16339338,5805651,chem,other,none,5.00,0.50,1,子图 运动命令 内部化学连接
16339338,9034378,chem,other,none,5.00,0.50,1,子图 运动命令 内部化学连接
16339338,9068024,chem,other,none,5.00,0.50,1,子图 运动命令 内部化学连接
16339338,9085808,chem,other,none,5.00,0.50,1,子图 运动命令 内部化学连接
16339338,13722900,chem,other,none,5.00,0.50,1,子图 运动命令 内部化学连接
16339338,14588375,chem,other,none,5.00,0.50,1,子图 运动命令 内部化学连接
16339338,15005403,chem,other,none,5.00,0.50,1,子图 运动命令 内部化学连接
16339338,15732503,chem,other,none,5.00,0.50,1,子图 运动命令 内部化学连接
16339338,16520950,chem,other,none,5.00,0.50,2,子图 运动命令 内部化学连接
16339338,16950443,chem,other,none,5.00,0.50,2,子图 运动命令 内部化学连接
16339338,16950550,chem,other,none,5.00,0.50,5,子图 运动命令 内部化学连接
16339338,18566361,chem,other,none,5.00,0.50,1,子图 运动命令 内部化学连接
16339338,20911961,chem,other,none,5.00,0.50,1,子图 运动命令 内部化学连接
16340011,4017464,chem,other,none,5.00,0.50,1,子图 运动命令 内部化学连接
16340011,4188325,chem,other,none,5.00,0.50,1,子图 运动命令 内部化学连接
16340011,4749004,chem,other,none,5.00,0.50,1,子图 运动命令 内部化学连接
16340011,4917442,chem,other,none,5.00,0.50,1,子图 运动命令 内部化学连接
16340011,5052370,chem,other,none,5.00,0.50,1,子图 运动命令 内部化学连接
16340011,5164129,chem,other,none,5.00,0.50,3,子图 运动命令 内部化学连接
16340011,5319633,chem,other,none,5.00,0.50,3,子图 运动命令 内部化学连接
16340011,6153877,chem,other,none,5.00,0.50,1,子图 运动命令 内部化学连接
16340011,6609380,chem,other,none,5.00,0.50,1,子图 运动命令 内部化学连接
16340011,8161142,chem,other,none,5.00,0.50,4,子图 运动命令 内部化学连接
16340011,8161148,chem,other,none,5.00,0.50,3,子图 运动命令 内部化学连接
16340011,8496618,chem,other,none,5.00,0.50,1,子图 运动命令 内部化学连接
16340011,9069084,chem,other,none,5.00,0.50,2,子图 运动命令 内部化学连接
16340011,9239759,chem,other,none,5.00,0.50,1,子图 运动命令 内部化学连接
16340011,12474164,chem,other,none,5.00,0.50,3,子图 运动命令 内部化学连接
16340011,13675374,chem,other,none,5.00,0.50,2,子图 运动命令 内部化学连接
16340011,13727202,chem,other,none,5.00,0.50,1,子图 运动命令 内部化学连接
16340011,15539984,chem,other,none,5.00,0.50,1,子图 运动命令 内部化学连接
16340011,15732509,chem,other,none,5.00,0.50,1,子图 运动命令 内部化学连接
16340011,15894178,chem,other,none,5.00,0.50,3,子图 运动命令 内部化学连接
16340011,16339338,chem,other,none,5.00,0.50,2,子图 运动命令 内部化学连接
16340011,16342197,chem,other,none,5.00,0.50,1,子图 运动命令 内部化学连接
16340011,16520950,chem,other,none,5.00,0.50,1,子图 运动命令 内部化学连接
16340011,16671014,chem,other,none,5.00,0.50,1,子图 运动命令 内部化学连接
16340011,16950354,chem,other,none,5.00,0.50,1,子图 运动命令 内部化学连接
16340011,16950550,chem,other,none,5.00,0.50,1,子图 运动命令 内部化学连接
16340011,16950798,chem,other,none,5.00,0.50,2,子图 运动命令 内部化学连接
16340011,17247877,chem,other,none,5.00,0.50,1,子图 运动命令 内部化学连接
16340011,17356024,chem,other,none,5.00,0.50,4,子图 运动命令 内部化学连接
16340011,17435815,chem,other,none,5.00,0.50,1,子图 运动命令 内部化学连接
16340011,18538744,chem,other,none,5.00,0.50,1,子图 运动命令 内部化学连接
16340461,4591713,chem,other,none,5.00,0.50,1,子图 运动命令 内部化学连接
16340461,4966994,chem,other,none,5.00,0.50,1,子图 运动命令 内部化学连接
16340461,5319633,chem,other,none,5.00,0.50,1,子图 运动命令 内部化学连接
16340461,6153877,chem,other,none,5.00,0.50,3,子图 运动命令 内部化学连接
16340461,6190181,chem,other,none,5.00,0.50,1,子图 运动命令 内部化学连接
16340461,6610913,chem,other,none,5.00,0.50,10,子图 运动命令 内部化学连接
16340461,8161142,chem,other,none,5.00,0.50,4,子图 运动命令 内部化学连接
16340461,8161148,chem,other,none,5.00,0.50,7,子图 运动命令 内部化学连接
16340461,8496618,chem,other,none,5.00,0.50,4,子图 运动命令 内部化学连接
16340461,8710444,chem,other,none,5.00,0.50,3,子图 运动命令 内部化学连接
16340461,9594273,chem,other,none,5.00,0.50,1,子图 运动命令 内部化学连接
16340461,9714476,chem,other,none,5.00,0.50,1,子图 运动命令 内部化学连接
16340461,10728328,chem,other,none,5.00,0.50,5,子图 运动命令 内部化学连接
16340461,10728333,chem,other,none,5.00,0.50,8,子图 运动命令 内部化学连接
16340461,11362334,chem,other,none,5.00,0.50,2,子图 运动命令 内部化学连接
16340461,12474164,chem,other,none,5.00,0.50,3,子图 运动命令 内部化学连接
16340461,13557064,chem,other,none,5.00,0.50,9,子图 运动命令 内部化学连接
16340461,13564607,chem,other,none,5.00,0.50,1,子图 运动命令 内部化学连接
16340461,13727202,chem,other,none,5.00,0.50,14,子图 运动命令 内部化学连接
16340461,15539984,chem,other,none,5.00,0.50,2,子图 运动命令 内部化学连接
16340461,15894278,chem,other,none,5.00,0.50,1,子图 运动命令 内部化学连接
16340461,16339338,chem,other,none,5.00,0.50,18,子图 运动命令 内部化学连接
16340461,16350988,chem,other,none,5.00,0.50,1,子图 运动命令 内部化学连接
16340461,16388736,chem,other,none,5.00,0.50,7,子图 运动命令 内部化学连接
16340461,16578252,chem,other,none,5.00,0.50,1,子图 运动命令 内部化学连接
16340461,16852421,chem,other,none,5.00,0.50,1,子图 运动命令 内部化学连接
16340461,16934932,chem,other,none,5.00,0.50,1,子图 运动命令 内部化学连接
16340461,16950550,chem,other,none,5.00,0.50,1,子图 运动命令 内部化学连接
16340461,17356024,chem,other,none,5.00,0.50,6,子图 运动命令 内部化学连接
16340461,18464581,chem,other,none,5.00,0.50,5,子图 运动命令 内部化学连接
16340461,19048289,chem,other,none,5.00,0.50,1,子图 运动命令 内部化学连接
16340461,20151537,chem,other,none,5.00,0.50,1,子图 运动命令 内部化学连接
16340977,1805669,chem,other,none,5.00,0.50,1,子图 运动命令 内部化学连接
16340977,5052370,chem,other,none,5.00,0.50,2,子图 运动命令 内部化学连接
16340977,5164129,chem,other,none,5.00,0.50,1,子图 运动命令 内部化学连接
16340977,5805651,chem,other,none,5.00,0.50,1,子图 运动命令 内部化学连接
16340977,5893912,chem,other,none,5.00,0.50,1,子图 运动命令 内部化学连接
16340977,6153877,chem,other,none,5.00,0.50,1,子图 运动命令 内部化学连接
16340977,6154921,chem,other,none,5.00,0.50,1,子图 运动命令 内部化学连接
16340977,6156152,chem,other,none,5.00,0.50,2,子图 运动命令 内部化学连接
16340977,8496618,chem,other,none,5.00,0.50,2,子图 运动命令 内部化学连接
16340977,10367190,chem,other,none,5.00,0.50,2,子图 运动命令 内部化学连接
16340977,10728328,chem,other,none,5.00,0.50,12,子图 运动命令 内部化学连接
16340977,10728333,chem,other,none,5.00,0.50,13,子图 运动命令 内部化学连接
16340977,12474164,chem,other,none,5.00,0.50,2,子图 运动命令 内部化学连接
16340977,13557064,chem,other,none,5.00,0.50,14,子图 运动命令 内部化学连接
16340977,13727202,chem,other,none,5.00,0.50,1,子图 运动命令 内部化学连接
16340977,14034206,chem,other,none,5.00,0.50,3,子图 运动命令 内部化学连接
16340977,14492880,chem,other,none,5.00,0.50,2,子图 运动命令 内部化学连接
16340977,14588375,chem,other,none,5.00,0.50,1,子图 运动命令 内部化学连接
16340977,14726069,chem,other,none,5.00,0.50,1,子图 运动命令 内部化学连接
16340977,15467736,chem,other,none,5.00,0.50,1,子图 运动命令 内部化学连接
16340977,15672269,chem,other,none,5.00,0.50,3,子图 运动命令 内部化学连接
16340977,15894178,chem,other,none,5.00,0.50,1,子图 运动命令 内部化学连接
16340977,16327998,chem,other,none,5.00,0.50,1,子图 运动命令 内部化学连接
16340977,16339338,chem,other,none,5.00,0.50,2,子图 运动命令 内部化学连接
16340977,16340977,chem,other,none,5.00,0.50,1,子图 运动命令 内部化学连接
16340977,16388736,chem,other,none,5.00,0.50,2,子图 运动命令 内部化学连接
16340977,16578252,chem,other,none,5.00,0.50,2,子图 运动命令 内部化学连接
16340977,16910799,chem,other,none,5.00,0.50,1,子图 运动命令 内部化学连接
16340977,17022668,chem,other,none,5.00,0.50,1,子图 运动命令 内部化学连接
16340977,17102002,chem,other,none,5.00,0.50,1,子图 运动命令 内部化学连接
16340977,17173852,chem,other,none,5.00,0.50,2,子图 运动命令 内部化学连接
16340977,17355864,chem,other,none,5.00,0.50,13,子图 运动命令 内部化学连接
16340977,17656886,chem,other,none,5.00,0.50,1,子图 运动命令 内部化学连接
16340977,17659014,chem,other,none,5.00,0.50,1,子图 运动命令 内部化学连接
16340977,18058793,chem,other,none,5.00,0.50,1,子图 运动命令 内部化学连接
16340977,18464581,chem,other,none,5.00,0.50,11,子图 运动命令 内部化学连接
16340977,18485293,chem,other,none,5.00,0.50,1,子图 运动命令 内部化学连接
16340977,19048289,chem,other,none,5.00,0.50,1,子图 运动命令 内部化学连接
16342197,4017464,chem,other,none,5.00,0.50,1,子图 运动命令 内部化学连接
16342197,4390116,chem,other,none,5.00,0.50,3,子图 运动命令 内部化学连接
16342197,4917442,chem,other,none,5.00,0.50,1,子图 运动命令 内部化学连接
16342197,5052370,chem,other,none,5.00,0.50,3,子图 运动命令 内部化学连接
16342197,5786898,chem,other,none,5.00,0.50,1,子图 运动命令 内部化学连接
16342197,5816138,chem,other,none,5.00,0.50,1,子图 运动命令 内部化学连接
16342197,6156152,chem,other,none,5.00,0.50,3,子图 运动命令 内部化学连接
16342197,6188181,chem,other,none,5.00,0.50,1,子图 运动命令 内部化学连接
16342197,6190181,chem,other,none,5.00,0.50,10,子图 运动命令 内部化学连接
16342197,6700147,chem,other,none,5.00,0.50,1,子图 运动命令 内部化学连接
16342197,6702943,chem,other,none,5.00,0.50,1,子图 运动命令 内部化学连接
16342197,7371184,chem,other,none,5.00,0.50,1,子图 运动命令 内部化学连接
16342197,8161142,chem,other,none,5.00,0.50,2,子图 运动命令 内部化学连接
16342197,8161148,chem,other,none,5.00,0.50,3,子图 运动命令 内部化学连接
16342197,8496618,chem,other,none,5.00,0.50,9,子图 运动命令 内部化学连接
16342197,8709865,chem,other,none,5.00,0.50,1,子图 运动命令 内部化学连接
16342197,9069084,chem,other,none,5.00,0.50,2,子图 运动命令 内部化学连接
16342197,9235545,chem,other,none,5.00,0.50,1,子图 运动命令 内部化学连接
16342197,9384504,chem,other,none,5.00,0.50,1,子图 运动命令 内部化学连接
16342197,9612903,chem,other,none,5.00,0.50,3,子图 运动命令 内部化学连接
16342197,9714476,chem,other,none,5.00,0.50,1,子图 运动命令 内部化学连接
16342197,10017944,chem,other,none,5.00,0.50,1,子图 运动命令 内部化学连接
16342197,13842372,chem,other,none,5.00,0.50,2,子图 运动命令 内部化学连接
16342197,14999928,chem,other,none,5.00,0.50,2,子图 运动命令 内部化学连接
16342197,15467736,chem,other,none,5.00,0.50,6,子图 运动命令 内部化学连接
16342197,15629759,chem,other,none,5.00,0.50,1,子图 运动命令 内部化学连接
16342197,15894178,chem,other,none,5.00,0.50,5,子图 运动命令 内部化学连接
16342197,15894278,chem,other,none,5.00,0.50,1,子图 运动命令 内部化学连接
16342197,16327998,chem,other,none,5.00,0.50,8,子图 运动命令 内部化学连接
16342197,16339338,chem,other,none,5.00,0.50,1,子图 运动命令 内部化学连接
16342197,16520950,chem,other,none,5.00,0.50,16,子图 运动命令 内部化学连接
16342197,16560178,chem,other,none,5.00,0.50,1,子图 运动命令 内部化学连接
16342197,16671014,chem,other,none,5.00,0.50,5,子图 运动命令 内部化学连接
16342197,16934932,chem,other,none,5.00,0.50,3,子图 运动命令 内部化学连接
16342197,16950550,chem,other,none,5.00,0.50,2,子图 运动命令 内部化学连接
16342197,16950767,chem,other,none,5.00,0.50,1,子图 运动命令 内部化学连接
16342197,17110007,chem,other,none,5.00,0.50,1,子图 运动命令 内部化学连接
16342197,17356024,chem,other,none,5.00,0.50,2,子图 运动命令 内部化学连接
16342197,17383431,chem,other,none,5.00,0.50,1,子图 运动命令 内部化学连接
16342197,17654514,chem,other,none,5.00,0.50,2,子图 运动命令 内部化学连接
16342197,18302931,chem,other,none,5.00,0.50,1,子图 运动命令 内部化学连接
16342197,18464581,chem,other,none,5.00,0.50,3,子图 运动命令 内部化学连接
16342197,18538744,chem,other,none,5.00,0.50,1,子图 运动命令 内部化学连接
16342197,19048289,chem,other,none,5.00,0.50,3,子图 运动命令 内部化学连接
16342197,20151537,chem,other,none,5.00,0.50,3,子图 运动命令 内部化学连接
16345627,4591713,chem,other,none,5.00,0.50,3,子图 运动命令 内部化学连接
16345627,4966994,chem,other,none,5.00,0.50,1,子图 运动命令 内部化学连接
16345627,5319633,chem,other,none,5.00,0.50,5,子图 运动命令 内部化学连接
16345627,6153877,chem,other,none,5.00,0.50,6,子图 运动命令 内部化学连接
16345627,6190181,chem,other,none,5.00,0.50,14,子图 运动命令 内部化学连接
16345627,6653450,chem,other,none,5.00,0.50,4,子图 运动命令 内部化学连接
16345627,8710444,chem,other,none,5.00,0.50,2,子图 运动命令 内部化学连接
16345627,9594273,chem,other,none,5.00,0.50,2,子图 运动命令 内部化学连接
16345627,14999928,chem,other,none,5.00,0.50,3,子图 运动命令 内部化学连接
16345627,15894178,chem,other,none,5.00,0.50,6,子图 运动命令 内部化学连接
16345627,15894278,chem,other,none,5.00,0.50,5,子图 运动命令 内部化学连接
16345627,16339338,chem,other,none,5.00,0.50,11,子图 运动命令 内部化学连接
16345627,16340461,chem,other,none,5.00,0.50,1,子图 运动命令 内部化学连接
16345627,16671014,chem,other,none,5.00,0.50,3,子图 运动命令 内部化学连接
16345627,16934932,chem,other,none,5.00,0.50,3,子图 运动命令 内部化学连接
16345627,17813457,chem,other,none,5.00,0.50,1,子图 运动命令 内部化学连接
16347476,2669844,chem,other,none,5.00,0.50,1,子图 运动命令 内部化学连接
16347476,4847079,chem,other,none,5.00,0.50,2,子图 运动命令 内部化学连接
16347476,5936935,chem,other,none,5.00,0.50,2,子图 运动命令 内部化学连接
16347476,6446394,chem,other,none,5.00,0.50,1,子图 运动命令 内部化学连接
16347476,7587948,chem,other,none,5.00,0.50,4,子图 运动命令 内部化学连接
16347476,7590264,chem,other,none,5.00,0.50,1,子图 运动命令 内部化学连接
16347476,8566140,chem,other,none,5.00,0.50,1,子图 运动命令 内部化学连接
16347476,8571259,chem,other,none,5.00,0.50,1,子图 运动命令 内部化学连接
16347476,9116228,chem,other,none,5.00,0.50,3,子图 运动命令 内部化学连接
16347476,10945111,chem,other,none,5.00,0.50,1,子图 运动命令 内部化学连接
16347476,10945795,chem,other,none,5.00,0.50,1,子图 运动命令 内部化学连接
16347476,13834125,chem,other,none,5.00,0.50,1,子图 运动命令 内部化学连接
16347476,14501257,chem,other,none,5.00,0.50,1,子图 运动命令 内部化学连接
16347476,14757050,chem,other,none,5.00,0.50,1,子图 运动命令 内部化学连接
16347476,15548844,chem,other,none,5.00,0.50,2,子图 运动命令 内部化学连接
16347476,15610774,chem,other,none,5.00,0.50,1,子图 运动命令 内部化学连接
16347476,17587730,chem,other,none,5.00,0.50,1,子图 运动命令 内部化学连接
16347476,19010160,chem,other,none,5.00,0.50,1,子图 运动命令 内部化学连接
16347786,5995125,chem,other,none,5.00,0.50,1,子图 运动命令 内部化学连接
16347786,6154200,chem,other,none,5.00,0.50,14,子图 运动命令 内部化学连接
16347786,10959064,chem,other,none,5.00,0.50,1,子图 运动命令 内部化学连接
16347786,15672263,chem,other,none,5.00,0.50,1,子图 运动命令 内部化学连接
16348875,3027876,chem,other,none,5.00,0.50,1,子图 运动命令 内部化学连接
16348875,3044500,chem,other,none,5.00,0.50,1,子图 运动命令 内部化学连接
16348875,3765735,chem,other,none,5.00,0.50,1,子图 运动命令 内部化学连接
16348875,3944626,chem,other,none,5.00,0.50,3,子图 运动命令 内部化学连接
16348875,5768240,chem,other,none,5.00,0.50,1,子图 运动命令 内部化学连接
16348875,8572353,chem,other,none,5.00,0.50,5,子图 运动命令 内部化学连接
16348875,9424902,chem,other,none,5.00,0.50,2,子图 运动命令 内部化学连接
16348875,10583715,chem,other,none,5.00,0.50,1,子图 运动命令 内部化学连接
16348875,10768709,chem,other,none,5.00,0.50,1,子图 运动命令 内部化学连接
16348875,11278919,chem,other,none,5.00,0.50,1,子图 运动命令 内部化学连接
16348875,12031406,chem,other,none,5.00,0.50,2,子图 运动命令 内部化学连接
16348875,13645610,chem,other,none,5.00,0.50,1,子图 运动命令 内部化学连接
16348875,13953184,chem,other,none,5.00,0.50,1,子图 运动命令 内部化学连接
16348875,15048530,chem,other,none,5.00,0.50,1,子图 运动命令 内部化学连接
16348875,15601640,chem,other,none,5.00,0.50,3,子图 运动命令 内部化学连接
16348875,15605301,chem,other,none,5.00,0.50,1,子图 运动命令 内部化学连接
16348875,16195633,chem,other,none,5.00,0.50,4,子图 运动命令 内部化学连接
16348875,19298625,chem,other,none,5.00,0.50,1,子图 运动命令 内部化学连接
16350988,1065967,chem,other,none,5.00,0.50,1,子图 运动命令 内部化学连接
16350988,3765735,chem,other,none,5.00,0.50,1,子图 运动命令 内部化学连接
16350988,5794678,chem,other,none,5.00,0.50,2,子图 运动命令 内部化学连接
16350988,6154200,chem,other,none,5.00,0.50,1,子图 运动命令 内部化学连接
16350988,10728328,chem,other,none,5.00,0.50,2,子图 运动命令 内部化学连接
16350988,10728333,chem,other,none,5.00,0.50,2,子图 运动命令 内部化学连接
16350988,10964258,chem,other,none,5.00,0.50,2,子图 运动命令 内部化学连接
16350988,12782494,chem,other,none,5.00,0.50,2,子图 运动命令 内部化学连接
16350988,13411445,chem,other,none,5.00,0.50,1,子图 运动命令 内部化学连接
16350988,13557064,chem,other,none,5.00,0.50,4,子图 运动命令 内部化学连接
16350988,13564607,chem,other,none,5.00,0.50,1,子图 运动命令 内部化学连接
16350988,13727202,chem,other,none,5.00,0.50,5,子图 运动命令 内部化学连接
16350988,15467736,chem,other,none,5.00,0.50,2,子图 运动命令 内部化学连接
16350988,15585114,chem,other,none,5.00,0.50,2,子图 运动命令 内部化学连接
16350988,16910799,chem,other,none,5.00,0.50,18,子图 运动命令 内部化学连接
16350988,17357979,chem,other,none,5.00,0.50,6,子图 运动命令 内部化学连接
16350988,17589475,chem,other,none,5.00,0.50,2,子图 运动命令 内部化学连接
16350988,18464581,chem,other,none,5.00,0.50,1,子图 运动命令 内部化学连接
16350988,18545747,chem,other,none,5.00,0.50,3,子图 运动命令 内部化学连接
16350988,19046339,chem,other,none,5.00,0.50,3,子图 运动命令 内部化学连接
16350988,19090042,chem,other,none,5.00,0.50,3,子图 运动命令 内部化学连接
16355225,4173633,chem,other,none,5.00,0.50,2,子图 运动命令 内部化学连接
16355225,4227880,chem,other,none,5.00,0.50,1,子图 运动命令 内部化学连接
16355225,5898284,chem,other,none,5.00,0.50,3,子图 运动命令 内部化学连接
16355225,8025665,chem,other,none,5.00,0.50,1,子图 运动命令 内部化学连接
16355225,9067063,chem,other,none,5.00,0.50,1,子图 运动命令 内部化学连接
16355225,9068346,chem,other,none,5.00,0.50,3,子图 运动命令 内部化学连接
16355225,9085808,chem,other,none,5.00,0.50,2,子图 运动命令 内部化学连接
16355225,9384504,chem,other,none,5.00,0.50,1,子图 运动命令 内部化学连接
16355225,9519425,chem,other,none,5.00,0.50,1,子图 运动命令 内部化学连接
16355225,9604434,chem,other,none,5.00,0.50,1,子图 运动命令 内部化学连接
16355225,14588375,chem,other,none,5.00,0.50,5,子图 运动命令 内部化学连接
16355225,15732503,chem,other,none,5.00,0.50,3,子图 运动命令 内部化学连接
16355225,15894178,chem,other,none,5.00,0.50,1,子图 运动命令 内部化学连接
16355225,16934932,chem,other,none,5.00,0.50,4,子图 运动命令 内部化学连接
16355225,16947349,chem,other,none,5.00,0.50,3,子图 运动命令 内部化学连接
16355225,17105218,chem,other,none,5.00,0.50,1,子图 运动命令 内部化学连接
16355225,17356024,chem,other,none,5.00,0.50,1,子图 运动命令 内部化学连接
16355225,17663944,chem,other,none,5.00,0.50,1,子图 运动命令 内部化学连接
16355225,19156025,chem,other,none,5.00,0.50,1,子图 运动命令 内部化学连接
16361363,2648254,chem,other,none,5.00,0.50,4,子图 运动命令 内部化学连接
16361363,8271875,chem,other,none,5.00,0.50,1,子图 运动命令 内部化学连接
16361363,9237734,chem,other,none,5.00,0.50,1,子图 运动命令 内部化学连接
16361363,10756813,chem,other,none,5.00,0.50,1,子图 运动命令 内部化学连接
16361363,11841664,chem,other,none,5.00,0.50,1,子图 运动命令 内部化学连接
16361363,13953184,chem,other,none,5.00,0.50,7,子图 运动命令 内部化学连接
16361363,14334367,chem,other,none,5.00,0.50,1,子图 运动命令 内部化学连接
16361363,15607335,chem,other,none,5.00,0.50,1,子图 运动命令 内部化学连接
16361363,15800115,chem,other,none,5.00,0.50,1,子图 运动命令 内部化学连接
16361363,16195633,chem,other,none,5.00,0.50,1,子图 运动命令 内部化学连接
16361363,16361363,chem,other,none,5.00,0.50,1,子图 运动命令 内部化学连接
16361363,16910799,chem,other,none,5.00,0.50,1,子图 运动命令 内部化学连接
16361363,18551732,chem,other,none,5.00,0.50,1,子图 运动命令 内部化学连接
16366055,2438653,chem,other,none,5.00,0.50,1,子图 运动命令 内部化学连接
16366055,2670619,chem,other,none,5.00,0.50,2,子图 运动命令 内部化学连接
16366055,7005145,chem,other,none,5.00,0.50,2,子图 运动命令 内部化学连接
16366055,7388340,chem,other,none,5.00,0.50,1,子图 运动命令 内部化学连接
16366055,10449035,chem,other,none,5.00,0.50,1,子图 运动命令 内部化学连接
16366055,11348509,chem,other,none,5.00,0.50,1,子图 运动命令 内部化学连接
16366055,14753815,chem,other,none,5.00,0.50,1,子图 运动命令 内部化学连接
16366055,15023987,chem,other,none,5.00,0.50,1,子图 运动命令 内部化学连接
16366055,15632120,chem,other,none,5.00,0.50,2,子图 运动命令 内部化学连接
16366055,16433696,chem,other,none,5.00,0.50,2,子图 运动命令 内部化学连接
16366055,19132527,chem,other,none,5.00,0.50,1,子图 运动命令 内部化学连接
16383966,2650887,chem,other,none,5.00,0.50,8,子图 运动命令 内部化学连接
16383966,6700147,chem,other,none,5.00,0.50,4,子图 运动命令 内部化学连接
16383966,8801736,chem,other,none,5.00,0.50,4,子图 运动命令 内部化学连接
16383966,10382824,chem,other,none,5.00,0.50,2,子图 运动命令 内部化学连接
16383966,10523825,chem,other,none,5.00,0.50,1,子图 运动命令 内部化学连接
16383966,10758204,chem,other,none,5.00,0.50,5,子图 运动命令 内部化学连接
16383966,15732497,chem,other,none,5.00,0.50,2,子图 运动命令 内部化学连接
16383966,16355225,chem,other,none,5.00,0.50,2,子图 运动命令 内部化学连接
16383966,16443509,chem,other,none,5.00,0.50,17,子图 运动命令 内部化学连接
16383966,16635345,chem,other,none,5.00,0.50,1,子图 运动命令 内部化学连接
16383966,16992171,chem,other,none,5.00,0.50,2,子图 运动命令 内部化学连接
16383966,17025508,chem,other,none,5.00,0.50,1,子图 运动命令 内部化学连接
16383966,17297936,chem,other,none,5.00,0.50,2,子图 运动命令 内部化学连接
16383966,17356024,chem,other,none,5.00,0.50,10,子图 运动命令 内部化学连接
16383966,17356442,chem,other,none,5.00,0.50,4,子图 运动命令 内部化学连接
16383966,17663944,chem,other,none,5.00,0.50,2,子图 运动命令 内部化学连接
16388736,5895651,chem,other,none,5.00,0.50,1,子图 运动命令 内部化学连接
16388736,14586769,chem,other,none,5.00,0.50,2,子图 运动命令 内部化学连接
16388736,14621584,chem,other,none,5.00,0.50,3,子图 运动命令 内部化学连接
16388736,16154290,chem,other,none,5.00,0.50,1,子图 运动命令 内部化学连接
16388736,17379420,chem,other,none,5.00,0.50,2,子图 运动命令 内部化学连接
16388736,17380345,chem,other,none,5.00,0.50,3,子图 运动命令 内部化学连接
16388736,17537254,chem,other,none,5.00,0.50,1,子图 运动命令 内部化学连接
16388736,17647621,chem,other,none,5.00,0.50,1,子图 运动命令 内部化学连接
16388736,18232369,chem,other,none,5.00,0.50,1,子图 运动命令 内部化学连接
16393165,9750356,chem,other,none,5.00,0.50,2,子图 运动命令 内部化学连接
16393165,10158972,chem,other,none,5.00,0.50,2,子图 运动命令 内部化学连接
16393165,13849557,chem,other,none,5.00,0.50,1,子图 运动命令 内部化学连接
16393165,14154154,chem,other,none,5.00,0.50,1,子图 运动命令 内部化学连接
16393165,15334461,chem,other,none,5.00,0.50,1,子图 运动命令 内部化学连接
16393165,16158918,chem,other,none,5.00,0.50,1,子图 运动命令 内部化学连接
16415910,1646076,chem,other,none,5.00,0.50,1,子图 运动命令 内部化学连接
16415910,1961182,chem,other,none,5.00,0.50,1,子图 运动命令 内部化学连接
16415910,2797480,chem,other,none,5.00,0.50,1,子图 运动命令 内部化学连接
16415910,3021609,chem,other,none,5.00,0.50,1,子图 运动命令 内部化学连接
16415910,3945756,chem,other,none,5.00,0.50,6,子图 运动命令 内部化学连接
16415910,5675990,chem,other,none,5.00,0.50,13,子图 运动命令 内部化学连接
16415910,5690425,chem,other,none,5.00,0.50,1,子图 运动命令 内部化学连接
16415910,7388340,chem,other,none,5.00,0.50,2,子图 运动命令 内部化学连接
16415910,7439913,chem,other,none,5.00,0.50,1,子图 运动命令 内部化学连接
16415910,9480916,chem,other,none,5.00,0.50,2,子图 运动命令 内部化学连接
16415910,10100020,chem,other,none,5.00,0.50,10,子图 运动命令 内部化学连接
16415910,10449035,chem,other,none,5.00,0.50,1,子图 运动命令 内部化学连接
16415910,10600188,chem,other,none,5.00,0.50,1,子图 运动命令 内部化学连接
16415910,10781924,chem,other,none,5.00,0.50,1,子图 运动命令 内部化学连接
16415910,11079069,chem,other,none,5.00,0.50,1,子图 运动命令 内部化学连接
16415910,11348509,chem,other,none,5.00,0.50,1,子图 运动命令 内部化学连接
16415910,13835439,chem,other,none,5.00,0.50,1,子图 运动命令 内部化学连接
16415910,13849557,chem,other,none,5.00,0.50,13,子图 运动命令 内部化学连接
16415910,14492757,chem,other,none,5.00,0.50,1,子图 运动命令 内部化学连接
16415910,14539753,chem,other,none,5.00,0.50,1,子图 运动命令 内部化学连接
16415910,14579509,chem,other,none,5.00,0.50,1,子图 运动命令 内部化学连接
16415910,15522152,chem,other,none,5.00,0.50,4,子图 运动命令 内部化学连接
16415910,15608953,chem,other,none,5.00,0.50,1,子图 运动命令 内部化学连接
16415910,16348875,chem,other,none,5.00,0.50,1,子图 运动命令 内部化学连接
16415910,16433696,chem,other,none,5.00,0.50,2,子图 运动命令 内部化学连接
16415910,16445073,chem,other,none,5.00,0.50,1,子图 运动命令 内部化学连接
16415910,16468935,chem,other,none,5.00,0.50,2,子图 运动命令 内部化学连接
16415910,16561660,chem,other,none,5.00,0.50,5,子图 运动命令 内部化学连接
16415910,17102002,chem,other,none,5.00,0.50,3,子图 运动命令 内部化学连接
16415910,17354414,chem,other,none,5.00,0.50,2,子图 运动命令 内部化学连接
16415910,17658602,chem,other,none,5.00,0.50,1,子图 运动命令 内部化学连接
16415910,18023286,chem,other,none,5.00,0.50,1,子图 运动命令 内部化学连接
16415910,19017386,chem,other,none,5.00,0.50,1,子图 运动命令 内部化学连接
16415910,19166349,chem,other,none,5.00,0.50,2,子图 运动命令 内部化学连接
16415910,19880740,chem,other,none,5.00,0.50,7,子图 运动命令 内部化学连接
16422727,1868538,chem,other,none,5.00,0.50,1,子图 运动命令 内部化学连接
16422727,5080991,chem,other,none,5.00,0.50,3,子图 运动命令 内部化学连接
16422727,5760480,chem,other,none,5.00,0.50,3,子图 运动命令 内部化学连接
16422727,7700444,chem,other,none,5.00,0.50,2,子图 运动命令 内部化学连接
16422727,9351843,chem,other,none,5.00,0.50,1,子图 运动命令 内部化学连接
16422727,10581624,chem,other,none,5.00,0.50,4,子图 运动命令 内部化学连接
16422727,10583715,chem,other,none,5.00,0.50,2,子图 运动命令 内部化学连接
16422727,10596949,chem,other,none,5.00,0.50,1,子图 运动命令 内部化学连接
16422727,10756813,chem,other,none,5.00,0.50,2,子图 运动命令 内部化学连接
16422727,14586769,chem,other,none,5.00,0.50,1,子图 运动命令 内部化学连接
16422727,14617508,chem,other,none,5.00,0.50,1,子图 运动命令 内部化学连接
16422727,14651659,chem,other,none,5.00,0.50,1,子图 运动命令 内部化学连接
16422727,15522152,chem,other,none,5.00,0.50,1,子图 运动命令 内部化学连接
16422727,16547268,chem,other,none,5.00,0.50,1,子图 运动命令 内部化学连接
16422727,16670540,chem,other,none,5.00,0.50,1,子图 运动命令 内部化学连接
16422727,17358891,chem,other,none,5.00,0.50,3,子图 运动命令 内部化学连接
16422727,17732334,chem,other,none,5.00,0.50,3,子图 运动命令 内部化学连接
16422727,18501001,chem,other,none,5.00,0.50,2,子图 运动命令 内部化学连接
16422727,19298644,chem,other,none,5.00,0.50,1,子图 运动命令 内部化学连接
16422744,6623089,chem,other,none,5.00,0.50,1,子图 运动命令 内部化学连接
16422744,8391330,chem,other,none,5.00,0.50,8,子图 运动命令 内部化学连接
16422744,10411574,chem,other,none,5.00,0.50,1,子图 运动命令 内部化学连接
16422744,10880408,chem,other,none,5.00,0.50,1,子图 运动命令 内部化学连接
16422744,13370624,chem,other,none,5.00,0.50,1,子图 运动命令 内部化学连接
16422744,13736919,chem,other,none,5.00,0.50,3,子图 运动命令 内部化学连接
16422744,14651659,chem,other,none,5.00,0.50,1,子图 运动命令 内部化学连接
16422744,15431408,chem,other,none,5.00,0.50,2,子图 运动命令 内部化学连接
16422744,16348875,chem,other,none,5.00,0.50,2,子图 运动命令 内部化学连接
16422744,16422744,chem,other,none,5.00,0.50,1,子图 运动命令 内部化学连接
16422744,16928740,chem,other,none,5.00,0.50,4,子图 运动命令 内部化学连接
16422744,17053270,chem,other,none,5.00,0.50,1,子图 运动命令 内部化学连接
16422744,17353986,chem,other,none,5.00,0.50,1,子图 运动命令 内部化学连接
16422744,18023286,chem,other,none,5.00,0.50,4,子图 运动命令 内部化学连接
16422744,18302931,chem,other,none,5.00,0.50,1,子图 运动命令 内部化学连接
16422744,19166349,chem,other,none,5.00,0.50,1,子图 运动命令 内部化学连接
16422744,19298625,chem,other,none,5.00,0.50,1,子图 运动命令 内部化学连接
16422744,19298644,chem,other,none,5.00,0.50,6,子图 运动命令 内部化学连接
16422744,19361427,chem,other,none,5.00,0.50,2,子图 运动命令 内部化学连接
16424131,13167025,chem,other,none,5.00,0.50,3,子图 运动命令 内部化学连接
16428373,3882998,chem,other,none,5.00,0.50,1,子图 运动命令 内部化学连接
16428373,5746180,chem,other,none,5.00,0.50,1,子图 运动命令 内部化学连接
16428373,6143930,chem,other,none,5.00,0.50,1,子图 运动命令 内部化学连接
16428373,6572414,chem,other,none,5.00,0.50,14,子图 运动命令 内部化学连接
16428373,7388340,chem,other,none,5.00,0.50,4,子图 运动命令 内部化学连接
16428373,10781924,chem,other,none,5.00,0.50,1,子图 运动命令 内部化学连接
16428373,11348509,chem,other,none,5.00,0.50,8,子图 运动命令 内部化学连接
16428373,16444758,chem,other,none,5.00,0.50,1,子图 运动命令 内部化学连接
16428373,18501001,chem,other,none,5.00,0.50,2,子图 运动命令 内部化学连接
16428373,20443501,chem,other,none,5.00,0.50,1,子图 运动命令 内部化学连接
16433696,3944626,chem,other,none,5.00,0.50,2,子图 运动命令 内部化学连接
16433696,3945136,chem,other,none,5.00,0.50,1,子图 运动命令 内部化学连接
16433696,3945756,chem,other,none,5.00,0.50,1,子图 运动命令 内部化学连接
16433696,7388340,chem,other,none,5.00,0.50,2,子图 运动命令 内部化学连接
16433696,8951591,chem,other,none,5.00,0.50,1,子图 运动命令 内部化学连接
16433696,9424902,chem,other,none,5.00,0.50,15,子图 运动命令 内部化学连接
16433696,9436520,chem,other,none,5.00,0.50,1,子图 运动命令 内部化学连接
16433696,10345590,chem,other,none,5.00,0.50,2,子图 运动命令 内部化学连接
16433696,10583715,chem,other,none,5.00,0.50,1,子图 运动命令 内部化学连接
16433696,10792617,chem,other,none,5.00,0.50,2,子图 运动命令 内部化学连接
16433696,10872426,chem,other,none,5.00,0.50,2,子图 运动命令 内部化学连接
16433696,11348509,chem,other,none,5.00,0.50,1,子图 运动命令 内部化学连接
16433696,12279909,chem,other,none,5.00,0.50,1,子图 运动命令 内部化学连接
16433696,13818467,chem,other,none,5.00,0.50,1,子图 运动命令 内部化学连接
16433696,15792643,chem,other,none,5.00,0.50,4,子图 运动命令 内部化学连接
16433696,16051878,chem,other,none,5.00,0.50,1,子图 运动命令 内部化学连接
16434560,3027876,chem,other,none,5.00,0.50,2,子图 运动命令 内部化学连接
16434560,3044500,chem,other,none,5.00,0.50,2,子图 运动命令 内部化学连接
16434560,3944626,chem,other,none,5.00,0.50,7,子图 运动命令 内部化学连接
16434560,8566140,chem,other,none,5.00,0.50,1,子图 运动命令 内部化学连接
16434560,9116228,chem,other,none,5.00,0.50,1,子图 运动命令 内部化学连接
16434560,10583715,chem,other,none,5.00,0.50,1,子图 运动命令 内部化学连接
16434560,11306294,chem,other,none,5.00,0.50,3,子图 运动命令 内部化学连接
16434560,14655602,chem,other,none,5.00,0.50,1,子图 运动命令 内部化学连接
16434560,16195633,chem,other,none,5.00,0.50,2,子图 运动命令 内部化学连接
16434560,16350988,chem,other,none,5.00,0.50,1,子图 运动命令 内部化学连接
16434560,16444758,chem,other,none,5.00,0.50,1,子图 运动命令 内部化学连接
16434560,17087885,chem,other,none,5.00,0.50,1,子图 运动命令 内部化学连接
16434560,17324711,chem,other,none,5.00,0.50,1,子图 运动命令 内部化学连接
16434560,17736654,chem,other,none,5.00,0.50,1,子图 运动命令 内部化学连接
16443509,3027876,chem,other,none,5.00,0.50,1,子图 运动命令 内部化学连接
16443509,4847079,chem,other,none,5.00,0.50,5,子图 运动命令 内部化学连接
16443509,5162462,chem,other,none,5.00,0.50,9,子图 运动命令 内部化学连接
16443509,5993765,chem,other,none,5.00,0.50,1,子图 运动命令 内部化学连接
16443509,5995125,chem,other,none,5.00,0.50,15,子图 运动命令 内部化学连接
16443509,6609380,chem,other,none,5.00,0.50,1,子图 运动命令 内部化学连接
16443509,13652117,chem,other,none,5.00,0.50,6,子图 运动命令 内部化学连接
16443509,14039007,chem,other,none,5.00,0.50,1,子图 运动命令 内部化学连接
16443509,14334367,chem,other,none,5.00,0.50,12,子图 运动命令 内部化学连接
16443509,15732497,chem,other,none,5.00,0.50,19,子图 运动命令 内部化学连接
16443509,16924423,chem,other,none,5.00,0.50,3,子图 运动命令 内部化学连接
16443509,16950354,chem,other,none,5.00,0.50,13,子图 运动命令 内部化学连接
16443509,17380309,chem,other,none,5.00,0.50,1,子图 运动命令 内部化学连接
16443509,17380319,chem,other,none,5.00,0.50,25,子图 运动命令 内部化学连接
16444758,2797480,chem,other,none,5.00,0.50,1,子图 运动命令 内部化学连接
16444758,6143930,chem,other,none,5.00,0.50,1,子图 运动命令 内部化学连接
16444758,7388340,chem,other,none,5.00,0.50,2,子图 运动命令 内部化学连接
16444758,9351843,chem,other,none,5.00,0.50,1,子图 运动命令 内部化学连接
16444758,10596949,chem,other,none,5.00,0.50,1,子图 运动命令 内部化学连接
16444758,11195708,chem,other,none,5.00,0.50,1,子图 运动命令 内部化学连接
16444758,14651659,chem,other,none,5.00,0.50,1,子图 运动命令 内部化学连接
16444758,16445073,chem,other,none,5.00,0.50,1,子图 运动命令 内部化学连接
16444758,16445338,chem,other,none,5.00,0.50,1,子图 运动命令 内部化学连接
16444758,18501001,chem,other,none,5.00,0.50,2,子图 运动命令 内部化学连接
16444758,19017386,chem,other,none,5.00,0.50,2,子图 运动命令 内部化学连接
16444758,20139548,chem,other,none,5.00,0.50,1,子图 运动命令 内部化学连接
16445073,2797480,chem,other,none,5.00,0.50,1,子图 运动命令 内部化学连接
16445073,4274518,chem,other,none,5.00,0.50,1,子图 运动命令 内部化学连接
16445073,5936935,chem,other,none,5.00,0.50,3,子图 运动命令 内部化学连接
16445073,7371184,chem,other,none,5.00,0.50,1,子图 运动命令 内部化学连接
16445073,9428865,chem,other,none,5.00,0.50,1,子图 运动命令 内部化学连接
16445073,10596949,chem,other,none,5.00,0.50,3,子图 运动命令 内部化学连接
16445073,12598741,chem,other,none,5.00,0.50,1,子图 运动命令 内部化学连接
16445073,14579509,chem,other,none,5.00,0.50,2,子图 运动命令 内部化学连接
16445073,14617508,chem,other,none,5.00,0.50,3,子图 运动命令 内部化学连接
16445073,16444758,chem,other,none,5.00,0.50,1,子图 运动命令 内部化学连接
16445073,16445338,chem,other,none,5.00,0.50,2,子图 运动命令 内部化学连接
16445073,16547268,chem,other,none,5.00,0.50,3,子图 运动命令 内部化学连接
16445073,16950097,chem,other,none,5.00,0.50,2,子图 运动命令 内部化学连接
16445073,17358891,chem,other,none,5.00,0.50,12,子图 运动命令 内部化学连接
16445073,19017386,chem,other,none,5.00,0.50,2,子图 运动命令 内部化学连接
16445338,2988292,chem,other,none,5.00,0.50,2,子图 运动命令 内部化学连接
16445338,3979181,chem,other,none,5.00,0.50,4,子图 运动命令 内部化学连接
16445338,6572414,chem,other,none,5.00,0.50,1,子图 运动命令 内部化学连接
16445338,7700444,chem,other,none,5.00,0.50,9,子图 运动命令 内部化学连接
16445338,9235545,chem,other,none,5.00,0.50,1,子图 运动命令 内部化学连接
16445338,10581624,chem,other,none,5.00,0.50,1,子图 运动命令 内部化学连接
16445338,10583715,chem,other,none,5.00,0.50,1,子图 运动命令 内部化学连接
16445338,10728328,chem,other,none,5.00,0.50,2,子图 运动命令 内部化学连接
16445338,10728333,chem,other,none,5.00,0.50,1,子图 运动命令 内部化学连接
16445338,10758204,chem,other,none,5.00,0.50,2,子图 运动命令 内部化学连接
16445338,10921106,chem,other,none,5.00,0.50,1,子图 运动命令 内部化学连接
16445338,10964258,chem,other,none,5.00,0.50,3,子图 运动命令 内部化学连接
16445338,11625573,chem,other,none,5.00,0.50,1,子图 运动命令 内部化学连接
16445338,11841664,chem,other,none,5.00,0.50,1,子图 运动命令 内部化学连接
16445338,13557064,chem,other,none,5.00,0.50,2,子图 运动命令 内部化学连接
16445338,15585114,chem,other,none,5.00,0.50,1,子图 运动命令 内部化学连接
16445338,16434560,chem,other,none,5.00,0.50,1,子图 运动命令 内部化学连接
16445338,16713227,chem,other,none,5.00,0.50,1,子图 运动命令 内部化学连接
16445338,18464581,chem,other,none,5.00,0.50,1,子图 运动命令 内部化学连接
16445338,18500988,chem,other,none,5.00,0.50,1,子图 运动命令 内部化学连接
16468935,1980134,chem,other,none,5.00,0.50,2,子图 运动命令 内部化学连接
16468935,3010486,chem,other,none,5.00,0.50,1,子图 运动命令 内部化学连接
16468935,3046503,chem,other,none,5.00,0.50,3,子图 运动命令 内部化学连接
16468935,3281684,chem,other,none,5.00,0.50,1,子图 运动命令 内部化学连接
16468935,3620633,chem,other,none,5.00,0.50,1,子图 运动命令 内部化学连接
16468935,3764792,chem,other,none,5.00,0.50,5,子图 运动命令 内部化学连接
16468935,3765735,chem,other,none,5.00,0.50,1,子图 运动命令 内部化学连接
16468935,3946166,chem,other,none,5.00,0.50,3,子图 运动命令 内部化学连接
16468935,4188290,chem,other,none,5.00,0.50,3,子图 运动命令 内部化学连接
16468935,4215611,chem,other,none,5.00,0.50,3,子图 运动命令 内部化学连接
16468935,4876839,chem,other,none,5.00,0.50,1,子图 运动命令 内部化学连接
16468935,5369028,chem,other,none,5.00,0.50,1,子图 运动命令 内部化学连接
16468935,5754346,chem,other,none,5.00,0.50,5,子图 运动命令 内部化学连接
16468935,5768240,chem,other,none,5.00,0.50,1,子图 运动命令 内部化学连接
16468935,5902352,chem,other,none,5.00,0.50,1,子图 运动命令 内部化学连接
16468935,5993001,chem,other,none,5.00,0.50,1,子图 运动命令 内部化学连接
16468935,7371184,chem,other,none,5.00,0.50,1,子图 运动命令 内部化学连接
16468935,7388340,chem,other,none,5.00,0.50,5,子图 运动命令 内部化学连接
16468935,8566140,chem,other,none,5.00,0.50,1,子图 运动命令 内部化学连接
16468935,8572353,chem,other,none,5.00,0.50,2,子图 运动命令 内部化学连接
16468935,9428865,chem,other,none,5.00,0.50,2,子图 运动命令 内部化学连接
16468935,9753494,chem,other,none,5.00,0.50,1,子图 运动命令 内部化学连接
16468935,10418394,chem,other,none,5.00,0.50,2,子图 运动命令 内部化学连接
16468935,10449035,chem,other,none,5.00,0.50,1,子图 运动命令 内部化学连接
16468935,10459723,chem,other,none,5.00,0.50,4,子图 运动命令 内部化学连接
16468935,10716080,chem,other,none,5.00,0.50,3,子图 运动命令 内部化学连接
16468935,10781924,chem,other,none,5.00,0.50,4,子图 运动命令 内部化学连接
16468935,10792617,chem,other,none,5.00,0.50,1,子图 运动命令 内部化学连接
16468935,10880408,chem,other,none,5.00,0.50,1,子图 运动命令 内部化学连接
16468935,10921106,chem,other,none,5.00,0.50,5,子图 运动命令 内部化学连接
16468935,11217208,chem,other,none,5.00,0.50,13,子图 运动命令 内部化学连接
16468935,11261332,chem,other,none,5.00,0.50,1,子图 运动命令 内部化学连接
16468935,13749806,chem,other,none,5.00,0.50,4,子图 运动命令 内部化学连接
16468935,13763548,chem,other,none,5.00,0.50,1,子图 运动命令 内部化学连接
16468935,14034206,chem,other,none,5.00,0.50,2,子图 运动命令 内部化学连接
16468935,14034311,chem,other,none,5.00,0.50,1,子图 运动命令 内部化学连接
16468935,14492880,chem,other,none,5.00,0.50,3,子图 运动命令 内部化学连接
16468935,14753815,chem,other,none,5.00,0.50,2,子图 运动命令 内部化学连接
16468935,15517247,chem,other,none,5.00,0.50,1,子图 运动命令 内部化学连接
16468935,15606239,chem,other,none,5.00,0.50,5,子图 运动命令 内部化学连接
16468935,15610774,chem,other,none,5.00,0.50,2,子图 运动命令 内部化学连接
16468935,15792643,chem,other,none,5.00,0.50,4,子图 运动命令 内部化学连接
16468935,16350988,chem,other,none,5.00,0.50,4,子图 运动命令 内部化学连接
16468935,16415910,chem,other,none,5.00,0.50,1,子图 运动命令 内部化学连接
16468935,16422727,chem,other,none,5.00,0.50,1,子图 运动命令 内部化学连接
16468935,16445338,chem,other,none,5.00,0.50,1,子图 运动命令 内部化学连接
16468935,16468935,chem,other,none,5.00,0.50,1,子图 运动命令 内部化学连接
16468935,16571210,chem,other,none,5.00,0.50,2,子图 运动命令 内部化学连接
16468935,16683883,chem,other,none,5.00,0.50,1,子图 运动命令 内部化学连接
16468935,16851791,chem,other,none,5.00,0.50,1,子图 运动命令 内部化学连接
16468935,16863538,chem,other,none,5.00,0.50,1,子图 运动命令 内部化学连接
16468935,17473163,chem,other,none,5.00,0.50,1,子图 运动命令 内部化学连接
16468935,18302610,chem,other,none,5.00,0.50,1,子图 运动命令 内部化学连接
16468935,18566361,chem,other,none,5.00,0.50,1,子图 运动命令 内部化学连接
16468935,20443362,chem,other,none,5.00,0.50,2,子图 运动命令 内部化学连接
16471422,1646076,chem,other,none,5.00,0.50,3,子图 运动命令 内部化学连接
16471422,1678567,chem,other,none,5.00,0.50,12,子图 运动命令 内部化学连接
16471422,1679034,chem,other,none,5.00,0.50,2,子图 运动命令 内部化学连接
16471422,4966994,chem,other,none,5.00,0.50,6,子图 运动命令 内部化学连接
16471422,7025064,chem,other,none,5.00,0.50,2,子图 运动命令 内部化学连接
16471422,8025665,chem,other,none,5.00,0.50,7,子图 运动命令 内部化学连接
16471422,10100020,chem,other,none,5.00,0.50,1,子图 运动命令 内部化学连接
16471422,10728328,chem,other,none,5.00,0.50,3,子图 运动命令 内部化学连接
16471422,10728333,chem,other,none,5.00,0.50,4,子图 运动命令 内部化学连接
16471422,10921106,chem,other,none,5.00,0.50,1,子图 运动命令 内部化学连接
16471422,13557064,chem,other,none,5.00,0.50,2,子图 运动命令 内部化学连接
16471422,14999928,chem,other,none,5.00,0.50,1,子图 运动命令 内部化学连接
16471422,15005403,chem,other,none,5.00,0.50,1,子图 运动命令 内部化学连接
16471422,16578252,chem,other,none,5.00,0.50,3,子图 运动命令 内部化学连接
16471422,16851496,chem,other,none,5.00,0.50,7,子图 运动命令 内部化学连接
16471422,16851791,chem,other,none,5.00,0.50,3,子图 运动命令 内部化学连接
16471422,16852421,chem,other,none,5.00,0.50,1,子图 运动命令 内部化学连接
16471422,16852589,chem,other,none,5.00,0.50,3,子图 运动命令 内部化学连接
16471422,17022668,chem,other,none,5.00,0.50,10,子图 运动命令 内部化学连接
16471422,17165755,chem,other,none,5.00,0.50,1,子图 运动命令 内部化学连接
16471422,17454636,chem,other,none,5.00,0.50,1,子图 运动命令 内部化学连接
16471422,17975547,chem,other,none,5.00,0.50,1,子图 运动命令 内部化学连接
16471422,18267838,chem,other,none,5.00,0.50,1,子图 运动命令 内部化学连接
16471422,18545747,chem,other,none,5.00,0.50,4,子图 运动命令 内部化学连接
16471422,18551732,chem,other,none,5.00,0.50,8,子图 运动命令 内部化学连接
16520950,6155577,chem,other,none,5.00,0.50,1,子图 运动命令 内部化学连接
16520950,16950550,chem,other,none,5.00,0.50,2,子图 运动命令 内部化学连接
16540741,1678567,chem,other,none,5.00,0.50,6,子图 运动命令 内部化学连接
16540741,5935744,chem,other,none,5.00,0.50,1,子图 运动命令 内部化学连接
16540741,6190181,chem,other,none,5.00,0.50,2,子图 运动命令 内部化学连接
16540741,8025665,chem,other,none,5.00,0.50,1,子图 运动命令 内部化学连接
16540741,9068346,chem,other,none,5.00,0.50,1,子图 运动命令 内部化学连接
16540741,9069084,chem,other,none,5.00,0.50,3,子图 运动命令 内部化学连接
16540741,9154024,chem,other,none,5.00,0.50,2,子图 运动命令 内部化学连接
16540741,10918898,chem,other,none,5.00,0.50,2,子图 运动命令 内部化学连接
16540741,12031406,chem,other,none,5.00,0.50,1,子图 运动命令 内部化学连接
16540741,15005403,chem,other,none,5.00,0.50,1,子图 运动命令 内部化学连接
16540741,15525711,chem,other,none,5.00,0.50,1,子图 运动命令 内部化学连接
16540741,15525794,chem,other,none,5.00,0.50,14,子图 运动命令 内部化学连接
16540741,16562142,chem,other,none,5.00,0.50,4,子图 运动命令 内部化学连接
16540741,16667306,chem,other,none,5.00,0.50,5,子图 运动命令 内部化学连接
16540741,16851496,chem,other,none,5.00,0.50,1,子图 运动命令 内部化学连接
16540741,16931001,chem,other,none,5.00,0.50,1,子图 运动命令 内部化学连接
16540741,16934932,chem,other,none,5.00,0.50,2,子图 运动命令 内部化学连接
16540741,17105218,chem,other,none,5.00,0.50,3,子图 运动命令 内部化学连接
16540741,17110007,chem,other,none,5.00,0.50,2,子图 运动命令 内部化学连接
16540741,17165755,chem,other,none,5.00,0.50,3,子图 运动命令 内部化学连接
16540741,17173852,chem,other,none,5.00,0.50,3,子图 运动命令 内部化学连接
16540741,17380319,chem,other,none,5.00,0.50,2,子图 运动命令 内部化学连接
16540741,18267838,chem,other,none,5.00,0.50,3,子图 运动命令 内部化学连接
16540741,18500988,chem,other,none,5.00,0.50,1,子图 运动命令 内部化学连接
16540741,18695745,chem,other,none,5.00,0.50,1,子图 运动命令 内部化学连接
16544712,1646076,chem,other,none,5.00,0.50,1,子图 运动命令 内部化学连接
16544712,2659504,chem,other,none,5.00,0.50,1,子图 运动命令 内部化学连接
16544712,2669844,chem,other,none,5.00,0.50,14,子图 运动命令 内部化学连接
16544712,3021609,chem,other,none,5.00,0.50,5,子图 运动命令 内部化学连接
16544712,3944626,chem,other,none,5.00,0.50,1,子图 运动命令 内部化学连接
16544712,5902352,chem,other,none,5.00,0.50,1,子图 运动命令 内部化学连接
16544712,8142831,chem,other,none,5.00,0.50,1,子图 运动命令 内部化学连接
16544712,8723983,chem,other,none,5.00,0.50,3,子图 运动命令 内部化学连接
16544712,9429085,chem,other,none,5.00,0.50,2,子图 运动命令 内部化学连接
16544712,10317031,chem,other,none,5.00,0.50,1,子图 运动命令 内部化学连接
16544712,10600188,chem,other,none,5.00,0.50,1,子图 运动命令 内部化学连接
16544712,11027071,chem,other,none,5.00,0.50,2,子图 运动命令 内部化学连接
16544712,14723506,chem,other,none,5.00,0.50,1,子图 运动命令 内部化学连接
16544712,15431408,chem,other,none,5.00,0.50,1,子图 运动命令 内部化学连接
16544712,15897280,chem,other,none,5.00,0.50,3,子图 运动命令 内部化学连接
16544712,16167914,chem,other,none,5.00,0.50,2,子图 运动命令 内部化学连接
16544712,16348875,chem,other,none,5.00,0.50,1,子图 运动命令 内部化学连接
16544712,16544712,chem,other,none,5.00,0.50,2,子图 运动命令 内部化学连接
16544712,16851791,chem,other,none,5.00,0.50,8,子图 运动命令 内部化学连接
16544712,17354414,chem,other,none,5.00,0.50,1,子图 运动命令 内部化学连接
16544712,17732346,chem,other,none,5.00,0.50,9,子图 运动命令 内部化学连接
16545101,1679034,chem,other,none,5.00,0.50,1,子图 运动命令 内部化学连接
16545101,5859372,chem,other,none,5.00,0.50,19,子图 运动命令 内部化学连接
16545101,10248031,chem,other,none,5.00,0.50,2,子图 运动命令 内部化学连接
16545101,10880408,chem,other,none,5.00,0.50,1,子图 运动命令 内部化学连接
16545101,11303036,chem,other,none,5.00,0.50,15,子图 运动命令 内部化学连接
16545101,14241490,chem,other,none,5.00,0.50,1,子图 运动命令 内部化学连接
16545101,15823055,chem,other,none,5.00,0.50,7,子图 运动命令 内部化学连接
16545101,16422744,chem,other,none,5.00,0.50,1,子图 运动命令 内部化学连接
16545101,16547292,chem,other,none,5.00,0.50,7,子图 运动命令 内部化学连接
16545101,16547297,chem,other,none,5.00,0.50,14,子图 运动命令 内部化学连接
16545101,16675987,chem,other,none,5.00,0.50,4,子图 运动命令 内部化学连接
16545101,16693923,chem,other,none,5.00,0.50,1,子图 运动命令 内部化学连接
16545101,16924423,chem,other,none,5.00,0.50,23,子图 运动命令 内部化学连接
16545101,16950115,chem,other,none,5.00,0.50,2,子图 运动命令 内部化学连接
16545101,19361427,chem,other,none,5.00,0.50,1,子图 运动命令 内部化学连接
16545113,4324567,chem,other,none,5.00,0.50,6,子图 运动命令 内部化学连接
16545113,4749004,chem,other,none,5.00,0.50,1,子图 运动命令 内部化学连接
16545113,7025831,chem,other,none,5.00,0.50,3,子图 运动命令 内部化学连接
16545113,9068024,chem,other,none,5.00,0.50,1,子图 运动命令 内部化学连接
16545113,9154024,chem,other,none,5.00,0.50,4,子图 运动命令 内部化学连接
16545113,10918898,chem,other,none,5.00,0.50,1,子图 运动命令 内部化学连接
16545113,11468088,chem,other,none,5.00,0.50,2,子图 运动命令 内部化学连接
16545113,12598741,chem,other,none,5.00,0.50,26,子图 运动命令 内部化学连接
16545113,15516413,chem,other,none,5.00,0.50,1,子图 运动命令 内部化学连接
16545113,15800115,chem,other,none,5.00,0.50,1,子图 运动命令 内部化学连接
16545113,16327998,chem,other,none,5.00,0.50,1,子图 运动命令 内部化学连接
16545113,16545113,chem,other,none,5.00,0.50,3,子图 运动命令 内部化学连接
16545113,16547281,chem,other,none,5.00,0.50,1,子图 运动命令 内部化学连接
16545113,16547297,chem,other,none,5.00,0.50,5,子图 运动命令 内部化学连接
16545113,16635345,chem,other,none,5.00,0.50,2,子图 运动命令 内部化学连接
16545113,16675987,chem,other,none,5.00,0.50,1,子图 运动命令 内部化学连接
16545113,16851577,chem,other,none,5.00,0.50,1,子图 运动命令 内部化学连接
16545113,16851718,chem,other,none,5.00,0.50,1,子图 运动命令 内部化学连接
16545113,16937395,chem,other,none,5.00,0.50,1,子图 运动命令 内部化学连接
16545113,16950097,chem,other,none,5.00,0.50,2,子图 运动命令 内部化学连接
16545113,16950115,chem,other,none,5.00,0.50,36,子图 运动命令 内部化学连接
16545113,17022668,chem,other,none,5.00,0.50,1,子图 运动命令 内部化学连接
16545113,17053270,chem,other,none,5.00,0.50,1,子图 运动命令 内部化学连接
16545113,17323054,chem,other,none,5.00,0.50,2,子图 运动命令 内部化学连接
16545113,17736641,chem,other,none,5.00,0.50,2,子图 运动命令 内部化学连接
16545113,17736654,chem,other,none,5.00,0.50,1,子图 运动命令 内部化学连接
16545113,17736748,chem,other,none,5.00,0.50,2,子图 运动命令 内部化学连接
16545113,17736755,chem,other,none,5.00,0.50,1,子图 运动命令 内部化学连接
16545113,18058793,chem,other,none,5.00,0.50,1,子图 运动命令 内部化学连接
16545113,18551732,chem,other,none,5.00,0.50,1,子图 运动命令 内部化学连接
16545179,1679034,chem,other,none,5.00,0.50,1,子图 运动命令 内部化学连接
16545179,1980134,chem,other,none,5.00,0.50,1,子图 运动命令 内部化学连接
16545179,2797480,chem,other,none,5.00,0.50,5,子图 运动命令 内部化学连接
16545179,3945756,chem,other,none,5.00,0.50,1,子图 运动命令 内部化学连接
16545179,4110483,chem,other,none,5.00,0.50,2,子图 运动命令 内部化学连接
16545179,5675990,chem,other,none,5.00,0.50,2,子图 运动命令 内部化学连接
16545179,5690425,chem,other,none,5.00,0.50,4,子图 运动命令 内部化学连接
16545179,5768240,chem,other,none,5.00,0.50,1,子图 运动命令 内部化学连接
16545179,5902352,chem,other,none,5.00,0.50,1,子图 运动命令 内部化学连接
16545179,9239759,chem,other,none,5.00,0.50,3,子图 运动命令 内部化学连接
16545179,9480916,chem,other,none,5.00,0.50,2,子图 运动命令 内部化学连接
16545179,10100020,chem,other,none,5.00,0.50,1,子图 运动命令 内部化学连接
16545179,10523825,chem,other,none,5.00,0.50,5,子图 运动命令 内部化学连接
16545179,10596949,chem,other,none,5.00,0.50,1,子图 运动命令 内部化学连接
16545179,11073313,chem,other,none,5.00,0.50,1,子图 运动命令 内部化学连接
16545179,11079069,chem,other,none,5.00,0.50,1,子图 运动命令 内部化学连接
16545179,11348509,chem,other,none,5.00,0.50,3,子图 运动命令 内部化学连接
16545179,11876076,chem,other,none,5.00,0.50,1,子图 运动命令 内部化学连接
16545179,13849557,chem,other,none,5.00,0.50,3,子图 运动命令 内部化学连接
16545179,14492757,chem,other,none,5.00,0.50,5,子图 运动命令 内部化学连接
16545179,14726069,chem,other,none,5.00,0.50,1,子图 运动命令 内部化学连接
16545179,15605301,chem,other,none,5.00,0.50,1,子图 运动命令 内部化学连接
16545179,15629759,chem,other,none,5.00,0.50,6,子图 运动命令 内部化学连接
16545179,16340977,chem,other,none,5.00,0.50,1,子图 运动命令 内部化学连接
16545179,16415910,chem,other,none,5.00,0.50,1,子图 运动命令 内部化学连接
16545179,16445073,chem,other,none,5.00,0.50,9,子图 运动命令 内部化学连接
16545179,16545179,chem,other,none,5.00,0.50,1,子图 运动命令 内部化学连接
16545179,16561660,chem,other,none,5.00,0.50,1,子图 运动命令 内部化学连接
16545179,16863538,chem,other,none,5.00,0.50,1,子图 运动命令 内部化学连接
16545179,17102002,chem,other,none,5.00,0.50,3,子图 运动命令 内部化学连接
16545179,17354403,chem,other,none,5.00,0.50,26,子图 运动命令 内部化学连接
16545179,17354414,chem,other,none,5.00,0.50,15,子图 运动命令 内部化学连接
16545179,17658602,chem,other,none,5.00,0.50,3,子图 运动命令 内部化学连接
16545179,17729347,chem,other,none,5.00,0.50,1,子图 运动命令 内部化学连接
16545179,17729973,chem,other,none,5.00,0.50,1,子图 运动命令 内部化学连接
16545179,17732346,chem,other,none,5.00,0.50,1,子图 运动命令 内部化学连接
16545179,18023286,chem,other,none,5.00,0.50,4,子图 运动命令 内部化学连接
16545179,18302931,chem,other,none,5.00,0.50,1,子图 运动命令 内部化学连接
16545179,18501001,chem,other,none,5.00,0.50,1,子图 运动命令 内部化学连接
16545179,19017386,chem,other,none,5.00,0.50,6,子图 运动命令 内部化学连接
16545179,19167389,chem,other,none,5.00,0.50,2,子图 运动命令 内部化学连接
16545179,20443501,chem,other,none,5.00,0.50,2,子图 运动命令 内部化学连接
16545264,3595837,chem,other,none,5.00,0.50,1,子图 运动命令 内部化学连接
16545264,5805651,chem,other,none,5.00,0.50,1,子图 运动命令 内部化学连接
16545264,7025064,chem,other,none,5.00,0.50,3,子图 运动命令 内部化学连接
16545264,8271875,chem,other,none,5.00,0.50,1,子图 运动命令 内部化学连接
16545264,9034378,chem,other,none,5.00,0.50,3,子图 运动命令 内部化学连接
16545264,9235545,chem,other,none,5.00,0.50,3,子图 运动命令 内部化学连接
16545264,9239759,chem,other,none,5.00,0.50,1,子图 运动命令 内部化学连接
16545264,9429085,chem,other,none,5.00,0.50,2,子图 运动命令 内部化学连接
16545264,10553248,chem,other,none,5.00,0.50,2,子图 运动命令 内部化学连接
16545264,10581624,chem,other,none,5.00,0.50,3,子图 运动命令 内部化学连接
16545264,10728328,chem,other,none,5.00,0.50,1,子图 运动命令 内部化学连接
16545264,10756813,chem,other,none,5.00,0.50,1,子图 运动命令 内部化学连接
16545264,10918898,chem,other,none,5.00,0.50,1,子图 运动命令 内部化学连接
16545264,11362334,chem,other,none,5.00,0.50,1,子图 运动命令 内部化学连接
16545264,12252572,chem,other,none,5.00,0.50,2,子图 运动命令 内部化学连接
16545264,12474815,chem,other,none,5.00,0.50,4,子图 运动命令 内部化学连接
16545264,12935706,chem,other,none,5.00,0.50,2,子图 运动命令 内部化学连接
16545264,13028455,chem,other,none,5.00,0.50,1,子图 运动命令 内部化学连接
16545264,13557064,chem,other,none,5.00,0.50,4,子图 运动命令 内部化学连接
16545264,13714311,chem,other,none,5.00,0.50,3,子图 运动命令 内部化学连接
16545264,14539753,chem,other,none,5.00,0.50,1,子图 运动命令 内部化学连接
16545264,16167914,chem,other,none,5.00,0.50,1,子图 运动命令 内部化学连接
16545264,16471422,chem,other,none,5.00,0.50,1,子图 运动命令 内部化学连接
16545264,16547281,chem,other,none,5.00,0.50,2,子图 运动命令 内部化学连接
16545264,16560178,chem,other,none,5.00,0.50,1,子图 运动命令 内部化学连接
16545264,16709072,chem,other,none,5.00,0.50,1,子图 运动命令 内部化学连接
16545264,16851718,chem,other,none,5.00,0.50,2,子图 运动命令 内部化学连接
16545264,16851791,chem,other,none,5.00,0.50,3,子图 运动命令 内部化学连接
16545264,16852421,chem,other,none,5.00,0.50,1,子图 运动命令 内部化学连接
16545264,17022668,chem,other,none,5.00,0.50,1,子图 运动命令 内部化学连接
16545264,17067625,chem,other,none,5.00,0.50,1,子图 运动命令 内部化学连接
16545264,17083341,chem,other,none,5.00,0.50,1,子图 运动命令 内部化学连接
16545264,17454636,chem,other,none,5.00,0.50,3,子图 运动命令 内部化学连接
16545264,18111410,chem,other,none,5.00,0.50,2,子图 运动命令 内部化学连接
16545264,18232369,chem,other,none,5.00,0.50,1,子图 运动命令 内部化学连接
16545264,18464581,chem,other,none,5.00,0.50,3,子图 运动命令 内部化学连接
16545264,18538744,chem,other,none,5.00,0.50,1,子图 运动命令 内部化学连接
16545264,18545747,chem,other,none,5.00,0.50,2,子图 运动命令 内部化学连接
16545264,18551732,chem,other,none,5.00,0.50,5,子图 运动命令 内部化学连接
16545264,19298625,chem,other,none,5.00,0.50,1,子图 运动命令 内部化学连接
16545264,19835787,chem,other,none,5.00,0.50,1,子图 运动命令 内部化学连接
16547268,4274518,chem,other,none,5.00,0.50,3,子图 运动命令 内部化学连接
16547268,10100020,chem,other,none,5.00,0.50,1,子图 运动命令 内部化学连接
16547268,10581624,chem,other,none,5.00,0.50,9,子图 运动命令 内部化学连接
16547268,10596949,chem,other,none,5.00,0.50,1,子图 运动命令 内部化学连接
16547268,11022546,chem,other,none,5.00,0.50,1,子图 运动命令 内部化学连接
16547268,12598741,chem,other,none,5.00,0.50,1,子图 运动命令 内部化学连接
16547268,14617508,chem,other,none,5.00,0.50,6,子图 运动命令 内部化学连接
16547268,14651659,chem,other,none,5.00,0.50,2,子图 运动命令 内部化学连接
16547268,16422727,chem,other,none,5.00,0.50,3,子图 运动命令 内部化学连接
16547268,16445073,chem,other,none,5.00,0.50,2,子图 运动命令 内部化学连接
16547268,16950097,chem,other,none,5.00,0.50,3,子图 运动命令 内部化学连接
16547268,17736654,chem,other,none,5.00,0.50,1,子图 运动命令 内部化学连接
16547281,1622901,chem,other,none,5.00,0.50,2,子图 运动命令 内部化学连接
16547281,4324567,chem,other,none,5.00,0.50,2,子图 运动命令 内部化学连接
16547281,5856647,chem,other,none,5.00,0.50,1,子图 运动命令 内部化学连接
16547281,8271875,chem,other,none,5.00,0.50,1,子图 运动命令 内部化学连接
16547281,9154024,chem,other,none,5.00,0.50,4,子图 运动命令 内部化学连接
16547281,10553248,chem,other,none,5.00,0.50,1,子图 运动命令 内部化学连接
16547281,10581624,chem,other,none,5.00,0.50,1,子图 运动命令 内部化学连接
16547281,10756813,chem,other,none,5.00,0.50,5,子图 运动命令 内部化学连接
16547281,11468088,chem,other,none,5.00,0.50,5,子图 运动命令 内部化学连接
16547281,11876076,chem,other,none,5.00,0.50,1,子图 运动命令 内部化学连接
16547281,13028455,chem,other,none,5.00,0.50,2,子图 运动命令 内部化学连接
16547281,15512408,chem,other,none,5.00,0.50,1,子图 运动命令 内部化学连接
16547281,15513540,chem,other,none,5.00,0.50,1,子图 运动命令 内部化学连接
16547281,15722990,chem,other,none,5.00,0.50,1,子图 运动命令 内部化学连接
16547281,15995958,chem,other,none,5.00,0.50,1,子图 运动命令 内部化学连接
16547281,16545264,chem,other,none,5.00,0.50,1,子图 运动命令 内部化学连接
16547281,16561224,chem,other,none,5.00,0.50,1,子图 运动命令 内部化学连接
16547281,16713227,chem,other,none,5.00,0.50,2,子图 运动命令 内部化学连接
16547281,16950115,chem,other,none,5.00,0.50,2,子图 运动命令 内部化学连接
16547281,16952665,chem,other,none,5.00,0.50,1,子图 运动命令 内部化学连接
16547281,17022668,chem,other,none,5.00,0.50,7,子图 运动命令 内部化学连接
16547281,17323054,chem,other,none,5.00,0.50,5,子图 运动命令 内部化学连接
16547281,17448356,chem,other,none,5.00,0.50,1,子图 运动命令 内部化学连接
16547281,17454636,chem,other,none,5.00,0.50,1,子图 运动命令 内部化学连接
16547281,18551732,chem,other,none,5.00,0.50,1,子图 运动命令 内部化学连接
16547287,11303036,chem,other,none,5.00,0.50,4,子图 运动命令 内部化学连接
16547287,12420898,chem,other,none,5.00,0.50,10,子图 运动命令 内部化学连接
16547287,16547287,chem,other,none,5.00,0.50,2,子图 运动命令 内部化学连接
16547287,16675987,chem,other,none,5.00,0.50,5,子图 运动命令 内部化学连接
16547287,16863538,chem,other,none,5.00,0.50,1,子图 运动命令 内部化学连接
16547287,16952671,chem,other,none,5.00,0.50,3,子图 运动命令 内部化学连接
16547287,17173852,chem,other,none,5.00,0.50,1,子图 运动命令 内部化学连接
16547287,18076102,chem,other,none,5.00,0.50,1,子图 运动命令 内部化学连接
16547287,18123575,chem,other,none,5.00,0.50,2,子图 运动命令 内部化学连接
16547287,18929470,chem,other,none,5.00,0.50,18,子图 运动命令 内部化学连接
16547292,2650887,chem,other,none,5.00,0.50,10,子图 运动命令 内部化学连接
16547292,6049565,chem,other,none,5.00,0.50,4,子图 运动命令 内部化学连接
16547292,8801736,chem,other,none,5.00,0.50,4,子图 运动命令 内部化学连接
16547292,9612903,chem,other,none,5.00,0.50,1,子图 运动命令 内部化学连接
16547292,10238739,chem,other,none,5.00,0.50,1,子图 运动命令 内部化学连接
16547292,10473853,chem,other,none,5.00,0.50,2,子图 运动命令 内部化学连接
16547292,10758204,chem,other,none,5.00,0.50,4,子图 运动命令 内部化学连接
16547292,11022546,chem,other,none,5.00,0.50,3,子图 运动命令 内部化学连接
16547292,11303036,chem,other,none,5.00,0.50,3,子图 运动命令 内部化学连接
16547292,11841664,chem,other,none,5.00,0.50,1,子图 运动命令 内部化学连接
16547292,14241490,chem,other,none,5.00,0.50,1,子图 运动命令 内部化学连接
16547292,14334367,chem,other,none,5.00,0.50,18,子图 运动命令 内部化学连接
16547292,14651659,chem,other,none,5.00,0.50,1,子图 运动命令 内部化学连接
16547292,15894278,chem,other,none,5.00,0.50,1,子图 运动命令 内部化学连接
16547292,16383966,chem,other,none,5.00,0.50,1,子图 运动命令 内部化学连接
16547292,16422744,chem,other,none,5.00,0.50,1,子图 运动命令 内部化学连接
16547292,16545101,chem,other,none,5.00,0.50,3,子图 运动命令 内部化学连接
16547292,16547281,chem,other,none,5.00,0.50,1,子图 运动命令 内部化学连接
16547292,16547287,chem,other,none,5.00,0.50,2,子图 运动命令 内部化学连接
16547292,16547292,chem,other,none,5.00,0.50,2,子图 运动命令 内部化学连接
16547292,16675987,chem,other,none,5.00,0.50,2,子图 运动命令 内部化学连接
16547292,16851577,chem,other,none,5.00,0.50,1,子图 运动命令 内部化学连接
16547292,16913476,chem,other,none,5.00,0.50,1,子图 运动命令 内部化学连接
16547292,16992171,chem,other,none,5.00,0.50,16,子图 运动命令 内部化学连接
16547292,17110007,chem,other,none,5.00,0.50,6,子图 运动命令 内部化学连接
16547292,17173852,chem,other,none,5.00,0.50,1,子图 运动命令 内部化学连接
16547292,17353986,chem,other,none,5.00,0.50,2,子图 运动命令 内部化学连接
16547292,17356442,chem,other,none,5.00,0.50,3,子图 运动命令 内部化学连接
16547292,17732256,chem,other,none,5.00,0.50,1,子图 运动命令 内部化学连接
16547292,17736641,chem,other,none,5.00,0.50,1,子图 运动命令 内部化学连接
16547292,17777031,chem,other,none,5.00,0.50,7,子图 运动命令 内部化学连接
16547292,18123575,chem,other,none,5.00,0.50,1,子图 运动命令 内部化学连接
16547292,18929470,chem,other,none,5.00,0.50,2,子图 运动命令 内部化学连接
16547292,20556072,chem,other,none,5.00,0.50,4,子图 运动命令 内部化学连接
16547297,4324479,chem,other,none,5.00,0.50,1,子图 运动命令 内部化学连接
16547297,8391330,chem,other,none,5.00,0.50,14,子图 运动命令 内部化学连接
16547297,10382824,chem,other,none,5.00,0.50,2,子图 运动命令 内部化学连接
16547297,13370624,chem,other,none,5.00,0.50,5,子图 运动命令 内部化学连接
16547297,13736919,chem,other,none,5.00,0.50,8,子图 运动命令 内部化学连接
16547297,15605301,chem,other,none,5.00,0.50,7,子图 运动命令 内部化学连接
16547297,15995958,chem,other,none,5.00,0.50,1,子图 运动命令 内部化学连接
16547297,16348875,chem,other,none,5.00,0.50,2,子图 运动命令 内部化学连接
16547297,16422744,chem,other,none,5.00,0.50,1,子图 运动命令 内部化学连接
16547297,16545101,chem,other,none,5.00,0.50,1,子图 运动命令 内部化学连接
16547297,16547297,chem,other,none,5.00,0.50,1,子图 运动命令 内部化学连接
16547297,16693923,chem,other,none,5.00,0.50,14,子图 运动命令 内部化学连接
16547297,19167389,chem,other,none,5.00,0.50,1,子图 运动命令 内部化学连接
16547297,19298644,chem,other,none,5.00,0.50,1,子图 运动命令 内部化学连接
16547297,19835787,chem,other,none,5.00,0.50,1,子图 运动命令 内部化学连接
16547297,20556072,chem,other,none,5.00,0.50,2,子图 运动命令 内部化学连接
16560178,4017464,chem,other,none,5.00,0.50,43,子图 运动命令 内部化学连接
16560178,4876839,chem,other,none,5.00,0.50,2,子图 运动命令 内部化学连接
16560178,4917442,chem,other,none,5.00,0.50,1,子图 运动命令 内部化学连接
16560178,5052370,chem,other,none,5.00,0.50,2,子图 运动命令 内部化学连接
16560178,5786898,chem,other,none,5.00,0.50,12,子图 运动命令 内部化学连接
16560178,5790355,chem,other,none,5.00,0.50,30,子图 运动命令 内部化学连接
16560178,6154921,chem,other,none,5.00,0.50,14,子图 运动命令 内部化学连接
16560178,6155577,chem,other,none,5.00,0.50,15,子图 运动命令 内部化学连接
16560178,6156152,chem,other,none,5.00,0.50,4,子图 运动命令 内部化学连接
16560178,6609380,chem,other,none,5.00,0.50,1,子图 运动命令 内部化学连接
16560178,6702943,chem,other,none,5.00,0.50,5,子图 运动命令 内部化学连接
16560178,13675374,chem,other,none,5.00,0.50,5,子图 运动命令 内部化学连接
16560178,13727202,chem,other,none,5.00,0.50,2,子图 运动命令 内部化学连接
16560178,13842372,chem,other,none,5.00,0.50,5,子图 运动命令 内部化学连接
16560178,15732503,chem,other,none,5.00,0.50,18,子图 运动命令 内部化学连接
16560178,16520950,chem,other,none,5.00,0.50,2,子图 运动命令 内部化学连接
16560178,16950443,chem,other,none,5.00,0.50,6,子图 运动命令 内部化学连接
16560178,16950767,chem,other,none,5.00,0.50,4,子图 运动命令 内部化学连接
16560178,16950798,chem,other,none,5.00,0.50,1,子图 运动命令 内部化学连接
16560178,17323054,chem,other,none,5.00,0.50,1,子图 运动命令 内部化学连接
16560178,18080008,chem,other,none,5.00,0.50,1,子图 运动命令 内部化学连接
16561224,5816138,chem,other,none,5.00,0.50,1,子图 运动命令 内部化学连接
16561224,13007383,chem,other,none,5.00,0.50,1,子图 运动命令 内部化学连接
16561224,13646473,chem,other,none,5.00,0.50,1,子图 运动命令 内部化学连接
16561224,13722900,chem,other,none,5.00,0.50,2,子图 运动命令 内部化学连接
16561224,13760954,chem,other,none,5.00,0.50,6,子图 运动命令 内部化学连接
16561224,15732509,chem,other,none,5.00,0.50,1,子图 运动命令 内部化学连接
16561224,16520950,chem,other,none,5.00,0.50,1,子图 运动命令 内部化学连接
16561224,17358864,chem,other,none,5.00,0.50,5,子图 运动命令 内部化学连接
16561224,19950281,chem,other,none,5.00,0.50,2,子图 运动命令 内部化学连接
16561224,20911955,chem,other,none,5.00,0.50,3,子图 运动命令 内部化学连接
16561224,20911961,chem,other,none,5.00,0.50,5,子图 运动命令 内部化学连接
16561660,5162462,chem,other,none,5.00,0.50,6,子图 运动命令 内部化学连接
16561660,6700147,chem,other,none,5.00,0.50,2,子图 运动命令 内部化学连接
16561660,10964258,chem,other,none,5.00,0.50,1,子图 运动命令 内部化学连接
16561660,12420898,chem,other,none,5.00,0.50,3,子图 运动命令 内部化学连接
16561660,13652117,chem,other,none,5.00,0.50,4,子图 运动命令 内部化学连接
16561660,14039007,chem,other,none,5.00,0.50,1,子图 运动命令 内部化学连接
16561660,14579509,chem,other,none,5.00,0.50,1,子图 运动命令 内部化学连接
16561660,16327998,chem,other,none,5.00,0.50,4,子图 运动命令 内部化学连接
16561660,16520950,chem,other,none,5.00,0.50,7,子图 运动命令 内部化学连接
16561660,16561660,chem,other,none,5.00,0.50,1,子图 运动命令 内部化学连接
16561660,16950550,chem,other,none,5.00,0.50,1,子图 运动命令 内部化学连接
16561660,17075832,chem,other,none,5.00,0.50,1,子图 运动命令 内部化学连接
16561660,17173852,chem,other,none,5.00,0.50,1,子图 运动命令 内部化学连接
16561660,17355864,chem,other,none,5.00,0.50,1,子图 运动命令 内部化学连接
16561660,17379298,chem,other,none,5.00,0.50,1,子图 运动命令 内部化学连接
16561660,17732311,chem,other,none,5.00,0.50,6,子图 运动命令 内部化学连接
16561660,17809869,chem,other,none,5.00,0.50,1,子图 运动命令 内部化学连接
16562142,5052370,chem,other,none,5.00,0.50,4,子图 运动命令 内部化学连接
16562142,5319633,chem,other,none,5.00,0.50,4,子图 运动命令 内部化学连接
16562142,6156152,chem,other,none,5.00,0.50,1,子图 运动命令 内部化学连接
16562142,15964206,chem,other,none,5.00,0.50,1,子图 运动命令 内部化学连接
16562142,16154290,chem,other,none,5.00,0.50,1,子图 运动命令 内部化学连接
16562142,16520950,chem,other,none,5.00,0.50,3,子图 运动命令 内部化学连接
16562142,16950550,chem,other,none,5.00,0.50,1,子图 运动命令 内部化学连接
16562142,16950798,chem,other,none,5.00,0.50,1,子图 运动命令 内部化学连接
16562142,17356024,chem,other,none,5.00,0.50,3,子图 运动命令 内部化学连接
16562142,17357979,chem,other,none,5.00,0.50,1,子图 运动命令 内部化学连接
16562142,17587734,chem,other,none,5.00,0.50,1,子图 运动命令 内部化学连接
16562142,17867309,chem,other,none,5.00,0.50,1,子图 运动命令 内部化学连接
16562142,18695745,chem,other,none,5.00,0.50,1,子图 运动命令 内部化学连接
16562142,20911955,chem,other,none,5.00,0.50,1,子图 运动命令 内部化学连接
16571210,2670619,chem,other,none,5.00,0.50,1,子图 运动命令 内部化学连接
16571210,3009700,chem,other,none,5.00,0.50,1,子图 运动命令 内部化学连接
16571210,10922928,chem,other,none,5.00,0.50,1,子图 运动命令 内部化学连接
16571210,14492757,chem,other,none,5.00,0.50,1,子图 运动命令 内部化学连接
16571210,14621584,chem,other,none,5.00,0.50,2,子图 运动命令 内部化学连接
16571210,16445338,chem,other,none,5.00,0.50,1,子图 运动命令 内部化学连接
16571210,17359111,chem,other,none,5.00,0.50,7,子图 运动命令 内部化学连接
16578252,1646076,chem,other,none,5.00,0.50,1,子图 运动命令 内部化学连接
16578252,1678567,chem,other,none,5.00,0.50,11,子图 运动命令 内部化学连接
16578252,1679034,chem,other,none,5.00,0.50,1,子图 运动命令 内部化学连接
16578252,4591713,chem,other,none,5.00,0.50,2,子图 运动命令 内部化学连接
16578252,4966994,chem,other,none,5.00,0.50,1,子图 运动命令 内部化学连接
16578252,9594273,chem,other,none,5.00,0.50,1,子图 运动命令 内部化学连接
16578252,10728333,chem,other,none,5.00,0.50,8,子图 运动命令 内部化学连接
16578252,10921106,chem,other,none,5.00,0.50,1,子图 运动命令 内部化学连接
16578252,13557064,chem,other,none,5.00,0.50,1,子图 运动命令 内部化学连接
16578252,13714311,chem,other,none,5.00,0.50,3,子图 运动命令 内部化学连接
16578252,14999928,chem,other,none,5.00,0.50,5,子图 运动命令 内部化学连接
16578252,15005403,chem,other,none,5.00,0.50,4,子图 运动命令 内部化学连接
16578252,15512408,chem,other,none,5.00,0.50,1,子图 运动命令 内部化学连接
16578252,16345627,chem,other,none,5.00,0.50,1,子图 运动命令 内部化学连接
16578252,16562142,chem,other,none,5.00,0.50,1,子图 运动命令 内部化学连接
16578252,16851496,chem,other,none,5.00,0.50,20,子图 运动命令 内部化学连接
16578252,16852589,chem,other,none,5.00,0.50,3,子图 运动命令 内部化学连接
16578252,16931001,chem,other,none,5.00,0.50,1,子图 运动命令 内部化学连接
16578252,17083341,chem,other,none,5.00,0.50,1,子图 运动命令 内部化学连接
16578252,17165755,chem,other,none,5.00,0.50,5,子图 运动命令 内部化学连接
16578252,17380319,chem,other,none,5.00,0.50,1,子图 运动命令 内部化学连接
16578252,17454636,chem,other,none,5.00,0.50,5,子图 运动命令 内部化学连接
16578252,18464581,chem,other,none,5.00,0.50,1,子图 运动命令 内部化学连接
16578252,18545747,chem,other,none,5.00,0.50,2,子图 运动命令 内部化学连接
16578252,18551732,chem,other,none,5.00,0.50,13,子图 运动命令 内部化学连接
16586265,2557644,chem,other,none,5.00,0.50,1,子图 运动命令 内部化学连接
16586265,10865025,chem,other,none,5.00,0.50,1,子图 运动命令 内部化学连接
16586265,11941255,chem,other,none,5.00,0.50,1,子图 运动命令 内部化学连接
16586265,14517691,chem,other,none,5.00,0.50,1,子图 运动命令 内部化学连接
16586265,16158918,chem,other,none,5.00,0.50,4,子图 运动命令 内部化学连接
16586265,16316981,chem,other,none,5.00,0.50,1,子图 运动命令 内部化学连接
16588928,992646,chem,other,none,5.00,0.50,10,子图 运动命令 内部化学连接
16588928,17359101,chem,other,none,5.00,0.50,3,子图 运动命令 内部化学连接
16617920,2655798,chem,other,none,5.00,0.50,1,子图 运动命令 内部化学连接
16617920,4127926,chem,other,none,5.00,0.50,1,子图 运动命令 内部化学连接
16617920,5462159,chem,other,none,5.00,0.50,10,子图 运动命令 内部化学连接
16617920,5503982,chem,other,none,5.00,0.50,1,子图 运动命令 内部化学连接
16617920,5684940,chem,other,none,5.00,0.50,1,子图 运动命令 内部化学连接
16617920,5745929,chem,other,none,5.00,0.50,9,子图 运动命令 内部化学连接
16617920,6317793,chem,other,none,5.00,0.50,7,子图 运动命令 内部化学连接
16617920,6446394,chem,other,none,5.00,0.50,19,子图 运动命令 内部化学连接
16617920,6572414,chem,other,none,5.00,0.50,5,子图 运动命令 内部化学连接
16617920,10870424,chem,other,none,5.00,0.50,1,子图 运动命令 内部化学连接
16617920,10964258,chem,other,none,5.00,0.50,1,子图 运动命令 内部化学连接
16617920,12474815,chem,other,none,5.00,0.50,1,子图 运动命令 内部化学连接
16617920,13081886,chem,other,none,5.00,0.50,15,子图 运动命令 内部化学连接
16617920,14586769,chem,other,none,5.00,0.50,1,子图 运动命令 内部化学连接
16617920,14756061,chem,other,none,5.00,0.50,4,子图 运动命令 内部化学连接
16617920,14757050,chem,other,none,5.00,0.50,13,子图 运动命令 内部化学连接
16617920,16422727,chem,other,none,5.00,0.50,1,子图 运动命令 内部化学连接
16617920,16540741,chem,other,none,5.00,0.50,1,子图 运动命令 内部化学连接
16617920,16713227,chem,other,none,5.00,0.50,1,子图 运动命令 内部化学连接
16617920,17087885,chem,other,none,5.00,0.50,1,子图 运动命令 内部化学连接
16617920,17109286,chem,other,none,5.00,0.50,1,子图 运动命令 内部化学连接
16617920,17357979,chem,other,none,5.00,0.50,1,子图 运动命令 内部化学连接
16617920,17360038,chem,other,none,5.00,0.50,1,子图 运动命令 内部化学连接
16617920,17658978,chem,other,none,5.00,0.50,1,子图 运动命令 内部化学连接
16617920,17732031,chem,other,none,5.00,0.50,1,子图 运动命令 内部化学连接
16617920,17897230,chem,other,none,5.00,0.50,2,子图 运动命令 内部化学连接
16617920,18149325,chem,other,none,5.00,0.50,6,子图 运动命令 内部化学连接
16617920,18501001,chem,other,none,5.00,0.50,1,子图 运动命令 内部化学连接
16617920,19132527,chem,other,none,5.00,0.50,2,子图 运动命令 内部化学连接
16617920,19508873,chem,other,none,5.00,0.50,4,子图 运动命令 内部化学连接
16617920,20443571,chem,other,none,5.00,0.50,2,子图 运动命令 内部化学连接
16635345,4812481,chem,other,none,5.00,0.50,10,子图 运动命令 内部化学连接
16635345,5162462,chem,other,none,5.00,0.50,9,子图 运动命令 内部化学连接
16635345,5319633,chem,other,none,5.00,0.50,2,子图 运动命令 内部化学连接
16635345,5993765,chem,other,none,5.00,0.50,10,子图 运动命令 内部化学连接
16635345,5995125,chem,other,none,5.00,0.50,16,子图 运动命令 内部化学连接
16635345,7371184,chem,other,none,5.00,0.50,1,子图 运动命令 内部化学连接
16635345,8801736,chem,other,none,5.00,0.50,1,子图 运动命令 内部化学连接
16635345,10964258,chem,other,none,5.00,0.50,1,子图 运动命令 内部化学连接
16635345,13652117,chem,other,none,5.00,0.50,3,子图 运动命令 内部化学连接
16635345,14039007,chem,other,none,5.00,0.50,3,子图 运动命令 内部化学连接
16635345,14241490,chem,other,none,5.00,0.50,6,子图 运动命令 内部化学连接
16635345,14334367,chem,other,none,5.00,0.50,1,子图 运动命令 内部化学连接
16635345,14492757,chem,other,none,5.00,0.50,1,子图 运动命令 内部化学连接
16635345,15525794,chem,other,none,5.00,0.50,4,子图 运动命令 内部化学连接
16635345,15674282,chem,other,none,5.00,0.50,2,子图 运动命令 内部化学连接
16635345,15732497,chem,other,none,5.00,0.50,5,子图 运动命令 内部化学连接
16635345,15800115,chem,other,none,5.00,0.50,3,子图 运动命令 内部化学连接
16635345,15934458,chem,other,none,5.00,0.50,2,子图 运动命令 内部化学连接
16635345,15995958,chem,other,none,5.00,0.50,1,子图 运动命令 内部化学连接
16635345,16154290,chem,other,none,5.00,0.50,2,子图 运动命令 内部化学连接
16635345,16195633,chem,other,none,5.00,0.50,1,子图 运动命令 内部化学连接
16635345,16547281,chem,other,none,5.00,0.50,1,子图 运动命令 内部化学连接
16635345,16851577,chem,other,none,5.00,0.50,1,子图 运动命令 内部化学连接
16635345,16851718,chem,other,none,5.00,0.50,1,子图 运动命令 内部化学连接
16635345,16950115,chem,other,none,5.00,0.50,1,子图 运动命令 内部化学连接
16635345,16950354,chem,other,none,5.00,0.50,3,子图 运动命令 内部化学连接
16635345,17022668,chem,other,none,5.00,0.50,1,子图 运动命令 内部化学连接
16635345,17053270,chem,other,none,5.00,0.50,2,子图 运动命令 内部化学连接
16635345,17173852,chem,other,none,5.00,0.50,1,子图 运动命令 内部化学连接
16635345,17323054,chem,other,none,5.00,0.50,2,子图 运动命令 内部化学连接
16635345,17357979,chem,other,none,5.00,0.50,1,子图 运动命令 内部化学连接
16635345,17380319,chem,other,none,5.00,0.50,4,子图 运动命令 内部化学连接
16635345,17660233,chem,other,none,5.00,0.50,3,子图 运动命令 内部化学连接
16635345,17736654,chem,other,none,5.00,0.50,1,子图 运动命令 内部化学连接
16635345,17736748,chem,other,none,5.00,0.50,1,子图 运动命令 内部化学连接
16635345,17809869,chem,other,none,5.00,0.50,1,子图 运动命令 内部化学连接
16635345,19361427,chem,other,none,5.00,0.50,4,子图 运动命令 内部化学连接
16636860,6572414,chem,other,none,5.00,0.50,4,子图 运动命令 内部化学连接
16636860,8047280,chem,other,none,5.00,0.50,1,子图 运动命令 内部化学连接
16636860,9822593,chem,other,none,5.00,0.50,2,子图 运动命令 内部化学连接
16636860,10527147,chem,other,none,5.00,0.50,7,子图 运动命令 内部化学连接
16636860,10609443,chem,other,none,5.00,0.50,1,子图 运动命令 内部化学连接
16636860,12782494,chem,other,none,5.00,0.50,3,子图 运动命令 内部化学连接
16651566,4017464,chem,other,none,5.00,0.50,2,子图 运动命令 内部化学连接
16651566,5164129,chem,other,none,5.00,0.50,2,子图 运动命令 内部化学连接
16651566,8161142,chem,other,none,5.00,0.50,2,子图 运动命令 内部化学连接
16651566,8161148,chem,other,none,5.00,0.50,18,子图 运动命令 内部化学连接
16651566,8496618,chem,other,none,5.00,0.50,5,子图 运动命令 内部化学连接
16651566,9034378,chem,other,none,5.00,0.50,1,子图 运动命令 内部化学连接
16651566,9239759,chem,other,none,5.00,0.50,2,子图 运动命令 内部化学连接
16651566,10728333,chem,other,none,5.00,0.50,2,子图 运动命令 内部化学连接
16651566,10964258,chem,other,none,5.00,0.50,1,子图 运动命令 内部化学连接
16651566,11625573,chem,other,none,5.00,0.50,1,子图 运动命令 内部化学连接
16651566,13834125,chem,other,none,5.00,0.50,1,子图 运动命令 内部化学连接
16651566,14334367,chem,other,none,5.00,0.50,1,子图 运动命令 内部化学连接
16651566,15467736,chem,other,none,5.00,0.50,8,子图 运动命令 内部化学连接
16651566,15539984,chem,other,none,5.00,0.50,1,子图 运动命令 内部化学连接
16651566,16852421,chem,other,none,5.00,0.50,1,子图 运动命令 内部化学连接
16651566,17247877,chem,other,none,5.00,0.50,1,子图 运动命令 内部化学连接
16651566,18464581,chem,other,none,5.00,0.50,1,子图 运动命令 内部化学连接
16666673,3182103,chem,other,none,5.00,0.50,1,子图 运动命令 内部化学连接
16666673,6114695,chem,other,none,5.00,0.50,1,子图 运动命令 内部化学连接
16666673,8880781,chem,other,none,5.00,0.50,2,子图 运动命令 内部化学连接
16666673,10725068,chem,other,none,5.00,0.50,4,子图 运动命令 内部化学连接
16666673,21590958,chem,other,none,5.00,0.50,1,子图 运动命令 内部化学连接
16666673,21591037,chem,other,none,5.00,0.50,4,子图 运动命令 内部化学连接
16667306,17732256,chem,other,none,5.00,0.50,2,子图 运动命令 内部化学连接
16667306,17777031,chem,other,none,5.00,0.50,2,子图 运动命令 内部化学连接
16667306,18111410,chem,other,none,5.00,0.50,1,子图 运动命令 内部化学连接
16667306,18929470,chem,other,none,5.00,0.50,1,子图 运动命令 内部化学连接
16667306,20556072,chem,other,none,5.00,0.50,1,子图 运动命令 内部化学连接
16667592,16851577,chem,other,none,5.00,0.50,1,子图 运动命令 内部化学连接
16667592,16952648,chem,other,none,5.00,0.50,1,子图 运动命令 内部化学连接
16667592,16952671,chem,other,none,5.00,0.50,3,子图 运动命令 内部化学连接
16670540,13652117,chem,other,none,5.00,0.50,1,子图 运动命令 内部化学连接
16671014,1678567,chem,other,none,5.00,0.50,9,子图 运动命令 内部化学连接
16671014,8025665,chem,other,none,5.00,0.50,1,子图 运动命令 内部化学连接
16671014,9594273,chem,other,none,5.00,0.50,3,子图 运动命令 内部化学连接
16671014,14999928,chem,other,none,5.00,0.50,2,子图 运动命令 内部化学连接
16671014,15005403,chem,other,none,5.00,0.50,4,子图 运动命令 内部化学连接
16671014,16345627,chem,other,none,5.00,0.50,4,子图 运动命令 内部化学连接
16671014,16562142,chem,other,none,5.00,0.50,5,子图 运动命令 内部化学连接
16671014,16851496,chem,other,none,5.00,0.50,5,子图 运动命令 内部化学连接
16671014,16931001,chem,other,none,5.00,0.50,1,子图 运动命令 内部化学连接
16671014,16934932,chem,other,none,5.00,0.50,1,子图 运动命令 内部化学连接
16671014,17053270,chem,other,none,5.00,0.50,3,子图 运动命令 内部化学连接
16671014,17083341,chem,other,none,5.00,0.50,1,子图 运动命令 内部化学连接
16671014,17109286,chem,other,none,5.00,0.50,2,子图 运动命令 内部化学连接
16671014,18551732,chem,other,none,5.00,0.50,1,子图 运动命令 内部化学连接
16675987,4324479,chem,other,none,5.00,0.50,3,子图 运动命令 内部化学连接
16675987,4324567,chem,other,none,5.00,0.50,1,子图 运动命令 内部化学连接
16675987,7025831,chem,other,none,5.00,0.50,1,子图 运动命令 内部化学连接
16675987,7955278,chem,other,none,5.00,0.50,1,子图 运动命令 内部化学连接
16675987,10473853,chem,other,none,5.00,0.50,1,子图 运动命令 内部化学连接
16675987,13007383,chem,other,none,5.00,0.50,1,子图 运动命令 内部化学连接
16675987,14651659,chem,other,none,5.00,0.50,1,子图 运动命令 内部化学连接
16675987,16547281,chem,other,none,5.00,0.50,1,子图 运动命令 内部化学连接
16675987,16952648,chem,other,none,5.00,0.50,1,子图 运动命令 内部化学连接
16675987,16992171,chem,other,none,5.00,0.50,2,子图 运动命令 内部化学连接
16675987,17053270,chem,other,none,5.00,0.50,1,子图 运动命令 内部化学连接
16675987,17353986,chem,other,none,5.00,0.50,1,子图 运动命令 内部化学连接
16675987,17448356,chem,other,none,5.00,0.50,1,子图 运动命令 内部化学连接
16675987,17587734,chem,other,none,5.00,0.50,1,子图 运动命令 内部化学连接
16675987,17732311,chem,other,none,5.00,0.50,2,子图 运动命令 内部化学连接
16675987,17732334,chem,other,none,5.00,0.50,1,子图 运动命令 内部化学连接
16675987,17777031,chem,other,none,5.00,0.50,2,子图 运动命令 内部化学连接
16675987,18929470,chem,other,none,5.00,0.50,1,子图 运动命令 内部化学连接
16676038,3944626,chem,other,none,5.00,0.50,2,子图 运动命令 内部化学连接
16676038,3946166,chem,other,none,5.00,0.50,10,子图 运动命令 内部化学连接
16676038,5996485,chem,other,none,5.00,0.50,1,子图 运动命令 内部化学连接
16676038,6317793,chem,other,none,5.00,0.50,3,子图 运动命令 内部化学连接
16676038,9424902,chem,other,none,5.00,0.50,7,子图 运动命令 内部化学连接
16676038,10100020,chem,other,none,5.00,0.50,1,子图 运动命令 内部化学连接
16676038,10596949,chem,other,none,5.00,0.50,1,子图 运动命令 内部化学连接
16676038,10872426,chem,other,none,5.00,0.50,2,子图 运动命令 内部化学连接
16676038,10922928,chem,other,none,5.00,0.50,1,子图 运动命令 内部化学连接
16676038,13749806,chem,other,none,5.00,0.50,5,子图 运动命令 内部化学连接
16676038,14492757,chem,other,none,5.00,0.50,1,子图 运动命令 内部化学连接
16676038,14655602,chem,other,none,5.00,0.50,3,子图 运动命令 内部化学连接
16676038,15792643,chem,other,none,5.00,0.50,1,子图 运动命令 内部化学连接
16676038,16468935,chem,other,none,5.00,0.50,2,子图 运动命令 内部化学连接
16676038,17321919,chem,other,none,5.00,0.50,4,子图 运动命令 内部化学连接
16683883,4188290,chem,other,none,5.00,0.50,1,子图 运动命令 内部化学连接
16683883,5010581,chem,other,none,5.00,0.50,2,子图 运动命令 内部化学连接
16683883,7476468,chem,other,none,5.00,0.50,1,子图 运动命令 内部化学连接
16683943,4188290,chem,other,none,5.00,0.50,1,子图 运动命令 内部化学连接
16683943,5010581,chem,other,none,5.00,0.50,1,子图 运动命令 内部化学连接
16685117,3021609,chem,other,none,5.00,0.50,1,子图 运动命令 内部化学连接
16685117,7388340,chem,other,none,5.00,0.50,1,子图 运动命令 内部化学连接
16685117,8070872,chem,other,none,5.00,0.50,1,子图 运动命令 内部化学连接
16685117,8142831,chem,other,none,5.00,0.50,6,子图 运动命令 内部化学连接
16685117,8801736,chem,other,none,5.00,0.50,4,子图 运动命令 内部化学连接
16685117,10018150,chem,other,none,5.00,0.50,1,子图 运动命令 内部化学连接
16685117,10523825,chem,other,none,5.00,0.50,2,子图 运动命令 内部化学连接
16685117,10875178,chem,other,none,5.00,0.50,1,子图 运动命令 内部化学连接
16685117,12551020,chem,other,none,5.00,0.50,1,子图 运动命令 内部化学连接
16685117,14754777,chem,other,none,5.00,0.50,1,子图 运动命令 内部化学连接
16685117,15431408,chem,other,none,5.00,0.50,2,子图 运动命令 内部化学连接
16685117,16342197,chem,other,none,5.00,0.50,1,子图 运动命令 内部化学连接
16685117,16428373,chem,other,none,5.00,0.50,2,子图 运动命令 内部化学连接
16685117,16444758,chem,other,none,5.00,0.50,1,子图 运动命令 内部化学连接
16685117,17067625,chem,other,none,5.00,0.50,2,子图 运动命令 内部化学连接
16685117,17354403,chem,other,none,5.00,0.50,2,子图 运动命令 内部化学连接
16685117,17354414,chem,other,none,5.00,0.50,3,子图 运动命令 内部化学连接
16685117,17360282,chem,other,none,5.00,0.50,2,子图 运动命令 内部化学连接
16685117,17732346,chem,other,none,5.00,0.50,4,子图 运动命令 内部化学连接
16685117,17777981,chem,other,none,5.00,0.50,1,子图 运动命令 内部化学连接
16685117,19017386,chem,other,none,5.00,0.50,2,子图 运动命令 内部化学连接
16685117,20379247,chem,other,none,5.00,0.50,1,子图 运动命令 内部化学连接
16693923,8142831,chem,other,none,5.00,0.50,2,子图 运动命令 内部化学连接
16693923,8810141,chem,other,none,5.00,0.50,3,子图 运动命令 内部化学连接
16693923,10317031,chem,other,none,5.00,0.50,6,子图 运动命令 内部化学连接
16693923,10473853,chem,other,none,5.00,0.50,2,子图 运动命令 内部化学连接
16693923,10523825,chem,other,none,5.00,0.50,13,子图 运动命令 内部化学连接
16693923,11022546,chem,other,none,5.00,0.50,2,子图 运动命令 内部化学连接
16693923,11079069,chem,other,none,5.00,0.50,3,子图 运动命令 内部化学连接
16693923,12420898,chem,other,none,5.00,0.50,2,子图 运动命令 内部化学连接
16693923,12654063,chem,other,none,5.00,0.50,2,子图 运动命令 内部化学连接
16693923,14617508,chem,other,none,5.00,0.50,1,子图 运动命令 内部化学连接
16693923,16342197,chem,other,none,5.00,0.50,2,子图 运动命令 内部化学连接
16693923,16937799,chem,other,none,5.00,0.50,7,子图 运动命令 内部化学连接
16693923,17352824,chem,other,none,5.00,0.50,1,子图 运动命令 内部化学连接
16693923,17383431,chem,other,none,5.00,0.50,1,子图 运动命令 内部化学连接
16693923,17655000,chem,other,none,5.00,0.50,1,子图 运动命令 内部化学连接
16693923,17732346,chem,other,none,5.00,0.50,5,子图 运动命令 内部化学连接
16693923,18111410,chem,other,none,5.00,0.50,1,子图 运动命令 内部化学连接
16693923,20379247,chem,other,none,5.00,0.50,2,子图 运动命令 内部化学连接
16709072,1678567,chem,other,none,5.00,0.50,2,子图 运动命令 内部化学连接
16709072,1679034,chem,other,none,5.00,0.50,1,子图 运动命令 内部化学连接
16709072,8271875,chem,other,none,5.00,0.50,3,子图 运动命令 内部化学连接
16709072,9154024,chem,other,none,5.00,0.50,1,子图 运动命令 内部化学连接
16709072,10553248,chem,other,none,5.00,0.50,2,子图 运动命令 内部化学连接
16709072,10728328,chem,other,none,5.00,0.50,2,子图 运动命令 内部化学连接
16709072,10728333,chem,other,none,5.00,0.50,6,子图 运动命令 内部化学连接
16709072,12252572,chem,other,none,5.00,0.50,1,子图 运动命令 内部化学连接
16709072,13557064,chem,other,none,5.00,0.50,3,子图 运动命令 内部化学连接
16709072,14492757,chem,other,none,5.00,0.50,1,子图 运动命令 内部化学连接
16709072,14726069,chem,other,none,5.00,0.50,2,子图 运动命令 内部化学连接
16709072,16345627,chem,other,none,5.00,0.50,1,子图 运动命令 内部化学连接
16709072,16545264,chem,other,none,5.00,0.50,3,子图 运动命令 内部化学连接
16709072,16560178,chem,other,none,5.00,0.50,1,子图 运动命令 内部化学连接
16709072,16851718,chem,other,none,5.00,0.50,1,子图 运动命令 内部化学连接
16709072,16851791,chem,other,none,5.00,0.50,1,子图 运动命令 内部化学连接
16709072,16852421,chem,other,none,5.00,0.50,2,子图 运动命令 内部化学连接
16709072,16852589,chem,other,none,5.00,0.50,5,子图 运动命令 内部化学连接
16709072,17022668,chem,other,none,5.00,0.50,4,子图 运动命令 内部化学连接
16709072,17173852,chem,other,none,5.00,0.50,1,子图 运动命令 内部化学连接
16709072,17454636,chem,other,none,5.00,0.50,21,子图 运动命令 内部化学连接
16709072,18464581,chem,other,none,5.00,0.50,3,子图 运动命令 内部化学连接
16709072,18551732,chem,other,none,5.00,0.50,19,子图 运动命令 内部化学连接
16713227,5794678,chem,other,none,5.00,0.50,1,子图 运动命令 内部化学连接
16713227,10781924,chem,other,none,5.00,0.50,1,子图 运动命令 内部化学连接
16713227,14539753,chem,other,none,5.00,0.50,4,子图 运动命令 内部化学连接
16714214,3021609,chem,other,none,5.00,0.50,2,子图 运动命令 内部化学连接
16714214,5369028,chem,other,none,5.00,0.50,1,子图 运动命令 内部化学连接
16714214,8127390,chem,other,none,5.00,0.50,1,子图 运动命令 内部化学连接
16714214,8592501,chem,other,none,5.00,0.50,1,子图 运动命令 内部化学连接
16714214,12030078,chem,other,none,5.00,0.50,1,子图 运动命令 内部化学连接
16714214,12031406,chem,other,none,5.00,0.50,5,子图 运动命令 内部化学连接
16714214,12551020,chem,other,none,5.00,0.50,1,子图 运动命令 内部化学连接
16714214,14754777,chem,other,none,5.00,0.50,2,子图 运动命令 内部化学连接
16714214,14756061,chem,other,none,5.00,0.50,1,子图 运动命令 内部化学连接
16714214,15481779,chem,other,none,5.00,0.50,2,子图 运动命令 内部化学连接
16714214,15589738,chem,other,none,5.00,0.50,3,子图 运动命令 内部化学连接
16714214,15601640,chem,other,none,5.00,0.50,1,子图 运动命令 内部化学连接
16714214,16340461,chem,other,none,5.00,0.50,1,子图 运动命令 内部化学连接
16714214,16685117,chem,other,none,5.00,0.50,1,子图 运动命令 内部化学连接
16714214,17378648,chem,other,none,5.00,0.50,1,子图 运动命令 内部化学连接
16714214,17379298,chem,other,none,5.00,0.50,12,子图 运动命令 内部化学连接
16714214,17654967,chem,other,none,5.00,0.50,1,子图 运动命令 内部化学连接
16714214,17755491,chem,other,none,5.00,0.50,2,子图 运动命令 内部化学连接
16714214,17777981,chem,other,none,5.00,0.50,2,子图 运动命令 内部化学连接
16742642,3944626,chem,other,none,5.00,0.50,1,子图 运动命令 内部化学连接
16742642,3945136,chem,other,none,5.00,0.50,2,子图 运动命令 内部化学连接
16742642,4901087,chem,other,none,5.00,0.50,1,子图 运动命令 内部化学连接
16742642,9424902,chem,other,none,5.00,0.50,21,子图 运动命令 内部化学连接
16742642,10345590,chem,other,none,5.00,0.50,1,子图 运动命令 内部化学连接
16742642,10792617,chem,other,none,5.00,0.50,2,子图 运动命令 内部化学连接
16742642,10872426,chem,other,none,5.00,0.50,3,子图 运动命令 内部化学连接
16742642,17384874,chem,other,none,5.00,0.50,2,子图 运动命令 内部化学连接
16742642,17415439,chem,other,none,5.00,0.50,1,子图 运动命令 内部化学连接
16742642,17728922,chem,other,none,5.00,0.50,3,子图 运动命令 内部化学连接
16848587,1646076,chem,other,none,5.00,0.50,7,子图 运动命令 内部化学连接
16848587,1868538,chem,other,none,5.00,0.50,7,子图 运动命令 内部化学连接
16848587,1961182,chem,other,none,5.00,0.50,1,子图 运动命令 内部化学连接
16848587,1980134,chem,other,none,5.00,0.50,3,子图 运动命令 内部化学连接
16848587,2669844,chem,other,none,5.00,0.50,9,子图 运动命令 内部化学连接
16848587,3021609,chem,other,none,5.00,0.50,6,子图 运动命令 内部化学连接
16848587,3027876,chem,other,none,5.00,0.50,1,子图 运动命令 内部化学连接
16848587,3764792,chem,other,none,5.00,0.50,1,子图 运动命令 内部化学连接
16848587,3944626,chem,other,none,5.00,0.50,5,子图 运动命令 内部化学连接
16848587,3945756,chem,other,none,5.00,0.50,4,子图 运动命令 内部化学连接
16848587,4110483,chem,other,none,5.00,0.50,1,子图 运动命令 内部化学连接
16848587,4876839,chem,other,none,5.00,0.50,2,子图 运动命令 内部化学连接
16848587,5754346,chem,other,none,5.00,0.50,2,子图 运动命令 内部化学连接
16848587,5936935,chem,other,none,5.00,0.50,1,子图 运动命令 内部化学连接
16848587,7005145,chem,other,none,5.00,0.50,1,子图 运动命令 内部化学连接
16848587,7590264,chem,other,none,5.00,0.50,2,子图 运动命令 内部化学连接
16848587,7982307,chem,other,none,5.00,0.50,7,子图 运动命令 内部化学连接
16848587,8127390,chem,other,none,5.00,0.50,1,子图 运动命令 内部化学连接
16848587,8566140,chem,other,none,5.00,0.50,1,子图 运动命令 内部化学连接
16848587,8571259,chem,other,none,5.00,0.50,1,子图 运动命令 内部化学连接
16848587,8572353,chem,other,none,5.00,0.50,7,子图 运动命令 内部化学连接
16848587,9116228,chem,other,none,5.00,0.50,5,子图 运动命令 内部化学连接
16848587,9424902,chem,other,none,5.00,0.50,2,子图 运动命令 内部化学连接
16848587,9480916,chem,other,none,5.00,0.50,2,子图 运动命令 内部化学连接
16848587,9753494,chem,other,none,5.00,0.50,2,子图 运动命令 内部化学连接
16848587,10100020,chem,other,none,5.00,0.50,7,子图 运动命令 内部化学连接
16848587,10276161,chem,other,none,5.00,0.50,5,子图 运动命令 内部化学连接
16848587,10449035,chem,other,none,5.00,0.50,1,子图 运动命令 内部化学连接
16848587,10583715,chem,other,none,5.00,0.50,1,子图 运动命令 内部化学连接
16848587,10596949,chem,other,none,5.00,0.50,2,子图 运动命令 内部化学连接
16848587,10600188,chem,other,none,5.00,0.50,6,子图 运动命令 内部化学连接
16848587,10716080,chem,other,none,5.00,0.50,3,子图 运动命令 内部化学连接
16848587,10728318,chem,other,none,5.00,0.50,2,子图 运动命令 内部化学连接
16848587,10781924,chem,other,none,5.00,0.50,1,子图 运动命令 内部化学连接
16848587,11306294,chem,other,none,5.00,0.50,1,子图 运动命令 内部化学连接
16848587,11348509,chem,other,none,5.00,0.50,1,子图 运动命令 内部化学连接
16848587,12031406,chem,other,none,5.00,0.50,1,子图 运动命令 内部化学连接
16848587,12551020,chem,other,none,5.00,0.50,6,子图 运动命令 内部化学连接
16848587,13763548,chem,other,none,5.00,0.50,5,子图 运动命令 内部化学连接
16848587,13818467,chem,other,none,5.00,0.50,1,子图 运动命令 内部化学连接
16848587,14501257,chem,other,none,5.00,0.50,8,子图 运动命令 内部化学连接
16848587,14617508,chem,other,none,5.00,0.50,4,子图 运动命令 内部化学连接
16848587,14680483,chem,other,none,5.00,0.50,9,子图 运动命令 内部化学连接
16848587,14753815,chem,other,none,5.00,0.50,2,子图 运动命令 内部化学连接
16848587,14754777,chem,other,none,5.00,0.50,3,子图 运动命令 内部化学连接
16848587,14756061,chem,other,none,5.00,0.50,2,子图 运动命令 内部化学连接
16848587,15629759,chem,other,none,5.00,0.50,1,子图 运动命令 内部化学连接
16848587,15897280,chem,other,none,5.00,0.50,9,子图 运动命令 内部化学连接
16848587,16115255,chem,other,none,5.00,0.50,1,子图 运动命令 内部化学连接
16848587,16195633,chem,other,none,5.00,0.50,4,子图 运动命令 内部化学连接
16848587,16340011,chem,other,none,5.00,0.50,1,子图 运动命令 内部化学连接
16848587,16340977,chem,other,none,5.00,0.50,1,子图 运动命令 内部化学连接
16848587,16415910,chem,other,none,5.00,0.50,7,子图 运动命令 内部化学连接
16848587,16468935,chem,other,none,5.00,0.50,1,子图 运动命令 内部化学连接
16848587,16863538,chem,other,none,5.00,0.50,1,子图 运动命令 内部化学连接
16848587,17087885,chem,other,none,5.00,0.50,2,子图 运动命令 内部化学连接
16848587,17328580,chem,other,none,5.00,0.50,3,子图 运动命令 内部化学连接
16848587,17354403,chem,other,none,5.00,0.50,2,子图 运动命令 内部化学连接
16848587,17354414,chem,other,none,5.00,0.50,2,子图 运动命令 内部化学连接
16848587,17359501,chem,other,none,5.00,0.50,3,子图 运动命令 内部化学连接
16848587,17360282,chem,other,none,5.00,0.50,3,子图 运动命令 内部化学连接
16848587,17587730,chem,other,none,5.00,0.50,1,子图 运动命令 内部化学连接
16848587,17658948,chem,other,none,5.00,0.50,3,子图 运动命令 内部化学连接
16848587,17729335,chem,other,none,5.00,0.50,1,子图 运动命令 内部化学连接
16848587,17729347,chem,other,none,5.00,0.50,1,子图 运动命令 内部化学连接
16848587,18111410,chem,other,none,5.00,0.50,1,子图 运动命令 内部化学连接
16848587,18232369,chem,other,none,5.00,0.50,1,子图 运动命令 内部化学连接
16848587,18305433,chem,other,none,5.00,0.50,3,子图 运动命令 内部化学连接
16848587,18501001,chem,other,none,5.00,0.50,1,子图 运动命令 内部化学连接
16848587,19017386,chem,other,none,5.00,0.50,1,子图 运动命令 内部化学连接
16848587,19132527,chem,other,none,5.00,0.50,1,子图 运动命令 内部化学连接
16848587,19298625,chem,other,none,5.00,0.50,1,子图 运动命令 内部化学连接
16848587,20443362,chem,other,none,5.00,0.50,3,子图 运动命令 内部化学连接
16848587,20479904,chem,other,none,5.00,0.50,5,子图 运动命令 内部化学连接
16851496,10238739,chem,other,none,5.00,0.50,1,子图 运动命令 内部化学连接
16851496,13736919,chem,other,none,5.00,0.50,1,子图 运动命令 内部化学连接
16851496,15894178,chem,other,none,5.00,0.50,1,子图 运动命令 内部化学连接
16851496,15897280,chem,other,none,5.00,0.50,1,子图 运动命令 内部化学连接
16851496,16545113,chem,other,none,5.00,0.50,3,子图 运动命令 内部化学连接
16851496,16545264,chem,other,none,5.00,0.50,1,子图 运动命令 内部化学连接
16851496,16667592,chem,other,none,5.00,0.50,2,子图 运动命令 内部化学连接
16851496,17736654,chem,other,none,5.00,0.50,2,子图 运动命令 内部化学连接
16851496,18076102,chem,other,none,5.00,0.50,1,子图 运动命令 内部化学连接
16851577,4324567,chem,other,none,5.00,0.50,2,子图 运动命令 内部化学连接
16851577,7057730,chem,other,none,5.00,0.50,6,子图 运动命令 内部化学连接
16851577,9068024,chem,other,none,5.00,0.50,1,子图 运动命令 内部化学连接
16851577,12598741,chem,other,none,5.00,0.50,2,子图 运动命令 内部化学连接
16851577,13028455,chem,other,none,5.00,0.50,1,子图 运动命令 内部化学连接
16851577,16327998,chem,other,none,5.00,0.50,1,子图 运动命令 内部化学连接
16851577,16545113,chem,other,none,5.00,0.50,7,子图 运动命令 内部化学连接
16851577,16547281,chem,other,none,5.00,0.50,1,子图 运动命令 内部化学连接
16851577,16560178,chem,other,none,5.00,0.50,3,子图 运动命令 内部化学连接
16851577,16667592,chem,other,none,5.00,0.50,2,子图 运动命令 内部化学连接
16851577,16670540,chem,other,none,5.00,0.50,3,子图 运动命令 内部化学连接
16851577,16851496,chem,other,none,5.00,0.50,1,子图 运动命令 内部化学连接
16851577,16928740,chem,other,none,5.00,0.50,1,子图 运动命令 内部化学连接
16851577,16952642,chem,other,none,5.00,0.50,6,子图 运动命令 内部化学连接
16851577,16952671,chem,other,none,5.00,0.50,1,子图 运动命令 内部化学连接
16851577,16952691,chem,other,none,5.00,0.50,1,子图 运动命令 内部化学连接
16851577,17022668,chem,other,none,5.00,0.50,1,子图 运动命令 内部化学连接
16851577,17173852,chem,other,none,5.00,0.50,1,子图 运动命令 内部化学连接
16851577,17357979,chem,other,none,5.00,0.50,1,子图 运动命令 内部化学连接
16851577,17448356,chem,other,none,5.00,0.50,3,子图 运动命令 内部化学连接
16851577,17809869,chem,other,none,5.00,0.50,2,子图 运动命令 内部化学连接
16851577,18076102,chem,other,none,5.00,0.50,3,子图 运动命令 内部化学连接
16851577,18267838,chem,other,none,5.00,0.50,1,子图 运动命令 内部化学连接
16851577,19361427,chem,other,none,5.00,0.50,1,子图 运动命令 内部化学连接
16851718,1678567,chem,other,none,5.00,0.50,1,子图 运动命令 内部化学连接
16851718,4966994,chem,other,none,5.00,0.50,9,子图 运动命令 内部化学连接
16851718,8025665,chem,other,none,5.00,0.50,1,子图 运动命令 内部化学连接
16851718,8271875,chem,other,none,5.00,0.50,12,子图 运动命令 内部化学连接
16851718,10553248,chem,other,none,5.00,0.50,1,子图 运动命令 内部化学连接
16851718,10880408,chem,other,none,5.00,0.50,1,子图 运动命令 内部化学连接
16851718,11362334,chem,other,none,5.00,0.50,2,子图 运动命令 内部化学连接
16851718,11625573,chem,other,none,5.00,0.50,1,子图 运动命令 内部化学连接
16851718,12935706,chem,other,none,5.00,0.50,1,子图 运动命令 内部化学连接
16851718,14492757,chem,other,none,5.00,0.50,1,子图 运动命令 内部化学连接
16851718,14726069,chem,other,none,5.00,0.50,1,子图 运动命令 内部化学连接
16851718,15005403,chem,other,none,5.00,0.50,1,子图 运动命令 内部化学连接
16851718,16471422,chem,other,none,5.00,0.50,1,子图 运动命令 内部化学连接
16851718,16545264,chem,other,none,5.00,0.50,1,子图 运动命令 内部化学连接
16851718,16547281,chem,other,none,5.00,0.50,1,子图 运动命令 内部化学连接
16851718,16562142,chem,other,none,5.00,0.50,1,子图 运动命令 内部化学连接
16851718,16709072,chem,other,none,5.00,0.50,8,子图 运动命令 内部化学连接
16851718,16851496,chem,other,none,5.00,0.50,5,子图 运动命令 内部化学连接
16851718,16851791,chem,other,none,5.00,0.50,1,子图 运动命令 内部化学连接
16851718,17454636,chem,other,none,5.00,0.50,1,子图 运动命令 内部化学连接
16851718,18538744,chem,other,none,5.00,0.50,10,子图 运动命令 内部化学连接
16851718,18545747,chem,other,none,5.00,0.50,2,子图 运动命令 内部化学连接
16851791,3979181,chem,other,none,5.00,0.50,1,子图 运动命令 内部化学连接
16851791,4966994,chem,other,none,5.00,0.50,1,子图 运动命令 内部化学连接
16851791,5768240,chem,other,none,5.00,0.50,1,子图 运动命令 内部化学连接
16851791,7025064,chem,other,none,5.00,0.50,2,子图 运动命令 内部化学连接
16851791,7700444,chem,other,none,5.00,0.50,3,子图 运动命令 内部化学连接
16851791,10240382,chem,other,none,5.00,0.50,1,子图 运动命令 内部化学连接
16851791,10553248,chem,other,none,5.00,0.50,1,子图 运动命令 内部化学连接
16851791,10728328,chem,other,none,5.00,0.50,3,子图 运动命令 内部化学连接
16851791,10728333,chem,other,none,5.00,0.50,5,子图 运动命令 内部化学连接
16851791,10921106,chem,other,none,5.00,0.50,4,子图 运动命令 内部化学连接
16851791,11625573,chem,other,none,5.00,0.50,1,子图 运动命令 内部化学连接
16851791,13557064,chem,other,none,5.00,0.50,5,子图 运动命令 内部化学连接
16851791,14586769,chem,other,none,5.00,0.50,2,子图 运动命令 内部化学连接
16851791,14726069,chem,other,none,5.00,0.50,2,子图 运动命令 内部化学连接
16851791,14999928,chem,other,none,5.00,0.50,1,子图 运动命令 内部化学连接
16851791,15512408,chem,other,none,5.00,0.50,2,子图 运动命令 内部化学连接
16851791,15629759,chem,other,none,5.00,0.50,1,子图 运动命令 内部化学连接
16851791,16167914,chem,other,none,5.00,0.50,2,子图 运动命令 内部化学连接
16851791,16471422,chem,other,none,5.00,0.50,2,子图 运动命令 内部化学连接
16851791,16851496,chem,other,none,5.00,0.50,7,子图 运动命令 内部化学连接
16851791,16852589,chem,other,none,5.00,0.50,4,子图 运动命令 内部化学连接
16851791,17165755,chem,other,none,5.00,0.50,8,子图 运动命令 内部化学连接
16851791,17356442,chem,other,none,5.00,0.50,1,子图 运动命令 内部化学连接
16851791,17454636,chem,other,none,5.00,0.50,4,子图 运动命令 内部化学连接
16851791,18058793,chem,other,none,5.00,0.50,3,子图 运动命令 内部化学连接
16851791,18464581,chem,other,none,5.00,0.50,1,子图 运动命令 内部化学连接
16851791,18551732,chem,other,none,5.00,0.50,12,子图 运动命令 内部化学连接
16852421,1646076,chem,other,none,5.00,0.50,1,子图 运动命令 内部化学连接
16852421,1678567,chem,other,none,5.00,0.50,1,子图 运动命令 内部化学连接
16852421,4966994,chem,other,none,5.00,0.50,1,子图 运动命令 内部化学连接
16852421,5164129,chem,other,none,5.00,0.50,2,子图 运动命令 内部化学连接
16852421,5805651,chem,other,none,5.00,0.50,1,子图 运动命令 内部化学连接
16852421,5816138,chem,other,none,5.00,0.50,1,子图 运动命令 内部化学连接
16852421,6154200,chem,other,none,5.00,0.50,1,子图 运动命令 内部化学连接
16852421,6610913,chem,other,none,5.00,0.50,5,子图 运动命令 内部化学连接
16852421,7025064,chem,other,none,5.00,0.50,4,子图 运动命令 内部化学连接
16852421,8161142,chem,other,none,5.00,0.50,2,子图 运动命令 内部化学连接
16852421,8161148,chem,other,none,5.00,0.50,16,子图 运动命令 内部化学连接
16852421,8496618,chem,other,none,5.00,0.50,4,子图 运动命令 内部化学连接
16852421,9034378,chem,other,none,5.00,0.50,3,子图 运动命令 内部化学连接
16852421,9235545,chem,other,none,5.00,0.50,1,子图 运动命令 内部化学连接
16852421,9714476,chem,other,none,5.00,0.50,1,子图 运动命令 内部化学连接
16852421,10248031,chem,other,none,5.00,0.50,1,子图 运动命令 内部化学连接
16852421,10553248,chem,other,none,5.00,0.50,3,子图 运动命令 内部化学连接
16852421,10728328,chem,other,none,5.00,0.50,6,子图 运动命令 内部化学连接
16852421,10728333,chem,other,none,5.00,0.50,9,子图 运动命令 内部化学连接
16852421,10921106,chem,other,none,5.00,0.50,4,子图 运动命令 内部化学连接
16852421,11362334,chem,other,none,5.00,0.50,1,子图 运动命令 内部化学连接
16852421,11625573,chem,other,none,5.00,0.50,4,子图 运动命令 内部化学连接
16852421,12031406,chem,other,none,5.00,0.50,1,子图 运动命令 内部化学连接
16852421,12474815,chem,other,none,5.00,0.50,1,子图 运动命令 内部化学连接
16852421,12935706,chem,other,none,5.00,0.50,1,子图 运动命令 内部化学连接
16852421,13557064,chem,other,none,5.00,0.50,12,子图 运动命令 内部化学连接
16852421,13714311,chem,other,none,5.00,0.50,1,子图 运动命令 内部化学连接
16852421,13727202,chem,other,none,5.00,0.50,15,子图 运动命令 内部化学连接
16852421,14586769,chem,other,none,5.00,0.50,2,子图 运动命令 内部化学连接
16852421,14726069,chem,other,none,5.00,0.50,1,子图 运动命令 内部化学连接
16852421,15467736,chem,other,none,5.00,0.50,1,子图 运动命令 内部化学连接
16852421,15539984,chem,other,none,5.00,0.50,2,子图 运动命令 内部化学连接
16852421,15722990,chem,other,none,5.00,0.50,1,子图 运动命令 内部化学连接
16852421,16340461,chem,other,none,5.00,0.50,1,子图 运动命令 内部化学连接
16852421,16340977,chem,other,none,5.00,0.50,1,子图 运动命令 内部化学连接
16852421,16388736,chem,other,none,5.00,0.50,2,子图 运动命令 内部化学连接
16852421,16471422,chem,other,none,5.00,0.50,1,子图 运动命令 内部化学连接
16852421,16651566,chem,other,none,5.00,0.50,1,子图 运动命令 内部化学连接
16852421,16709072,chem,other,none,5.00,0.50,2,子图 运动命令 内部化学连接
16852421,16851496,chem,other,none,5.00,0.50,3,子图 运动命令 内部化学连接
16852421,16851718,chem,other,none,5.00,0.50,2,子图 运动命令 内部化学连接
16852421,16852421,chem,other,none,5.00,0.50,1,子图 运动命令 内部化学连接
16852421,16852589,chem,other,none,5.00,0.50,1,子图 运动命令 内部化学连接
16852421,17022668,chem,other,none,5.00,0.50,2,子图 运动命令 内部化学连接
16852421,17356024,chem,other,none,5.00,0.50,1,子图 运动命令 内部化学连接
16852421,17454636,chem,other,none,5.00,0.50,3,子图 运动命令 内部化学连接
16852421,18464581,chem,other,none,5.00,0.50,7,子图 运动命令 内部化学连接
16852421,18545747,chem,other,none,5.00,0.50,5,子图 运动命令 内部化学连接
16852421,18551732,chem,other,none,5.00,0.50,13,子图 运动命令 内部化学连接
16852421,19048289,chem,other,none,5.00,0.50,1,子图 运动命令 内部化学连接
16852421,20151537,chem,other,none,5.00,0.50,1,子图 运动命令 内部化学连接
16852589,2650887,chem,other,none,5.00,0.50,8,子图 运动命令 内部化学连接
16852589,4311241,chem,other,none,5.00,0.50,1,子图 运动命令 内部化学连接
16852589,4749004,chem,other,none,5.00,0.50,12,子图 运动命令 内部化学连接
16852589,5859372,chem,other,none,5.00,0.50,23,子图 运动命令 内部化学连接
16852589,5935744,chem,other,none,5.00,0.50,1,子图 运动命令 内部化学连接
16852589,8993049,chem,other,none,5.00,0.50,1,子图 运动命令 内部化学连接
16852589,9097065,chem,other,none,5.00,0.50,2,子图 运动命令 内部化学连接
16852589,9235545,chem,other,none,5.00,0.50,5,子图 运动命令 内部化学连接
16852589,9237734,chem,other,none,5.00,0.50,2,子图 运动命令 内部化学连接
16852589,9961098,chem,other,none,5.00,0.50,3,子图 运动命令 内部化学连接
16852589,10017944,chem,other,none,5.00,0.50,1,子图 运动命令 内部化学连接
16852589,10964258,chem,other,none,5.00,0.50,1,子图 运动命令 内部化学连接
16852589,13764822,chem,other,none,5.00,0.50,2,子图 运动命令 内部化学连接
16852589,13953184,chem,other,none,5.00,0.50,1,子图 运动命令 内部化学连接
16852589,14334367,chem,other,none,5.00,0.50,1,子图 运动命令 内部化学连接
16852589,15732503,chem,other,none,5.00,0.50,3,子图 运动命令 内部化学连接
16852589,15732509,chem,other,none,5.00,0.50,5,子图 运动命令 内部化学连接
16852589,15800115,chem,other,none,5.00,0.50,25,子图 运动命令 内部化学连接
16852589,16361363,chem,other,none,5.00,0.50,3,子图 运动命令 内部化学连接
16852589,16913476,chem,other,none,5.00,0.50,1,子图 运动命令 内部化学连接
16852589,16924423,chem,other,none,5.00,0.50,13,子图 运动命令 内部化学连接
16852589,17323054,chem,other,none,5.00,0.50,12,子图 运动命令 内部化学连接
16852589,17357979,chem,other,none,5.00,0.50,1,子图 运动命令 内部化学连接
16852589,17435815,chem,other,none,5.00,0.50,11,子图 运动命令 内部化学连接
16852589,17639824,chem,other,none,5.00,0.50,1,子图 运动命令 内部化学连接
16852589,18500988,chem,other,none,5.00,0.50,2,子图 运动命令 内部化学连接
16863538,7439913,chem,other,none,5.00,0.50,1,子图 运动命令 内部化学连接
16863538,10018150,chem,other,none,5.00,0.50,2,子图 运动命令 内部化学连接
16863538,10921106,chem,other,none,5.00,0.50,2,子图 运动命令 内部化学连接
16863538,12420898,chem,other,none,5.00,0.50,4,子图 运动命令 内部化学连接
16863538,14579509,chem,other,none,5.00,0.50,10,子图 运动命令 内部化学连接
16863538,14621584,chem,other,none,5.00,0.50,1,子图 运动命令 内部化学连接
16863538,14651659,chem,other,none,5.00,0.50,1,子图 运动命令 内部化学连接
16863538,16415910,chem,other,none,5.00,0.50,1,子图 运动命令 内部化学连接
16863538,16422727,chem,other,none,5.00,0.50,1,子图 运动命令 内部化学连接
16863538,16545101,chem,other,none,5.00,0.50,1,子图 运动命令 内部化学连接
16863538,16561224,chem,other,none,5.00,0.50,1,子图 运动命令 内部化学连接
16863538,16561660,chem,other,none,5.00,0.50,1,子图 运动命令 内部化学连接
16863538,16670540,chem,other,none,5.00,0.50,2,子图 运动命令 内部化学连接
16863538,16852622,chem,other,none,5.00,0.50,2,子图 运动命令 内部化学连接
16863538,16952665,chem,other,none,5.00,0.50,3,子图 运动命令 内部化学连接
16863538,16952671,chem,other,none,5.00,0.50,2,子图 运动命令 内部化学连接
16863538,17173852,chem,other,none,5.00,0.50,6,子图 运动命令 内部化学连接
16863538,17358891,chem,other,none,5.00,0.50,5,子图 运动命令 内部化学连接
16863538,17732256,chem,other,none,5.00,0.50,1,子图 运动命令 内部化学连接
16863538,18485293,chem,other,none,5.00,0.50,1,子图 运动命令 内部化学连接
16863538,18929470,chem,other,none,5.00,0.50,5,子图 运动命令 内部化学连接
16884962,11714576,chem,other,none,5.00,0.50,4,子图 运动命令 内部化学连接
16884962,13849557,chem,other,none,5.00,0.50,2,子图 运动命令 内部化学连接
16884962,14334367,chem,other,none,5.00,0.50,8,子图 运动命令 内部化学连接
16884962,15481779,chem,other,none,5.00,0.50,1,子图 运动命令 内部化学连接
16884962,17304269,chem,other,none,5.00,0.50,2,子图 运动命令 内部化学连接
16884962,17698681,chem,other,none,5.00,0.50,1,子图 运动命令 内部化学连接
16884962,19054481,chem,other,none,5.00,0.50,10,子图 运动命令 内部化学连接
16910799,1678567,chem,other,none,5.00,0.50,9,子图 运动命令 内部化学连接
16910799,1679034,chem,other,none,5.00,0.50,1,子图 运动命令 内部化学连接
16910799,3979181,chem,other,none,5.00,0.50,5,子图 运动命令 内部化学连接
16910799,4311241,chem,other,none,5.00,0.50,1,子图 运动命令 内部化学连接
16910799,5745929,chem,other,none,5.00,0.50,5,子图 运动命令 内部化学连接
16910799,5856647,chem,other,none,5.00,0.50,8,子图 运动命令 内部化学连接
16910799,6610913,chem,other,none,5.00,0.50,2,子图 运动命令 内部化学连接
16910799,7700444,chem,other,none,5.00,0.50,1,子图 运动命令 内部化学连接
16910799,8357933,chem,other,none,5.00,0.50,14,子图 运动命令 内部化学连接
16910799,9034378,chem,other,none,5.00,0.50,1,子图 运动命令 内部化学连接
16910799,9068024,chem,other,none,5.00,0.50,11,子图 运动命令 内部化学连接
16910799,9235545,chem,other,none,5.00,0.50,1,子图 运动命令 内部化学连接
16910799,10234576,chem,other,none,5.00,0.50,2,子图 运动命令 内部化学连接
16910799,10581624,chem,other,none,5.00,0.50,3,子图 运动命令 内部化学连接
16910799,10758204,chem,other,none,5.00,0.50,3,子图 运动命令 内部化学连接
16910799,10964258,chem,other,none,5.00,0.50,6,子图 运动命令 内部化学连接
16910799,11841664,chem,other,none,5.00,0.50,42,子图 运动命令 内部化学连接
16910799,12031406,chem,other,none,5.00,0.50,2,子图 运动命令 内部化学连接
16910799,13028455,chem,other,none,5.00,0.50,2,子图 运动命令 内部化学连接
16910799,13714311,chem,other,none,5.00,0.50,2,子图 运动命令 内部化学连接
16910799,14241490,chem,other,none,5.00,0.50,18,子图 运动命令 内部化学连接
16910799,14334367,chem,other,none,5.00,0.50,6,子图 运动命令 内部化学连接
16910799,15512404,chem,other,none,5.00,0.50,1,子图 运动命令 内部化学连接
16910799,15512408,chem,other,none,5.00,0.50,1,子图 运动命令 内部化学连接
16910799,15513540,chem,other,none,5.00,0.50,1,子图 运动命令 内部化学连接
16910799,15516413,chem,other,none,5.00,0.50,6,子图 运动命令 内部化学连接
16910799,15995958,chem,other,none,5.00,0.50,1,子图 运动命令 内部化学连接
16910799,16327998,chem,other,none,5.00,0.50,8,子图 运动命令 内部化学连接
16910799,16545113,chem,other,none,5.00,0.50,12,子图 运动命令 内部化学连接
16910799,16547281,chem,other,none,5.00,0.50,6,子图 运动命令 内部化学连接
16910799,16560178,chem,other,none,5.00,0.50,14,子图 运动命令 内部化学连接
16910799,16635345,chem,other,none,5.00,0.50,9,子图 运动命令 内部化学连接
16910799,16667306,chem,other,none,5.00,0.50,2,子图 运动命令 内部化学连接
16910799,16851496,chem,other,none,5.00,0.50,1,子图 运动命令 内部化学连接
16910799,16851577,chem,other,none,5.00,0.50,3,子图 运动命令 内部化学连接
16910799,16910799,chem,other,none,5.00,0.50,1,子图 运动命令 内部化学连接
16910799,16950115,chem,other,none,5.00,0.50,1,子图 运动命令 内部化学连接
16910799,16952691,chem,other,none,5.00,0.50,8,子图 运动命令 内部化学连接
16910799,17173852,chem,other,none,5.00,0.50,10,子图 运动命令 内部化学连接
16910799,17357979,chem,other,none,5.00,0.50,3,子图 运动命令 内部化学连接
16910799,17360404,chem,other,none,5.00,0.50,1,子图 运动命令 内部化学连接
16910799,17589475,chem,other,none,5.00,0.50,1,子图 运动命令 内部化学连接
16910799,17732256,chem,other,none,5.00,0.50,7,子图 运动命令 内部化学连接
16910799,17736654,chem,other,none,5.00,0.50,1,子图 运动命令 内部化学连接
16910799,17736755,chem,other,none,5.00,0.50,2,子图 运动命令 内部化学连接
16910799,17777031,chem,other,none,5.00,0.50,6,子图 运动命令 内部化学连接
16910799,17809869,chem,other,none,5.00,0.50,1,子图 运动命令 内部化学连接
16910799,18566361,chem,other,none,5.00,0.50,1,子图 运动命令 内部化学连接
16913476,1678567,chem,other,none,5.00,0.50,3,子图 运动命令 内部化学连接
16913476,2650887,chem,other,none,5.00,0.50,1,子图 运动命令 内部化学连接
16913476,5856647,chem,other,none,5.00,0.50,1,子图 运动命令 内部化学连接
16913476,5935744,chem,other,none,5.00,0.50,1,子图 运动命令 内部化学连接
16913476,6188181,chem,other,none,5.00,0.50,3,子图 运动命令 内部化学连接
16913476,6190181,chem,other,none,5.00,0.50,1,子图 运动命令 内部化学连接
16913476,10964258,chem,other,none,5.00,0.50,1,子图 运动命令 内部化学连接
16913476,11841664,chem,other,none,5.00,0.50,2,子图 运动命令 内部化学连接
16913476,14241490,chem,other,none,5.00,0.50,1,子图 运动命令 内部化学连接
16913476,14334367,chem,other,none,5.00,0.50,4,子图 运动命令 内部化学连接
16913476,15005403,chem,other,none,5.00,0.50,1,子图 运动命令 内部化学连接
16913476,15525711,chem,other,none,5.00,0.50,2,子图 运动命令 内部化学连接
16913476,15525794,chem,other,none,5.00,0.50,7,子图 运动命令 内部化学连接
16913476,16560178,chem,other,none,5.00,0.50,2,子图 运动命令 内部化学连接
16913476,16635345,chem,other,none,5.00,0.50,1,子图 运动命令 内部化学连接
16913476,16667306,chem,other,none,5.00,0.50,1,子图 运动命令 内部化学连接
16913476,16950115,chem,other,none,5.00,0.50,1,子图 运动命令 内部化学连接
16913476,16952691,chem,other,none,5.00,0.50,1,子图 运动命令 内部化学连接
16913476,16992171,chem,other,none,5.00,0.50,3,子图 运动命令 内部化学连接
16913476,17105218,chem,other,none,5.00,0.50,5,子图 运动命令 内部化学连接
16913476,17110007,chem,other,none,5.00,0.50,3,子图 运动命令 内部化学连接
16913476,17736755,chem,other,none,5.00,0.50,1,子图 运动命令 内部化学连接
16913476,19091995,chem,other,none,5.00,0.50,1,子图 运动命令 内部化学连接
16924423,3944626,chem,other,none,5.00,0.50,1,子图 运动命令 内部化学连接
16924423,5162462,chem,other,none,5.00,0.50,1,子图 运动命令 内部化学连接
16924423,5319633,chem,other,none,5.00,0.50,2,子图 运动命令 内部化学连接
16924423,5859372,chem,other,none,5.00,0.50,4,子图 运动命令 内部化学连接
16924423,6154921,chem,other,none,5.00,0.50,1,子图 运动命令 内部化学连接
16924423,6610913,chem,other,none,5.00,0.50,2,子图 运动命令 内部化学连接
16924423,8391330,chem,other,none,5.00,0.50,8,子图 运动命令 内部化学连接
16924423,8993049,chem,other,none,5.00,0.50,2,子图 运动命令 内部化学连接
16924423,9237734,chem,other,none,5.00,0.50,2,子图 运动命令 内部化学连接
16924423,9714476,chem,other,none,5.00,0.50,1,子图 运动命令 内部化学连接
16924423,10248031,chem,other,none,5.00,0.50,1,子图 运动命令 内部化学连接
16924423,10964258,chem,other,none,5.00,0.50,4,子图 运动命令 内部化学连接
16924423,11876076,chem,other,none,5.00,0.50,1,子图 运动命令 内部化学连接
16924423,12420898,chem,other,none,5.00,0.50,6,子图 运动命令 内部化学连接
16924423,13370624,chem,other,none,5.00,0.50,1,子图 运动命令 内部化学连接
16924423,13722900,chem,other,none,5.00,0.50,2,子图 运动命令 内部化学连接
16924423,15674282,chem,other,none,5.00,0.50,1,子图 运动命令 内部化学连接
16924423,15934458,chem,other,none,5.00,0.50,2,子图 运动命令 内部化学连接
16924423,16383966,chem,other,none,5.00,0.50,1,子图 运动命令 内部化学连接
16924423,16545101,chem,other,none,5.00,0.50,10,子图 运动命令 内部化学连接
16924423,16547292,chem,other,none,5.00,0.50,2,子图 运动命令 内部化学连接
16924423,16950097,chem,other,none,5.00,0.50,2,子图 运动命令 内部化学连接
16924423,16950798,chem,other,none,5.00,0.50,7,子图 运动命令 内部化学连接
16924423,17053270,chem,other,none,5.00,0.50,2,子图 运动命令 内部化学连接
16924423,17173852,chem,other,none,5.00,0.50,1,子图 运动命令 内部化学连接
16924423,17356442,chem,other,none,5.00,0.50,1,子图 运动命令 内部化学连接
16924423,17357979,chem,other,none,5.00,0.50,1,子图 运动命令 内部化学连接
16924423,17654514,chem,other,none,5.00,0.50,1,子图 运动命令 内部化学连接
16924423,17728781,chem,other,none,5.00,0.50,1,子图 运动命令 内部化学连接
16924423,17732311,chem,other,none,5.00,0.50,3,子图 运动命令 内部化学连接
16924423,17777031,chem,other,none,5.00,0.50,1,子图 运动命令 内部化学连接
16924423,17809869,chem,other,none,5.00,0.50,4,子图 运动命令 内部化学连接
16924423,19361427,chem,other,none,5.00,0.50,2,子图 运动命令 内部化学连接
16928740,17359501,chem,other,none,5.00,0.50,2,子图 运动命令 内部化学连接
16931001,1678567,chem,other,none,5.00,0.50,5,子图 运动命令 内部化学连接
16931001,4591713,chem,other,none,5.00,0.50,1,子图 运动命令 内部化学连接
16931001,4966994,chem,other,none,5.00,0.50,2,子图 运动命令 内部化学连接
16931001,7025064,chem,other,none,5.00,0.50,5,子图 运动命令 内部化学连接
16931001,7057730,chem,other,none,5.00,0.50,1,子图 运动命令 内部化学连接
16931001,8025665,chem,other,none,5.00,0.50,2,子图 运动命令 内部化学连接
16931001,9594273,chem,other,none,5.00,0.50,5,子图 运动命令 内部化学连接
16931001,10581624,chem,other,none,5.00,0.50,1,子图 运动命令 内部化学连接
16931001,12031406,chem,other,none,5.00,0.50,1,子图 运动命令 内部化学连接
16931001,12474815,chem,other,none,5.00,0.50,1,子图 运动命令 内部化学连接
16931001,14999928,chem,other,none,5.00,0.50,2,子图 运动命令 内部化学连接
16931001,15005403,chem,other,none,5.00,0.50,3,子图 运动命令 内部化学连接
16931001,15722990,chem,other,none,5.00,0.50,2,子图 运动命令 内部化学连接
16931001,16345627,chem,other,none,5.00,0.50,1,子图 运动命令 内部化学连接
16931001,16540741,chem,other,none,5.00,0.50,1,子图 运动命令 内部化学连接
16931001,16562142,chem,other,none,5.00,0.50,4,子图 运动命令 内部化学连接
16931001,16578252,chem,other,none,5.00,0.50,5,子图 运动命令 内部化学连接
16931001,16671014,chem,other,none,5.00,0.50,1,子图 运动命令 内部化学连接
16931001,16851496,chem,other,none,5.00,0.50,1,子图 运动命令 内部化学连接
16931001,16934932,chem,other,none,5.00,0.50,1,子图 运动命令 内部化学连接
16931001,17083341,chem,other,none,5.00,0.50,1,子图 运动命令 内部化学连接
16931001,17165755,chem,other,none,5.00,0.50,1,子图 运动命令 内部化学连接
16931001,17380319,chem,other,none,5.00,0.50,2,子图 运动命令 内部化学连接
16931001,17454636,chem,other,none,5.00,0.50,8,子图 运动命令 内部化学连接
16931001,18551732,chem,other,none,5.00,0.50,3,子图 运动命令 内部化学连接
16934932,1678567,chem,other,none,5.00,0.50,5,子图 运动命令 内部化学连接
16934932,4591713,chem,other,none,5.00,0.50,1,子图 运动命令 内部化学连接
16934932,9594273,chem,other,none,5.00,0.50,3,子图 运动命令 内部化学连接
16934932,15005403,chem,other,none,5.00,0.50,8,子图 运动命令 内部化学连接
16934932,15525794,chem,other,none,5.00,0.50,1,子图 运动命令 内部化学连接
16934932,16345627,chem,other,none,5.00,0.50,2,子图 运动命令 内部化学连接
16934932,16562142,chem,other,none,5.00,0.50,2,子图 运动命令 内部化学连接
16934932,16851496,chem,other,none,5.00,0.50,4,子图 运动命令 内部化学连接
16934932,16931001,chem,other,none,5.00,0.50,3,子图 运动命令 内部化学连接
16934932,17053270,chem,other,none,5.00,0.50,2,子图 运动命令 内部化学连接
16934932,17083341,chem,other,none,5.00,0.50,2,子图 运动命令 内部化学连接
16934932,17109286,chem,other,none,5.00,0.50,3,子图 运动命令 内部化学连接
16934932,17380319,chem,other,none,5.00,0.50,1,子图 运动命令 内部化学连接
16937395,6653450,chem,other,none,5.00,0.50,1,子图 运动命令 内部化学连接
16937395,7025831,chem,other,none,5.00,0.50,2,子图 运动命令 内部化学连接
16937395,9067063,chem,other,none,5.00,0.50,2,子图 运动命令 内部化学连接
16937395,9069084,chem,other,none,5.00,0.50,1,子图 运动命令 内部化学连接
16937395,9612903,chem,other,none,5.00,0.50,4,子图 运动命令 内部化学连接
16937395,10918898,chem,other,none,5.00,0.50,2,子图 运动命令 内部化学连接
16937395,12031406,chem,other,none,5.00,0.50,1,子图 运动命令 内部化学连接
16937395,14726012,chem,other,none,5.00,0.50,1,子图 运动命令 内部化学连接
16937395,14755393,chem,other,none,5.00,0.50,2,子图 运动命令 内部化学连接
16937395,14999928,chem,other,none,5.00,0.50,1,子图 运动命令 内部化学连接
16937395,15005403,chem,other,none,5.00,0.50,2,子图 运动命令 内部化学连接
16937395,15525711,chem,other,none,5.00,0.50,3,子图 运动命令 内部化学连接
16937395,15525794,chem,other,none,5.00,0.50,4,子图 运动命令 内部化学连接
16937395,16851496,chem,other,none,5.00,0.50,7,子图 运动命令 内部化学连接
16937395,17053270,chem,other,none,5.00,0.50,3,子图 运动命令 内部化学连接
16937395,17105218,chem,other,none,5.00,0.50,1,子图 运动命令 内部化学连接
16937395,17109286,chem,other,none,5.00,0.50,1,子图 运动命令 内部化学连接
16937395,17110007,chem,other,none,5.00,0.50,20,子图 运动命令 内部化学连接
16937395,17574013,chem,other,none,5.00,0.50,1,子图 运动命令 内部化学连接
16937395,18267838,chem,other,none,5.00,0.50,1,子图 运动命令 内部化学连接
16937395,18305476,chem,other,none,5.00,0.50,1,子图 运动命令 内部化学连接
16937395,18500988,chem,other,none,5.00,0.50,2,子图 运动命令 内部化学连接
16937799,1805418,chem,other,none,5.00,0.50,1,子图 运动命令 内部化学连接
16937799,2659504,chem,other,none,5.00,0.50,6,子图 运动命令 内部化学连接
16937799,2669844,chem,other,none,5.00,0.50,3,子图 运动命令 内部化学连接
16937799,3021609,chem,other,none,5.00,0.50,1,子图 运动命令 内部化学连接
16937799,4876839,chem,other,none,5.00,0.50,1,子图 运动命令 内部化学连接
16937799,8142831,chem,other,none,5.00,0.50,2,子图 运动命令 内部化学连接
16937799,9532295,chem,other,none,5.00,0.50,19,子图 运动命令 内部化学连接
16937799,12031406,chem,other,none,5.00,0.50,3,子图 运动命令 内部化学连接
16937799,14754777,chem,other,none,5.00,0.50,1,子图 运动命令 内部化学连接
16937799,15897280,chem,other,none,5.00,0.50,4,子图 运动命令 内部化学连接
16937799,16340011,chem,other,none,5.00,0.50,6,子图 运动命令 内部化学连接
16937799,16340461,chem,other,none,5.00,0.50,1,子图 运动命令 内部化学连接
16937799,17378648,chem,other,none,5.00,0.50,1,子图 运动命令 内部化学连接
16937799,17380309,chem,other,none,5.00,0.50,2,子图 运动命令 内部化学连接
16937799,17654991,chem,other,none,5.00,0.50,3,子图 运动命令 内部化学连接
16937799,17660233,chem,other,none,5.00,0.50,11,子图 运动命令 内部化学连接
16947349,2648254,chem,other,none,5.00,0.50,4,子图 运动命令 内部化学连接
16947349,4017464,chem,other,none,5.00,0.50,1,子图 运动命令 内部化学连接
16947349,4188325,chem,other,none,5.00,0.50,1,子图 运动命令 内部化学连接
16947349,4390116,chem,other,none,5.00,0.50,1,子图 运动命令 内部化学连接
16947349,4917442,chem,other,none,5.00,0.50,25,子图 运动命令 内部化学连接
16947349,5052370,chem,other,none,5.00,0.50,6,子图 运动命令 内部化学连接
16947349,5786898,chem,other,none,5.00,0.50,15,子图 运动命令 内部化学连接
16947349,6153877,chem,other,none,5.00,0.50,5,子图 运动命令 内部化学连接
16947349,6156152,chem,other,none,5.00,0.50,3,子图 运动命令 内部化学连接
16947349,6700147,chem,other,none,5.00,0.50,1,子图 运动命令 内部化学连接
16947349,8161142,chem,other,none,5.00,0.50,1,子图 运动命令 内部化学连接
16947349,8496618,chem,other,none,5.00,0.50,1,子图 运动命令 内部化学连接
16947349,9097065,chem,other,none,5.00,0.50,13,子图 运动命令 内部化学连接
16947349,9612903,chem,other,none,5.00,0.50,1,子图 运动命令 内部化学连接
16947349,12474164,chem,other,none,5.00,0.50,1,子图 运动命令 内部化学连接
16947349,13675374,chem,other,none,5.00,0.50,1,子图 运动命令 内部化学连接
16947349,13727202,chem,other,none,5.00,0.50,1,子图 运动命令 内部化学连接
16947349,15467736,chem,other,none,5.00,0.50,2,子图 运动命令 内部化学连接
16947349,15732509,chem,other,none,5.00,0.50,1,子图 运动命令 内部化学连接
16947349,15894178,chem,other,none,5.00,0.50,4,子图 运动命令 内部化学连接
16947349,16327998,chem,other,none,5.00,0.50,11,子图 运动命令 内部化学连接
16947349,16340011,chem,other,none,5.00,0.50,2,子图 运动命令 内部化学连接
16947349,16342197,chem,other,none,5.00,0.50,1,子图 运动命令 内部化学连接
16947349,16520950,chem,other,none,5.00,0.50,1,子图 运动命令 内部化学连接
16947349,16950354,chem,other,none,5.00,0.50,2,子图 运动命令 内部化学连接
16947349,16950550,chem,other,none,5.00,0.50,6,子图 运动命令 内部化学连接
16947349,16950798,chem,other,none,5.00,0.50,2,子图 运动命令 内部化学连接
16947349,17380309,chem,other,none,5.00,0.50,1,子图 运动命令 内部化学连接
16950097,4324567,chem,other,none,5.00,0.50,1,子图 运动命令 内部化学连接
16950097,5936935,chem,other,none,5.00,0.50,1,子图 运动命令 内部化学连接
16950097,7439913,chem,other,none,5.00,0.50,2,子图 运动命令 内部化学连接
16950097,12962772,chem,other,none,5.00,0.50,1,子图 运动命令 内部化学连接
16950097,14579509,chem,other,none,5.00,0.50,1,子图 运动命令 内部化学连接
16950097,14617508,chem,other,none,5.00,0.50,4,子图 运动命令 内部化学连接
16950097,14638686,chem,other,none,5.00,0.50,1,子图 运动命令 内部化学连接
16950097,15522152,chem,other,none,5.00,0.50,3,子图 运动命令 内部化学连接
16950097,16415910,chem,other,none,5.00,0.50,2,子图 运动命令 内部化学连接
16950097,16547268,chem,other,none,5.00,0.50,1,子图 运动命令 内部化学连接
16950097,16950115,chem,other,none,5.00,0.50,3,子图 运动命令 内部化学连接
16950097,17053270,chem,other,none,5.00,0.50,4,子图 运动命令 内部化学连接
16950097,17358891,chem,other,none,5.00,0.50,1,子图 运动命令 内部化学连接
16950097,17736641,chem,other,none,5.00,0.50,3,子图 运动命令 内部化学连接
16950115,4324567,chem,other,none,5.00,0.50,6,子图 运动命令 内部化学连接
16950115,8271875,chem,other,none,5.00,0.50,16,子图 运动命令 内部化学连接
16950115,9068024,chem,other,none,5.00,0.50,2,子图 运动命令 内部化学连接
16950115,9235545,chem,other,none,5.00,0.50,1,子图 运动命令 内部化学连接
16950115,11841664,chem,other,none,5.00,0.50,1,子图 运动命令 内部化学连接
16950115,12031406,chem,other,none,5.00,0.50,1,子图 运动命令 内部化学连接
16950115,12598741,chem,other,none,5.00,0.50,1,子图 运动命令 内部化学连接
16950115,15513540,chem,other,none,5.00,0.50,4,子图 运动命令 内部化学连接
16950115,15516413,chem,other,none,5.00,0.50,3,子图 运动命令 内部化学连接
16950115,15525794,chem,other,none,5.00,0.50,2,子图 运动命令 内部化学连接
16950115,15995958,chem,other,none,5.00,0.50,1,子图 运动命令 内部化学连接
16950115,16545113,chem,other,none,5.00,0.50,9,子图 运动命令 内部化学连接
16950115,16547281,chem,other,none,5.00,0.50,7,子图 运动命令 内部化学连接
16950115,16635345,chem,other,none,5.00,0.50,1,子图 运动命令 内部化学连接
16950115,16709072,chem,other,none,5.00,0.50,3,子图 运动命令 内部化学连接
16950115,16851577,chem,other,none,5.00,0.50,20,子图 运动命令 内部化学连接
16950115,16851718,chem,other,none,5.00,0.50,10,子图 运动命令 内部化学连接
16950115,16852589,chem,other,none,5.00,0.50,1,子图 运动命令 内部化学连接
16950115,16952665,chem,other,none,5.00,0.50,1,子图 运动命令 内部化学连接
16950115,16952691,chem,other,none,5.00,0.50,4,子图 运动命令 内部化学连接
16950115,17022668,chem,other,none,5.00,0.50,4,子图 运动命令 内部化学连接
16950115,17053270,chem,other,none,5.00,0.50,1,子图 运动命令 内部化学连接
16950115,17323054,chem,other,none,5.00,0.50,13,子图 运动命令 内部化学连接
16950115,17360404,chem,other,none,5.00,0.50,1,子图 运动命令 内部化学连接
16950115,17435815,chem,other,none,5.00,0.50,1,子图 运动命令 内部化学连接
16950115,17448356,chem,other,none,5.00,0.50,4,子图 运动命令 内部化学连接
16950115,17535542,chem,other,none,5.00,0.50,3,子图 运动命令 内部化学连接
16950115,17809869,chem,other,none,5.00,0.50,2,子图 运动命令 内部化学连接
16950115,18111410,chem,other,none,5.00,0.50,2,子图 运动命令 内部化学连接
16950115,18267838,chem,other,none,5.00,0.50,1,子图 运动命令 内部化学连接
16950115,19361427,chem,other,none,5.00,0.50,8,子图 运动命令 内部化学连接
16950354,5900426,chem,other,none,5.00,0.50,1,子图 运动命令 内部化学连接
16950354,6155577,chem,other,none,5.00,0.50,1,子图 运动命令 内部化学连接
16950354,11013583,chem,other,none,5.00,0.50,4,子图 运动命令 内部化学连接
16950354,13675374,chem,other,none,5.00,0.50,2,子图 运动命令 内部化学连接
16950354,16950443,chem,other,none,5.00,0.50,1,子图 运动命令 内部化学连接
16950354,19298625,chem,other,none,5.00,0.50,1,子图 运动命令 内部化学连接
16950354,19298644,chem,other,none,5.00,0.50,1,子图 运动命令 内部化学连接
16950443,5790355,chem,other,none,5.00,0.50,1,子图 运动命令 内部化学连接
16950443,16520950,chem,other,none,5.00,0.50,1,子图 运动命令 内部化学连接
16950443,16950550,chem,other,none,5.00,0.50,1,子图 运动命令 内部化学连接
16950443,19298625,chem,other,none,5.00,0.50,1,子图 运动命令 内部化学连接
16950550,6153877,chem,other,none,5.00,0.50,1,子图 运动命令 内部化学连接
16950550,6155577,chem,other,none,5.00,0.50,1,子图 运动命令 内部化学连接
16950550,6156152,chem,other,none,5.00,0.50,1,子图 运动命令 内部化学连接
16950550,16520950,chem,other,none,5.00,0.50,2,子图 运动命令 内部化学连接
16950550,16950550,chem,other,none,5.00,0.50,1,子图 运动命令 内部化学连接
16950798,4017464,chem,other,none,5.00,0.50,3,子图 运动命令 内部化学连接
16950798,4390116,chem,other,none,5.00,0.50,2,子图 运动命令 内部化学连接
16950798,5319633,chem,other,none,5.00,0.50,3,子图 运动命令 内部化学连接
16950798,5786898,chem,other,none,5.00,0.50,2,子图 运动命令 内部化学连接
16950798,5790355,chem,other,none,5.00,0.50,4,子图 运动命令 内部化学连接
16950798,6154921,chem,other,none,5.00,0.50,3,子图 运动命令 内部化学连接
16950798,9068024,chem,other,none,5.00,0.50,2,子图 运动命令 内部化学连接
16950798,13675374,chem,other,none,5.00,0.50,1,子图 运动命令 内部化学连接
16950798,13722900,chem,other,none,5.00,0.50,2,子图 运动命令 内部化学连接
16950798,15732503,chem,other,none,5.00,0.50,8,子图 运动命令 内部化学连接
16950798,15894278,chem,other,none,5.00,0.50,1,子图 运动命令 内部化学连接
16950798,16950443,chem,other,none,5.00,0.50,9,子图 运动命令 内部化学连接
16950798,16950550,chem,other,none,5.00,0.50,2,子图 运动命令 内部化学连接
16950798,17173852,chem,other,none,5.00,0.50,3,子图 运动命令 内部化学连接
16950798,17654514,chem,other,none,5.00,0.50,2,子图 运动命令 内部化学连接
16950798,19092010,chem,other,none,5.00,0.50,1,子图 运动命令 内部化学连接
16952642,16952648,chem,other,none,5.00,0.50,1,子图 运动命令 内部化学连接
16952642,16952691,chem,other,none,5.00,0.50,4,子图 运动命令 内部化学连接
16952642,17448356,chem,other,none,5.00,0.50,2,子图 运动命令 内部化学连接
16952642,17647621,chem,other,none,5.00,0.50,1,子图 运动命令 内部化学连接
16952642,19361427,chem,other,none,5.00,0.50,1,子图 运动命令 内部化学连接
16952648,1622901,chem,other,none,5.00,0.50,1,子图 运动命令 内部化学连接
16952648,1678567,chem,other,none,5.00,0.50,1,子图 运动命令 内部化学连接
16952648,14621584,chem,other,none,5.00,0.50,2,子图 运动命令 内部化学连接
16952648,16667306,chem,other,none,5.00,0.50,1,子图 运动命令 内部化学连接
16952648,16952642,chem,other,none,5.00,0.50,1,子图 运动命令 内部化学连接
16952648,16952665,chem,other,none,5.00,0.50,1,子图 运动命令 内部化学连接
16952648,16952691,chem,other,none,5.00,0.50,4,子图 运动命令 内部化学连接
16952648,17448356,chem,other,none,5.00,0.50,4,子图 运动命令 内部化学连接
16952665,1622901,chem,other,none,5.00,0.50,3,子图 运动命令 内部化学连接
16952665,4311241,chem,other,none,5.00,0.50,1,子图 运动命令 内部化学连接
16952665,7057730,chem,other,none,5.00,0.50,1,子图 运动命令 内部化学连接
16952665,9068024,chem,other,none,5.00,0.50,1,子图 运动命令 内部化学连接
16952665,16545113,chem,other,none,5.00,0.50,2,子图 运动命令 内部化学连接
16952665,16667592,chem,other,none,5.00,0.50,1,子图 运动命令 内部化学连接
16952665,16670540,chem,other,none,5.00,0.50,1,子图 运动命令 内部化学连接
16952665,16851577,chem,other,none,5.00,0.50,1,子图 运动命令 内部化学连接
16952665,16952648,chem,other,none,5.00,0.50,3,子图 运动命令 内部化学连接
16952665,16952691,chem,other,none,5.00,0.50,3,子图 运动命令 内部化学连接
16952665,17448356,chem,other,none,5.00,0.50,2,子图 运动命令 内部化学连接
16952665,18076102,chem,other,none,5.00,0.50,1,子图 运动命令 内部化学连接
16952671,13652117,chem,other,none,5.00,0.50,3,子图 运动命令 内部化学连接
16952671,16667592,chem,other,none,5.00,0.50,7,子图 运动命令 内部化学连接
16952671,16851577,chem,other,none,5.00,0.50,3,子图 运动命令 内部化学连接
16952671,16952691,chem,other,none,5.00,0.50,1,子图 运动命令 内部化学连接
16952691,1622901,chem,other,none,5.00,0.50,1,子图 运动命令 内部化学连接
16952691,11625573,chem,other,none,5.00,0.50,1,子图 运动命令 内部化学连接
16952691,14586769,chem,other,none,5.00,0.50,1,子图 运动命令 内部化学连接
16952691,14588375,chem,other,none,5.00,0.50,2,子图 运动命令 内部化学连接
16952691,14621584,chem,other,none,5.00,0.50,2,子图 运动命令 内部化学连接
16952691,16952642,chem,other,none,5.00,0.50,2,子图 运动命令 内部化学连接
16952691,16952691,chem,other,none,5.00,0.50,2,子图 运动命令 内部化学连接
16952691,17448356,chem,other,none,5.00,0.50,2,子图 运动命令 内部化学连接
16952691,17647621,chem,other,none,5.00,0.50,1,子图 运动命令 内部化学连接
16952691,18464581,chem,other,none,5.00,0.50,1,子图 运动命令 内部化学连接
16992171,4847079,chem,other,none,5.00,0.50,15,子图 运动命令 内部化学连接
16992171,5859372,chem,other,none,5.00,0.50,4,子图 运动命令 内部化学连接
16992171,5993765,chem,other,none,5.00,0.50,6,子图 运动命令 内部化学连接
16992171,6609380,chem,other,none,5.00,0.50,1,子图 运动命令 内部化学连接
16992171,7371184,chem,other,none,5.00,0.50,1,子图 运动命令 内部化学连接
16992171,8993049,chem,other,none,5.00,0.50,1,子图 运动命令 内部化学连接
16992171,10875178,chem,other,none,5.00,0.50,7,子图 运动命令 内部化学连接
16992171,13652117,chem,other,none,5.00,0.50,1,子图 运动命令 内部化学连接
16992171,14039007,chem,other,none,5.00,0.50,9,子图 运动命令 内部化学连接
16992171,15732497,chem,other,none,5.00,0.50,1,子图 运动命令 内部化学连接
16992171,15934458,chem,other,none,5.00,0.50,28,子图 运动命令 内部化学连接
16992171,16443509,chem,other,none,5.00,0.50,1,子图 运动命令 内部化学连接
16992171,16561660,chem,other,none,5.00,0.50,1,子图 运动命令 内部化学连接
16992171,16924423,chem,other,none,5.00,0.50,5,子图 运动命令 内部化学连接
16992171,16950354,chem,other,none,5.00,0.50,11,子图 运动命令 内部化学连接
16992171,17173852,chem,other,none,5.00,0.50,1,子图 运动命令 内部化学连接
16992171,17357979,chem,other,none,5.00,0.50,11,子图 运动命令 内部化学连接
16992171,17654514,chem,other,none,5.00,0.50,1,子图 运动命令 内部化学连接
16992171,17654519,chem,other,none,5.00,0.50,1,子图 运动命令 内部化学连接
16992171,18604097,chem,other,none,5.00,0.50,1,子图 运动命令 内部化学连接
16992171,19950281,chem,other,none,5.00,0.50,1,子图 运动命令 内部化学连接
17000062,4749004,chem,other,none,5.00,0.50,1,子图 运动命令 内部化学连接
17000062,7005145,chem,other,none,5.00,0.50,1,子图 运动命令 内部化学连接
17000062,8801736,chem,other,none,5.00,0.50,1,子图 运动命令 内部化学连接
17000062,10018150,chem,other,none,5.00,0.50,6,子图 运动命令 内部化学连接
17000062,10355356,chem,other,none,5.00,0.50,1,子图 运动命令 内部化学连接
17000062,10473853,chem,other,none,5.00,0.50,1,子图 运动命令 内部化学连接
17000062,14617508,chem,other,none,5.00,0.50,1,子图 运动命令 内部化学连接
17000062,14754777,chem,other,none,5.00,0.50,1,子图 运动命令 内部化学连接
17000062,14756061,chem,other,none,5.00,0.50,1,子图 运动命令 内部化学连接
17000062,16342197,chem,other,none,5.00,0.50,1,子图 运动命令 内部化学连接
17000062,16685117,chem,other,none,5.00,0.50,1,子图 运动命令 内部化学连接
17000062,17360282,chem,other,none,5.00,0.50,2,子图 运动命令 内部化学连接
17022668,5052370,chem,other,none,5.00,0.50,1,子图 运动命令 内部化学连接
17022668,5164129,chem,other,none,5.00,0.50,1,子图 运动命令 内部化学连接
17022668,6153877,chem,other,none,5.00,0.50,2,子图 运动命令 内部化学连接
17022668,6156152,chem,other,none,5.00,0.50,1,子图 运动命令 内部化学连接
17022668,6610913,chem,other,none,5.00,0.50,1,子图 运动命令 内部化学连接
17022668,8161148,chem,other,none,5.00,0.50,1,子图 运动命令 内部化学连接
17022668,8496618,chem,other,none,5.00,0.50,1,子图 运动命令 内部化学连接
17022668,10728328,chem,other,none,5.00,0.50,2,子图 运动命令 内部化学连接
17022668,10728333,chem,other,none,5.00,0.50,3,子图 运动命令 内部化学连接
17022668,12474164,chem,other,none,5.00,0.50,1,子图 运动命令 内部化学连接
17022668,13557064,chem,other,none,5.00,0.50,6,子图 运动命令 内部化学连接
17022668,13834125,chem,other,none,5.00,0.50,2,子图 运动命令 内部化学连接
17022668,15894278,chem,other,none,5.00,0.50,2,子图 运动命令 内部化学连接
17022668,17173852,chem,other,none,5.00,0.50,2,子图 运动命令 内部化学连接
17022668,18058793,chem,other,none,5.00,0.50,1,子图 运动命令 内部化学连接
17022668,18464581,chem,other,none,5.00,0.50,1,子图 运动命令 内部化学连接
17022668,18485293,chem,other,none,5.00,0.50,1,子图 运动命令 内部化学连接
17022668,19048289,chem,other,none,5.00,0.50,1,子图 运动命令 内部化学连接
17025508,5900426,chem,other,none,5.00,0.50,3,子图 运动命令 内部化学连接
17025508,16347786,chem,other,none,5.00,0.50,1,子图 运动命令 内部化学连接
17025508,17877682,chem,other,none,5.00,0.50,1,子图 运动命令 内部化学连接
17053270,12935706,chem,other,none,5.00,0.50,1,子图 运动命令 内部化学连接
17053270,14726069,chem,other,none,5.00,0.50,1,子图 运动命令 内部化学连接
17053270,15522152,chem,other,none,5.00,0.50,2,子图 运动命令 内部化学连接
17053270,17324711,chem,other,none,5.00,0.50,1,子图 运动命令 内部化学连接
17062823,3539170,chem,other,none,5.00,0.50,2,子图 运动命令 内部化学连接
17062823,11229136,chem,other,none,5.00,0.50,1,子图 运动命令 内部化学连接
17062823,12000033,chem,other,none,5.00,0.50,7,子图 运动命令 内部化学连接
17062823,13830600,chem,other,none,5.00,0.50,1,子图 运动命令 内部化学连接
17062823,15732050,chem,other,none,5.00,0.50,2,子图 运动命令 内部化学连接
17062823,17545695,chem,other,none,5.00,0.50,3,子图 运动命令 内部化学连接
17062823,17732791,chem,other,none,5.00,0.50,1,子图 运动命令 内部化学连接
17067625,1678567,chem,other,none,5.00,0.50,5,子图 运动命令 内部化学连接
17067625,4591713,chem,other,none,5.00,0.50,1,子图 运动命令 内部化学连接
17067625,9594273,chem,other,none,5.00,0.50,1,子图 运动命令 内部化学连接
17067625,10553248,chem,other,none,5.00,0.50,1,子图 运动命令 内部化学连接
17067625,11362334,chem,other,none,5.00,0.50,1,子图 运动命令 内部化学连接
17067625,12935706,chem,other,none,5.00,0.50,1,子图 运动命令 内部化学连接
17067625,14726069,chem,other,none,5.00,0.50,1,子图 运动命令 内部化学连接
17067625,14999928,chem,other,none,5.00,0.50,1,子图 运动命令 内部化学连接
17067625,15005403,chem,other,none,5.00,0.50,2,子图 运动命令 内部化学连接
17067625,15512404,chem,other,none,5.00,0.50,1,子图 运动命令 内部化学连接
17067625,15512408,chem,other,none,5.00,0.50,2,子图 运动命令 内部化学连接
17067625,16471422,chem,other,none,5.00,0.50,1,子图 运动命令 内部化学连接
17067625,16667306,chem,other,none,5.00,0.50,2,子图 运动命令 内部化学连接
17067625,16851496,chem,other,none,5.00,0.50,9,子图 运动命令 内部化学连接
17067625,16851791,chem,other,none,5.00,0.50,1,子图 运动命令 内部化学连接
17067625,16852421,chem,other,none,5.00,0.50,1,子图 运动命令 内部化学连接
17067625,16952691,chem,other,none,5.00,0.50,1,子图 运动命令 内部化学连接
17067625,18551732,chem,other,none,5.00,0.50,2,子图 运动命令 内部化学连接
17075832,7439913,chem,other,none,5.00,0.50,1,子图 运动命令 内部化学连接
17083341,1678567,chem,other,none,5.00,0.50,8,子图 运动命令 内部化学连接
17083341,4591713,chem,other,none,5.00,0.50,5,子图 运动命令 内部化学连接
17083341,4966994,chem,other,none,5.00,0.50,1,子图 运动命令 内部化学连接
17083341,8025665,chem,other,none,5.00,0.50,8,子图 运动命令 内部化学连接
17083341,9069084,chem,other,none,5.00,0.50,2,子图 运动命令 内部化学连接
17083341,9077224,chem,other,none,5.00,0.50,2,子图 运动命令 内部化学连接
17083341,9594273,chem,other,none,5.00,0.50,3,子图 运动命令 内部化学连接
17083341,14334367,chem,other,none,5.00,0.50,2,子图 运动命令 内部化学连接
17083341,14999928,chem,other,none,5.00,0.50,3,子图 运动命令 内部化学连接
17083341,15722990,chem,other,none,5.00,0.50,1,子图 运动命令 内部化学连接
17083341,16345627,chem,other,none,5.00,0.50,2,子图 运动命令 内部化学连接
17083341,16545264,chem,other,none,5.00,0.50,1,子图 运动命令 内部化学连接
17083341,16562142,chem,other,none,5.00,0.50,2,子图 运动命令 内部化学连接
17083341,16671014,chem,other,none,5.00,0.50,1,子图 运动命令 内部化学连接
17083341,16851496,chem,other,none,5.00,0.50,5,子图 运动命令 内部化学连接
17083341,16931001,chem,other,none,5.00,0.50,4,子图 运动命令 内部化学连接
17083341,16934932,chem,other,none,5.00,0.50,2,子图 运动命令 内部化学连接
17083341,17165755,chem,other,none,5.00,0.50,1,子图 运动命令 内部化学连接
17083341,17454636,chem,other,none,5.00,0.50,1,子图 运动命令 内部化学连接
17083341,17813457,chem,other,none,5.00,0.50,3,子图 运动命令 内部化学连接
17083341,17975547,chem,other,none,5.00,0.50,3,子图 运动命令 内部化学连接
17083341,18500988,chem,other,none,5.00,0.50,4,子图 运动命令 内部化学连接
17083341,18545747,chem,other,none,5.00,0.50,1,子图 运动命令 内部化学连接
17083341,18551732,chem,other,none,5.00,0.50,3,子图 运动命令 内部化学连接
17086412,5680013,chem,other,none,5.00,0.50,4,子图 运动命令 内部化学连接
17086412,6623089,chem,other,none,5.00,0.50,7,子图 运动命令 内部化学连接
17086412,6729443,chem,other,none,5.00,0.50,2,子图 运动命令 内部化学连接
17086412,10447988,chem,other,none,5.00,0.50,2,子图 运动命令 内部化学连接
17086412,13714311,chem,other,none,5.00,0.50,1,子图 运动命令 内部化学连接
17086412,14755393,chem,other,none,5.00,0.50,1,子图 运动命令 内部化学连接
17086412,16931001,chem,other,none,5.00,0.50,5,子图 运动命令 内部化学连接
17086412,17086412,chem,other,none,5.00,0.50,1,子图 运动命令 内部化学连接
17086412,17315288,chem,other,none,5.00,0.50,2,子图 运动命令 内部化学连接
17086412,17360038,chem,other,none,5.00,0.50,1,子图 运动命令 内部化学连接
17086412,17378483,chem,other,none,5.00,0.50,1,子图 运动命令 内部化学连接
17087885,1646076,chem,other,none,5.00,0.50,1,子图 运动命令 内部化学连接
17087885,3044500,chem,other,none,5.00,0.50,1,子图 运动命令 内部化学连接
17087885,5319633,chem,other,none,5.00,0.50,3,子图 运动命令 内部化学连接
17087885,5754346,chem,other,none,5.00,0.50,1,子图 运动命令 内部化学连接
17087885,14656798,chem,other,none,5.00,0.50,2,子图 运动命令 内部化学连接
17087885,16195633,chem,other,none,5.00,0.50,1,子图 运动命令 内部化学连接
17087885,16848587,chem,other,none,5.00,0.50,1,子图 运动命令 内部化学连接
17087885,17321919,chem,other,none,5.00,0.50,4,子图 运动命令 内部化学连接
17102002,6446394,chem,other,none,5.00,0.50,10,子图 运动命令 内部化学连接
17102002,10728333,chem,other,none,5.00,0.50,1,子图 运动命令 内部化学连接
17102002,17355864,chem,other,none,5.00,0.50,1,子图 运动命令 内部化学连接
17105218,4228105,chem,other,none,5.00,0.50,1,子图 运动命令 内部化学连接
17105218,5319633,chem,other,none,5.00,0.50,3,子图 运动命令 内部化学连接
17105218,5782947,chem,other,none,5.00,0.50,2,子图 运动命令 内部化学连接
17105218,5898284,chem,other,none,5.00,0.50,1,子图 运动命令 内部化学连接
17105218,6653450,chem,other,none,5.00,0.50,1,子图 运动命令 内部化学连接
17105218,7371184,chem,other,none,5.00,0.50,1,子图 运动命令 内部化学连接
17105218,8025665,chem,other,none,5.00,0.50,1,子图 运动命令 内部化学连接
17105218,9067063,chem,other,none,5.00,0.50,1,子图 运动命令 内部化学连接
17105218,9069084,chem,other,none,5.00,0.50,2,子图 运动命令 内部化学连接
17105218,9085808,chem,other,none,5.00,0.50,3,子图 运动命令 内部化学连接
17105218,9091922,chem,other,none,5.00,0.50,1,子图 运动命令 内部化学连接
17105218,9519425,chem,other,none,5.00,0.50,4,子图 运动命令 内部化学连接
17105218,13722900,chem,other,none,5.00,0.50,1,子图 运动命令 内部化学连接
17105218,15894178,chem,other,none,5.00,0.50,1,子图 运动命令 内部化学连接
17105218,15894278,chem,other,none,5.00,0.50,3,子图 运动命令 内部化学连接
17105218,16671014,chem,other,none,5.00,0.50,1,子图 运动命令 内部化学连接
17105218,16934932,chem,other,none,5.00,0.50,2,子图 运动命令 内部化学连接
17105218,17109286,chem,other,none,5.00,0.50,8,子图 运动命令 内部化学连接
17105218,17356024,chem,other,none,5.00,0.50,1,子图 运动命令 内部化学连接
17105218,17587734,chem,other,none,5.00,0.50,1,子图 运动命令 内部化学连接
17105218,17663944,chem,other,none,5.00,0.50,3,子图 运动命令 内部化学连接
17109286,4228105,chem,other,none,5.00,0.50,1,子图 运动命令 内部化学连接
17109286,5319633,chem,other,none,5.00,0.50,2,子图 运动命令 内部化学连接
17109286,6188181,chem,other,none,5.00,0.50,2,子图 运动命令 内部化学连接
17109286,9067063,chem,other,none,5.00,0.50,1,子图 运动命令 内部化学连接
17109286,9091922,chem,other,none,5.00,0.50,18,子图 运动命令 内部化学连接
17109286,9519425,chem,other,none,5.00,0.50,16,子图 运动命令 内部化学连接
17109286,13007383,chem,other,none,5.00,0.50,1,子图 运动命令 内部化学连接
17109286,14334367,chem,other,none,5.00,0.50,3,子图 运动命令 内部化学连接
17109286,15590555,chem,other,none,5.00,0.50,1,子图 运动命令 内部化学连接
17109286,16617920,chem,other,none,5.00,0.50,6,子图 运动命令 内部化学连接
17109286,16852421,chem,other,none,5.00,0.50,3,子图 运动命令 内部化学连接
17109286,16934932,chem,other,none,5.00,0.50,1,子图 运动命令 内部化学连接
17109286,17105218,chem,other,none,5.00,0.50,1,子图 运动命令 内部化学连接
17109286,17360266,chem,other,none,5.00,0.50,7,子图 运动命令 内部化学连接
17109286,17535542,chem,other,none,5.00,0.50,1,子图 运动命令 内部化学连接
17110007,4142619,chem,other,none,5.00,0.50,4,子图 运动命令 内部化学连接
17110007,4173633,chem,other,none,5.00,0.50,1,子图 运动命令 内部化学连接
17110007,4311241,chem,other,none,5.00,0.50,1,子图 运动命令 内部化学连接
17110007,4390116,chem,other,none,5.00,0.50,3,子图 运动命令 内部化学连接
17110007,5782947,chem,other,none,5.00,0.50,1,子图 运动命令 内部化学连接
17110007,5816138,chem,other,none,5.00,0.50,11,子图 运动命令 内部化学连接
17110007,5859372,chem,other,none,5.00,0.50,1,子图 运动命令 内部化学连接
17110007,5898284,chem,other,none,5.00,0.50,1,子图 运动命令 内部化学连接
17110007,5935744,chem,other,none,5.00,0.50,1,子图 运动命令 内部化学连接
17110007,6049565,chem,other,none,5.00,0.50,4,子图 运动命令 内部化学连接
17110007,9067063,chem,other,none,5.00,0.50,3,子图 运动命令 内部化学连接
17110007,9068024,chem,other,none,5.00,0.50,1,子图 运动命令 内部化学连接
17110007,9068346,chem,other,none,5.00,0.50,2,子图 运动命令 内部化学连接
17110007,9069084,chem,other,none,5.00,0.50,11,子图 运动命令 内部化学连接
17110007,9384504,chem,other,none,5.00,0.50,11,子图 运动命令 内部化学连接
17110007,9612903,chem,other,none,5.00,0.50,4,子图 运动命令 内部化学连接
17110007,9714476,chem,other,none,5.00,0.50,1,子图 运动命令 内部化学连接
17110007,9961098,chem,other,none,5.00,0.50,11,子图 运动命令 内部化学连接
17110007,10017944,chem,other,none,5.00,0.50,9,子图 运动命令 内部化学连接
17110007,15539984,chem,other,none,5.00,0.50,3,子图 运动命令 内部化学连接
17110007,15732509,chem,other,none,5.00,0.50,6,子图 运动命令 内部化学连接
17110007,15894178,chem,other,none,5.00,0.50,1,子图 运动命令 内部化学连接
17110007,15964206,chem,other,none,5.00,0.50,5,子图 运动命令 内部化学连接
17110007,16520950,chem,other,none,5.00,0.50,1,子图 运动命令 内部化学连接
17110007,16924423,chem,other,none,5.00,0.50,1,子图 运动命令 内部化学连接
17110007,16947349,chem,other,none,5.00,0.50,4,子图 运动命令 内部化学连接
17110007,17535542,chem,other,none,5.00,0.50,4,子图 运动命令 内部化学连接
17110007,17654514,chem,other,none,5.00,0.50,1,子图 运动命令 内部化学连接
17110007,18302931,chem,other,none,5.00,0.50,1,子图 运动命令 内部化学连接
17110007,18500988,chem,other,none,5.00,0.50,2,子图 运动命令 内部化学连接
17110007,19092010,chem,other,none,5.00,0.50,4,子图 运动命令 内部化学连接
17165755,4847079,chem,other,none,5.00,0.50,2,子图 运动命令 内部化学连接
17165755,5319633,chem,other,none,5.00,0.50,3,子图 运动命令 内部化学连接
17165755,12962772,chem,other,none,5.00,0.50,1,子图 运动命令 内部化学连接
17165755,14374534,chem,other,none,5.00,0.50,1,子图 运动命令 内部化学连接
17165755,14588375,chem,other,none,5.00,0.50,3,子图 运动命令 内部化学连接
17165755,14656798,chem,other,none,5.00,0.50,1,子图 运动命令 内部化学连接
17165755,15155348,chem,other,none,5.00,0.50,3,子图 运动命令 内部化学连接
17165755,15674282,chem,other,none,5.00,0.50,3,子图 运动命令 内部化学连接
17165755,15732485,chem,other,none,5.00,0.50,3,子图 运动命令 内部化学连接
17165755,15964206,chem,other,none,5.00,0.50,1,子图 运动命令 内部化学连接
17165755,17639824,chem,other,none,5.00,0.50,1,子图 运动命令 内部化学连接
17165755,18305476,chem,other,none,5.00,0.50,7,子图 运动命令 内部化学连接
17165755,18695745,chem,other,none,5.00,0.50,2,子图 运动命令 内部化学连接
17173852,1678567,chem,other,none,5.00,0.50,1,子图 运动命令 内部化学连接
17173852,4324479,chem,other,none,5.00,0.50,1,子图 运动命令 内部化学连接
17173852,4324567,chem,other,none,5.00,0.50,10,子图 运动命令 内部化学连接
17173852,4749004,chem,other,none,5.00,0.50,2,子图 运动命令 内部化学连接
17173852,6188181,chem,other,none,5.00,0.50,1,子图 运动命令 内部化学连接
17173852,7025831,chem,other,none,5.00,0.50,1,子图 运动命令 内部化学连接
17173852,7057730,chem,other,none,5.00,0.50,1,子图 运动命令 内部化学连接
17173852,7955278,chem,other,none,5.00,0.50,1,子图 运动命令 内部化学连接
17173852,9068024,chem,other,none,5.00,0.50,2,子图 运动命令 内部化学连接
17173852,9154024,chem,other,none,5.00,0.50,1,子图 运动命令 内部化学连接
17173852,10553248,chem,other,none,5.00,0.50,1,子图 运动命令 内部化学连接
17173852,11468088,chem,other,none,5.00,0.50,2,子图 运动命令 内部化学连接
17173852,12031406,chem,other,none,5.00,0.50,1,子图 运动命令 内部化学连接
17173852,12598741,chem,other,none,5.00,0.50,6,子图 运动命令 内部化学连接
17173852,13028455,chem,other,none,5.00,0.50,7,子图 运动命令 内部化学连接
17173852,15512404,chem,other,none,5.00,0.50,2,子图 运动命令 内部化学连接
17173852,15512408,chem,other,none,5.00,0.50,8,子图 运动命令 内部化学连接
17173852,16327998,chem,other,none,5.00,0.50,1,子图 运动命令 内部化学连接
17173852,16383966,chem,other,none,5.00,0.50,2,子图 运动命令 内部化学连接
17173852,16545113,chem,other,none,5.00,0.50,2,子图 运动命令 内部化学连接
17173852,16562142,chem,other,none,5.00,0.50,1,子图 运动命令 内部化学连接
17173852,16635345,chem,other,none,5.00,0.50,1,子图 运动命令 内部化学连接
17173852,16675987,chem,other,none,5.00,0.50,3,子图 运动命令 内部化学连接
17173852,16709072,chem,other,none,5.00,0.50,1,子图 运动命令 内部化学连接
17173852,16910799,chem,other,none,5.00,0.50,1,子图 运动命令 内部化学连接
17173852,16950115,chem,other,none,5.00,0.50,7,子图 运动命令 内部化学连接
17173852,16952665,chem,other,none,5.00,0.50,1,子图 运动命令 内部化学连接
17173852,17360404,chem,other,none,5.00,0.50,1,子图 运动命令 内部化学连接
17173852,17435815,chem,other,none,5.00,0.50,2,子图 运动命令 内部化学连接
17173852,17448356,chem,other,none,5.00,0.50,2,子图 运动命令 内部化学连接
17173852,17454636,chem,other,none,5.00,0.50,1,子图 运动命令 内部化学连接
17173852,17736641,chem,other,none,5.00,0.50,1,子图 运动命令 内部化学连接
17173852,17809869,chem,other,none,5.00,0.50,1,子图 运动命令 内部化学连接
17173852,18076102,chem,other,none,5.00,0.50,2,子图 运动命令 内部化学连接
17173852,18111410,chem,other,none,5.00,0.50,1,子图 运动命令 内部化学连接
17173852,18123575,chem,other,none,5.00,0.50,1,子图 运动命令 内部化学连接
17173852,18929470,chem,other,none,5.00,0.50,1,子图 运动命令 内部化学连接
17176927,5476653,chem,other,none,5.00,0.50,5,子图 运动命令 内部化学连接
17176927,17176927,chem,other,none,5.00,0.50,1,子图 运动命令 内部化学连接
17177419,1679034,chem,other,none,5.00,0.50,1,子图 运动命令 内部化学连接
17177419,4966994,chem,other,none,5.00,0.50,1,子图 运动命令 内部化学连接
17177419,9612903,chem,other,none,5.00,0.50,1,子图 运动命令 内部化学连接
17177419,10918898,chem,other,none,5.00,0.50,7,子图 运动命令 内部化学连接
17177419,14726012,chem,other,none,5.00,0.50,1,子图 运动命令 内部化学连接
17177419,15005403,chem,other,none,5.00,0.50,2,子图 运动命令 内部化学连接
17177419,16562142,chem,other,none,5.00,0.50,2,子图 运动命令 内部化学连接
17177419,17110007,chem,other,none,5.00,0.50,9,子图 运动命令 内部化学连接
17177419,18305476,chem,other,none,5.00,0.50,3,子图 运动命令 内部化学连接
17177419,18538744,chem,other,none,5.00,0.50,10,子图 运动命令 内部化学连接
17177419,18695745,chem,other,none,5.00,0.50,2,子图 运动命令 内部化学连接
17223685,5657004,chem,other,none,5.00,0.50,1,子图 运动命令 内部化学连接
17223685,10609443,chem,other,none,5.00,0.50,1,子图 运动命令 内部化学连接
17223685,12366224,chem,other,none,5.00,0.50,1,子图 运动命令 内部化学连接
17223685,17804729,chem,other,none,5.00,0.50,1,子图 运动命令 内部化学连接
17224013,5033480,chem,other,none,5.00,0.50,1,子图 运动命令 内部化学连接
17224013,7005145,chem,other,none,5.00,0.50,1,子图 运动命令 内部化学连接
17224013,8348277,chem,other,none,5.00,0.50,2,子图 运动命令 内部化学连接
17224013,10527147,chem,other,none,5.00,0.50,1,子图 运动命令 内部化学连接
17224013,10842047,chem,other,none,5.00,0.50,1,子图 运动命令 内部化学连接
17224013,15576292,chem,other,none,5.00,0.50,1,子图 运动命令 内部化学连接
17224013,17360038,chem,other,none,5.00,0.50,1,子图 运动命令 内部化学连接
17224013,17732270,chem,other,none,5.00,0.50,1,子图 运动命令 内部化学连接
17224013,19051762,chem,other,none,5.00,0.50,1,子图 运动命令 内部化学连接
17247877,3729496,chem,other,none,5.00,0.50,1,子图 运动命令 内部化学连接
17247877,4188325,chem,other,none,5.00,0.50,1,子图 运动命令 内部化学连接
17247877,9034378,chem,other,none,5.00,0.50,2,子图 运动命令 内部化学连接
17247877,13411445,chem,other,none,5.00,0.50,2,子图 运动命令 内部化学连接
17247877,13674287,chem,other,none,5.00,0.50,5,子图 运动命令 内部化学连接
17247877,13834125,chem,other,none,5.00,0.50,2,子图 运动命令 内部化学连接
17247877,14492757,chem,other,none,5.00,0.50,1,子图 运动命令 内部化学连接
17247877,14656798,chem,other,none,5.00,0.50,5,子图 运动命令 内部化学连接
17247877,15610774,chem,other,none,5.00,0.50,2,子图 运动命令 内部化学连接
17247877,16340461,chem,other,none,5.00,0.50,2,子图 运动命令 内部化学连接
17247877,16350988,chem,other,none,5.00,0.50,1,子图 运动命令 内部化学连接
17247877,16434560,chem,other,none,5.00,0.50,1,子图 运动命令 内部化学连接
17247877,16947349,chem,other,none,5.00,0.50,1,子图 运动命令 内部化学连接
17247877,17354414,chem,other,none,5.00,0.50,1,子图 运动命令 内部化学连接
17247877,17990556,chem,other,none,5.00,0.50,2,子图 运动命令 内部化学连接
17247877,18133444,chem,other,none,5.00,0.50,2,子图 运动命令 内部化学连接
17297936,2650887,chem,other,none,5.00,0.50,1,子图 运动命令 内部化学连接
17297936,5162462,chem,other,none,5.00,0.50,1,子图 运动命令 内部化学连接
17297936,5900426,chem,other,none,5.00,0.50,1,子图 运动命令 内部化学连接
17297936,6700147,chem,other,none,5.00,0.50,1,子图 运动命令 内部化学连接
17297936,8592501,chem,other,none,5.00,0.50,2,子图 运动命令 内部化学连接
17297936,10317031,chem,other,none,5.00,0.50,1,子图 运动命令 内部化学连接
17297936,10758204,chem,other,none,5.00,0.50,3,子图 运动命令 内部化学连接
17297936,12031406,chem,other,none,5.00,0.50,1,子图 运动命令 内部化学连接
17297936,15672263,chem,other,none,5.00,0.50,2,子图 运动命令 内部化学连接
17297936,15732497,chem,other,none,5.00,0.50,1,子图 运动命令 内部化学连接
17297936,16327998,chem,other,none,5.00,0.50,1,子图 运动命令 内部化学连接
17297936,16355225,chem,other,none,5.00,0.50,10,子图 运动命令 内部化学连接
17297936,16443509,chem,other,none,5.00,0.50,14,子图 运动命令 内部化学连接
17297936,17025508,chem,other,none,5.00,0.50,2,子图 运动命令 内部化学连接
17297936,17356024,chem,other,none,5.00,0.50,3,子图 运动命令 内部化学连接
17297936,17379298,chem,other,none,5.00,0.50,3,子图 运动命令 内部化学连接
17297936,17380309,chem,other,none,5.00,0.50,1,子图 运动命令 内部化学连接
17297936,17455871,chem,other,none,5.00,0.50,1,子图 运动命令 内部化学连接
17297936,17543765,chem,other,none,5.00,0.50,1,子图 运动命令 内部化学连接
17297936,17654967,chem,other,none,5.00,0.50,1,子图 运动命令 内部化学连接
17297936,17663944,chem,other,none,5.00,0.50,1,子图 运动命令 内部化学连接
17304269,2650887,chem,other,none,5.00,0.50,2,子图 运动命令 内部化学连接
17304269,3027876,chem,other,none,5.00,0.50,3,子图 运动命令 内部化学连接
17304269,7371184,chem,other,none,5.00,0.50,1,子图 运动命令 内部化学连接
17304269,10855798,chem,other,none,5.00,0.50,1,子图 运动命令 内部化学连接
17304269,11714576,chem,other,none,5.00,0.50,5,子图 运动命令 内部化学连接
17304269,14334367,chem,other,none,5.00,0.50,9,子图 运动命令 内部化学连接
17304269,16195633,chem,other,none,5.00,0.50,3,子图 运动命令 内部化学连接
17304269,16884962,chem,other,none,5.00,0.50,5,子图 运动命令 内部化学连接
17304269,17304269,chem,other,none,5.00,0.50,1,子图 运动命令 内部化学连接
17304269,19054481,chem,other,none,5.00,0.50,7,子图 运动命令 内部化学连接
17315288,4227880,chem,other,none,5.00,0.50,7,子图 运动命令 内部化学连接
17315288,4228105,chem,other,none,5.00,0.50,2,子图 运动命令 内部化学连接
17315288,5326407,chem,other,none,5.00,0.50,5,子图 运动命令 内部化学连接
17315288,6193472,chem,other,none,5.00,0.50,3,子图 运动命令 内部化学连接
17315288,7056904,chem,other,none,5.00,0.50,5,子图 运动命令 内部化学连接
17315288,10918898,chem,other,none,5.00,0.50,5,子图 运动命令 内部化学连接
17315288,12962772,chem,other,none,5.00,0.50,2,子图 运动命令 内部化学连接
17315288,14539753,chem,other,none,5.00,0.50,4,子图 运动命令 内部化学连接
17315288,16471422,chem,other,none,5.00,0.50,1,子图 运动命令 内部化学连接
17315288,16910799,chem,other,none,5.00,0.50,1,子图 运动命令 内部化学连接
17315288,16913476,chem,other,none,5.00,0.50,1,子图 运动命令 内部化学连接
17315288,17083341,chem,other,none,5.00,0.50,1,子图 运动命令 内部化学连接
17315288,17176927,chem,other,none,5.00,0.50,8,子图 运动命令 内部化学连接
17315288,17177419,chem,other,none,5.00,0.50,8,子图 运动命令 内部化学连接
17315288,17315288,chem,other,none,5.00,0.50,1,子图 运动命令 内部化学连接
17315288,17813457,chem,other,none,5.00,0.50,4,子图 运动命令 内部化学连接
17321919,3044500,chem,other,none,5.00,0.50,2,子图 运动命令 内部化学连接
17321919,5319633,chem,other,none,5.00,0.50,1,子图 运动命令 内部化学连接
17321919,5512988,chem,other,none,5.00,0.50,1,子图 运动命令 内部化学连接
17321919,5754346,chem,other,none,5.00,0.50,1,子图 运动命令 内部化学连接
17321919,6554358,chem,other,none,5.00,0.50,1,子图 运动命令 内部化学连接
17321919,6572414,chem,other,none,5.00,0.50,1,子图 运动命令 内部化学连接
17321919,6604203,chem,other,none,5.00,0.50,1,子图 运动命令 内部化学连接
17321919,14034206,chem,other,none,5.00,0.50,2,子图 运动命令 内部化学连接
17321919,16195633,chem,other,none,5.00,0.50,2,子图 运动命令 内部化学连接
17321919,17776982,chem,other,none,5.00,0.50,2,子图 运动命令 内部化学连接
17323054,1622901,chem,other,none,5.00,0.50,4,子图 运动命令 内部化学连接
17323054,1678567,chem,other,none,5.00,0.50,1,子图 运动命令 内部化学连接
17323054,4324567,chem,other,none,5.00,0.50,7,子图 运动命令 内部化学连接
17323054,7057730,chem,other,none,5.00,0.50,2,子图 运动命令 内部化学连接
17323054,7700444,chem,other,none,5.00,0.50,1,子图 运动命令 内部化学连接
17323054,8271875,chem,other,none,5.00,0.50,3,子图 运动命令 内部化学连接
17323054,9154024,chem,other,none,5.00,0.50,1,子图 运动命令 内部化学连接
17323054,9235545,chem,other,none,5.00,0.50,1,子图 运动命令 内部化学连接
17323054,10017944,chem,other,none,5.00,0.50,1,子图 运动命令 内部化学连接
17323054,10553248,chem,other,none,5.00,0.50,1,子图 运动命令 内部化学连接
17323054,10964258,chem,other,none,5.00,0.50,1,子图 运动命令 内部化学连接
17323054,11468088,chem,other,none,5.00,0.50,2,子图 运动命令 内部化学连接
17323054,11841664,chem,other,none,5.00,0.50,7,子图 运动命令 内部化学连接
17323054,11876076,chem,other,none,5.00,0.50,2,子图 运动命令 内部化学连接
17323054,12598741,chem,other,none,5.00,0.50,1,子图 运动命令 内部化学连接
17323054,13028455,chem,other,none,5.00,0.50,1,子图 运动命令 内部化学连接
17323054,14726069,chem,other,none,5.00,0.50,2,子图 运动命令 内部化学连接
17323054,15512408,chem,other,none,5.00,0.50,2,子图 运动命令 内部化学连接
17323054,15732509,chem,other,none,5.00,0.50,1,子图 运动命令 内部化学连接
17323054,15995958,chem,other,none,5.00,0.50,1,子图 运动命令 内部化学连接
17323054,16545113,chem,other,none,5.00,0.50,7,子图 运动命令 内部化学连接
17323054,16547281,chem,other,none,5.00,0.50,11,子图 运动命令 内部化学连接
17323054,16851577,chem,other,none,5.00,0.50,5,子图 运动命令 内部化学连接
17323054,16851718,chem,other,none,5.00,0.50,8,子图 运动命令 内部化学连接
17323054,16950115,chem,other,none,5.00,0.50,6,子图 运动命令 内部化学连接
17323054,16952691,chem,other,none,5.00,0.50,3,子图 运动命令 内部化学连接
17323054,17053270,chem,other,none,5.00,0.50,5,子图 运动命令 内部化学连接
17323054,17110007,chem,other,none,5.00,0.50,1,子图 运动命令 内部化学连接
17323054,17357979,chem,other,none,5.00,0.50,2,子图 运动命令 内部化学连接
17323054,17360404,chem,other,none,5.00,0.50,1,子图 运动命令 内部化学连接
17323054,17435815,chem,other,none,5.00,0.50,1,子图 运动命令 内部化学连接
17323054,17448356,chem,other,none,5.00,0.50,2,子图 运动命令 内部化学连接
17323054,17728695,chem,other,none,5.00,0.50,5,子图 运动命令 内部化学连接
17323054,18111410,chem,other,none,5.00,0.50,1,子图 运动命令 内部化学连接
17323054,18551732,chem,other,none,5.00,0.50,2,子图 运动命令 内部化学连接
17323054,19361427,chem,other,none,5.00,0.50,3,子图 运动命令 内部化学连接
17324711,3944626,chem,other,none,5.00,0.50,1,子图 运动命令 内部化学连接
17324711,4215611,chem,other,none,5.00,0.50,2,子图 运动命令 内部化学连接
17324711,6317793,chem,other,none,5.00,0.50,1,子图 运动命令 内部化学连接
17324711,9424902,chem,other,none,5.00,0.50,1,子图 运动命令 内部化学连接
17324711,12962772,chem,other,none,5.00,0.50,1,子图 运动命令 内部化学连接
17324711,14492757,chem,other,none,5.00,0.50,2,子图 运动命令 内部化学连接
17324711,16547268,chem,other,none,5.00,0.50,1,子图 运动命令 内部化学连接
17324711,17053270,chem,other,none,5.00,0.50,2,子图 运动命令 内部化学连接
17324711,17659014,chem,other,none,5.00,0.50,2,子图 运动命令 内部化学连接
17328580,3027876,chem,other,none,5.00,0.50,2,子图 运动命令 内部化学连接
17328580,3765735,chem,other,none,5.00,0.50,1,子图 运动命令 内部化学连接
17328580,3944626,chem,other,none,5.00,0.50,1,子图 运动命令 内部化学连接
17328580,6193472,chem,other,none,5.00,0.50,1,子图 运动命令 内部化学连接
17328580,10583715,chem,other,none,5.00,0.50,2,子图 运动命令 内部化学连接
17328580,10792617,chem,other,none,5.00,0.50,1,子图 运动命令 内部化学连接
17328580,11306294,chem,other,none,5.00,0.50,2,子图 运动命令 内部化学连接
17328580,11891098,chem,other,none,5.00,0.50,1,子图 运动命令 内部化学连接
17328580,13411445,chem,other,none,5.00,0.50,1,子图 运动命令 内部化学连接
17328580,13834125,chem,other,none,5.00,0.50,1,子图 运动命令 内部化学连接
17328580,14579509,chem,other,none,5.00,0.50,1,子图 运动命令 内部化学连接
17328580,14617508,chem,other,none,5.00,0.50,1,子图 运动命令 内部化学连接
17328580,14753815,chem,other,none,5.00,0.50,2,子图 运动命令 内部化学连接
17328580,16195633,chem,other,none,5.00,0.50,6,子图 运动命令 内部化学连接
17328580,17087885,chem,other,none,5.00,0.50,1,子图 运动命令 内部化学连接
17328580,17247877,chem,other,none,5.00,0.50,1,子图 运动命令 内部化学连接
17328580,17324711,chem,other,none,5.00,0.50,3,子图 运动命令 内部化学连接
17328580,17360282,chem,other,none,5.00,0.50,1,子图 运动命令 内部化学连接
17328580,17379420,chem,other,none,5.00,0.50,1,子图 运动命令 内部化学连接
17328580,17850822,chem,other,none,5.00,0.50,1,子图 运动命令 内部化学连接
17328580,18111410,chem,other,none,5.00,0.50,1,子图 运动命令 内部化学连接
17328632,3027876,chem,other,none,5.00,0.50,6,子图 运动命令 内部化学连接
17328632,3765735,chem,other,none,5.00,0.50,2,子图 运动命令 内部化学连接
17328632,6317793,chem,other,none,5.00,0.50,5,子图 运动命令 内部化学连接
17328632,8471817,chem,other,none,5.00,0.50,2,子图 运动命令 内部化学连接
17328632,8566140,chem,other,none,5.00,0.50,1,子图 运动命令 内部化学连接
17328632,8572353,chem,other,none,5.00,0.50,4,子图 运动命令 内部化学连接
17328632,11278919,chem,other,none,5.00,0.50,4,子图 运动命令 内部化学连接
17328632,13674287,chem,other,none,5.00,0.50,2,子图 运动命令 内部化学连接
17328632,15048530,chem,other,none,5.00,0.50,7,子图 运动命令 内部化学连接
17328632,15610774,chem,other,none,5.00,0.50,1,子图 运动命令 内部化学连接
17328632,17756162,chem,other,none,5.00,0.50,2,子图 运动命令 内部化学连接
17328632,17850822,chem,other,none,5.00,0.50,3,子图 运动命令 内部化学连接
17351780,869360,chem,other,none,5.00,0.50,9,子图 运动命令 内部化学连接
17351780,4116174,chem,other,none,5.00,0.50,1,子图 运动命令 内部化学连接
17351780,4541081,chem,other,none,5.00,0.50,1,子图 运动命令 内部化学连接
17351780,8216541,chem,other,none,5.00,0.50,4,子图 运动命令 内部化学连接
17351780,17359133,chem,other,none,5.00,0.50,12,子图 运动命令 内部化学连接
17351780,17728571,chem,other,none,5.00,0.50,1,子图 运动命令 内部化学连接
17352470,3945136,chem,other,none,5.00,0.50,1,子图 运动命令 内部化学连接
17352470,4188290,chem,other,none,5.00,0.50,1,子图 运动命令 内部化学连接
17352470,6554358,chem,other,none,5.00,0.50,3,子图 运动命令 内部化学连接
17352470,9424902,chem,other,none,5.00,0.50,1,子图 运动命令 内部化学连接
17352470,10059655,chem,other,none,5.00,0.50,1,子图 运动命令 内部化学连接
17352470,14034206,chem,other,none,5.00,0.50,3,子图 运动命令 内部化学连接
17352824,1646076,chem,other,none,5.00,0.50,4,子图 运动命令 内部化学连接
17352824,1980134,chem,other,none,5.00,0.50,2,子图 运动命令 内部化学连接
17352824,2669844,chem,other,none,5.00,0.50,1,子图 运动命令 内部化学连接
17352824,5768240,chem,other,none,5.00,0.50,4,子图 运动命令 内部化学连接
17352824,10600188,chem,other,none,5.00,0.50,1,子图 运动命令 内部化学连接
17352824,10792617,chem,other,none,5.00,0.50,1,子图 运动命令 内部化学连接
17352824,11278919,chem,other,none,5.00,0.50,4,子图 运动命令 内部化学连接
17352824,15897280,chem,other,none,5.00,0.50,1,子图 运动命令 内部化学连接
17352824,16415910,chem,other,none,5.00,0.50,1,子图 运动命令 内部化学连接
17352824,16851791,chem,other,none,5.00,0.50,4,子图 运动命令 内部化学连接
17352824,17827011,chem,other,none,5.00,0.50,1,子图 运动命令 内部化学连接
17352824,18111410,chem,other,none,5.00,0.50,1,子图 运动命令 内部化学连接
17352824,18305433,chem,other,none,5.00,0.50,1,子图 运动命令 内部化学连接
17352824,19167389,chem,other,none,5.00,0.50,1,子图 运动命令 内部化学连接
17353986,7955278,chem,other,none,5.00,0.50,3,子图 运动命令 内部化学连接
17353986,8357933,chem,other,none,5.00,0.50,1,子图 运动命令 内部化学连接
17353986,17732256,chem,other,none,5.00,0.50,1,子图 运动命令 内部化学连接
17353986,17777031,chem,other,none,5.00,0.50,1,子图 运动命令 内部化学连接
17353986,18929470,chem,other,none,5.00,0.50,2,子图 运动命令 内部化学连接
17354392,3048606,chem,other,none,5.00,0.50,3,子图 运动命令 内部化学连接
17354392,3058132,chem,other,none,5.00,0.50,1,子图 运动命令 内部化学连接
17354392,5038920,chem,other,none,5.00,0.50,6,子图 运动命令 内部化学连接
17354392,5671303,chem,other,none,5.00,0.50,1,子图 运动命令 内部化学连接
17354392,5688091,chem,other,none,5.00,0.50,3,子图 运动命令 内部化学连接
17354392,8546775,chem,other,none,5.00,0.50,1,子图 运动命令 内部化学连接
17354392,8709865,chem,other,none,5.00,0.50,1,子图 运动命令 内部化学连接
17354392,9351843,chem,other,none,5.00,0.50,2,子图 运动命令 内部化学连接
17354392,9739780,chem,other,none,5.00,0.50,4,子图 运动命令 内部化学连接
17354392,11081239,chem,other,none,5.00,0.50,3,子图 运动命令 内部化学连接
17354392,12279941,chem,other,none,5.00,0.50,1,子图 运动命令 内部化学连接
17354392,13749806,chem,other,none,5.00,0.50,1,子图 运动命令 内部化学连接
17354392,14034206,chem,other,none,5.00,0.50,1,子图 运动命令 内部化学连接
17354392,15590555,chem,other,none,5.00,0.50,2,子图 运动命令 内部化学连接
17354392,15636958,chem,other,none,5.00,0.50,5,子图 运动命令 内部化学连接
17354392,15638906,chem,other,none,5.00,0.50,2,子图 运动命令 内部化学连接
17354392,15639331,chem,other,none,5.00,0.50,2,子图 运动命令 内部化学连接
17354392,15655801,chem,other,none,5.00,0.50,1,子图 运动命令 内部化学连接
17354392,15676016,chem,other,none,5.00,0.50,2,子图 运动命令 内部化学连接
17354392,16742642,chem,other,none,5.00,0.50,2,子图 运动命令 内部化学连接
17354392,17328632,chem,other,none,5.00,0.50,5,子图 运动命令 内部化学连接
17354392,17360010,chem,other,none,5.00,0.50,2,子图 运动命令 内部化学连接
17354392,17360076,chem,other,none,5.00,0.50,2,子图 运动命令 内部化学连接
17354392,17732031,chem,other,none,5.00,0.50,2,子图 运动命令 内部化学连接
17354392,17913032,chem,other,none,5.00,0.50,1,子图 运动命令 内部化学连接
17354403,13007383,chem,other,none,5.00,0.50,1,子图 运动命令 内部化学连接
17354403,13727202,chem,other,none,5.00,0.50,1,子图 运动命令 内部化学连接
17354403,17587734,chem,other,none,5.00,0.50,1,子图 运动命令 内部化学连接
17354403,17736748,chem,other,none,5.00,0.50,3,子图 运动命令 内部化学连接
17354414,1961182,chem,other,none,5.00,0.50,1,子图 运动命令 内部化学连接
17354414,3010486,chem,other,none,5.00,0.50,1,子图 运动命令 内部化学连接
17354414,7590264,chem,other,none,5.00,0.50,1,子图 运动命令 内部化学连接
17354414,9034378,chem,other,none,5.00,0.50,3,子图 运动命令 内部化学连接
17354414,9116228,chem,other,none,5.00,0.50,1,子图 运动命令 内部化学连接
17354414,10234576,chem,other,none,5.00,0.50,1,子图 运动命令 内部化学连接
17354414,10596949,chem,other,none,5.00,0.50,1,子图 运动命令 内部化学连接
17354414,11348509,chem,other,none,5.00,0.50,1,子图 运动命令 内部化学连接
17354414,11891098,chem,other,none,5.00,0.50,1,子图 运动命令 内部化学连接
17354414,13713529,chem,other,none,5.00,0.50,1,子图 运动命令 内部化学连接
17354414,14492880,chem,other,none,5.00,0.50,2,子图 运动命令 内部化学连接
17354414,15431408,chem,other,none,5.00,0.50,1,子图 运动命令 内部化学连接
17354414,15560623,chem,other,none,5.00,0.50,1,子图 运动命令 内部化学连接
17354414,15629759,chem,other,none,5.00,0.50,1,子图 运动命令 内部化学连接
17354414,16154290,chem,other,none,5.00,0.50,1,子图 运动命令 内部化学连接
17354414,16223688,chem,other,none,5.00,0.50,1,子图 运动命令 内部化学连接
17354414,16545179,chem,other,none,5.00,0.50,1,子图 运动命令 内部化学连接
17354414,16851791,chem,other,none,5.00,0.50,1,子图 运动命令 内部化学连接
17354414,17247877,chem,other,none,5.00,0.50,1,子图 运动命令 内部化学连接
17354414,17360282,chem,other,none,5.00,0.50,1,子图 运动命令 内部化学连接
17354414,17466463,chem,other,none,5.00,0.50,1,子图 运动命令 内部化学连接
17354414,17647621,chem,other,none,5.00,0.50,1,子图 运动命令 内部化学连接
17354414,17654991,chem,other,none,5.00,0.50,1,子图 运动命令 内部化学连接
17354414,17732346,chem,other,none,5.00,0.50,1,子图 运动命令 内部化学连接
17354414,18302931,chem,other,none,5.00,0.50,2,子图 运动命令 内部化学连接
17354414,19091995,chem,other,none,5.00,0.50,1,子图 运动命令 内部化学连接
17354414,19092010,chem,other,none,5.00,0.50,1,子图 运动命令 内部化学连接
17355745,3539170,chem,other,none,5.00,0.50,24,子图 运动命令 内部化学连接
17355745,11229136,chem,other,none,5.00,0.50,1,子图 运动命令 内部化学连接
17355745,13313410,chem,other,none,5.00,0.50,2,子图 运动命令 内部化学连接
17355745,13830600,chem,other,none,5.00,0.50,1,子图 运动命令 内部化学连接
17355745,17732791,chem,other,none,5.00,0.50,1,子图 运动命令 内部化学连接
17355745,18440675,chem,other,none,5.00,0.50,2,子图 运动命令 内部化学连接
17355745,19298644,chem,other,none,5.00,0.50,1,子图 运动命令 内部化学连接
17355864,3010486,chem,other,none,5.00,0.50,1,子图 运动命令 内部化学连接
17355864,4847079,chem,other,none,5.00,0.50,1,子图 运动命令 内部化学连接
17355864,5162462,chem,other,none,5.00,0.50,1,子图 运动命令 内部化学连接
17355864,5319633,chem,other,none,5.00,0.50,1,子图 运动命令 内部化学连接
17355864,5902352,chem,other,none,5.00,0.50,1,子图 运动命令 内部化学连接
17355864,5936935,chem,other,none,5.00,0.50,2,子图 运动命令 内部化学连接
17355864,6153877,chem,other,none,5.00,0.50,3,子图 运动命令 内部化学连接
17355864,6610913,chem,other,none,5.00,0.50,2,子图 运动命令 内部化学连接
17355864,7025064,chem,other,none,5.00,0.50,2,子图 运动命令 内部化学连接
17355864,8161142,chem,other,none,5.00,0.50,7,子图 运动命令 内部化学连接
17355864,8161148,chem,other,none,5.00,0.50,6,子图 运动命令 内部化学连接
17355864,8496618,chem,other,none,5.00,0.50,5,子图 运动命令 内部化学连接
17355864,9237734,chem,other,none,5.00,0.50,4,子图 运动命令 内部化学连接
17355864,9753494,chem,other,none,5.00,0.50,1,子图 运动命令 内部化学连接
17355864,13652117,chem,other,none,5.00,0.50,4,子图 运动命令 内部化学连接
17355864,13834125,chem,other,none,5.00,0.50,5,子图 运动命令 内部化学连接
17355864,13835439,chem,other,none,5.00,0.50,1,子图 运动命令 内部化学连接
17355864,14492757,chem,other,none,5.00,0.50,3,子图 运动命令 内部化学连接
17355864,14492880,chem,other,none,5.00,0.50,7,子图 运动命令 内部化学连接
17355864,14621584,chem,other,none,5.00,0.50,1,子图 运动命令 内部化学连接
17355864,14656798,chem,other,none,5.00,0.50,13,子图 运动命令 内部化学连接
17355864,14680483,chem,other,none,5.00,0.50,1,子图 运动命令 内部化学连接
17355864,14726069,chem,other,none,5.00,0.50,2,子图 运动命令 内部化学连接
17355864,15055590,chem,other,none,5.00,0.50,1,子图 运动命令 内部化学连接
17355864,15467736,chem,other,none,5.00,0.50,4,子图 运动命令 内部化学连接
17355864,15522152,chem,other,none,5.00,0.50,1,子图 运动命令 内部化学连接
17355864,15548844,chem,other,none,5.00,0.50,3,子图 运动命令 内部化学连接
17355864,15800115,chem,other,none,5.00,0.50,3,子图 运动命令 内部化学连接
17355864,15894178,chem,other,none,5.00,0.50,1,子图 运动命令 内部化学连接
17355864,15894278,chem,other,none,5.00,0.50,2,子图 运动命令 内部化学连接
17355864,16167914,chem,other,none,5.00,0.50,5,子图 运动命令 内部化学连接
17355864,16340977,chem,other,none,5.00,0.50,1,子图 运动命令 内部化学连接
17355864,16347786,chem,other,none,5.00,0.50,1,子图 运动命令 内部化学连接
17355864,16361363,chem,other,none,5.00,0.50,1,子图 运动命令 内部化学连接
17355864,16562142,chem,other,none,5.00,0.50,1,子图 运动命令 内部化学连接
17355864,16950115,chem,other,none,5.00,0.50,1,子图 运动命令 内部化学连接
17355864,16950550,chem,other,none,5.00,0.50,2,子图 运动命令 内部化学连接
17355864,17355864,chem,other,none,5.00,0.50,1,子图 运动命令 内部化学连接
17355864,17454636,chem,other,none,5.00,0.50,2,子图 运动命令 内部化学连接
17355864,17537254,chem,other,none,5.00,0.50,1,子图 运动命令 内部化学连接
17355864,18551732,chem,other,none,5.00,0.50,3,子图 运动命令 内部化学连接
17355864,18566361,chem,other,none,5.00,0.50,1,子图 运动命令 内部化学连接
17355864,18604097,chem,other,none,5.00,0.50,1,子图 运动命令 内部化学连接
17355864,20151537,chem,other,none,5.00,0.50,1,子图 运动命令 内部化学连接
17355872,13580849,chem,other,none,5.00,0.50,2,子图 运动命令 内部化学连接
17355872,13713529,chem,other,none,5.00,0.50,1,子图 运动命令 内部化学连接
17355872,16393165,chem,other,none,5.00,0.50,2,子图 运动命令 内部化学连接
17355892,865151,chem,other,none,5.00,0.50,2,子图 运动命令 内部化学连接
17355892,15599768,chem,other,none,5.00,0.50,5,子图 运动命令 内部化学连接
17356024,4274518,chem,other,none,5.00,0.50,1,子图 运动命令 内部化学连接
17356024,4324479,chem,other,none,5.00,0.50,2,子图 运动命令 内部化学连接
17356024,7439913,chem,other,none,5.00,0.50,16,子图 运动命令 内部化学连接
17356024,8391330,chem,other,none,5.00,0.50,2,子图 运动命令 内部化学连接
17356024,9077224,chem,other,none,5.00,0.50,6,子图 运动命令 内部化学连接
17356024,10234576,chem,other,none,5.00,0.50,4,子图 运动命令 内部化学连接
17356024,10248031,chem,other,none,5.00,0.50,1,子图 运动命令 内部化学连接
17356024,10880408,chem,other,none,5.00,0.50,5,子图 运动命令 内部化学连接
17356024,10964258,chem,other,none,5.00,0.50,9,子图 运动命令 内部化学连接
17356024,13652117,chem,other,none,5.00,0.50,4,子图 运动命令 内部化学连接
17356024,14241490,chem,other,none,5.00,0.50,7,子图 运动命令 内部化学连接
17356024,14756440,chem,other,none,5.00,0.50,1,子图 运动命令 内部化学连接
17356024,15516413,chem,other,none,5.00,0.50,1,子图 运动命令 内部化学连接
17356024,16327998,chem,other,none,5.00,0.50,1,子图 运动命令 内部化学连接
17356024,16561660,chem,other,none,5.00,0.50,1,子图 运动命令 内部化学连接
17356024,16635345,chem,other,none,5.00,0.50,1,子图 运动命令 内部化学连接
17356024,16851577,chem,other,none,5.00,0.50,24,子图 运动命令 内部化学连接
17356024,16924423,chem,other,none,5.00,0.50,2,子图 运动命令 内部化学连接
17356024,16950097,chem,other,none,5.00,0.50,25,子图 运动命令 内部化学连接
17356024,16952642,chem,other,none,5.00,0.50,1,子图 运动命令 内部化学连接
17356024,17075832,chem,other,none,5.00,0.50,13,子图 运动命令 内部化学连接
17356024,17356024,chem,other,none,5.00,0.50,1,子图 运动命令 内部化学连接
17356024,17732311,chem,other,none,5.00,0.50,1,子图 运动命令 内部化学连接
17356024,17777031,chem,other,none,5.00,0.50,3,子图 运动命令 内部化学连接
17356024,17809869,chem,other,none,5.00,0.50,6,子图 运动命令 内部化学连接
17356024,18076102,chem,other,none,5.00,0.50,2,子图 运动命令 内部化学连接
17356024,19361427,chem,other,none,5.00,0.50,17,子图 运动命令 内部化学连接
17356024,20139548,chem,other,none,5.00,0.50,8,子图 运动命令 内部化学连接
17356442,5859372,chem,other,none,5.00,0.50,1,子图 运动命令 内部化学连接
17356442,7371184,chem,other,none,5.00,0.50,1,子图 运动命令 内部化学连接
17356442,7439913,chem,other,none,5.00,0.50,2,子图 运动命令 内部化学连接
17356442,8391330,chem,other,none,5.00,0.50,3,子图 运动命令 内部化学连接
17356442,9424902,chem,other,none,5.00,0.50,2,子图 运动命令 内部化学连接
17356442,10234576,chem,other,none,5.00,0.50,2,子图 运动命令 内部化学连接
17356442,10248031,chem,other,none,5.00,0.50,16,子图 运动命令 内部化学连接
17356442,10880408,chem,other,none,5.00,0.50,2,子图 运动命令 内部化学连接
17356442,11303036,chem,other,none,5.00,0.50,1,子图 运动命令 内部化学连接
17356442,12420898,chem,other,none,5.00,0.50,5,子图 运动命令 内部化学连接
17356442,13652117,chem,other,none,5.00,0.50,2,子图 运动命令 内部化学连接
17356442,16547292,chem,other,none,5.00,0.50,9,子图 运动命令 内部化学连接
17356442,16561660,chem,other,none,5.00,0.50,11,子图 运动命令 内部化学连接
17356442,16950097,chem,other,none,5.00,0.50,2,子图 运动命令 内部化学连接
17356442,16952648,chem,other,none,5.00,0.50,1,子图 运动命令 内部化学连接
17356442,17356442,chem,other,none,5.00,0.50,1,子图 运动命令 内部化学连接
17356442,17732311,chem,other,none,5.00,0.50,9,子图 运动命令 内部化学连接
17356442,17809869,chem,other,none,5.00,0.50,7,子图 运动命令 内部化学连接
17356450,6143930,chem,other,none,5.00,0.50,3,子图 运动命令 内部化学连接
17356450,11105182,chem,other,none,5.00,0.50,1,子图 运动命令 内部化学连接
17356450,11195708,chem,other,none,5.00,0.50,4,子图 运动命令 内部化学连接
17356450,14437742,chem,other,none,5.00,0.50,1,子图 运动命令 内部化学连接
17356450,17062823,chem,other,none,5.00,0.50,4,子图 运动命令 内部化学连接
17356450,17356450,chem,other,none,5.00,0.50,1,子图 运动命令 内部化学连接
17356450,17732291,chem,other,none,5.00,0.50,1,子图 运动命令 内部化学连接
17356450,18123575,chem,other,none,5.00,0.50,1,子图 运动命令 内部化学连接
17356454,3486867,chem,other,none,5.00,0.50,1,子图 运动命令 内部化学连接
17356454,12000033,chem,other,none,5.00,0.50,2,子图 运动命令 内部化学连接
17356454,13833814,chem,other,none,5.00,0.50,5,子图 运动命令 内部化学连接
17356454,17355745,chem,other,none,5.00,0.50,3,子图 运动命令 内部化学连接
17356454,17728571,chem,other,none,5.00,0.50,1,子图 运动命令 内部化学连接
17357979,4311241,chem,other,none,5.00,0.50,1,子图 运动命令 内部化学连接
17357979,4749004,chem,other,none,5.00,0.50,16,子图 运动命令 内部化学连接
17357979,5856647,chem,other,none,5.00,0.50,2,子图 运动命令 内部化学连接
17357979,6188181,chem,other,none,5.00,0.50,3,子图 运动命令 内部化学连接
17357979,7700444,chem,other,none,5.00,0.50,4,子图 运动命令 内部化学连接
17357979,9077224,chem,other,none,5.00,0.50,1,子图 运动命令 内部化学连接
17357979,9235545,chem,other,none,5.00,0.50,9,子图 运动命令 内部化学连接
17357979,9237734,chem,other,none,5.00,0.50,2,子图 运动命令 内部化学连接
17357979,10234576,chem,other,none,5.00,0.50,3,子图 运动命令 内部化学连接
17357979,10411574,chem,other,none,5.00,0.50,1,子图 运动命令 内部化学连接
17357979,10758204,chem,other,none,5.00,0.50,2,子图 运动命令 内部化学连接
17357979,10964258,chem,other,none,5.00,0.50,3,子图 运动命令 内部化学连接
17357979,11625573,chem,other,none,5.00,0.50,1,子图 运动命令 内部化学连接
17357979,11841664,chem,other,none,5.00,0.50,15,子图 运动命令 内部化学连接
17357979,11876076,chem,other,none,5.00,0.50,1,子图 运动命令 内部化学连接
17357979,14241490,chem,other,none,5.00,0.50,12,子图 运动命令 内部化学连接
17357979,14334367,chem,other,none,5.00,0.50,1,子图 运动命令 内部化学连接
17357979,15513540,chem,other,none,5.00,0.50,1,子图 运动命令 内部化学连接
17357979,15516413,chem,other,none,5.00,0.50,5,子图 运动命令 内部化学连接
17357979,15995958,chem,other,none,5.00,0.50,2,子图 运动命令 内部化学连接
17357979,16327998,chem,other,none,5.00,0.50,2,子图 运动命令 内部化学连接
17357979,16445338,chem,other,none,5.00,0.50,2,子图 运动命令 内部化学连接
17357979,16635345,chem,other,none,5.00,0.50,10,子图 运动命令 内部化学连接
17357979,16667306,chem,other,none,5.00,0.50,1,子图 运动命令 内部化学连接
17357979,16851496,chem,other,none,5.00,0.50,6,子图 运动命令 内部化学连接
17357979,16851577,chem,other,none,5.00,0.50,9,子图 运动命令 内部化学连接
17357979,16851718,chem,other,none,5.00,0.50,1,子图 运动命令 内部化学连接
17357979,16910799,chem,other,none,5.00,0.50,7,子图 运动命令 内部化学连接
17357979,16950097,chem,other,none,5.00,0.50,1,子图 运动命令 内部化学连接
17357979,16952671,chem,other,none,5.00,0.50,1,子图 运动命令 内部化学连接
17357979,17110007,chem,other,none,5.00,0.50,1,子图 运动命令 内部化学连接
17357979,17323054,chem,other,none,5.00,0.50,8,子图 运动命令 内部化学连接
17357979,17535542,chem,other,none,5.00,0.50,1,子图 运动命令 内部化学连接
17357979,17654514,chem,other,none,5.00,0.50,1,子图 运动命令 内部化学连接
17357979,17732256,chem,other,none,5.00,0.50,1,子图 运动命令 内部化学连接
17357979,17777031,chem,other,none,5.00,0.50,3,子图 运动命令 内部化学连接
17357979,17809869,chem,other,none,5.00,0.50,4,子图 运动命令 内部化学连接
17357979,18076102,chem,other,none,5.00,0.50,1,子图 运动命令 内部化学连接
17357979,19090042,chem,other,none,5.00,0.50,1,子图 运动命令 内部化学连接
17357979,19361427,chem,other,none,5.00,0.50,1,子图 运动命令 内部化学连接
17358864,13007383,chem,other,none,5.00,0.50,2,子图 运动命令 内部化学连接
17358864,13722900,chem,other,none,5.00,0.50,1,子图 运动命令 内部化学连接
17358864,13760954,chem,other,none,5.00,0.50,7,子图 运动命令 内部化学连接
17358864,16327998,chem,other,none,5.00,0.50,1,子图 运动命令 内部化学连接
17358864,16561224,chem,other,none,5.00,0.50,7,子图 运动命令 内部化学连接
17358864,19950281,chem,other,none,5.00,0.50,6,子图 运动命令 内部化学连接
17358864,20911955,chem,other,none,5.00,0.50,6,子图 运动命令 内部化学连接
17358864,20911961,chem,other,none,5.00,0.50,2,子图 运动命令 内部化学连接
17358891,17728571,chem,other,none,5.00,0.50,2,子图 运动命令 内部化学连接
17358891,17732334,chem,other,none,5.00,0.50,1,子图 运动命令 内部化学连接
17358891,18929470,chem,other,none,5.00,0.50,1,子图 运动命令 内部化学连接
17359101,865151,chem,other,none,5.00,0.50,7,子图 运动命令 内部化学连接
17359101,17355892,chem,other,none,5.00,0.50,2,子图 运动命令 内部化学连接
17359111,9428865,chem,other,none,5.00,0.50,3,子图 运动命令 内部化学连接
17359111,10922928,chem,other,none,5.00,0.50,2,子图 运动命令 内部化学连接
17359111,14621584,chem,other,none,5.00,0.50,1,子图 运动命令 内部化学连接
17359111,16571210,chem,other,none,5.00,0.50,1,子图 运动命令 内部化学连接
17359111,17545695,chem,other,none,5.00,0.50,1,子图 运动命令 内部化学连接
17359111,17732791,chem,other,none,5.00,0.50,1,子图 运动命令 内部化学连接
17359133,869360,chem,other,none,5.00,0.50,3,子图 运动命令 内部化学连接
17359133,4116174,chem,other,none,5.00,0.50,1,子图 运动命令 内部化学连接
17359133,17351780,chem,other,none,5.00,0.50,5,子图 运动命令 内部化学连接
17359133,17359133,chem,other,none,5.00,0.50,1,子图 运动命令 内部化学连接
17359133,19054481,chem,other,none,5.00,0.50,2,子图 运动命令 内部化学连接
17360010,2979675,chem,other,none,5.00,0.50,1,子图 运动命令 内部化学连接
17360010,3620633,chem,other,none,5.00,0.50,1,子图 运动命令 内部化学连接
17360010,5134110,chem,other,none,5.00,0.50,2,子图 运动命令 内部化学连接
17360010,5657004,chem,other,none,5.00,0.50,6,子图 运动命令 内部化学连接
17360010,5671303,chem,other,none,5.00,0.50,1,子图 运动命令 内部化学连接
17360010,5754346,chem,other,none,5.00,0.50,1,子图 运动命令 内部化学连接
17360010,7227010,chem,other,none,5.00,0.50,1,子图 运动命令 内部化学连接
17360010,7422253,chem,other,none,5.00,0.50,3,子图 运动命令 内部化学连接
17360010,7429933,chem,other,none,5.00,0.50,1,子图 运动命令 内部化学连接
17360010,8546775,chem,other,none,5.00,0.50,1,子图 运动命令 内部化学连接
17360010,9643439,chem,other,none,5.00,0.50,2,子图 运动命令 内部化学连接
17360010,11081239,chem,other,none,5.00,0.50,4,子图 运动命令 内部化学连接
17360010,12279941,chem,other,none,5.00,0.50,3,子图 运动命令 内部化学连接
17360010,13749806,chem,other,none,5.00,0.50,3,子图 运动命令 内部化学连接
17360010,14760757,chem,other,none,5.00,0.50,2,子图 运动命令 内部化学连接
17360010,15365184,chem,other,none,5.00,0.50,1,子图 运动命令 内部化学连接
17360010,15590555,chem,other,none,5.00,0.50,1,子图 运动命令 内部化学连接
17360010,15638906,chem,other,none,5.00,0.50,2,子图 运动命令 内部化学连接
17360010,15639294,chem,other,none,5.00,0.50,1,子图 运动命令 内部化学连接
17360010,16571210,chem,other,none,5.00,0.50,1,子图 运动命令 内部化学连接
17360010,16742642,chem,other,none,5.00,0.50,5,子图 运动命令 内部化学连接
17360010,17354392,chem,other,none,5.00,0.50,1,子图 运动命令 内部化学连接
17360010,17360076,chem,other,none,5.00,0.50,1,子图 运动命令 内部化学连接
17360010,17732031,chem,other,none,5.00,0.50,1,子图 运动命令 内部化学连接
17360010,18644088,chem,other,none,5.00,0.50,1,子图 运动命令 内部化学连接
17360010,21300466,chem,other,none,5.00,0.50,2,子图 运动命令 内部化学连接
17360022,2797480,chem,other,none,5.00,0.50,1,子图 运动命令 内部化学连接
17360022,5764924,chem,other,none,5.00,0.50,1,子图 运动命令 内部化学连接
17360022,5936935,chem,other,none,5.00,0.50,1,子图 运动命令 内部化学连接
17360022,9428865,chem,other,none,5.00,0.50,7,子图 运动命令 内部化学连接
17360022,10581624,chem,other,none,5.00,0.50,4,子图 运动命令 内部化学连接
17360022,10842047,chem,other,none,5.00,0.50,1,子图 运动命令 内部化学连接
17360022,10872426,chem,other,none,5.00,0.50,2,子图 运动命令 内部化学连接
17360022,11261332,chem,other,none,5.00,0.50,1,子图 运动命令 内部化学连接
17360022,14579509,chem,other,none,5.00,0.50,1,子图 运动命令 内部化学连接
17360022,14651659,chem,other,none,5.00,0.50,3,子图 运动命令 内部化学连接
17360022,14655602,chem,other,none,5.00,0.50,1,子图 运动命令 内部化学连接
17360022,16445338,chem,other,none,5.00,0.50,3,子图 运动命令 内部化学连接
17360022,16571210,chem,other,none,5.00,0.50,2,子图 运动命令 内部化学连接
17360022,17358891,chem,other,none,5.00,0.50,1,子图 运动命令 内部化学连接
17360022,18501001,chem,other,none,5.00,0.50,1,子图 运动命令 内部化学连接
17360022,20139548,chem,other,none,5.00,0.50,1,子图 运动命令 内部化学连接
17360038,5134110,chem,other,none,5.00,0.50,4,子图 运动命令 内部化学连接
17360038,5462159,chem,other,none,5.00,0.50,1,子图 运动命令 内部化学连接
17360038,5657004,chem,other,none,5.00,0.50,4,子图 运动命令 内部化学连接
17360038,5745929,chem,other,none,5.00,0.50,1,子图 运动命令 内部化学连接
17360038,6623089,chem,other,none,5.00,0.50,1,子图 运动命令 内部化学连接
17360038,8710444,chem,other,none,5.00,0.50,1,子图 运动命令 内部化学连接
17360038,11081239,chem,other,none,5.00,0.50,1,子图 运动命令 内部化学连接
17360038,12598741,chem,other,none,5.00,0.50,1,子图 运动命令 内部化学连接
17360038,14755393,chem,other,none,5.00,0.50,1,子图 运动命令 内部化学连接
17360038,14757050,chem,other,none,5.00,0.50,3,子图 运动命令 内部化学连接
17360038,15676016,chem,other,none,5.00,0.50,1,子图 运动命令 内部化学连接
17360038,16422727,chem,other,none,5.00,0.50,1,子图 运动命令 内部化学连接
17360038,16540741,chem,other,none,5.00,0.50,2,子图 运动命令 内部化学连接
17360038,16544712,chem,other,none,5.00,0.50,1,子图 运动命令 内部化学连接
17360038,17053270,chem,other,none,5.00,0.50,2,子图 运动命令 内部化学连接
17360038,17086412,chem,other,none,5.00,0.50,3,子图 运动命令 内部化学连接
17360038,17360225,chem,other,none,5.00,0.50,1,子图 运动命令 内部化学连接
17360038,17360266,chem,other,none,5.00,0.50,1,子图 运动命令 内部化学连接
17360038,17728695,chem,other,none,5.00,0.50,1,子图 运动命令 内部化学连接
17360038,17732031,chem,other,none,5.00,0.50,2,子图 运动命令 内部化学连接
17360038,17804729,chem,other,none,5.00,0.50,2,子图 运动命令 内部化学连接
17360038,18111410,chem,other,none,5.00,0.50,1,子图 运动命令 内部化学连接
17360038,18527962,chem,other,none,5.00,0.50,1,子图 运动命令 内部化学连接
17360038,19508873,chem,other,none,5.00,0.50,3,子图 运动命令 内部化学连接
17360076,3048606,chem,other,none,5.00,0.50,1,子图 运动命令 内部化学连接
17360076,3182103,chem,other,none,5.00,0.50,2,子图 运动命令 内部化学连接
17360076,3946166,chem,other,none,5.00,0.50,1,子图 运动命令 内部化学连接
17360076,5657004,chem,other,none,5.00,0.50,1,子图 运动命令 内部化学连接
17360076,9739780,chem,other,none,5.00,0.50,1,子图 运动命令 内部化学连接
17360076,11081239,chem,other,none,5.00,0.50,10,子图 运动命令 内部化学连接
17360076,14034206,chem,other,none,5.00,0.50,1,子图 运动命令 内部化学连接
17360076,15517247,chem,other,none,5.00,0.50,1,子图 运动命令 内部化学连接
17360076,15636958,chem,other,none,5.00,0.50,2,子图 运动命令 内部化学连接
17360076,15639216,chem,other,none,5.00,0.50,4,子图 运动命令 内部化学连接
17360076,15639331,chem,other,none,5.00,0.50,8,子图 运动命令 内部化学连接
17360076,15655801,chem,other,none,5.00,0.50,8,子图 运动命令 内部化学连接
17360076,15676016,chem,other,none,5.00,0.50,2,子图 运动命令 内部化学连接
17360076,17354392,chem,other,none,5.00,0.50,1,子图 运动命令 内部化学连接
17360076,17732031,chem,other,none,5.00,0.50,1,子图 运动命令 内部化学连接
17360225,5512988,chem,other,none,5.00,0.50,1,子图 运动命令 内部化学连接
17360225,5764924,chem,other,none,5.00,0.50,3,子图 运动命令 内部化学连接
17360225,6125806,chem,other,none,5.00,0.50,4,子图 运动命令 内部化学连接
17360225,7573476,chem,other,none,5.00,0.50,1,子图 运动命令 内部化学连接
17360225,10725068,chem,other,none,5.00,0.50,1,子图 运动命令 内部化学连接
17360225,12366224,chem,other,none,5.00,0.50,1,子图 运动命令 内部化学连接
17360225,17732270,chem,other,none,5.00,0.50,3,子图 运动命令 内部化学连接
17360225,21591037,chem,other,none,5.00,0.50,1,子图 运动命令 内部化学连接
17360266,5730322,chem,other,none,5.00,0.50,1,子图 运动命令 内部化学连接
17360266,7587948,chem,other,none,5.00,0.50,1,子图 运动命令 内部化学连接
17360266,8592501,chem,other,none,5.00,0.50,1,子图 运动命令 内部化学连接
17360266,8709865,chem,other,none,5.00,0.50,4,子图 运动命令 内部化学连接
17360266,8710444,chem,other,none,5.00,0.50,10,子图 运动命令 内部化学连接
17360266,10947427,chem,other,none,5.00,0.50,1,子图 运动命令 内部化学连接
17360266,14656798,chem,other,none,5.00,0.50,3,子图 运动命令 内部化学连接
17360266,15590555,chem,other,none,5.00,0.50,6,子图 运动命令 内部化学连接
17360266,16540741,chem,other,none,5.00,0.50,2,子图 运动命令 内部化学连接
17360266,16617920,chem,other,none,5.00,0.50,4,子图 运动命令 内部化学连接
17360266,16852421,chem,other,none,5.00,0.50,3,子图 运动命令 内部化学连接
17360266,17362538,chem,other,none,5.00,0.50,3,子图 运动命令 内部化学连接
17360266,17658978,chem,other,none,5.00,0.50,6,子图 运动命令 内部化学连接
17360266,17937986,chem,other,none,5.00,0.50,1,子图 运动命令 内部化学连接
17360266,17937991,chem,other,none,5.00,0.50,1,子图 运动命令 内部化学连接
17360266,18149325,chem,other,none,5.00,0.50,3,子图 运动命令 内部化学连接
17360282,2669844,chem,other,none,5.00,0.50,1,子图 运动命令 内部化学连接
17360282,4812481,chem,other,none,5.00,0.50,1,子图 运动命令 内部化学连接
17360282,8810141,chem,other,none,5.00,0.50,1,子图 运动命令 内部化学连接
17360282,9532295,chem,other,none,5.00,0.50,9,子图 运动命令 内部化学连接
17360282,10317031,chem,other,none,5.00,0.50,1,子图 运动命令 内部化学连接
17360282,10473853,chem,other,none,5.00,0.50,5,子图 运动命令 内部化学连接
17360282,10523825,chem,other,none,5.00,0.50,2,子图 运动命令 内部化学连接
17360282,10596949,chem,other,none,5.00,0.50,1,子图 运动命令 内部化学连接
17360282,11022546,chem,other,none,5.00,0.50,2,子图 运动命令 内部化学连接
17360282,14754777,chem,other,none,5.00,0.50,8,子图 运动命令 内部化学连接
17360282,14756061,chem,other,none,5.00,0.50,1,子图 运动命令 内部化学连接
17360282,15897280,chem,other,none,5.00,0.50,1,子图 运动命令 内部化学连接
17360282,16167914,chem,other,none,5.00,0.50,1,子图 运动命令 内部化学连接
17360282,16340461,chem,other,none,5.00,0.50,9,子图 运动命令 内部化学连接
17360282,16355225,chem,other,none,5.00,0.50,6,子图 运动命令 内部化学连接
17360282,16445073,chem,other,none,5.00,0.50,1,子图 运动命令 内部化学连接
17360282,16851791,chem,other,none,5.00,0.50,11,子图 运动命令 内部化学连接
17360282,17000062,chem,other,none,5.00,0.50,1,子图 运动命令 内部化学连接
17360282,17354414,chem,other,none,5.00,0.50,2,子图 运动命令 内部化学连接
17360282,17378648,chem,other,none,5.00,0.50,27,子图 运动命令 内部化学连接
17360282,17383431,chem,other,none,5.00,0.50,7,子图 运动命令 内部化学连接
17360282,17732346,chem,other,none,5.00,0.50,23,子图 运动命令 内部化学连接
17360286,6125806,chem,other,none,5.00,0.50,7,子图 运动命令 内部化学连接
17360286,7429933,chem,other,none,5.00,0.50,4,子图 运动命令 内部化学连接
17360286,9234420,chem,other,none,5.00,0.50,1,子图 运动命令 内部化学连接
17360286,10947427,chem,other,none,5.00,0.50,2,子图 运动命令 内部化学连接
17360286,14492880,chem,other,none,5.00,0.50,1,子图 运动命令 内部化学连接
17360286,15365184,chem,other,none,5.00,0.50,1,子图 运动命令 内部化学连接
17360286,17360225,chem,other,none,5.00,0.50,1,子图 运动命令 内部化学连接
17360286,17732270,chem,other,none,5.00,0.50,1,子图 运动命令 内部化学连接
17360404,1678567,chem,other,none,5.00,0.50,3,子图 运动命令 内部化学连接
17360404,4311241,chem,other,none,5.00,0.50,1,子图 运动命令 内部化学连接
17360404,6188181,chem,other,none,5.00,0.50,1,子图 运动命令 内部化学连接
17360404,7057730,chem,other,none,5.00,0.50,5,子图 运动命令 内部化学连接
17360404,9594273,chem,other,none,5.00,0.50,2,子图 运动命令 内部化学连接
17360404,9612903,chem,other,none,5.00,0.50,5,子图 运动命令 内部化学连接
17360404,11022546,chem,other,none,5.00,0.50,2,子图 运动命令 内部化学连接
17360404,13028455,chem,other,none,5.00,0.50,1,子图 运动命令 内部化学连接
17360404,15005403,chem,other,none,5.00,0.50,4,子图 运动命令 内部化学连接
17360404,15516413,chem,other,none,5.00,0.50,1,子图 运动命令 内部化学连接
17360404,15525711,chem,other,none,5.00,0.50,6,子图 运动命令 内部化学连接
17360404,15525794,chem,other,none,5.00,0.50,12,子图 运动命令 内部化学连接
17360404,16345627,chem,other,none,5.00,0.50,4,子图 运动命令 内部化学连接
17360404,16562142,chem,other,none,5.00,0.50,3,子图 运动命令 内部化学连接
17360404,16992171,chem,other,none,5.00,0.50,1,子图 运动命令 内部化学连接
17360404,17053270,chem,other,none,5.00,0.50,1,子图 运动命令 内部化学连接
17360404,17105218,chem,other,none,5.00,0.50,6,子图 运动命令 内部化学连接
17360404,17165755,chem,other,none,5.00,0.50,1,子图 运动命令 内部化学连接
17360404,17360404,chem,other,none,5.00,0.50,1,子图 运动命令 内部化学连接
17360404,17574013,chem,other,none,5.00,0.50,1,子图 运动命令 内部化学连接
17360404,17736641,chem,other,none,5.00,0.50,2,子图 运动命令 内部化学连接
17360404,18267838,chem,other,none,5.00,0.50,2,子图 运动命令 内部化学连接
17362538,5503982,chem,other,none,5.00,0.50,2,子图 运动命令 内部化学连接
17362538,8709865,chem,other,none,5.00,0.50,5,子图 运动命令 内部化学连接
17362538,8710444,chem,other,none,5.00,0.50,2,子图 运动命令 内部化学连接
17362538,10367190,chem,other,none,5.00,0.50,2,子图 运动命令 内部化学连接
17362538,10959064,chem,other,none,5.00,0.50,1,子图 运动命令 内部化学连接
17362538,14757050,chem,other,none,5.00,0.50,1,子图 运动命令 内部化学连接
17362538,16115575,chem,other,none,5.00,0.50,1,子图 运动命令 内部化学连接
17362538,16540741,chem,other,none,5.00,0.50,2,子图 运动命令 内部化学连接
17362538,16852421,chem,other,none,5.00,0.50,1,子图 运动命令 内部化学连接
17362538,17658978,chem,other,none,5.00,0.50,9,子图 运动命令 内部化学连接
17362538,17897230,chem,other,none,5.00,0.50,6,子图 运动命令 内部化学连接
17362538,17937991,chem,other,none,5.00,0.50,2,子图 运动命令 内部化学连接
17362538,18035063,chem,other,none,5.00,0.50,1,子图 运动命令 内部化学连接
17362538,18149325,chem,other,none,5.00,0.50,1,子图 运动命令 内部化学连接
17378483,5134110,chem,other,none,5.00,0.50,2,子图 运动命令 内部化学连接
17378483,5512988,chem,other,none,5.00,0.50,1,子图 运动命令 内部化学连接
17378483,5657004,chem,other,none,5.00,0.50,2,子图 运动命令 内部化学连接
17378483,5730322,chem,other,none,5.00,0.50,1,子图 运动命令 内部化学连接
17378483,6317793,chem,other,none,5.00,0.50,2,子图 运动命令 内部化学连接
17378483,6604203,chem,other,none,5.00,0.50,1,子图 运动命令 内部化学连接
17378483,10367190,chem,other,none,5.00,0.50,1,子图 运动命令 内部化学连接
17378483,11050498,chem,other,none,5.00,0.50,1,子图 运动命令 内部化学连接
17378483,11081239,chem,other,none,5.00,0.50,3,子图 运动命令 内部化学连接
17378483,11905911,chem,other,none,5.00,0.50,4,子图 运动命令 内部化学连接
17378483,13081886,chem,other,none,5.00,0.50,1,子图 运动命令 内部化学连接
17378483,14757050,chem,other,none,5.00,0.50,2,子图 运动命令 内部化学连接
17378483,16540741,chem,other,none,5.00,0.50,1,子图 运动命令 内部化学连接
17378483,16544712,chem,other,none,5.00,0.50,1,子图 运动命令 内部化学连接
17378483,17315288,chem,other,none,5.00,0.50,2,子图 运动命令 内部化学连接
17378483,17379360,chem,other,none,5.00,0.50,1,子图 运动命令 内部化学连接
17378483,17728695,chem,other,none,5.00,0.50,1,子图 运动命令 内部化学连接
17378483,17804729,chem,other,none,5.00,0.50,1,子图 运动命令 内部化学连接
17378483,18149325,chem,other,none,5.00,0.50,2,子图 运动命令 内部化学连接
17378483,18527962,chem,other,none,5.00,0.50,1,子图 运动命令 内部化学连接
17378483,18639459,chem,other,none,5.00,0.50,1,子图 运动命令 内部化学连接
17378483,19508873,chem,other,none,5.00,0.50,6,子图 运动命令 内部化学连接
17378648,4812481,chem,other,none,5.00,0.50,1,子图 运动命令 内部化学连接
17378648,5167842,chem,other,none,5.00,0.50,1,子图 运动命令 内部化学连接
17378648,5900426,chem,other,none,5.00,0.50,4,子图 运动命令 内部化学连接
17378648,6154200,chem,other,none,5.00,0.50,6,子图 运动命令 内部化学连接
17378648,6700147,chem,other,none,5.00,0.50,8,子图 运动命令 内部化学连接
17378648,15672263,chem,other,none,5.00,0.50,2,子图 运动命令 内部化学连接
17378648,16347786,chem,other,none,5.00,0.50,3,子图 运动命令 内部化学连接
17378648,16443509,chem,other,none,5.00,0.50,1,子图 运动命令 内部化学连接
17378648,17025508,chem,other,none,5.00,0.50,2,子图 运动命令 内部化学连接
17378648,17356024,chem,other,none,5.00,0.50,7,子图 运动命令 内部化学连接
17378648,17647621,chem,other,none,5.00,0.50,3,子图 运动命令 内部化学连接
17378648,17656886,chem,other,none,5.00,0.50,5,子图 运动命令 内部化学连接
17378648,18604097,chem,other,none,5.00,0.50,3,子图 运动命令 内部化学连接
17379298,10553248,chem,other,none,5.00,0.50,1,子图 运动命令 内部化学连接
17379298,16115255,chem,other,none,5.00,0.50,2,子图 运动命令 内部化学连接
17379360,6317793,chem,other,none,5.00,0.50,1,子图 运动命令 内部化学连接
17379360,13749806,chem,other,none,5.00,0.50,1,子图 运动命令 内部化学连接
17379360,16561224,chem,other,none,5.00,0.50,1,子图 运动命令 内部化学连接
17379420,1065967,chem,other,none,5.00,0.50,3,子图 运动命令 内部化学连接
17379420,3044500,chem,other,none,5.00,0.50,2,子图 运动命令 内部化学连接
17379420,3882998,chem,other,none,5.00,0.50,3,子图 运动命令 内部化学连接
17379420,5462159,chem,other,none,5.00,0.50,1,子图 运动命令 内部化学连接
17379420,5900426,chem,other,none,5.00,0.50,1,子图 运动命令 内部化学连接
17379420,6298455,chem,other,none,5.00,0.50,1,子图 运动命令 内部化学连接
17379420,9753494,chem,other,none,5.00,0.50,1,子图 运动命令 内部化学连接
17379420,10411574,chem,other,none,5.00,0.50,3,子图 运动命令 内部化学连接
17379420,10581624,chem,other,none,5.00,0.50,3,子图 运动命令 内部化学连接
17379420,10596949,chem,other,none,5.00,0.50,3,子图 运动命令 内部化学连接
17379420,10728323,chem,other,none,5.00,0.50,1,子图 运动命令 内部化学连接
17379420,10921106,chem,other,none,5.00,0.50,3,子图 运动命令 内部化学连接
17379420,10922928,chem,other,none,5.00,0.50,3,子图 运动命令 内部化学连接
17379420,12782494,chem,other,none,5.00,0.50,1,子图 运动命令 内部化学连接
17379420,14579509,chem,other,none,5.00,0.50,4,子图 运动命令 内部化学连接
17379420,14588375,chem,other,none,5.00,0.50,1,子图 运动命令 内部化学连接
17379420,14621584,chem,other,none,5.00,0.50,2,子图 运动命令 内部化学连接
17379420,16388736,chem,other,none,5.00,0.50,4,子图 运动命令 内部化学连接
17379420,16422727,chem,other,none,5.00,0.50,1,子图 运动命令 内部化学连接
17379420,17359501,chem,other,none,5.00,0.50,1,子图 运动命令 内部化学连接
17379420,17380345,chem,other,none,5.00,0.50,5,子图 运动命令 内部化学连接
17379420,17537254,chem,other,none,5.00,0.50,3,子图 运动命令 内部化学连接
17379420,17729347,chem,other,none,5.00,0.50,1,子图 运动命令 内部化学连接
17379420,17732334,chem,other,none,5.00,0.50,8,子图 运动命令 内部化学连接
17379420,18464581,chem,other,none,5.00,0.50,1,子图 运动命令 内部化学连接
17379420,19298625,chem,other,none,5.00,0.50,2,子图 运动命令 内部化学连接
17379420,19298644,chem,other,none,5.00,0.50,2,子图 运动命令 内部化学连接
17380080,3149791,chem,other,none,5.00,0.50,1,子图 运动命令 内部化学连接
17380080,3764792,chem,other,none,5.00,0.50,2,子图 运动命令 内部化学连接
17380080,3765735,chem,other,none,5.00,0.50,1,子图 运动命令 内部化学连接
17380080,4876839,chem,other,none,5.00,0.50,1,子图 运动命令 内部化学连接
17380080,5038920,chem,other,none,5.00,0.50,2,子图 运动命令 内部化学连接
17380080,5512988,chem,other,none,5.00,0.50,3,子图 运动命令 内部化学连接
17380080,6114695,chem,other,none,5.00,0.50,2,子图 运动命令 内部化学连接
17380080,7467027,chem,other,none,5.00,0.50,34,子图 运动命令 内部化学连接
17380080,8696919,chem,other,none,5.00,0.50,1,子图 运动命令 内部化学连接
17380080,9177218,chem,other,none,5.00,0.50,1,子图 运动命令 内部化学连接
17380080,9234420,chem,other,none,5.00,0.50,5,子图 运动命令 内部化学连接
17380080,9565674,chem,other,none,5.00,0.50,7,子图 运动命令 内部化学连接
17380080,10882750,chem,other,none,5.00,0.50,2,子图 运动命令 内部化学连接
17380080,10947427,chem,other,none,5.00,0.50,9,子图 运动命令 内部化学连接
17380080,11084320,chem,other,none,5.00,0.50,1,子图 运动命令 内部化学连接
17380080,11905911,chem,other,none,5.00,0.50,2,子图 运动命令 内部化学连接
17380080,12548756,chem,other,none,5.00,0.50,1,子图 运动命令 内部化学连接
17380080,13049485,chem,other,none,5.00,0.50,1,子图 运动命令 内部化学连接
17380080,15048530,chem,other,none,5.00,0.50,1,子图 运动命令 内部化学连接
17380080,15606239,chem,other,none,5.00,0.50,1,子图 运动命令 内部化学连接
17380080,17384874,chem,other,none,5.00,0.50,4,子图 运动命令 内部化学连接
17380080,18302665,chem,other,none,5.00,0.50,2,子图 运动命令 内部化学连接
17380080,19046339,chem,other,none,5.00,0.50,7,子图 运动命令 内部化学连接
17380080,19132527,chem,other,none,5.00,0.50,1,子图 运动命令 内部化学连接
17380309,4017464,chem,other,none,5.00,0.50,11,子图 运动命令 内部化学连接
17380309,4173633,chem,other,none,5.00,0.50,1,子图 运动命令 内部化学连接
17380309,4917442,chem,other,none,5.00,0.50,8,子图 运动命令 内部化学连接
17380309,5052370,chem,other,none,5.00,0.50,1,子图 运动命令 内部化学连接
17380309,5319633,chem,other,none,5.00,0.50,1,子图 运动命令 内部化学连接
17380309,5790355,chem,other,none,5.00,0.50,3,子图 运动命令 内部化学连接
17380309,6153877,chem,other,none,5.00,0.50,3,子图 运动命令 内部化学连接
17380309,8496618,chem,other,none,5.00,0.50,1,子图 运动命令 内部化学连接
17380309,9085808,chem,other,none,5.00,0.50,1,子图 运动命令 内部化学连接
17380309,9235545,chem,other,none,5.00,0.50,1,子图 运动命令 内部化学连接
17380309,16327998,chem,other,none,5.00,0.50,1,子图 运动命令 内部化学连接
17380309,16852421,chem,other,none,5.00,0.50,1,子图 运动命令 内部化学连接
17380309,16950550,chem,other,none,5.00,0.50,2,子图 运动命令 内部化学连接
17380309,17654519,chem,other,none,5.00,0.50,2,子图 运动命令 内部化学连接
17380319,1678567,chem,other,none,5.00,0.50,12,子图 运动命令 内部化学连接
17380319,4591713,chem,other,none,5.00,0.50,2,子图 运动命令 内部化学连接
17380319,6190181,chem,other,none,5.00,0.50,1,子图 运动命令 内部化学连接
17380319,8025665,chem,other,none,5.00,0.50,4,子图 运动命令 内部化学连接
17380319,9068346,chem,other,none,5.00,0.50,1,子图 运动命令 内部化学连接
17380319,13714311,chem,other,none,5.00,0.50,1,子图 运动命令 内部化学连接
17380319,14999928,chem,other,none,5.00,0.50,1,子图 运动命令 内部化学连接
17380319,16345627,chem,other,none,5.00,0.50,2,子图 运动命令 内部化学连接
17380319,16578252,chem,other,none,5.00,0.50,1,子图 运动命令 内部化学连接
17380319,16671014,chem,other,none,5.00,0.50,1,子图 运动命令 内部化学连接
17380319,16851496,chem,other,none,5.00,0.50,2,子图 运动命令 内部化学连接
17380319,16931001,chem,other,none,5.00,0.50,3,子图 运动命令 内部化学连接
17380319,17067625,chem,other,none,5.00,0.50,1,子图 运动命令 内部化学连接
17380319,17083341,chem,other,none,5.00,0.50,1,子图 运动命令 内部化学连接
17380319,17109286,chem,other,none,5.00,0.50,2,子图 运动命令 内部化学连接
17380319,17110007,chem,other,none,5.00,0.50,1,子图 运动命令 内部化学连接
17380319,17165755,chem,other,none,5.00,0.50,1,子图 运动命令 内部化学连接
17380319,17454636,chem,other,none,5.00,0.50,1,子图 运动命令 内部化学连接
17380319,17975547,chem,other,none,5.00,0.50,1,子图 运动命令 内部化学连接
17380319,18267838,chem,other,none,5.00,0.50,1,子图 运动命令 内部化学连接
17380319,18464581,chem,other,none,5.00,0.50,3,子图 运动命令 内部化学连接
17380319,18551732,chem,other,none,5.00,0.50,6,子图 运动命令 内部化学连接
17380345,10018150,chem,other,none,5.00,0.50,1,子图 运动命令 内部化学连接
17380345,13652117,chem,other,none,5.00,0.50,1,子图 运动命令 内部化学连接
17380345,14638686,chem,other,none,5.00,0.50,1,子图 运动命令 内部化学连接
17380345,15522152,chem,other,none,5.00,0.50,1,子图 运动命令 内部化学连接
17380345,16434560,chem,other,none,5.00,0.50,1,子图 运动命令 内部化学连接
17380345,17537254,chem,other,none,5.00,0.50,1,子图 运动命令 内部化学连接
17380345,17736654,chem,other,none,5.00,0.50,1,子图 运动命令 内部化学连接
17380345,20139548,chem,other,none,5.00,0.50,1,子图 运动命令 内部化学连接
17383431,1678567,chem,other,none,5.00,0.50,1,子图 运动命令 内部化学连接
17383431,3021609,chem,other,none,5.00,0.50,1,子图 运动命令 内部化学连接
17383431,6190181,chem,other,none,5.00,0.50,1,子图 运动命令 内部化学连接
17383431,6623089,chem,other,none,5.00,0.50,3,子图 运动命令 内部化学连接
17383431,9154024,chem,other,none,5.00,0.50,1,子图 运动命令 内部化学连接
17383431,9714476,chem,other,none,5.00,0.50,3,子图 运动命令 内部化学连接
17383431,10317031,chem,other,none,5.00,0.50,1,子图 运动命令 内部化学连接
17383431,10382824,chem,other,none,5.00,0.50,1,子图 运动命令 内部化学连接
17383431,10473853,chem,other,none,5.00,0.50,1,子图 运动命令 内部化学连接
17383431,10553248,chem,other,none,5.00,0.50,1,子图 运动命令 内部化学连接
17383431,11362334,chem,other,none,5.00,0.50,2,子图 运动命令 内部化学连接
17383431,12736001,chem,other,none,5.00,0.50,5,子图 运动命令 内部化学连接
17383431,14726069,chem,other,none,5.00,0.50,1,子图 运动命令 内部化学连接
17383431,15005403,chem,other,none,5.00,0.50,7,子图 运动命令 内部化学连接
17383431,15431408,chem,other,none,5.00,0.50,1,子图 运动命令 内部化学连接
17383431,15525711,chem,other,none,5.00,0.50,2,子图 运动命令 内部化学连接
17383431,15525794,chem,other,none,5.00,0.50,2,子图 运动命令 内部化学连接
17383431,15539984,chem,other,none,5.00,0.50,4,子图 运动命令 内部化学连接
17383431,15722990,chem,other,none,5.00,0.50,2,子图 运动命令 内部化学连接
17383431,16415910,chem,other,none,5.00,0.50,6,子图 运动命令 内部化学连接
17383431,16545264,chem,other,none,5.00,0.50,4,子图 运动命令 内部化学连接
17383431,16562142,chem,other,none,5.00,0.50,2,子图 运动命令 内部化学连接
17383431,16851791,chem,other,none,5.00,0.50,1,子图 运动命令 内部化学连接
17383431,17105218,chem,other,none,5.00,0.50,1,子图 运动命令 内部化学连接
17383431,17109286,chem,other,none,5.00,0.50,2,子图 运动命令 内部化学连接
17383431,17177419,chem,other,none,5.00,0.50,1,子图 运动命令 内部化学连接
17383431,17975547,chem,other,none,5.00,0.50,1,子图 运动命令 内部化学连接
17383431,18058793,chem,other,none,5.00,0.50,2,子图 运动命令 内部化学连接
17384874,3027876,chem,other,none,5.00,0.50,4,子图 运动命令 内部化学连接
17384874,3945756,chem,other,none,5.00,0.50,3,子图 运动命令 内部化学连接
17384874,7467027,chem,other,none,5.00,0.50,2,子图 运动命令 内部化学连接
17384874,8546775,chem,other,none,5.00,0.50,1,子图 运动命令 内部化学连接
17384874,8566140,chem,other,none,5.00,0.50,2,子图 运动命令 内部化学连接
17384874,8572353,chem,other,none,5.00,0.50,1,子图 运动命令 内部化学连接
17384874,9424902,chem,other,none,5.00,0.50,2,子图 运动命令 内部化学连接
17384874,10583715,chem,other,none,5.00,0.50,3,子图 运动命令 内部化学连接
17384874,10792617,chem,other,none,5.00,0.50,3,子图 运动命令 内部化学连接
17384874,11217208,chem,other,none,5.00,0.50,1,子图 运动命令 内部化学连接
17384874,11278919,chem,other,none,5.00,0.50,2,子图 运动命令 内部化学连接
17384874,13953184,chem,other,none,5.00,0.50,1,子图 运动命令 内部化学连接
17384874,15431408,chem,other,none,5.00,0.50,1,子图 运动命令 内部化学连接
17384874,15576292,chem,other,none,5.00,0.50,1,子图 运动命令 内部化学连接
17384874,15606239,chem,other,none,5.00,0.50,1,子图 运动命令 内部化学连接
17384874,16051878,chem,other,none,5.00,0.50,3,子图 运动命令 内部化学连接
17384874,16195633,chem,other,none,5.00,0.50,1,子图 运动命令 内部化学连接
17384874,16361363,chem,other,none,5.00,0.50,2,子图 运动命令 内部化学连接
17384874,17728922,chem,other,none,5.00,0.50,2,子图 运动命令 内部化学连接
17384874,17813001,chem,other,none,5.00,0.50,1,子图 运动命令 内部化学连接
17415439,2142817,chem,other,none,5.00,0.50,1,子图 运动命令 内部化学连接
17415439,2283495,chem,other,none,5.00,0.50,2,子图 运动命令 内部化学连接
17415439,2355126,chem,other,none,5.00,0.50,2,子图 运动命令 内部化学连接
17415439,2357110,chem,other,none,5.00,0.50,7,子图 运动命令 内部化学连接
17415439,2597151,chem,other,none,5.00,0.50,9,子图 运动命令 内部化学连接
17415439,2659386,chem,other,none,5.00,0.50,1,子图 运动命令 内部化学连接
17415439,2852273,chem,other,none,5.00,0.50,3,子图 运动命令 内部化学连接
17415439,3046503,chem,other,none,5.00,0.50,6,子图 运动命令 内部化学连接
17415439,3158085,chem,other,none,5.00,0.50,2,子图 运动命令 内部化学连接
17415439,3276003,chem,other,none,5.00,0.50,3,子图 运动命令 内部化学连接
17415439,3281684,chem,other,none,5.00,0.50,2,子图 运动命令 内部化学连接
17415439,3561724,chem,other,none,5.00,0.50,5,子图 运动命令 内部化学连接
17415439,3928522,chem,other,none,5.00,0.50,7,子图 运动命令 内部化学连接
17415439,4453485,chem,other,none,5.00,0.50,1,子图 运动命令 内部化学连接
17415439,4506509,chem,other,none,5.00,0.50,2,子图 运动命令 内部化学连接
17415439,5010581,chem,other,none,5.00,0.50,1,子图 运动命令 内部化学连接
17415439,5976168,chem,other,none,5.00,0.50,2,子图 运动命令 内部化学连接
17415439,5996485,chem,other,none,5.00,0.50,1,子图 运动命令 内部化学连接
17415439,7130033,chem,other,none,5.00,0.50,1,子图 运动命令 内部化学连接
17415439,7557604,chem,other,none,5.00,0.50,7,子图 运动命令 内部化学连接
17415439,9372642,chem,other,none,5.00,0.50,11,子图 运动命令 内部化学连接
17415439,9842000,chem,other,none,5.00,0.50,2,子图 运动命令 内部化学连接
17415439,10329208,chem,other,none,5.00,0.50,3,子图 运动命令 内部化学连接
17415439,10459723,chem,other,none,5.00,0.50,6,子图 运动命令 内部化学连接
17415439,12634154,chem,other,none,5.00,0.50,2,子图 运动命令 内部化学连接
17415439,13395814,chem,other,none,5.00,0.50,2,子图 运动命令 内部化学连接
17415439,13535380,chem,other,none,5.00,0.50,3,子图 运动命令 内部化学连接
17415439,15202263,chem,other,none,5.00,0.50,1,子图 运动命令 内部化学连接
17415439,16434842,chem,other,none,5.00,0.50,1,子图 运动命令 内部化学连接
17435815,1622901,chem,other,none,5.00,0.50,2,子图 运动命令 内部化学连接
17435815,1678567,chem,other,none,5.00,0.50,5,子图 运动命令 内部化学连接
17435815,9154024,chem,other,none,5.00,0.50,3,子图 运动命令 内部化学连接
17435815,10553248,chem,other,none,5.00,0.50,3,子图 运动命令 内部化学连接
17435815,10758204,chem,other,none,5.00,0.50,1,子图 运动命令 内部化学连接
17435815,12031406,chem,other,none,5.00,0.50,1,子图 运动命令 内部化学连接
17435815,12598741,chem,other,none,5.00,0.50,1,子图 运动命令 内部化学连接
17435815,15512404,chem,other,none,5.00,0.50,7,子图 运动命令 内部化学连接
17435815,16545113,chem,other,none,5.00,0.50,7,子图 运动命令 内部化学连接
17435815,16851577,chem,other,none,5.00,0.50,1,子图 运动命令 内部化学连接
17435815,16851718,chem,other,none,5.00,0.50,7,子图 运动命令 内部化学连接
17435815,16950115,chem,other,none,5.00,0.50,3,子图 运动命令 内部化学连接
17435815,16952691,chem,other,none,5.00,0.50,5,子图 运动命令 内部化学连接
17435815,17165755,chem,other,none,5.00,0.50,2,子图 运动命令 内部化学连接
17435815,17173852,chem,other,none,5.00,0.50,9,子图 运动命令 内部化学连接
17435815,17448356,chem,other,none,5.00,0.50,1,子图 运动命令 内部化学连接
17435815,17454636,chem,other,none,5.00,0.50,4,子图 运动命令 内部化学连接
17435815,18111410,chem,other,none,5.00,0.50,2,子图 运动命令 内部化学连接
17435815,18551732,chem,other,none,5.00,0.50,2,子图 运动命令 内部化学连接
17435815,19361427,chem,other,none,5.00,0.50,1,子图 运动命令 内部化学连接
17448356,1622901,chem,other,none,5.00,0.50,1,子图 运动命令 内部化学连接
17448356,5856647,chem,other,none,5.00,0.50,1,子图 运动命令 内部化学连接
17448356,7025831,chem,other,none,5.00,0.50,1,子图 运动命令 内部化学连接
17448356,7057730,chem,other,none,5.00,0.50,5,子图 运动命令 内部化学连接
17448356,9068024,chem,other,none,5.00,0.50,4,子图 运动命令 内部化学连接
17448356,10581624,chem,other,none,5.00,0.50,5,子图 运动命令 内部化学连接
17448356,14579509,chem,other,none,5.00,0.50,1,子图 运动命令 内部化学连接
17448356,14586769,chem,other,none,5.00,0.50,1,子图 运动命令 内部化学连接
17448356,15512404,chem,other,none,5.00,0.50,4,子图 运动命令 内部化学连接
17448356,15512408,chem,other,none,5.00,0.50,4,子图 运动命令 内部化学连接
17448356,15513540,chem,other,none,5.00,0.50,11,子图 运动命令 内部化学连接
17448356,16545113,chem,other,none,5.00,0.50,2,子图 运动命令 内部化学连接
17448356,16545264,chem,other,none,5.00,0.50,2,子图 运动命令 内部化学连接
17448356,16547281,chem,other,none,5.00,0.50,6,子图 运动命令 内部化学连接
17448356,16547287,chem,other,none,5.00,0.50,1,子图 运动命令 内部化学连接
17448356,16560178,chem,other,none,5.00,0.50,2,子图 运动命令 内部化学连接
17448356,16561224,chem,other,none,5.00,0.50,2,子图 运动命令 内部化学连接
17448356,16667592,chem,other,none,5.00,0.50,3,子图 运动命令 内部化学连接
17448356,16670540,chem,other,none,5.00,0.50,2,子图 运动命令 内部化学连接
17448356,16851577,chem,other,none,5.00,0.50,1,子图 运动命令 内部化学连接
17448356,16852622,chem,other,none,5.00,0.50,1,子图 运动命令 内部化学连接
17448356,16863538,chem,other,none,5.00,0.50,1,子图 运动命令 内部化学连接
17448356,16910799,chem,other,none,5.00,0.50,2,子图 运动命令 内部化学连接
17448356,16950115,chem,other,none,5.00,0.50,4,子图 运动命令 内部化学连接
17448356,16952691,chem,other,none,5.00,0.50,1,子图 运动命令 内部化学连接
17448356,17173852,chem,other,none,5.00,0.50,3,子图 运动命令 内部化学连接
17448356,17357979,chem,other,none,5.00,0.50,3,子图 运动命令 内部化学连接
17448356,17454636,chem,other,none,5.00,0.50,6,子图 运动命令 内部化学连接
17448356,17647621,chem,other,none,5.00,0.50,1,子图 运动命令 内部化学连接
17448356,17736641,chem,other,none,5.00,0.50,2,子图 运动命令 内部化学连接
17448356,17736654,chem,other,none,5.00,0.50,2,子图 运动命令 内部化学连接
17448356,17975547,chem,other,none,5.00,0.50,1,子图 运动命令 内部化学连接
17448356,18076102,chem,other,none,5.00,0.50,3,子图 运动命令 内部化学连接
17448356,18111410,chem,other,none,5.00,0.50,2,子图 运动命令 内部化学连接
17448356,18551732,chem,other,none,5.00,0.50,8,子图 运动命令 内部化学连接
17448356,18929470,chem,other,none,5.00,0.50,2,子图 运动命令 内部化学连接
17448356,19361427,chem,other,none,5.00,0.50,1,子图 运动命令 内部化学连接
17454636,1678567,chem,other,none,5.00,0.50,4,子图 运动命令 内部化学连接
17454636,4966994,chem,other,none,5.00,0.50,2,子图 运动命令 内部化学连接
17454636,6190181,chem,other,none,5.00,0.50,3,子图 运动命令 内部化学连接
17454636,8271875,chem,other,none,5.00,0.50,2,子图 运动命令 内部化学连接
17454636,9154024,chem,other,none,5.00,0.50,1,子图 运动命令 内部化学连接
17454636,10240382,chem,other,none,5.00,0.50,1,子图 运动命令 内部化学连接
17454636,10411574,chem,other,none,5.00,0.50,1,子图 运动命令 内部化学连接
17454636,10553248,chem,other,none,5.00,0.50,19,子图 运动命令 内部化学连接
17454636,10728328,chem,other,none,5.00,0.50,1,子图 运动命令 内部化学连接
17454636,12474815,chem,other,none,5.00,0.50,4,子图 运动命令 内部化学连接
17454636,13557064,chem,other,none,5.00,0.50,1,子图 运动命令 内部化学连接
17454636,14656798,chem,other,none,5.00,0.50,1,子图 运动命令 内部化学连接
17454636,14726069,chem,other,none,5.00,0.50,1,子图 运动命令 内部化学连接
17454636,15005403,chem,other,none,5.00,0.50,6,子图 运动命令 内部化学连接
17454636,15512404,chem,other,none,5.00,0.50,4,子图 运动命令 内部化学连接
17454636,15512408,chem,other,none,5.00,0.50,1,子图 运动命令 内部化学连接
17454636,15722990,chem,other,none,5.00,0.50,1,子图 运动命令 内部化学连接
17454636,16562142,chem,other,none,5.00,0.50,1,子图 运动命令 内部化学连接
17454636,16667592,chem,other,none,5.00,0.50,4,子图 运动命令 内部化学连接
17454636,16709072,chem,other,none,5.00,0.50,1,子图 运动命令 内部化学连接
17454636,16852421,chem,other,none,5.00,0.50,1,子图 运动命令 内部化学连接
17454636,16952665,chem,other,none,5.00,0.50,2,子图 运动命令 内部化学连接
17454636,16952691,chem,other,none,5.00,0.50,6,子图 运动命令 内部化学连接
17454636,17022668,chem,other,none,5.00,0.50,2,子图 运动命令 内部化学连接
17454636,17165755,chem,other,none,5.00,0.50,1,子图 运动命令 内部化学连接
17454636,17173852,chem,other,none,5.00,0.50,11,子图 运动命令 内部化学连接
17454636,17435815,chem,other,none,5.00,0.50,1,子图 运动命令 内部化学连接
17454636,18551732,chem,other,none,5.00,0.50,9,子图 运动命令 内部化学连接
17454636,19361427,chem,other,none,5.00,0.50,2,子图 运动命令 内部化学连接
17454636,19835787,chem,other,none,5.00,0.50,2,子图 运动命令 内部化学连接
17455871,4127096,chem,other,none,5.00,0.50,3,子图 运动命令 内部化学连接
17455871,4812481,chem,other,none,5.00,0.50,5,子图 运动命令 内部化学连接
17455871,5900426,chem,other,none,5.00,0.50,3,子图 运动命令 内部化学连接
17455871,5993765,chem,other,none,5.00,0.50,1,子图 运动命令 内部化学连接
17455871,6049565,chem,other,none,5.00,0.50,6,子图 运动命令 内部化学连接
17455871,6700147,chem,other,none,5.00,0.50,2,子图 运动命令 内部化学连接
17455871,7371184,chem,other,none,5.00,0.50,7,子图 运动命令 内部化学连接
17455871,9116228,chem,other,none,5.00,0.50,1,子图 运动命令 内部化学连接
17455871,11303036,chem,other,none,5.00,0.50,1,子图 运动命令 内部化学连接
17455871,13760954,chem,other,none,5.00,0.50,1,子图 运动命令 内部化学连接
17455871,14756440,chem,other,none,5.00,0.50,6,子图 运动命令 内部化学连接
17455871,15672263,chem,other,none,5.00,0.50,2,子图 运动命令 内部化学连接
17455871,16355225,chem,other,none,5.00,0.50,3,子图 运动命令 内部化学连接
17455871,16383966,chem,other,none,5.00,0.50,3,子图 运动命令 内部化学连接
17455871,16443509,chem,other,none,5.00,0.50,14,子图 运动命令 内部化学连接
17455871,16992171,chem,other,none,5.00,0.50,2,子图 运动命令 内部化学连接
17455871,17025508,chem,other,none,5.00,0.50,2,子图 运动命令 内部化学连接
17455871,17379298,chem,other,none,5.00,0.50,3,子图 运动命令 内部化学连接
17455871,17543765,chem,other,none,5.00,0.50,2,子图 运动命令 内部化学连接
17455871,17647621,chem,other,none,5.00,0.50,10,子图 运动命令 内部化学连接
17455871,17656886,chem,other,none,5.00,0.50,3,子图 运动命令 内部化学连接
17455871,17877682,chem,other,none,5.00,0.50,2,子图 运动命令 内部化学连接
17455871,18604097,chem,other,none,5.00,0.50,2,子图 运动命令 内部化学连接
17466463,5052370,chem,other,none,5.00,0.50,1,子图 运动命令 内部化学连接
17466463,5786898,chem,other,none,5.00,0.50,1,子图 运动命令 内部化学连接
17466463,5893912,chem,other,none,5.00,0.50,3,子图 运动命令 内部化学连接
17466463,5895651,chem,other,none,5.00,0.50,1,子图 运动命令 内部化学连接
17466463,6153877,chem,other,none,5.00,0.50,2,子图 运动命令 内部化学连接
17466463,8161142,chem,other,none,5.00,0.50,2,子图 运动命令 内部化学连接
17466463,8161148,chem,other,none,5.00,0.50,6,子图 运动命令 内部化学连接
17466463,8496618,chem,other,none,5.00,0.50,4,子图 运动命令 内部化学连接
17466463,10728328,chem,other,none,5.00,0.50,1,子图 运动命令 内部化学连接
17466463,10728333,chem,other,none,5.00,0.50,1,子图 运动命令 内部化学连接
17466463,10781924,chem,other,none,5.00,0.50,1,子图 运动命令 内部化学连接
17466463,12474164,chem,other,none,5.00,0.50,2,子图 运动命令 内部化学连接
17466463,13557064,chem,other,none,5.00,0.50,2,子图 运动命令 内部化学连接
17466463,13834125,chem,other,none,5.00,0.50,7,子图 运动命令 内部化学连接
17466463,13835439,chem,other,none,5.00,0.50,1,子图 运动命令 内部化学连接
17466463,14034206,chem,other,none,5.00,0.50,1,子图 运动命令 内部化学连接
17466463,14656798,chem,other,none,5.00,0.50,2,子图 运动命令 内部化学连接
17466463,14680483,chem,other,none,5.00,0.50,1,子图 运动命令 内部化学连接
17466463,15894178,chem,other,none,5.00,0.50,2,子图 运动命令 内部化学连接
17466463,16388736,chem,other,none,5.00,0.50,3,子图 运动命令 内部化学连接
17466463,16578252,chem,other,none,5.00,0.50,2,子图 运动命令 内部化学连接
17466463,16714214,chem,other,none,5.00,0.50,1,子图 运动命令 内部化学连接
17466463,17354414,chem,other,none,5.00,0.50,2,子图 运动命令 内部化学连接
17466463,17379420,chem,other,none,5.00,0.50,1,子图 运动命令 内部化学连接
17466463,17589475,chem,other,none,5.00,0.50,1,子图 运动命令 内部化学连接
17466463,17755491,chem,other,none,5.00,0.50,1,子图 运动命令 内部化学连接
17466463,18232369,chem,other,none,5.00,0.50,2,子图 运动命令 内部化学连接
17466463,18464581,chem,other,none,5.00,0.50,3,子图 运动命令 内部化学连接
17473163,2655798,chem,other,none,5.00,0.50,1,子图 运动命令 内部化学连接
17473163,11905911,chem,other,none,5.00,0.50,1,子图 运动命令 内部化学连接
17473163,13749806,chem,other,none,5.00,0.50,2,子图 运动命令 内部化学连接
17473163,16316973,chem,other,none,5.00,0.50,4,子图 运动命令 内部化学连接
17473163,17473163,chem,other,none,5.00,0.50,3,子图 运动命令 内部化学连接
17529547,1591270,chem,other,none,5.00,0.50,12,子图 运动命令 内部化学连接
17529547,2557644,chem,other,none,5.00,0.50,1,子图 运动命令 内部化学连接
17529547,3806652,chem,other,none,5.00,0.50,2,子图 运动命令 内部化学连接
17529547,10167116,chem,other,none,5.00,0.50,1,子图 运动命令 内部化学连接
17529547,15334461,chem,other,none,5.00,0.50,1,子图 运动命令 内部化学连接
17529547,16158918,chem,other,none,5.00,0.50,22,子图 运动命令 内部化学连接
17529547,16586265,chem,other,none,5.00,0.50,7,子图 运动命令 内部化学连接
17535542,1678567,chem,other,none,5.00,0.50,1,子图 运动命令 内部化学连接
17535542,4311241,chem,other,none,5.00,0.50,1,子图 运动命令 内部化学连接
17535542,4324567,chem,other,none,5.00,0.50,1,子图 运动命令 内部化学连接
17535542,5935744,chem,other,none,5.00,0.50,5,子图 运动命令 内部化学连接
17535542,6188181,chem,other,none,5.00,0.50,4,子图 运动命令 内部化学连接
17535542,7057730,chem,other,none,5.00,0.50,2,子图 运动命令 内部化学连接
17535542,8271875,chem,other,none,5.00,0.50,3,子图 运动命令 内部化学连接
17535542,9612903,chem,other,none,5.00,0.50,1,子图 运动命令 内部化学连接
17535542,10758204,chem,other,none,5.00,0.50,1,子图 运动命令 内部化学连接
17535542,11468088,chem,other,none,5.00,0.50,3,子图 运动命令 内部化学连接
17535542,11841664,chem,other,none,5.00,0.50,2,子图 运动命令 内部化学连接
17535542,14334367,chem,other,none,5.00,0.50,2,子图 运动命令 内部化学连接
17535542,15516413,chem,other,none,5.00,0.50,2,子图 运动命令 内部化学连接
17535542,15525711,chem,other,none,5.00,0.50,1,子图 运动命令 内部化学连接
17535542,15525794,chem,other,none,5.00,0.50,11,子图 运动命令 内部化学连接
17535542,16383966,chem,other,none,5.00,0.50,1,子图 运动命令 内部化学连接
17535542,16560178,chem,other,none,5.00,0.50,6,子图 运动命令 内部化学连接
17535542,16709072,chem,other,none,5.00,0.50,5,子图 运动命令 内部化学连接
17535542,16913476,chem,other,none,5.00,0.50,4,子图 运动命令 内部化学连接
17535542,16950115,chem,other,none,5.00,0.50,1,子图 运动命令 内部化学连接
17535542,16992171,chem,other,none,5.00,0.50,2,子图 运动命令 内部化学连接
17535542,17105218,chem,other,none,5.00,0.50,4,子图 运动命令 内部化学连接
17535542,17435815,chem,other,none,5.00,0.50,1,子图 运动命令 内部化学连接
17535542,17736748,chem,other,none,5.00,0.50,1,子图 运动命令 内部化学连接
17535542,18267838,chem,other,none,5.00,0.50,1,子图 运动命令 内部化学连接
17535542,19091995,chem,other,none,5.00,0.50,1,子图 运动命令 内部化学连接
17537254,5462159,chem,other,none,5.00,0.50,1,子图 运动命令 内部化学连接
17537254,5760480,chem,other,none,5.00,0.50,1,子图 运动命令 内部化学连接
17537254,14579509,chem,other,none,5.00,0.50,2,子图 运动命令 内部化学连接
17537254,14588375,chem,other,none,5.00,0.50,1,子图 运动命令 内部化学连接
17537254,14621584,chem,other,none,5.00,0.50,3,子图 运动命令 内部化学连接
17537254,16154290,chem,other,none,5.00,0.50,5,子图 运动命令 内部化学连接
17537254,16388736,chem,other,none,5.00,0.50,5,子图 运动命令 内部化学连接
17537254,17379420,chem,other,none,5.00,0.50,2,子图 运动命令 内部化学连接
17537254,17380345,chem,other,none,5.00,0.50,1,子图 运动命令 内部化学连接
17537254,20421224,chem,other,none,5.00,0.50,1,子图 运动命令 内部化学连接
17543765,5900426,chem,other,none,5.00,0.50,1,子图 运动命令 内部化学连接
17543765,15823055,chem,other,none,5.00,0.50,1,子图 运动命令 内部化学连接
17543765,16355225,chem,other,none,5.00,0.50,1,子图 运动命令 内部化学连接
17543765,17663944,chem,other,none,5.00,0.50,1,子图 运动命令 内部化学连接
17545695,6143930,chem,other,none,5.00,0.50,1,子图 运动命令 内部化学连接
17545695,9428865,chem,other,none,5.00,0.50,3,子图 运动命令 内部化学连接
17545695,12000033,chem,other,none,5.00,0.50,3,子图 运动命令 内部化学连接
17545695,15732050,chem,other,none,5.00,0.50,1,子图 运动命令 内部化学连接
17545695,17062823,chem,other,none,5.00,0.50,1,子图 运动命令 内部化学连接
17545695,17351780,chem,other,none,5.00,0.50,1,子图 运动命令 内部化学连接
17545695,17728571,chem,other,none,5.00,0.50,2,子图 运动命令 内部化学连接
17574013,8801736,chem,other,none,5.00,0.50,1,子图 运动命令 内部化学连接
17574013,9068346,chem,other,none,5.00,0.50,1,子图 运动命令 内部化学连接
17574013,9069084,chem,other,none,5.00,0.50,1,子图 运动命令 内部化学连接
17574013,9612903,chem,other,none,5.00,0.50,4,子图 运动命令 内部化学连接
17574013,14726012,chem,other,none,5.00,0.50,1,子图 运动命令 内部化学连接
17574013,15525711,chem,other,none,5.00,0.50,2,子图 运动命令 内部化学连接
17574013,15525794,chem,other,none,5.00,0.50,1,子图 运动命令 内部化学连接
17574013,15722990,chem,other,none,5.00,0.50,1,子图 运动命令 内部化学连接
17574013,16562142,chem,other,none,5.00,0.50,3,子图 运动命令 内部化学连接
17574013,16937395,chem,other,none,5.00,0.50,2,子图 运动命令 内部化学连接
17574013,17053270,chem,other,none,5.00,0.50,4,子图 运动命令 内部化学连接
17574013,17109286,chem,other,none,5.00,0.50,2,子图 运动命令 内部化学连接
17574013,17110007,chem,other,none,5.00,0.50,3,子图 运动命令 内部化学连接
17574013,17360404,chem,other,none,5.00,0.50,1,子图 运动命令 内部化学连接
17574013,17380319,chem,other,none,5.00,0.50,1,子图 运动命令 内部化学连接
17574013,17975547,chem,other,none,5.00,0.50,1,子图 运动命令 内部化学连接
17574013,18267838,chem,other,none,5.00,0.50,1,子图 运动命令 内部化学连接
17587726,6446394,chem,other,none,5.00,0.50,1,子图 运动命令 内部化学连接
17587726,8741619,chem,other,none,5.00,0.50,1,子图 运动命令 内部化学连接
17587730,17587726,chem,other,none,5.00,0.50,1,子图 运动命令 内部化学连接
17587730,19298644,chem,other,none,5.00,0.50,1,子图 运动命令 内部化学连接
17587734,13007383,chem,other,none,5.00,0.50,1,子图 运动命令 内部化学连接
17587734,13727202,chem,other,none,5.00,0.50,1,子图 运动命令 内部化学连接
17587734,15894178,chem,other,none,5.00,0.50,2,子图 运动命令 内部化学连接
17587734,17587734,chem,other,none,5.00,0.50,1,子图 运动命令 内部化学连接
17587734,17736654,chem,other,none,5.00,0.50,3,子图 运动命令 内部化学连接
17587734,17736755,chem,other,none,5.00,0.50,1,子图 运动命令 内部化学连接
17589475,14579509,chem,other,none,5.00,0.50,1,子图 运动命令 内部化学连接
17589475,16327998,chem,other,none,5.00,0.50,1,子图 运动命令 内部化学连接
17589475,16667592,chem,other,none,5.00,0.50,1,子图 运动命令 内部化学连接
17589475,16952671,chem,other,none,5.00,0.50,2,子图 运动命令 内部化学连接
17589475,18076102,chem,other,none,5.00,0.50,3,子图 运动命令 内部化学连接
17589475,19361427,chem,other,none,5.00,0.50,1,子图 运动命令 内部化学连接
17647621,1065967,chem,other,none,5.00,0.50,1,子图 运动命令 内部化学连接
17647621,1622901,chem,other,none,5.00,0.50,4,子图 运动命令 内部化学连接
17647621,1678567,chem,other,none,5.00,0.50,1,子图 运动命令 内部化学连接
17647621,10728328,chem,other,none,5.00,0.50,4,子图 运动命令 内部化学连接
17647621,10728333,chem,other,none,5.00,0.50,3,子图 运动命令 内部化学连接
17647621,13557064,chem,other,none,5.00,0.50,1,子图 运动命令 内部化学连接
17647621,14588375,chem,other,none,5.00,0.50,1,子图 运动命令 内部化学连接
17647621,16327998,chem,other,none,5.00,0.50,1,子图 运动命令 内部化学连接
17647621,16667592,chem,other,none,5.00,0.50,1,子图 运动命令 内部化学连接
17647621,16952691,chem,other,none,5.00,0.50,3,子图 运动命令 内部化学连接
17647621,17022668,chem,other,none,5.00,0.50,2,子图 运动命令 内部化学连接
17647621,17448356,chem,other,none,5.00,0.50,1,子图 运动命令 内部化学连接
17654519,17654514,chem,other,none,5.00,0.50,1,子图 运动命令 内部化学连接
17654645,2438653,chem,other,none,5.00,0.50,1,子图 运动命令 内部化学连接
17654645,3765735,chem,other,none,5.00,0.50,1,子图 运动命令 内部化学连接
17654645,7388340,chem,other,none,5.00,0.50,1,子图 运动命令 内部化学连接
17654645,7590264,chem,other,none,5.00,0.50,2,子图 运动命令 内部化学连接
17654645,9116228,chem,other,none,5.00,0.50,1,子图 运动命令 内部化学连接
17654645,10885466,chem,other,none,5.00,0.50,2,子图 运动命令 内部化学连接
17654645,10986253,chem,other,none,5.00,0.50,1,子图 运动命令 内部化学连接
17654645,12548756,chem,other,none,5.00,0.50,1,子图 运动命令 内部化学连接
17654645,15023987,chem,other,none,5.00,0.50,2,子图 运动命令 内部化学连接
17654645,16366055,chem,other,none,5.00,0.50,4,子图 运动命令 内部化学连接
17654645,16433696,chem,other,none,5.00,0.50,1,子图 运动命令 内部化学连接
17654645,19132527,chem,other,none,5.00,0.50,1,子图 运动命令 内部化学连接
17654967,2504517,chem,other,none,5.00,0.50,5,子图 运动命令 内部化学连接
17654967,4876839,chem,other,none,5.00,0.50,1,子图 运动命令 内部化学连接
17654967,5162462,chem,other,none,5.00,0.50,1,子图 运动命令 内部化学连接
17654967,8142831,chem,other,none,5.00,0.50,2,子图 运动命令 内部化学连接
17654967,9116228,chem,other,none,5.00,0.50,1,子图 运动命令 内部化学连接
17654967,10276161,chem,other,none,5.00,0.50,2,子图 运动命令 内部化学连接
17654967,10986253,chem,other,none,5.00,0.50,3,子图 运动命令 内部化学连接
17654967,12422355,chem,other,none,5.00,0.50,10,子图 运动命令 内部化学连接
17654967,12551020,chem,other,none,5.00,0.50,1,子图 运动命令 内部化学连接
17654967,12990900,chem,other,none,5.00,0.50,1,子图 运动命令 内部化学连接
17654967,13137623,chem,other,none,5.00,0.50,1,子图 运动命令 内部化学连接
17654967,15606239,chem,other,none,5.00,0.50,2,子图 运动命令 内部化学连接
17654967,16115255,chem,other,none,5.00,0.50,1,子图 运动命令 内部化学连接
17654967,16340461,chem,other,none,5.00,0.50,1,子图 运动命令 内部化学连接
17654967,16355225,chem,other,none,5.00,0.50,2,子图 运动命令 内部化学连接
17654967,17378648,chem,other,none,5.00,0.50,5,子图 运动命令 内部化学连接
17654967,17455871,chem,other,none,5.00,0.50,13,子图 运动命令 内部化学连接
17654967,17655000,chem,other,none,5.00,0.50,2,子图 运动命令 内部化学连接
17654967,17658602,chem,other,none,5.00,0.50,7,子图 运动命令 内部化学连接
17654967,17660233,chem,other,none,5.00,0.50,2,子图 运动命令 内部化学连接
17654967,17663944,chem,other,none,5.00,0.50,2,子图 运动命令 内部化学连接
17654973,1805418,chem,other,none,5.00,0.50,6,子图 运动命令 内部化学连接
17654973,2669844,chem,other,none,5.00,0.50,1,子图 运动命令 内部化学连接
17654973,4876839,chem,other,none,5.00,0.50,1,子图 运动命令 内部化学连接
17654973,6317793,chem,other,none,5.00,0.50,1,子图 运动命令 内部化学连接
17654973,7982307,chem,other,none,5.00,0.50,6,子图 运动命令 内部化学连接
17654973,8572353,chem,other,none,5.00,0.50,2,子图 运动命令 内部化学连接
17654973,10276161,chem,other,none,5.00,0.50,3,子图 运动命令 内部化学连接
17654973,10870424,chem,other,none,5.00,0.50,1,子图 运动命令 内部化学连接
17654973,11891098,chem,other,none,5.00,0.50,2,子图 运动命令 内部化学连接
17654973,13137623,chem,other,none,5.00,0.50,2,子图 运动命令 内部化学连接
17654973,16340461,chem,other,none,5.00,0.50,3,子图 运动命令 内部化学连接
17654973,17658948,chem,other,none,5.00,0.50,1,子图 运动命令 内部化学连接
17654991,2669844,chem,other,none,5.00,0.50,1,子图 运动命令 内部化学连接
17654991,4110483,chem,other,none,5.00,0.50,2,子图 运动命令 内部化学连接
17654991,5768240,chem,other,none,5.00,0.50,1,子图 运动命令 内部化学连接
17654991,8142831,chem,other,none,5.00,0.50,4,子图 运动命令 内部化学连接
17654991,10317031,chem,other,none,5.00,0.50,1,子图 运动命令 内部化学连接
17654991,10355356,chem,other,none,5.00,0.50,2,子图 运动命令 内部化学连接
17654991,10523825,chem,other,none,5.00,0.50,2,子图 运动命令 内部化学连接
17654991,12420377,chem,other,none,5.00,0.50,1,子图 运动命令 内部化学连接
17654991,12420898,chem,other,none,5.00,0.50,1,子图 运动命令 内部化学连接
17654991,15431408,chem,other,none,5.00,0.50,3,子图 运动命令 内部化学连接
17654991,15629759,chem,other,none,5.00,0.50,4,子图 运动命令 内部化学连接
17654991,15897280,chem,other,none,5.00,0.50,2,子图 运动命令 内部化学连接
17654991,16561660,chem,other,none,5.00,0.50,1,子图 运动命令 内部化学连接
17654991,16693923,chem,other,none,5.00,0.50,1,子图 运动命令 内部化学连接
17654991,16937799,chem,other,none,5.00,0.50,1,子图 运动命令 内部化学连接
17654991,17000062,chem,other,none,5.00,0.50,2,子图 运动命令 内部化学连接
17654991,17354403,chem,other,none,5.00,0.50,1,子图 运动命令 内部化学连接
17654991,17354414,chem,other,none,5.00,0.50,1,子图 运动命令 内部化学连接
17654991,17383431,chem,other,none,5.00,0.50,9,子图 运动命令 内部化学连接
17654991,17655000,chem,other,none,5.00,0.50,1,子图 运动命令 内部化学连接
17654991,17658602,chem,other,none,5.00,0.50,1,子图 运动命令 内部化学连接
17654991,18088813,chem,other,none,5.00,0.50,1,子图 运动命令 内部化学连接
17654991,18111410,chem,other,none,5.00,0.50,2,子图 运动命令 内部化学连接
17654991,19092010,chem,other,none,5.00,0.50,1,子图 运动命令 内部化学连接
17654991,20379247,chem,other,none,5.00,0.50,1,子图 运动命令 内部化学连接
17655000,2669844,chem,other,none,5.00,0.50,1,子图 运动命令 内部化学连接
17655000,4110483,chem,other,none,5.00,0.50,1,子图 运动命令 内部化学连接
17655000,5902352,chem,other,none,5.00,0.50,1,子图 运动命令 内部化学连接
17655000,8142831,chem,other,none,5.00,0.50,4,子图 运动命令 内部化学连接
17655000,8723983,chem,other,none,5.00,0.50,9,子图 运动命令 内部化学连接
17655000,10018150,chem,other,none,5.00,0.50,3,子图 运动命令 内部化学连接
17655000,10355356,chem,other,none,5.00,0.50,5,子图 运动命令 内部化学连接
17655000,10473853,chem,other,none,5.00,0.50,1,子图 运动命令 内部化学连接
17655000,11022546,chem,other,none,5.00,0.50,1,子图 运动命令 内部化学连接
17655000,15431408,chem,other,none,5.00,0.50,3,子图 运动命令 内部化学连接
17655000,16342197,chem,other,none,5.00,0.50,7,子图 运动命令 内部化学连接
17655000,16937799,chem,other,none,5.00,0.50,6,子图 运动命令 内部化学连接
17655000,17000062,chem,other,none,5.00,0.50,2,子图 运动命令 内部化学连接
17655000,17067625,chem,other,none,5.00,0.50,5,子图 运动命令 内部化学连接
17655000,17354403,chem,other,none,5.00,0.50,1,子图 运动命令 内部化学连接
17655000,17354414,chem,other,none,5.00,0.50,1,子图 运动命令 内部化学连接
17655000,17360282,chem,other,none,5.00,0.50,1,子图 运动命令 内部化学连接
17655000,17383431,chem,other,none,5.00,0.50,3,子图 运动命令 内部化学连接
17655000,18088813,chem,other,none,5.00,0.50,1,子图 运动命令 内部化学连接
17655000,18111410,chem,other,none,5.00,0.50,2,子图 运动命令 内部化学连接
17655000,19092010,chem,other,none,5.00,0.50,2,子图 运动命令 内部化学连接
17655000,20379247,chem,other,none,5.00,0.50,2,子图 运动命令 内部化学连接
17656886,12026822,chem,other,none,5.00,0.50,1,子图 运动命令 内部化学连接
17658602,1961182,chem,other,none,5.00,0.50,1,子图 运动命令 内部化学连接
17658602,2797480,chem,other,none,5.00,0.50,3,子图 运动命令 内部化学连接
17658602,10018150,chem,other,none,5.00,0.50,1,子图 运动命令 内部化学连接
17658602,10234576,chem,other,none,5.00,0.50,1,子图 运动命令 内部化学连接
17658602,12420898,chem,other,none,5.00,0.50,2,子图 运动命令 内部化学连接
17658602,16561660,chem,other,none,5.00,0.50,2,子图 运动命令 内部化学连接
17658602,16851791,chem,other,none,5.00,0.50,1,子图 运动命令 内部化学连接
17658602,17102002,chem,other,none,5.00,0.50,5,子图 运动命令 内部化学连接
17658602,17354403,chem,other,none,5.00,0.50,12,子图 运动命令 内部化学连接
17658602,17354414,chem,other,none,5.00,0.50,1,子图 运动命令 内部化学连接
17658602,17658602,chem,other,none,5.00,0.50,2,子图 运动命令 内部化学连接
17658602,18023286,chem,other,none,5.00,0.50,2,子图 运动命令 内部化学连接
17658602,19017386,chem,other,none,5.00,0.50,4,子图 运动命令 内部化学连接
17658602,19166349,chem,other,none,5.00,0.50,1,子图 运动命令 内部化学连接
17658672,4127926,chem,other,none,5.00,0.50,3,子图 运动命令 内部化学连接
17658672,5700090,chem,other,none,5.00,0.50,1,子图 运动命令 内部化学连接
17658672,6125806,chem,other,none,5.00,0.50,6,子图 运动命令 内部化学连接
17658672,9234420,chem,other,none,5.00,0.50,1,子图 运动命令 内部化学连接
17658672,10663559,chem,other,none,5.00,0.50,1,子图 运动命令 内部化学连接
17658672,10725068,chem,other,none,5.00,0.50,1,子图 运动命令 内部化学连接
17658672,10882750,chem,other,none,5.00,0.50,5,子图 运动命令 内部化学连接
17658672,11623145,chem,other,none,5.00,0.50,2,子图 运动命令 内部化学连接
17658672,12548756,chem,other,none,5.00,0.50,1,子图 运动命令 内部化学连接
17658672,17384874,chem,other,none,5.00,0.50,2,子图 运动命令 内部化学连接
17658672,17654645,chem,other,none,5.00,0.50,1,子图 运动命令 内部化学连接
17658672,18302610,chem,other,none,5.00,0.50,7,子图 运动命令 内部化学连接
17658672,18302665,chem,other,none,5.00,0.50,6,子图 运动命令 内部化学连接
17658884,3620633,chem,other,none,5.00,0.50,6,子图 运动命令 内部化学连接
17658884,7688300,chem,other,none,5.00,0.50,5,子图 运动命令 内部化学连接
17658948,1980134,chem,other,none,5.00,0.50,2,子图 运动命令 内部化学连接
17658948,2669844,chem,other,none,5.00,0.50,1,子图 运动命令 内部化学连接
17658948,2772093,chem,other,none,5.00,0.50,1,子图 运动命令 内部化学连接
17658948,3027876,chem,other,none,5.00,0.50,1,子图 运动命令 内部化学连接
17658948,3944626,chem,other,none,5.00,0.50,3,子图 运动命令 内部化学连接
17658948,3945756,chem,other,none,5.00,0.50,2,子图 运动命令 内部化学连接
17658948,5754346,chem,other,none,5.00,0.50,1,子图 运动命令 内部化学连接
17658948,7005145,chem,other,none,5.00,0.50,1,子图 运动命令 内部化学连接
17658948,8566140,chem,other,none,5.00,0.50,1,子图 运动命令 内部化学连接
17658948,9177218,chem,other,none,5.00,0.50,1,子图 运动命令 内部化学连接
17658948,9753494,chem,other,none,5.00,0.50,1,子图 运动命令 内部化学连接
17658948,10583715,chem,other,none,5.00,0.50,1,子图 运动命令 内部化学连接
17658948,10781924,chem,other,none,5.00,0.50,1,子图 运动命令 内部化学连接
17658948,10792617,chem,other,none,5.00,0.50,2,子图 运动命令 内部化学连接
17658948,10842099,chem,other,none,5.00,0.50,1,子图 运动命令 内部化学连接
17658948,10872426,chem,other,none,5.00,0.50,3,子图 运动命令 内部化学连接
17658948,11217208,chem,other,none,5.00,0.50,1,子图 运动命令 内部化学连接
17658948,12551020,chem,other,none,5.00,0.50,1,子图 运动命令 内部化学连接
17658948,13818467,chem,other,none,5.00,0.50,4,子图 运动命令 内部化学连接
17658948,14617508,chem,other,none,5.00,0.50,1,子图 运动命令 内部化学连接
17658948,14753815,chem,other,none,5.00,0.50,3,子图 运动命令 内部化学连接
17658948,16340977,chem,other,none,5.00,0.50,1,子图 运动命令 内部化学连接
17658948,16361363,chem,other,none,5.00,0.50,2,子图 运动命令 内部化学连接
17658948,16415910,chem,other,none,5.00,0.50,4,子图 运动命令 内部化学连接
17658948,16848587,chem,other,none,5.00,0.50,3,子图 运动命令 内部化学连接
17658948,17087885,chem,other,none,5.00,0.50,1,子图 运动命令 内部化学连接
17658948,17102002,chem,other,none,5.00,0.50,3,子图 运动命令 内部化学连接
17658948,17359501,chem,other,none,5.00,0.50,1,子图 运动命令 内部化学连接
17658948,17729335,chem,other,none,5.00,0.50,2,子图 运动命令 内部化学连接
17658948,18023286,chem,other,none,5.00,0.50,4,子图 运动命令 内部化学连接
17658978,6446394,chem,other,none,5.00,0.50,1,子图 运动命令 内部化学连接
17658978,8741619,chem,other,none,5.00,0.50,2,子图 运动命令 内部化学连接
17658978,17587726,chem,other,none,5.00,0.50,1,子图 运动命令 内部化学连接
17658978,19298644,chem,other,none,5.00,0.50,4,子图 运动命令 内部化学连接
17659014,15365184,chem,other,none,5.00,0.50,2,子图 运动命令 内部化学连接
17659014,17324711,chem,other,none,5.00,0.50,1,子图 运动命令 内部化学连接
17659219,3806652,chem,other,none,5.00,0.50,1,子图 运动命令 内部化学连接
17660233,8592501,chem,other,none,5.00,0.50,2,子图 运动命令 内部化学连接
17660233,8801736,chem,other,none,5.00,0.50,1,子图 运动命令 内部化学连接
17660233,13646473,chem,other,none,5.00,0.50,1,子图 运动命令 内部化学连接
17660233,14756440,chem,other,none,5.00,0.50,5,子图 运动命令 内部化学连接
17660233,15672263,chem,other,none,5.00,0.50,7,子图 运动命令 内部化学连接
17660233,16347476,chem,other,none,5.00,0.50,1,子图 运动命令 内部化学连接
17660233,16443509,chem,other,none,5.00,0.50,1,子图 运动命令 内部化学连接
17660233,17379298,chem,other,none,5.00,0.50,1,子图 运动命令 内部化学连接
17660233,17455871,chem,other,none,5.00,0.50,1,子图 运动命令 内部化学连接
17660233,17543765,chem,other,none,5.00,0.50,2,子图 运动命令 内部化学连接
17660233,17647621,chem,other,none,5.00,0.50,1,子图 运动命令 内部化学连接
17660233,17656886,chem,other,none,5.00,0.50,1,子图 运动命令 内部化学连接
17660233,17660233,chem,other,none,5.00,0.50,3,子图 运动命令 内部化学连接
17660233,17877682,chem,other,none,5.00,0.50,5,子图 运动命令 内部化学连接
17660233,18604097,chem,other,none,5.00,0.50,1,子图 运动命令 内部化学连接
17663944,4142619,chem,other,none,5.00,0.50,1,子图 运动命令 内部化学连接
17663944,4188325,chem,other,none,5.00,0.50,1,子图 运动命令 内部化学连接
17663944,5782947,chem,other,none,5.00,0.50,3,子图 运动命令 内部化学连接
17663944,5898284,chem,other,none,5.00,0.50,3,子图 运动命令 内部化学连接
17663944,9067063,chem,other,none,5.00,0.50,1,子图 运动命令 内部化学连接
17663944,9068346,chem,other,none,5.00,0.50,3,子图 运动命令 内部化学连接
17663944,9519425,chem,other,none,5.00,0.50,1,子图 运动命令 内部化学连接
17663944,9604434,chem,other,none,5.00,0.50,1,子图 运动命令 内部化学连接
17663944,13646473,chem,other,none,5.00,0.50,2,子图 运动命令 内部化学连接
17663944,14588375,chem,other,none,5.00,0.50,4,子图 运动命令 内部化学连接
17663944,15706875,chem,other,none,5.00,0.50,1,子图 运动命令 内部化学连接
17663944,15894178,chem,other,none,5.00,0.50,1,子图 运动命令 内部化学连接
17663944,16934932,chem,other,none,5.00,0.50,4,子图 运动命令 内部化学连接
17663944,16947349,chem,other,none,5.00,0.50,3,子图 运动命令 内部化学连接
17663944,17356024,chem,other,none,5.00,0.50,1,子图 运动命令 内部化学连接
17663944,17535542,chem,other,none,5.00,0.50,2,子图 运动命令 内部化学连接
17663944,17639824,chem,other,none,5.00,0.50,1,子图 运动命令 内部化学连接
17663944,19156025,chem,other,none,5.00,0.50,4,子图 运动命令 内部化学连接
17663944,19950281,chem,other,none,5.00,0.50,1,子图 运动命令 内部化学连接
17671375,5500958,chem,other,none,5.00,0.50,2,子图 运动命令 内部化学连接
17671375,5869204,chem,other,none,5.00,0.50,3,子图 运动命令 内部化学连接
17671375,5890323,chem,other,none,5.00,0.50,2,子图 运动命令 内部化学连接
17671375,5976168,chem,other,none,5.00,0.50,5,子图 运动命令 内部化学连接
17671375,9761454,chem,other,none,5.00,0.50,1,子图 运动命令 内部化学连接
17671375,9842000,chem,other,none,5.00,0.50,2,子图 运动命令 内部化学连接
17671375,11356523,chem,other,none,5.00,0.50,1,子图 运动命令 内部化学连接
17671375,16434842,chem,other,none,5.00,0.50,2,子图 运动命令 内部化学连接
17671375,17415439,chem,other,none,5.00,0.50,1,子图 运动命令 内部化学连接
17671375,17756162,chem,other,none,5.00,0.50,2,子图 运动命令 内部化学连接
17671375,20536322,chem,other,none,5.00,0.50,3,子图 运动命令 内部化学连接
17728571,4116174,chem,other,none,5.00,0.50,1,子图 运动命令 内部化学连接
17728571,8357933,chem,other,none,5.00,0.50,3,子图 运动命令 内部化学连接
17728571,17351780,chem,other,none,5.00,0.50,1,子图 运动命令 内部化学连接
17728571,17358891,chem,other,none,5.00,0.50,2,子图 运动命令 内部化学连接
17728571,18929470,chem,other,none,5.00,0.50,1,子图 运动命令 内部化学连接
17728695,5754346,chem,other,none,5.00,0.50,1,子图 运动命令 内部化学连接
17728695,6623089,chem,other,none,5.00,0.50,12,子图 运动命令 内部化学连接
17728695,8047280,chem,other,none,5.00,0.50,1,子图 运动命令 内部化学连接
17728695,8347907,chem,other,none,5.00,0.50,1,子图 运动命令 内部化学连接
17728695,10411574,chem,other,none,5.00,0.50,1,子图 运动命令 内部化学连接
17728695,10447988,chem,other,none,5.00,0.50,3,子图 运动命令 内部化学连接
17728695,12598741,chem,other,none,5.00,0.50,9,子图 运动命令 内部化学连接
17728695,12935706,chem,other,none,5.00,0.50,1,子图 运动命令 内部化学连接
17728695,13714311,chem,other,none,5.00,0.50,1,子图 运动命令 内部化学连接
17728695,14492757,chem,other,none,5.00,0.50,2,子图 运动命令 内部化学连接
17728695,14726069,chem,other,none,5.00,0.50,5,子图 运动命令 内部化学连接
17728695,14755393,chem,other,none,5.00,0.50,3,子图 运动命令 内部化学连接
17728695,14757050,chem,other,none,5.00,0.50,1,子图 运动命令 内部化学连接
17728695,16544712,chem,other,none,5.00,0.50,1,子图 运动命令 内部化学连接
17728695,16851718,chem,other,none,5.00,0.50,1,子图 运动命令 内部化学连接
17728695,17053270,chem,other,none,5.00,0.50,3,子图 运动命令 内部化学连接
17728695,17086412,chem,other,none,5.00,0.50,4,子图 运动命令 内部化学连接
17728695,17360266,chem,other,none,5.00,0.50,7,子图 运动命令 内部化学连接
17728695,17728695,chem,other,none,5.00,0.50,1,子图 运动命令 内部化学连接
17728695,18035063,chem,other,none,5.00,0.50,5,子图 运动命令 内部化学连接
17728695,18111410,chem,other,none,5.00,0.50,17,子图 运动命令 内部化学连接
17728695,18501001,chem,other,none,5.00,0.50,1,子图 运动命令 内部化学连接
17728695,18527962,chem,other,none,5.00,0.50,1,子图 运动命令 内部化学连接
17728695,20556072,chem,other,none,5.00,0.50,1,子图 运动命令 内部化学连接
17728781,2797480,chem,other,none,5.00,0.50,1,子图 运动命令 内部化学连接
17728781,5859372,chem,other,none,5.00,0.50,4,子图 运动命令 内部化学连接
17728781,8391330,chem,other,none,5.00,0.50,1,子图 运动命令 内部化学连接
17728781,10411574,chem,other,none,5.00,0.50,1,子图 运动命令 内部化学连接
17728781,13370624,chem,other,none,5.00,0.50,2,子图 运动命令 内部化学连接
17728781,13736919,chem,other,none,5.00,0.50,1,子图 运动命令 内部化学连接
17728781,14651659,chem,other,none,5.00,0.50,1,子图 运动命令 内部化学连接
17728781,14723506,chem,other,none,5.00,0.50,2,子图 运动命令 内部化学连接
17728781,14756440,chem,other,none,5.00,0.50,1,子图 运动命令 内部化学连接
17728781,16422744,chem,other,none,5.00,0.50,6,子图 运动命令 内部化学连接
17728781,16924423,chem,other,none,5.00,0.50,1,子图 运动命令 内部化学连接
17728781,16928740,chem,other,none,5.00,0.50,1,子图 运动命令 内部化学连接
17728781,16950097,chem,other,none,5.00,0.50,1,子图 运动命令 内部化学连接
17728781,16950115,chem,other,none,5.00,0.50,1,子图 运动命令 内部化学连接
17728781,19361427,chem,other,none,5.00,0.50,3,子图 运动命令 内部化学连接
17728922,3027876,chem,other,none,5.00,0.50,1,子图 运动命令 内部化学连接
17728922,3149791,chem,other,none,5.00,0.50,3,子图 运动命令 内部化学连接
17728922,3414508,chem,other,none,5.00,0.50,1,子图 运动命令 内部化学连接
17728922,3498479,chem,other,none,5.00,0.50,1,子图 运动命令 内部化学连接
17728922,3620633,chem,other,none,5.00,0.50,2,子图 运动命令 内部化学连接
17728922,3729496,chem,other,none,5.00,0.50,3,子图 运动命令 内部化学连接
17728922,3762317,chem,other,none,5.00,0.50,3,子图 运动命令 内部化学连接
17728922,3944330,chem,other,none,5.00,0.50,1,子图 运动命令 内部化学连接
17728922,3946166,chem,other,none,5.00,0.50,1,子图 运动命令 内部化学连接
17728922,4215611,chem,other,none,5.00,0.50,1,子图 运动命令 内部化学连接
17728922,4901087,chem,other,none,5.00,0.50,1,子图 运动命令 内部化学连接
17728922,5038920,chem,other,none,5.00,0.50,1,子图 运动命令 内部化学连接
17728922,7700444,chem,other,none,5.00,0.50,1,子图 运动命令 内部化学连接
17728922,8572353,chem,other,none,5.00,0.50,3,子图 运动命令 内部化学连接
17728922,9234420,chem,other,none,5.00,0.50,8,子图 运动命令 内部化学连接
17728922,9424902,chem,other,none,5.00,0.50,1,子图 运动命令 内部化学连接
17728922,10345590,chem,other,none,5.00,0.50,1,子图 运动命令 内部化学连接
17728922,10563755,chem,other,none,5.00,0.50,1,子图 运动命令 内部化学连接
17728922,10728318,chem,other,none,5.00,0.50,1,子图 运动命令 内部化学连接
17728922,10792617,chem,other,none,5.00,0.50,1,子图 运动命令 内部化学连接
17728922,10872426,chem,other,none,5.00,0.50,7,子图 运动命令 内部化学连接
17728922,10922928,chem,other,none,5.00,0.50,1,子图 运动命令 内部化学连接
17728922,13674287,chem,other,none,5.00,0.50,1,子图 运动命令 内部化学连接
17728922,13948718,chem,other,none,5.00,0.50,2,子图 运动命令 内部化学连接
17728922,14034206,chem,other,none,5.00,0.50,4,子图 运动命令 内部化学连接
17728922,15672269,chem,other,none,5.00,0.50,1,子图 运动命令 内部化学连接
17728922,15732050,chem,other,none,5.00,0.50,1,子图 运动命令 内部化学连接
17728922,15792643,chem,other,none,5.00,0.50,1,子图 运动命令 内部化学连接
17728922,16468935,chem,other,none,5.00,0.50,1,子图 运动命令 内部化学连接
17728922,17352470,chem,other,none,5.00,0.50,1,子图 运动命令 内部化学连接
17728922,17728922,chem,other,none,5.00,0.50,1,子图 运动命令 内部化学连接
17728922,17827011,chem,other,none,5.00,0.50,1,子图 运动命令 内部化学连接
17729335,1646076,chem,other,none,5.00,0.50,1,子图 运动命令 内部化学连接
17729335,1961182,chem,other,none,5.00,0.50,2,子图 运动命令 内部化学连接
17729335,1980134,chem,other,none,5.00,0.50,1,子图 运动命令 内部化学连接
17729335,3149791,chem,other,none,5.00,0.50,5,子图 运动命令 内部化学连接
17729335,5754346,chem,other,none,5.00,0.50,2,子图 运动命令 内部化学连接
17729335,5902352,chem,other,none,5.00,0.50,2,子图 运动命令 内部化学连接
17729335,8047280,chem,other,none,5.00,0.50,1,子图 运动命令 内部化学连接
17729335,9177218,chem,other,none,5.00,0.50,2,子图 运动命令 内部化学连接
17729335,10100020,chem,other,none,5.00,0.50,4,子图 运动命令 内部化学连接
17729335,10449035,chem,other,none,5.00,0.50,2,子图 运动命令 内部化学连接
17729335,10870424,chem,other,none,5.00,0.50,1,子图 运动命令 内部化学连接
17729335,10885466,chem,other,none,5.00,0.50,2,子图 运动命令 内部化学连接
17729335,10922928,chem,other,none,5.00,0.50,5,子图 运动命令 内部化学连接
17729335,16415910,chem,other,none,5.00,0.50,1,子图 运动命令 内部化学连接
17729335,16422727,chem,other,none,5.00,0.50,2,子图 运动命令 内部化学连接
17729335,16468935,chem,other,none,5.00,0.50,1,子图 运动命令 内部化学连接
17729335,16676038,chem,other,none,5.00,0.50,6,子图 运动命令 内部化学连接
17729335,16848587,chem,other,none,5.00,0.50,1,子图 运动命令 内部化学连接
17729335,17654645,chem,other,none,5.00,0.50,1,子图 运动命令 内部化学连接
17729335,17729347,chem,other,none,5.00,0.50,1,子图 运动命令 内部化学连接
17729335,18111410,chem,other,none,5.00,0.50,3,子图 运动命令 内部化学连接
17729335,20151537,chem,other,none,5.00,0.50,3,子图 运动命令 内部化学连接
17729347,1646076,chem,other,none,5.00,0.50,8,子图 运动命令 内部化学连接
17729347,1961182,chem,other,none,5.00,0.50,1,子图 运动命令 内部化学连接
17729347,1980134,chem,other,none,5.00,0.50,7,子图 运动命令 内部化学连接
17729347,3979181,chem,other,none,5.00,0.50,1,子图 运动命令 内部化学连接
17729347,5754346,chem,other,none,5.00,0.50,5,子图 运动命令 内部化学连接
17729347,10100020,chem,other,none,5.00,0.50,2,子图 运动命令 内部化学连接
17729347,10449035,chem,other,none,5.00,0.50,3,子图 运动命令 内部化学连接
17729347,15897280,chem,other,none,5.00,0.50,1,子图 运动命令 内部化学连接
17729347,16676038,chem,other,none,5.00,0.50,4,子图 运动命令 内部化学连接
17729347,16851791,chem,other,none,5.00,0.50,2,子图 运动命令 内部化学连接
17729973,1805418,chem,other,none,5.00,0.50,1,子图 运动命令 内部化学连接
17729973,1961182,chem,other,none,5.00,0.50,1,子图 运动命令 内部化学连接
17729973,1980134,chem,other,none,5.00,0.50,2,子图 运动命令 内部化学连接
17729973,2669844,chem,other,none,5.00,0.50,3,子图 运动命令 内部化学连接
17729973,3149791,chem,other,none,5.00,0.50,1,子图 运动命令 内部化学连接
17729973,3945756,chem,other,none,5.00,0.50,2,子图 运动命令 内部化学连接
17729973,4876839,chem,other,none,5.00,0.50,2,子图 运动命令 内部化学连接
17729973,5690425,chem,other,none,5.00,0.50,2,子图 运动命令 内部化学连接
17729973,6143930,chem,other,none,5.00,0.50,3,子图 运动命令 内部化学连接
17729973,7388340,chem,other,none,5.00,0.50,4,子图 运动命令 内部化学连接
17729973,7982307,chem,other,none,5.00,0.50,2,子图 运动命令 内部化学连接
17729973,8566140,chem,other,none,5.00,0.50,1,子图 运动命令 内部化学连接
17729973,8572353,chem,other,none,5.00,0.50,3,子图 运动命令 内部化学连接
17729973,8592501,chem,other,none,5.00,0.50,2,子图 运动命令 内部化学连接
17729973,9077224,chem,other,none,5.00,0.50,1,子图 运动命令 内部化学连接
17729973,9753494,chem,other,none,5.00,0.50,3,子图 运动命令 内部化学连接
17729973,10100020,chem,other,none,5.00,0.50,3,子图 运动命令 内部化学连接
17729973,10276161,chem,other,none,5.00,0.50,4,子图 运动命令 内部化学连接
17729973,10781924,chem,other,none,5.00,0.50,2,子图 运动命令 内部化学连接
17729973,11261332,chem,other,none,5.00,0.50,1,子图 运动命令 内部化学连接
17729973,12782494,chem,other,none,5.00,0.50,3,子图 运动命令 内部化学连接
17729973,14756061,chem,other,none,5.00,0.50,1,子图 运动命令 内部化学连接
17729973,15522152,chem,other,none,5.00,0.50,1,子图 运动命令 内部化学连接
17729973,15548844,chem,other,none,5.00,0.50,2,子图 运动命令 内部化学连接
17729973,15585114,chem,other,none,5.00,0.50,11,子图 运动命令 内部化学连接
17729973,15606239,chem,other,none,5.00,0.50,1,子图 运动命令 内部化学连接
17729973,15897280,chem,other,none,5.00,0.50,6,子图 运动命令 内部化学连接
17729973,16468935,chem,other,none,5.00,0.50,1,子图 运动命令 内部化学连接
17729973,17654645,chem,other,none,5.00,0.50,2,子图 运动命令 内部化学连接
17729973,17654967,chem,other,none,5.00,0.50,1,子图 运动命令 内部化学连接
17729973,17729335,chem,other,none,5.00,0.50,1,子图 运动命令 内部化学连接
17729973,17729973,chem,other,none,5.00,0.50,1,子图 运动命令 内部化学连接
17729973,18305433,chem,other,none,5.00,0.50,1,子图 运动命令 内部化学连接
17729973,18501001,chem,other,none,5.00,0.50,1,子图 运动命令 内部化学连接
17729973,19010160,chem,other,none,5.00,0.50,4,子图 运动命令 内部化学连接
17729973,19132527,chem,other,none,5.00,0.50,3,子图 运动命令 内部化学连接
17729973,20479904,chem,other,none,5.00,0.50,1,子图 运动命令 内部化学连接
17732031,3149791,chem,other,none,5.00,0.50,1,子图 运动命令 内部化学连接
17732031,3764792,chem,other,none,5.00,0.50,6,子图 运动命令 内部化学连接
17732031,3945136,chem,other,none,5.00,0.50,1,子图 运动命令 内部化学连接
17732031,3946166,chem,other,none,5.00,0.50,1,子图 运动命令 内部化学连接
17732031,4215611,chem,other,none,5.00,0.50,1,子图 运动命令 内部化学连接
17732031,5038920,chem,other,none,5.00,0.50,4,子图 运动命令 内部化学连接
17732031,5134110,chem,other,none,5.00,0.50,2,子图 运动命令 内部化学连接
17732031,5462159,chem,other,none,5.00,0.50,1,子图 运动命令 内部化学连接
17732031,5512988,chem,other,none,5.00,0.50,4,子图 运动命令 内部化学连接
17732031,5657004,chem,other,none,5.00,0.50,1,子图 运动命令 内部化学连接
17732031,5684940,chem,other,none,5.00,0.50,1,子图 运动命令 内部化学连接
17732031,5688091,chem,other,none,5.00,0.50,5,子图 运动命令 内部化学连接
17732031,5754346,chem,other,none,5.00,0.50,9,子图 运动命令 内部化学连接
17732031,6114695,chem,other,none,5.00,0.50,1,子图 运动命令 内部化学连接
17732031,7982324,chem,other,none,5.00,0.50,4,子图 运动命令 内部化学连接
17732031,8709865,chem,other,none,5.00,0.50,3,子图 运动命令 内部化学连接
17732031,9234420,chem,other,none,5.00,0.50,2,子图 运动命令 内部化学连接
17732031,10797407,chem,other,none,5.00,0.50,3,子图 运动命令 内部化学连接
17732031,10922928,chem,other,none,5.00,0.50,2,子图 运动命令 内部化学连接
17732031,11261332,chem,other,none,5.00,0.50,1,子图 运动命令 内部化学连接
17732031,12279941,chem,other,none,5.00,0.50,4,子图 运动命令 内部化学连接
17732031,13749806,chem,other,none,5.00,0.50,1,子图 运动命令 内部化学连接
17732031,14034206,chem,other,none,5.00,0.50,4,子图 运动命令 内部化学连接
17732031,14760757,chem,other,none,5.00,0.50,1,子图 运动命令 内部化学连接
17732031,14914182,chem,other,none,5.00,0.50,1,子图 运动命令 内部化学连接
17732031,15590555,chem,other,none,5.00,0.50,7,子图 运动命令 内部化学连接
17732031,15638906,chem,other,none,5.00,0.50,2,子图 运动命令 内部化学连接
17732031,15639294,chem,other,none,5.00,0.50,1,子图 运动命令 内部化学连接
17732031,15676016,chem,other,none,5.00,0.50,1,子图 运动命令 内部化学连接
17732031,16115575,chem,other,none,5.00,0.50,4,子图 运动命令 内部化学连接
17732031,16931001,chem,other,none,5.00,0.50,2,子图 运动命令 内部化学连接
17732031,17328632,chem,other,none,5.00,0.50,9,子图 运动命令 内部化学连接
17732031,17360038,chem,other,none,5.00,0.50,2,子图 运动命令 内部化学连接
17732031,17360076,chem,other,none,5.00,0.50,1,子图 运动命令 内部化学连接
17732031,17378483,chem,other,none,5.00,0.50,3,子图 运动命令 内部化学连接
17732031,17658978,chem,other,none,5.00,0.50,4,子图 运动命令 内部化学连接
17732031,17728922,chem,other,none,5.00,0.50,4,子图 运动命令 内部化学连接
17732031,17732270,chem,other,none,5.00,0.50,1,子图 运动命令 内部化学连接
17732031,18644088,chem,other,none,5.00,0.50,2,子图 运动命令 内部化学连接
17732031,21300466,chem,other,none,5.00,0.50,1,子图 运动命令 内部化学连接
17732256,17728571,chem,other,none,5.00,0.50,1,子图 运动命令 内部化学连接
17732256,17777031,chem,other,none,5.00,0.50,1,子图 运动命令 内部化学连接
17732270,3009700,chem,other,none,5.00,0.50,2,子图 运动命令 内部化学连接
17732270,3044500,chem,other,none,5.00,0.50,1,子图 运动命令 内部化学连接
17732270,7227010,chem,other,none,5.00,0.50,4,子图 运动命令 内部化学连接
17732270,7573476,chem,other,none,5.00,0.50,1,子图 运动命令 内部化学连接
17732270,7590264,chem,other,none,5.00,0.50,1,子图 运动命令 内部化学连接
17732270,8047280,chem,other,none,5.00,0.50,2,子图 运动命令 内部化学连接
17732270,12366224,chem,other,none,5.00,0.50,1,子图 运动命令 内部化学连接
17732291,13370624,chem,other,none,5.00,0.50,1,子图 运动命令 内部化学连接
17732291,15522152,chem,other,none,5.00,0.50,1,子图 运动命令 内部化学连接
17732311,16667306,chem,other,none,5.00,0.50,8,子图 运动命令 内部化学连接
17732311,16675987,chem,other,none,5.00,0.50,5,子图 运动命令 内部化学连接
17732311,16950115,chem,other,none,5.00,0.50,1,子图 运动命令 内部化学连接
17732311,17732334,chem,other,none,5.00,0.50,1,子图 运动命令 内部化学连接
17732311,17732346,chem,other,none,5.00,0.50,1,子图 运动命令 内部化学连接
17732311,17777031,chem,other,none,5.00,0.50,1,子图 运动命令 内部化学连接
17732311,18929470,chem,other,none,5.00,0.50,13,子图 运动命令 内部化学连接
17732311,20556072,chem,other,none,5.00,0.50,4,子图 运动命令 内部化学连接
17732334,16667306,chem,other,none,5.00,0.50,12,子图 运动命令 内部化学连接
17732334,16675987,chem,other,none,5.00,0.50,2,子图 运动命令 内部化学连接
17732334,17732311,chem,other,none,5.00,0.50,1,子图 运动命令 内部化学连接
17732334,17777031,chem,other,none,5.00,0.50,1,子图 运动命令 内部化学连接
17732346,7955278,chem,other,none,5.00,0.50,1,子图 运动命令 内部化学连接
17732346,16547287,chem,other,none,5.00,0.50,1,子图 运动命令 内部化学连接
17732346,16667306,chem,other,none,5.00,0.50,1,子图 运动命令 内部化学连接
17732346,16952648,chem,other,none,5.00,0.50,6,子图 运动命令 内部化学连接
17732346,16952671,chem,other,none,5.00,0.50,1,子图 运动命令 内部化学连接
17732346,16992171,chem,other,none,5.00,0.50,4,子图 运动命令 内部化学连接
17732346,17356442,chem,other,none,5.00,0.50,1,子图 运动命令 内部化学连接
17732346,17732256,chem,other,none,5.00,0.50,1,子图 运动命令 内部化学连接
17732346,20556072,chem,other,none,5.00,0.50,2,子图 运动命令 内部化学连接
17732791,9428865,chem,other,none,5.00,0.50,3,子图 运动命令 内部化学连接
17732791,10865025,chem,other,none,5.00,0.50,1,子图 运动命令 内部化学连接
17732791,11229136,chem,other,none,5.00,0.50,1,子图 运动命令 内部化学连接
17732791,12000033,chem,other,none,5.00,0.50,1,子图 运动命令 内部化学连接
17732791,13830600,chem,other,none,5.00,0.50,1,子图 运动命令 内部化学连接
17732791,17062823,chem,other,none,5.00,0.50,2,子图 运动命令 内部化学连接
17732791,17356454,chem,other,none,5.00,0.50,1,子图 运动命令 内部化学连接
17732791,17545695,chem,other,none,5.00,0.50,4,子图 运动命令 内部化学连接
17736654,13007383,chem,other,none,5.00,0.50,1,子图 运动命令 内部化学连接
17736654,15894178,chem,other,none,5.00,0.50,1,子图 运动命令 内部化学连接
17736654,17053270,chem,other,none,5.00,0.50,1,子图 运动命令 内部化学连接
17736654,17587734,chem,other,none,5.00,0.50,1,子图 运动命令 内部化学连接
17736748,17736755,chem,other,none,5.00,0.50,1,子图 运动命令 内部化学连接
17740547,3539170,chem,other,none,5.00,0.50,1,子图 运动命令 内部化学连接
17740547,3814701,chem,other,none,5.00,0.50,4,子图 运动命令 内部化学连接
17740547,11105182,chem,other,none,5.00,0.50,5,子图 运动命令 内部化学连接
17755491,4876839,chem,other,none,5.00,0.50,1,子图 运动命令 内部化学连接
17755491,5898284,chem,other,none,5.00,0.50,1,子图 运动命令 内部化学连接
17755491,8801736,chem,other,none,5.00,0.50,1,子图 运动命令 内部化学连接
17755491,12026822,chem,other,none,5.00,0.50,1,子图 运动命令 内部化学连接
17755491,15481779,chem,other,none,5.00,0.50,2,子图 运动命令 内部化学连接
17755491,16340011,chem,other,none,5.00,0.50,1,子图 运动命令 内部化学连接
17755491,16937799,chem,other,none,5.00,0.50,1,子图 运动命令 内部化学连接
17755491,17297936,chem,other,none,5.00,0.50,1,子图 运动命令 内部化学连接
17755491,17379298,chem,other,none,5.00,0.50,11,子图 运动命令 内部化学连接
17755491,17654991,chem,other,none,5.00,0.50,1,子图 运动命令 内部化学连接
17755491,17777981,chem,other,none,5.00,0.50,3,子图 运动命令 内部化学连接
17755491,19090042,chem,other,none,5.00,0.50,1,子图 运动命令 内部化学连接
17756162,3027876,chem,other,none,5.00,0.50,14,子图 运动命令 内部化学连接
17756162,8546775,chem,other,none,5.00,0.50,1,子图 运动命令 内部化学连接
17756162,8566140,chem,other,none,5.00,0.50,2,子图 运动命令 内部化学连接
17756162,8572353,chem,other,none,5.00,0.50,1,子图 运动命令 内部化学连接
17756162,8951591,chem,other,none,5.00,0.50,1,子图 运动命令 内部化学连接
17756162,11278919,chem,other,none,5.00,0.50,1,子图 运动命令 内部化学连接
17756162,12299704,chem,other,none,5.00,0.50,1,子图 运动命令 内部化学连接
17756162,12364717,chem,other,none,5.00,0.50,1,子图 运动命令 内部化学连接
17756162,13953184,chem,other,none,5.00,0.50,1,子图 运动命令 内部化学连接
17756162,15048530,chem,other,none,5.00,0.50,1,子图 运动命令 内部化学连接
17756162,15601640,chem,other,none,5.00,0.50,1,子图 运动命令 内部化学连接
17756162,15607335,chem,other,none,5.00,0.50,1,子图 运动命令 内部化学连接
17756162,16051878,chem,other,none,5.00,0.50,1,子图 运动命令 内部化学连接
17756162,16195633,chem,other,none,5.00,0.50,1,子图 运动命令 内部化学连接
17756162,17384874,chem,other,none,5.00,0.50,2,子图 运动命令 内部化学连接
17756162,17813001,chem,other,none,5.00,0.50,1,子图 运动命令 内部化学连接
17756162,20536322,chem,other,none,5.00,0.50,1,子图 运动命令 内部化学连接
17762417,4847079,chem,other,none,5.00,0.50,2,子图 运动命令 内部化学连接
17762417,8127390,chem,other,none,5.00,0.50,1,子图 运动命令 内部化学连接
17762417,9565674,chem,other,none,5.00,0.50,1,子图 运动命令 内部化学连接
17762417,9753494,chem,other,none,5.00,0.50,1,子图 运动命令 内部化学连接
17762417,13081886,chem,other,none,5.00,0.50,1,子图 运动命令 内部化学连接
17762417,13411445,chem,other,none,5.00,0.50,4,子图 运动命令 内部化学连接
17762417,13713529,chem,other,none,5.00,0.50,1,子图 运动命令 内部化学连接
17762417,13760954,chem,other,none,5.00,0.50,1,子图 运动命令 内部化学连接
17762417,13763548,chem,other,none,5.00,0.50,1,子图 运动命令 内部化学连接
17762417,13849557,chem,other,none,5.00,0.50,2,子图 运动命令 内部化学连接
17762417,14039007,chem,other,none,5.00,0.50,1,子图 运动命令 内部化学连接
17762417,14680483,chem,other,none,5.00,0.50,1,子图 运动命令 内部化学连接
17762417,15481779,chem,other,none,5.00,0.50,5,子图 运动命令 内部化学连接
17762417,15934458,chem,other,none,5.00,0.50,3,子图 运动命令 内部化学连接
17762417,16154290,chem,other,none,5.00,0.50,2,子图 运动命令 内部化学连接
17762417,16884962,chem,other,none,5.00,0.50,1,子图 运动命令 内部化学连接
17762417,17380345,chem,other,none,5.00,0.50,2,子图 运动命令 内部化学连接
17762417,17537254,chem,other,none,5.00,0.50,2,子图 运动命令 内部化学连接
17762417,19190681,chem,other,none,5.00,0.50,3,子图 运动命令 内部化学连接
17776982,3044500,chem,other,none,5.00,0.50,2,子图 运动命令 内部化学连接
17776982,5512988,chem,other,none,5.00,0.50,1,子图 运动命令 内部化学连接
17776982,6554358,chem,other,none,5.00,0.50,1,子图 运动命令 内部化学连接
17776982,13749806,chem,other,none,5.00,0.50,1,子图 运动命令 内部化学连接
17776982,16195633,chem,other,none,5.00,0.50,1,子图 运动命令 内部化学连接
17776982,16676038,chem,other,none,5.00,0.50,1,子图 运动命令 内部化学连接
17777031,8391330,chem,other,none,5.00,0.50,1,子图 运动命令 内部化学连接
17777031,13736919,chem,other,none,5.00,0.50,3,子图 运动命令 内部化学连接
17777031,16545113,chem,other,none,5.00,0.50,1,子图 运动命令 内部化学连接
17777031,16675987,chem,other,none,5.00,0.50,1,子图 运动命令 内部化学连接
17777031,17353986,chem,other,none,5.00,0.50,1,子图 运动命令 内部化学连接
17777031,17356442,chem,other,none,5.00,0.50,3,子图 运动命令 内部化学连接
17777031,17732311,chem,other,none,5.00,0.50,1,子图 运动命令 内部化学连接
17777031,17736641,chem,other,none,5.00,0.50,1,子图 运动命令 内部化学连接
17777031,17777031,chem,other,none,5.00,0.50,1,子图 运动命令 内部化学连接
17777031,20556072,chem,other,none,5.00,0.50,8,子图 运动命令 内部化学连接
17777981,2504517,chem,other,none,5.00,0.50,1,子图 运动命令 内部化学连接
17777981,3021609,chem,other,none,5.00,0.50,11,子图 运动命令 内部化学连接
17777981,5369028,chem,other,none,5.00,0.50,7,子图 运动命令 内部化学连接
17777981,8127390,chem,other,none,5.00,0.50,6,子图 运动命令 内部化学连接
17777981,8801715,chem,other,none,5.00,0.50,1,子图 运动命令 内部化学连接
17777981,12030078,chem,other,none,5.00,0.50,8,子图 运动命令 内部化学连接
17777981,12422147,chem,other,none,5.00,0.50,1,子图 运动命令 内部化学连接
17777981,14754777,chem,other,none,5.00,0.50,2,子图 运动命令 内部化学连接
17777981,14756061,chem,other,none,5.00,0.50,1,子图 运动命令 内部化学连接
17777981,15560623,chem,other,none,5.00,0.50,1,子图 运动命令 内部化学连接
17777981,16115255,chem,other,none,5.00,0.50,1,子图 运动命令 内部化学连接
17777981,16340011,chem,other,none,5.00,0.50,1,子图 运动命令 内部化学连接
17777981,16714214,chem,other,none,5.00,0.50,1,子图 运动命令 内部化学连接
17777981,17354414,chem,other,none,5.00,0.50,3,子图 运动命令 内部化学连接
17777981,17378648,chem,other,none,5.00,0.50,13,子图 运动命令 内部化学连接
17777981,17379298,chem,other,none,5.00,0.50,2,子图 运动命令 内部化学连接
17777981,17455871,chem,other,none,5.00,0.50,4,子图 运动命令 内部化学连接
17777981,17654967,chem,other,none,5.00,0.50,2,子图 运动命令 内部化学连接
17777981,17654991,chem,other,none,5.00,0.50,3,子图 运动命令 内部化学连接
17777981,17655000,chem,other,none,5.00,0.50,3,子图 运动命令 内部化学连接
17777981,17755491,chem,other,none,5.00,0.50,1,子图 运动命令 内部化学连接
17777981,17777981,chem,other,none,5.00,0.50,2,子图 运动命令 内部化学连接
17804729,1805669,chem,other,none,5.00,0.50,1,子图 运动命令 内部化学连接
17804729,4127926,chem,other,none,5.00,0.50,1,子图 运动命令 内部化学连接
17804729,5038920,chem,other,none,5.00,0.50,3,子图 运动命令 内部化学连接
17804729,5134110,chem,other,none,5.00,0.50,1,子图 运动命令 内部化学连接
17804729,5512988,chem,other,none,5.00,0.50,3,子图 运动命令 内部化学连接
17804729,5657004,chem,other,none,5.00,0.50,1,子图 运动命令 内部化学连接
17804729,5680013,chem,other,none,5.00,0.50,1,子图 运动命令 内部化学连接
17804729,6114695,chem,other,none,5.00,0.50,1,子图 运动命令 内部化学连接
17804729,6572414,chem,other,none,5.00,0.50,1,子图 运动命令 内部化学连接
17804729,8167696,chem,other,none,5.00,0.50,2,子图 运动命令 内部化学连接
17804729,8687096,chem,other,none,5.00,0.50,1,子图 运动命令 内部化学连接
17804729,8709865,chem,other,none,5.00,0.50,5,子图 运动命令 内部化学连接
17804729,8710444,chem,other,none,5.00,0.50,1,子图 运动命令 内部化学连接
17804729,9234420,chem,other,none,5.00,0.50,1,子图 运动命令 内部化学连接
17804729,10885466,chem,other,none,5.00,0.50,1,子图 运动命令 内部化学连接
17804729,10945111,chem,other,none,5.00,0.50,2,子图 运动命令 内部化学连接
17804729,10945795,chem,other,none,5.00,0.50,2,子图 运动命令 内部化学连接
17804729,11905911,chem,other,none,5.00,0.50,1,子图 运动命令 内部化学连接
17804729,13081886,chem,other,none,5.00,0.50,2,子图 运动命令 内部化学连接
17804729,14034206,chem,other,none,5.00,0.50,2,子图 运动命令 内部化学连接
17804729,14760757,chem,other,none,5.00,0.50,1,子图 运动命令 内部化学连接
17804729,14914182,chem,other,none,5.00,0.50,1,子图 运动命令 内部化学连接
17804729,15590555,chem,other,none,5.00,0.50,3,子图 运动命令 内部化学连接
17804729,17658978,chem,other,none,5.00,0.50,2,子图 运动命令 内部化学连接
17804729,17732031,chem,other,none,5.00,0.50,1,子图 运动命令 内部化学连接
17804729,18639459,chem,other,none,5.00,0.50,1,子图 运动命令 内部化学连接
17804729,18644088,chem,other,none,5.00,0.50,3,子图 运动命令 内部化学连接
17804729,19048289,chem,other,none,5.00,0.50,1,子图 运动命令 内部化学连接
17809869,18076102,chem,other,none,5.00,0.50,2,子图 运动命令 内部化学连接
17813001,3027876,chem,other,none,5.00,0.50,7,子图 运动命令 内部化学连接
17813001,3765735,chem,other,none,5.00,0.50,3,子图 运动命令 内部化学连接
17813001,8471817,chem,other,none,5.00,0.50,1,子图 运动命令 内部化学连接
17813001,8572353,chem,other,none,5.00,0.50,3,子图 运动命令 内部化学连接
17813001,10276161,chem,other,none,5.00,0.50,2,子图 运动命令 内部化学连接
17813001,11278919,chem,other,none,5.00,0.50,3,子图 运动命令 内部化学连接
17813001,13674287,chem,other,none,5.00,0.50,2,子图 运动命令 内部化学连接
17813001,16195633,chem,other,none,5.00,0.50,5,子图 运动命令 内部化学连接
17813001,16350988,chem,other,none,5.00,0.50,4,子图 运动命令 内部化学连接
17813001,17756162,chem,other,none,5.00,0.50,2,子图 运动命令 内部化学连接
17813001,17850822,chem,other,none,5.00,0.50,1,子图 运动命令 内部化学连接
17813001,20536322,chem,other,none,5.00,0.50,1,子图 运动命令 内部化学连接
17813457,4173633,chem,other,none,5.00,0.50,3,子图 运动命令 内部化学连接
17813457,4591713,chem,other,none,5.00,0.50,9,子图 运动命令 内部化学连接
17813457,6153877,chem,other,none,5.00,0.50,6,子图 运动命令 内部化学连接
17813457,6190181,chem,other,none,5.00,0.50,16,子图 运动命令 内部化学连接
17813457,8709865,chem,other,none,5.00,0.50,1,子图 运动命令 内部化学连接
17813457,9085808,chem,other,none,5.00,0.50,2,子图 运动命令 内部化学连接
17813457,9604434,chem,other,none,5.00,0.50,1,子图 运动命令 内部化学连接
17813457,10248031,chem,other,none,5.00,0.50,2,子图 运动命令 内部化学连接
17813457,10758204,chem,other,none,5.00,0.50,1,子图 运动命令 内部化学连接
17813457,14334367,chem,other,none,5.00,0.50,2,子图 运动命令 内部化学连接
17813457,14999928,chem,other,none,5.00,0.50,4,子图 运动命令 内部化学连接
17813457,15018449,chem,other,none,5.00,0.50,2,子图 运动命令 内部化学连接
17813457,15467736,chem,other,none,5.00,0.50,12,子图 运动命令 内部化学连接
17813457,16339338,chem,other,none,5.00,0.50,1,子图 运动命令 内部化学连接
17813457,16345627,chem,other,none,5.00,0.50,1,子图 运动命令 内部化学连接
17813457,16671014,chem,other,none,5.00,0.50,1,子图 运动命令 内部化学连接
17813457,16910799,chem,other,none,5.00,0.50,1,子图 运动命令 内部化学连接
17813457,16934932,chem,other,none,5.00,0.50,6,子图 运动命令 内部化学连接
17813457,17083341,chem,other,none,5.00,0.50,1,子图 运动命令 内部化学连接
17813457,18464581,chem,other,none,5.00,0.50,2,子图 运动命令 内部化学连接
17813457,18500988,chem,other,none,5.00,0.50,4,子图 运动命令 内部化学连接
17814107,3539170,chem,other,none,5.00,0.50,3,子图 运动命令 内部化学连接
17814107,17355745,chem,other,none,5.00,0.50,1,子图 运动命令 内部化学连接
17814107,17545695,chem,other,none,5.00,0.50,1,子图 运动命令 内部化学连接
17827011,1980134,chem,other,none,5.00,0.50,7,子图 运动命令 内部化学连接
17827011,5768240,chem,other,none,5.00,0.50,6,子图 运动命令 内部化学连接
17827011,10553248,chem,other,none,5.00,0.50,1,子图 运动命令 内部化学连接
17827011,11278919,chem,other,none,5.00,0.50,1,子图 运动命令 内部化学连接
17827011,12654063,chem,other,none,5.00,0.50,1,子图 运动命令 内部化学连接
17827011,16340977,chem,other,none,5.00,0.50,2,子图 运动命令 内部化学连接
17827011,16851791,chem,other,none,5.00,0.50,11,子图 运动命令 内部化学连接
17827011,17352824,chem,other,none,5.00,0.50,3,子图 运动命令 内部化学连接
17850822,3027876,chem,other,none,5.00,0.50,8,子图 运动命令 内部化学连接
17850822,3765735,chem,other,none,5.00,0.50,1,子图 运动命令 内部化学连接
17850822,10583715,chem,other,none,5.00,0.50,1,子图 运动命令 内部化学连接
17850822,10855798,chem,other,none,5.00,0.50,1,子图 运动命令 内部化学连接
17850822,11278919,chem,other,none,5.00,0.50,3,子图 运动命令 内部化学连接
17850822,11306294,chem,other,none,5.00,0.50,1,子图 运动命令 内部化学连接
17850822,13411445,chem,other,none,5.00,0.50,2,子图 运动命令 内部化学连接
17850822,13674287,chem,other,none,5.00,0.50,5,子图 运动命令 内部化学连接
17850822,13953184,chem,other,none,5.00,0.50,1,子图 运动命令 内部化学连接
17850822,14680483,chem,other,none,5.00,0.50,1,子图 运动命令 内部化学连接
17850822,16195633,chem,other,none,5.00,0.50,1,子图 运动命令 内部化学连接
17850822,17360282,chem,other,none,5.00,0.50,1,子图 运动命令 内部化学连接
17850822,17379420,chem,other,none,5.00,0.50,1,子图 运动命令 内部化学连接
17850822,17813001,chem,other,none,5.00,0.50,1,子图 运动命令 内部化学连接
17867309,2648254,chem,other,none,5.00,0.50,1,子图 运动命令 内部化学连接
17867309,2650887,chem,other,none,5.00,0.50,4,子图 运动命令 内部化学连接
17867309,3979181,chem,other,none,5.00,0.50,1,子图 运动命令 内部化学连接
17867309,4227880,chem,other,none,5.00,0.50,1,子图 运动命令 内部化学连接
17867309,5794678,chem,other,none,5.00,0.50,1,子图 运动命令 内部化学连接
17867309,6193472,chem,other,none,5.00,0.50,1,子图 运动命令 内部化学连接
17867309,7056904,chem,other,none,5.00,0.50,1,子图 运动命令 内部化学连接
17867309,7371184,chem,other,none,5.00,0.50,1,子图 运动命令 内部化学连接
17867309,8357933,chem,other,none,5.00,0.50,7,子图 运动命令 内部化学连接
17867309,8696919,chem,other,none,5.00,0.50,1,子图 运动命令 内部化学连接
17867309,8993049,chem,other,none,5.00,0.50,10,子图 运动命令 内部化学连接
17867309,10017944,chem,other,none,5.00,0.50,1,子图 运动命令 内部化学连接
17867309,10234576,chem,other,none,5.00,0.50,1,子图 运动命令 内部化学连接
17867309,10411574,chem,other,none,5.00,0.50,1,子图 运动命令 内部化学连接
17867309,10756813,chem,other,none,5.00,0.50,2,子图 运动命令 内部化学连接
17867309,10758204,chem,other,none,5.00,0.50,5,子图 运动命令 内部化学连接
17867309,10875178,chem,other,none,5.00,0.50,1,子图 运动命令 内部化学连接
17867309,10918898,chem,other,none,5.00,0.50,3,子图 运动命令 内部化学连接
17867309,11625573,chem,other,none,5.00,0.50,2,子图 运动命令 内部化学连接
17867309,13564607,chem,other,none,5.00,0.50,1,子图 运动命令 内部化学连接
17867309,13764822,chem,other,none,5.00,0.50,6,子图 运动命令 内部化学连接
17867309,14241490,chem,other,none,5.00,0.50,1,子图 运动命令 内部化学连接
17867309,16913476,chem,other,none,5.00,0.50,1,子图 运动命令 内部化学连接
17867309,17176927,chem,other,none,5.00,0.50,3,子图 运动命令 内部化学连接
17867309,17177419,chem,other,none,5.00,0.50,1,子图 运动命令 内部化学连接
17867309,17809869,chem,other,none,5.00,0.50,2,子图 运动命令 内部化学连接
17867309,17867309,chem,other,none,5.00,0.50,1,子图 运动命令 内部化学连接
17867309,18500988,chem,other,none,5.00,0.50,1,子图 运动命令 内部化学连接
17867309,19508873,chem,other,none,5.00,0.50,1,子图 运动命令 内部化学连接
17877682,5995125,chem,other,none,5.00,0.50,1,子图 运动命令 内部化学连接
17877682,6154200,chem,other,none,5.00,0.50,2,子图 运动命令 内部化学连接
17897230,5052370,chem,other,none,5.00,0.50,3,子图 运动命令 内部化学连接
17897230,5319633,chem,other,none,5.00,0.50,2,子图 运动命令 内部化学连接
17897230,5786898,chem,other,none,5.00,0.50,2,子图 运动命令 内部化学连接
17897230,5893912,chem,other,none,5.00,0.50,1,子图 运动命令 内部化学连接
17897230,6153877,chem,other,none,5.00,0.50,2,子图 运动命令 内部化学连接
17897230,6190181,chem,other,none,5.00,0.50,1,子图 运动命令 内部化学连接
17897230,6653450,chem,other,none,5.00,0.50,2,子图 运动命令 内部化学连接
17897230,8025665,chem,other,none,5.00,0.50,1,子图 运动命令 内部化学连接
17897230,8161148,chem,other,none,5.00,0.50,1,子图 运动命令 内部化学连接
17897230,8496618,chem,other,none,5.00,0.50,2,子图 运动命令 内部化学连接
17897230,9068346,chem,other,none,5.00,0.50,1,子图 运动命令 内部化学连接
17897230,9519425,chem,other,none,5.00,0.50,1,子图 运动命令 内部化学连接
17897230,10875178,chem,other,none,5.00,0.50,1,子图 运动命令 内部化学连接
17897230,15155348,chem,other,none,5.00,0.50,5,子图 运动命令 内部化学连接
17897230,15894178,chem,other,none,5.00,0.50,1,子图 运动命令 内部化学连接
17897230,16339338,chem,other,none,5.00,0.50,2,子图 运动命令 内部化学连接
17897230,16520950,chem,other,none,5.00,0.50,1,子图 运动命令 内部化学连接
17897230,16617920,chem,other,none,5.00,0.50,1,子图 运动命令 内部化学连接
17897230,16651566,chem,other,none,5.00,0.50,1,子图 运动命令 内部化学连接
17897230,16671014,chem,other,none,5.00,0.50,1,子图 运动命令 内部化学连接
17897230,16934932,chem,other,none,5.00,0.50,1,子图 运动命令 内部化学连接
17897230,16950798,chem,other,none,5.00,0.50,2,子图 运动命令 内部化学连接
17897230,17025508,chem,other,none,5.00,0.50,2,子图 运动命令 内部化学连接
17897230,17105218,chem,other,none,5.00,0.50,2,子图 运动命令 内部化学连接
17897230,17109286,chem,other,none,5.00,0.50,1,子图 运动命令 内部化学连接
17897230,18538744,chem,other,none,5.00,0.50,1,子图 运动命令 内部化学连接
17913032,3620633,chem,other,none,5.00,0.50,1,子图 运动命令 内部化学连接
17913032,5038920,chem,other,none,5.00,0.50,1,子图 运动命令 内部化学连接
17913032,7569260,chem,other,none,5.00,0.50,1,子图 运动命令 内部化学连接
17913032,8546775,chem,other,none,5.00,0.50,19,子图 运动命令 内部化学连接
17913032,11081239,chem,other,none,5.00,0.50,3,子图 运动命令 内部化学连接
17913032,11605567,chem,other,none,5.00,0.50,1,子图 运动命令 内部化学连接
17913032,15048530,chem,other,none,5.00,0.50,3,子图 运动命令 内部化学连接
17913032,15636958,chem,other,none,5.00,0.50,1,子图 运动命令 内部化学连接
17913032,16571210,chem,other,none,5.00,0.50,5,子图 运动命令 内部化学连接
17913032,17328632,chem,other,none,5.00,0.50,2,子图 运动命令 内部化学连接
17913032,17756162,chem,other,none,5.00,0.50,2,子图 运动命令 内部化学连接
17913032,18302665,chem,other,none,5.00,0.50,1,子图 运动命令 内部化学连接
17927604,2597151,chem,other,none,5.00,0.50,1,子图 运动命令 内部化学连接
17927604,5973097,chem,other,none,5.00,0.50,3,子图 运动命令 内部化学连接
17927604,8755914,chem,other,none,5.00,0.50,2,子图 运动命令 内部化学连接
17927604,8951591,chem,other,none,5.00,0.50,3,子图 运动命令 内部化学连接
17927604,9424902,chem,other,none,5.00,0.50,8,子图 运动命令 内部化学连接
17927604,9428865,chem,other,none,5.00,0.50,2,子图 运动命令 内部化学连接
17927604,10583715,chem,other,none,5.00,0.50,1,子图 运动命令 内部化学连接
17927604,10872426,chem,other,none,5.00,0.50,1,子图 运动命令 内部化学连接
17927604,11356523,chem,other,none,5.00,0.50,1,子图 运动命令 内部化学连接
17927604,12364717,chem,other,none,5.00,0.50,1,子图 运动命令 内部化学连接
17927604,15605301,chem,other,none,5.00,0.50,1,子图 运动命令 内部化学连接
17927604,15607335,chem,other,none,5.00,0.50,2,子图 运动命令 内部化学连接
17927604,16051878,chem,other,none,5.00,0.50,4,子图 运动命令 内部化学连接
17937986,5745929,chem,other,none,5.00,0.50,6,子图 运动命令 内部化学连接
17937986,6623089,chem,other,none,5.00,0.50,1,子图 运动命令 内部化学连接
17937986,6729443,chem,other,none,5.00,0.50,2,子图 运动命令 内部化学连接
17937986,8710444,chem,other,none,5.00,0.50,18,子图 运动命令 内部化学连接
17937986,9097065,chem,other,none,5.00,0.50,1,子图 运动命令 内部化学连接
17937986,10367190,chem,other,none,5.00,0.50,2,子图 运动命令 内部化学连接
17937986,10447988,chem,other,none,5.00,0.50,4,子图 运动命令 内部化学连接
17937986,11050498,chem,other,none,5.00,0.50,1,子图 运动命令 内部化学连接
17937986,13714311,chem,other,none,5.00,0.50,18,子图 运动命令 内部化学连接
17937986,14492757,chem,other,none,5.00,0.50,1,子图 运动命令 内部化学连接
17937986,14656798,chem,other,none,5.00,0.50,4,子图 运动命令 内部化学连接
17937986,14757050,chem,other,none,5.00,0.50,1,子图 运动命令 内部化学连接
17937986,15590555,chem,other,none,5.00,0.50,1,子图 运动命令 内部化学连接
17937986,15594113,chem,other,none,5.00,0.50,3,子图 运动命令 内部化学连接
17937986,16540741,chem,other,none,5.00,0.50,3,子图 运动命令 内部化学连接
17937986,16544712,chem,other,none,5.00,0.50,2,子图 运动命令 内部化学连接
17937986,16617920,chem,other,none,5.00,0.50,5,子图 运动命令 内部化学连接
17937986,16709072,chem,other,none,5.00,0.50,1,子图 运动命令 内部化学连接
17937986,16852421,chem,other,none,5.00,0.50,2,子图 运动命令 内部化学连接
17937986,16931001,chem,other,none,5.00,0.50,1,子图 运动命令 内部化学连接
17937986,17086412,chem,other,none,5.00,0.50,4,子图 运动命令 内部化学连接
17937986,17109286,chem,other,none,5.00,0.50,1,子图 运动命令 内部化学连接
17937986,17360266,chem,other,none,5.00,0.50,1,子图 运动命令 内部化学连接
17937986,17658978,chem,other,none,5.00,0.50,3,子图 运动命令 内部化学连接
17937986,17897230,chem,other,none,5.00,0.50,1,子图 运动命令 内部化学连接
17937986,17937991,chem,other,none,5.00,0.50,1,子图 运动命令 内部化学连接
17937986,18035063,chem,other,none,5.00,0.50,4,子图 运动命令 内部化学连接
17937986,18111410,chem,other,none,5.00,0.50,1,子图 运动命令 内部化学连接
17937991,3764792,chem,other,none,5.00,0.50,1,子图 运动命令 内部化学连接
17937991,8709865,chem,other,none,5.00,0.50,2,子图 运动命令 内部化学连接
17937991,8710444,chem,other,none,5.00,0.50,7,子图 运动命令 内部化学连接
17937991,10367190,chem,other,none,5.00,0.50,11,子图 运动命令 内部化学连接
17937991,14656798,chem,other,none,5.00,0.50,1,子图 运动命令 内部化学连接
17937991,16540741,chem,other,none,5.00,0.50,2,子图 运动命令 内部化学连接
17937991,16617920,chem,other,none,5.00,0.50,3,子图 运动命令 内部化学连接
17937991,16709072,chem,other,none,5.00,0.50,1,子图 运动命令 内部化学连接
17937991,16852421,chem,other,none,5.00,0.50,3,子图 运动命令 内部化学连接
17937991,17360266,chem,other,none,5.00,0.50,1,子图 运动命令 内部化学连接
17937991,17362538,chem,other,none,5.00,0.50,2,子图 运动命令 内部化学连接
17937991,17658978,chem,other,none,5.00,0.50,7,子图 运动命令 内部化学连接
17937991,17897230,chem,other,none,5.00,0.50,2,子图 运动命令 内部化学连接
17937991,17937986,chem,other,none,5.00,0.50,1,子图 运动命令 内部化学连接
17937991,18035063,chem,other,none,5.00,0.50,1,子图 运动命令 内部化学连接
17951049,7571966,chem,other,none,5.00,0.50,5,子图 运动命令 内部化学连接
17975547,1678567,chem,other,none,5.00,0.50,5,子图 运动命令 内部化学连接
17975547,4591713,chem,other,none,5.00,0.50,13,子图 运动命令 内部化学连接
17975547,8025665,chem,other,none,5.00,0.50,4,子图 运动命令 内部化学连接
17975547,9594273,chem,other,none,5.00,0.50,1,子图 运动命令 内部化学连接
17975547,14999928,chem,other,none,5.00,0.50,6,子图 运动命令 内部化学连接
17975547,15722990,chem,other,none,5.00,0.50,1,子图 运动命令 内部化学连接
17975547,16345627,chem,other,none,5.00,0.50,1,子图 运动命令 内部化学连接
17975547,16562142,chem,other,none,5.00,0.50,1,子图 运动命令 内部化学连接
17975547,16578252,chem,other,none,5.00,0.50,1,子图 运动命令 内部化学连接
17975547,16931001,chem,other,none,5.00,0.50,1,子图 运动命令 内部化学连接
17975547,17083341,chem,other,none,5.00,0.50,10,子图 运动命令 内部化学连接
17975547,17105218,chem,other,none,5.00,0.50,1,子图 运动命令 内部化学连接
17975547,17109286,chem,other,none,5.00,0.50,2,子图 运动命令 内部化学连接
17975547,17813457,chem,other,none,5.00,0.50,4,子图 运动命令 内部化学连接
17975547,17975547,chem,other,none,5.00,0.50,4,子图 运动命令 内部化学连接
17990556,3765735,chem,other,none,5.00,0.50,4,子图 运动命令 内部化学连接
17990556,6317793,chem,other,none,5.00,0.50,6,子图 运动命令 内部化学连接
17990556,7467027,chem,other,none,5.00,0.50,1,子图 运动命令 内部化学连接
17990556,7590264,chem,other,none,5.00,0.50,1,子图 运动命令 内部化学连接
17990556,8572353,chem,other,none,5.00,0.50,3,子图 运动命令 内部化学连接
17990556,9116228,chem,other,none,5.00,0.50,3,子图 运动命令 内部化学连接
17990556,10583715,chem,other,none,5.00,0.50,2,子图 运动命令 内部化学连接
17990556,10600188,chem,other,none,5.00,0.50,1,子图 运动命令 内部化学连接
17990556,10781924,chem,other,none,5.00,0.50,1,子图 运动命令 内部化学连接
17990556,11278919,chem,other,none,5.00,0.50,1,子图 运动命令 内部化学连接
17990556,13674287,chem,other,none,5.00,0.50,1,子图 运动命令 内部化学连接
17990556,13948718,chem,other,none,5.00,0.50,1,子图 运动命令 内部化学连接
17990556,14680483,chem,other,none,5.00,0.50,1,子图 运动命令 内部化学连接
17990556,15548844,chem,other,none,5.00,0.50,1,子图 运动命令 内部化学连接
17990556,16154290,chem,other,none,5.00,0.50,3,子图 运动命令 内部化学连接
17990556,16195633,chem,other,none,5.00,0.50,2,子图 运动命令 内部化学连接
17990556,16350988,chem,other,none,5.00,0.50,2,子图 运动命令 内部化学连接
17990556,17247877,chem,other,none,5.00,0.50,1,子图 运动命令 内部化学连接
17990556,17324711,chem,other,none,5.00,0.50,1,子图 运动命令 内部化学连接
17990556,17379420,chem,other,none,5.00,0.50,2,子图 运动命令 内部化学连接
17990556,17537254,chem,other,none,5.00,0.50,1,子图 运动命令 内部化学连接
17990556,17813001,chem,other,none,5.00,0.50,1,子图 运动命令 内部化学连接
17990556,17850822,chem,other,none,5.00,0.50,1,子图 运动命令 内部化学连接
17990556,18133444,chem,other,none,5.00,0.50,5,子图 运动命令 内部化学连接
18023286,3044500,chem,other,none,5.00,0.50,1,子图 运动命令 内部化学连接
18023286,5052370,chem,other,none,5.00,0.50,1,子图 运动命令 内部化学连接
18023286,5794678,chem,other,none,5.00,0.50,1,子图 运动命令 内部化学连接
18023286,5902352,chem,other,none,5.00,0.50,1,子图 运动命令 内部化学连接
18023286,8161148,chem,other,none,5.00,0.50,1,子图 运动命令 内部化学连接
18023286,10100020,chem,other,none,5.00,0.50,1,子图 运动命令 内部化学连接
18023286,10728333,chem,other,none,5.00,0.50,1,子图 运动命令 内部化学连接
18023286,10781924,chem,other,none,5.00,0.50,1,子图 运动命令 内部化学连接
18023286,10875178,chem,other,none,5.00,0.50,2,子图 运动命令 内部化学连接
18023286,11013583,chem,other,none,5.00,0.50,1,子图 运动命令 内部化学连接
18023286,12654063,chem,other,none,5.00,0.50,1,子图 运动命令 内部化学连接
18023286,13564607,chem,other,none,5.00,0.50,3,子图 运动命令 内部化学连接
18023286,13727202,chem,other,none,5.00,0.50,2,子图 运动命令 内部化学连接
18023286,13834125,chem,other,none,5.00,0.50,2,子图 运动命令 内部化学连接
18023286,14492880,chem,other,none,5.00,0.50,1,子图 运动命令 内部化学连接
18023286,14656798,chem,other,none,5.00,0.50,1,子图 运动命令 内部化学连接
18023286,16415910,chem,other,none,5.00,0.50,1,子图 运动命令 内部化学连接
18023286,16578252,chem,other,none,5.00,0.50,2,子图 运动命令 内部化学连接
18023286,16910799,chem,other,none,5.00,0.50,6,子图 运动命令 内部化学连接
18023286,16950798,chem,other,none,5.00,0.50,1,子图 运动命令 内部化学连接
18023286,17025508,chem,other,none,5.00,0.50,1,子图 运动命令 内部化学连接
18023286,17324711,chem,other,none,5.00,0.50,1,子图 运动命令 内部化学连接
18023286,17357979,chem,other,none,5.00,0.50,3,子图 运动命令 内部化学连接
18023286,17589475,chem,other,none,5.00,0.50,2,子图 运动命令 内部化学连接
18023286,17732334,chem,other,none,5.00,0.50,1,子图 运动命令 内部化学连接
18023286,18111410,chem,other,none,5.00,0.50,1,子图 运动命令 内部化学连接
18023286,18464581,chem,other,none,5.00,0.50,2,子图 运动命令 内部化学连接
18023286,18501001,chem,other,none,5.00,0.50,1,子图 运动命令 内部化学连接
18023286,18545747,chem,other,none,5.00,0.50,4,子图 运动命令 内部化学连接
18035063,4227880,chem,other,none,5.00,0.50,2,子图 运动命令 内部化学连接
18035063,5680013,chem,other,none,5.00,0.50,1,子图 运动命令 内部化学连接
18035063,5745929,chem,other,none,5.00,0.50,7,子图 运动命令 内部化学连接
18035063,6623089,chem,other,none,5.00,0.50,1,子图 运动命令 内部化学连接
18035063,6653450,chem,other,none,5.00,0.50,1,子图 运动命令 内部化学连接
18035063,8271875,chem,other,none,5.00,0.50,5,子图 运动命令 内部化学连接
18035063,8709865,chem,other,none,5.00,0.50,2,子图 运动命令 内部化学连接
18035063,8710444,chem,other,none,5.00,0.50,17,子图 运动命令 内部化学连接
18035063,10367190,chem,other,none,5.00,0.50,2,子图 运动命令 内部化学连接
18035063,10447988,chem,other,none,5.00,0.50,4,子图 运动命令 内部化学连接
18035063,10880408,chem,other,none,5.00,0.50,2,子图 运动命令 内部化学连接
18035063,12420377,chem,other,none,5.00,0.50,1,子图 运动命令 内部化学连接
18035063,12474815,chem,other,none,5.00,0.50,1,子图 运动命令 内部化学连接
18035063,13714311,chem,other,none,5.00,0.50,11,子图 运动命令 内部化学连接
18035063,14492757,chem,other,none,5.00,0.50,8,子图 运动命令 内部化学连接
18035063,14656798,chem,other,none,5.00,0.50,3,子图 运动命令 内部化学连接
18035063,14726069,chem,other,none,5.00,0.50,1,子图 运动命令 内部化学连接
18035063,14755393,chem,other,none,5.00,0.50,1,子图 运动命令 内部化学连接
18035063,15539984,chem,other,none,5.00,0.50,4,子图 运动命令 内部化学连接
18035063,16540741,chem,other,none,5.00,0.50,2,子图 运动命令 内部化学连接
18035063,16617920,chem,other,none,5.00,0.50,2,子图 运动命令 内部化学连接
18035063,16852421,chem,other,none,5.00,0.50,1,子图 运动命令 内部化学连接
18035063,17053270,chem,other,none,5.00,0.50,3,子图 运动命令 内部化学连接
18035063,17086412,chem,other,none,5.00,0.50,1,子图 运动命令 内部化学连接
18035063,17362538,chem,other,none,5.00,0.50,1,子图 运动命令 内部化学连接
18035063,17658978,chem,other,none,5.00,0.50,2,子图 运动命令 内部化学连接
18035063,17897230,chem,other,none,5.00,0.50,1,子图 运动命令 内部化学连接
18035063,17937986,chem,other,none,5.00,0.50,3,子图 运动命令 内部化学连接
18035063,17937991,chem,other,none,5.00,0.50,3,子图 运动命令 内部化学连接
18035063,18035063,chem,other,none,5.00,0.50,1,子图 运动命令 内部化学连接
18058793,5893912,chem,other,none,5.00,0.50,6,子图 运动命令 内部化学连接
18058793,10411574,chem,other,none,5.00,0.50,2,子图 运动命令 内部化学连接
18058793,10728328,chem,other,none,5.00,0.50,1,子图 运动命令 内部化学连接
18058793,16340977,chem,other,none,5.00,0.50,1,子图 运动命令 内部化学连接
18058793,17355864,chem,other,none,5.00,0.50,10,子图 运动命令 内部化学连接
18058793,18058793,chem,other,none,5.00,0.50,1,子图 运动命令 内部化学连接
18058793,19048289,chem,other,none,5.00,0.50,6,子图 运动命令 内部化学连接
18058793,19298625,chem,other,none,5.00,0.50,1,子图 运动命令 内部化学连接
18076102,8357933,chem,other,none,5.00,0.50,2,子图 运动命令 内部化学连接
18080008,2650887,chem,other,none,5.00,0.50,3,子图 运动命令 内部化学连接
18080008,4017464,chem,other,none,5.00,0.50,2,子图 运动命令 内部化学连接
18080008,4749004,chem,other,none,5.00,0.50,3,子图 运动命令 内部化学连接
18080008,5052370,chem,other,none,5.00,0.50,1,子图 运动命令 内部化学连接
18080008,5856647,chem,other,none,5.00,0.50,1,子图 运动命令 内部化学连接
18080008,6153877,chem,other,none,5.00,0.50,4,子图 运动命令 内部化学连接
18080008,6156152,chem,other,none,5.00,0.50,3,子图 运动命令 内部化学连接
18080008,6193472,chem,other,none,5.00,0.50,1,子图 运动命令 内部化学连接
18080008,9097065,chem,other,none,5.00,0.50,5,子图 运动命令 内部化学连接
18080008,9480916,chem,other,none,5.00,0.50,1,子图 运动命令 内部化学连接
18080008,10367190,chem,other,none,5.00,0.50,1,子图 运动命令 内部化学连接
18080008,11841664,chem,other,none,5.00,0.50,6,子图 运动命令 内部化学连接
18080008,14334367,chem,other,none,5.00,0.50,1,子图 运动命令 内部化学连接
18080008,15674282,chem,other,none,5.00,0.50,1,子图 运动命令 内部化学连接
18080008,15706875,chem,other,none,5.00,0.50,2,子图 运动命令 内部化学连接
18080008,15732503,chem,other,none,5.00,0.50,1,子图 运动命令 内部化学连接
18080008,15732509,chem,other,none,5.00,0.50,1,子图 运动命令 内部化学连接
18080008,16852589,chem,other,none,5.00,0.50,1,子图 运动命令 内部化学连接
18080008,16950354,chem,other,none,5.00,0.50,1,子图 运动命令 内部化学连接
18080008,16950798,chem,other,none,5.00,0.50,1,子图 运动命令 内部化学连接
18080008,17323054,chem,other,none,5.00,0.50,3,子图 运动命令 内部化学连接
18080008,17356024,chem,other,none,5.00,0.50,1,子图 运动命令 内部化学连接
18080008,17357979,chem,other,none,5.00,0.50,1,子图 运动命令 内部化学连接
18088813,7371184,chem,other,none,5.00,0.50,1,子图 运动命令 内部化学连接
18088813,8801736,chem,other,none,5.00,0.50,1,子图 运动命令 内部化学连接
18088813,10018150,chem,other,none,5.00,0.50,1,子图 运动命令 内部化学连接
18088813,10248031,chem,other,none,5.00,0.50,2,子图 运动命令 内部化学连接
18088813,13370624,chem,other,none,5.00,0.50,2,子图 运动命令 内部化学连接
18088813,13736919,chem,other,none,5.00,0.50,6,子图 运动命令 内部化学连接
18088813,14334367,chem,other,none,5.00,0.50,2,子图 运动命令 内部化学连接
18088813,15823055,chem,other,none,5.00,0.50,1,子图 运动命令 内部化学连接
18088813,16547292,chem,other,none,5.00,0.50,1,子图 运动命令 内部化学连接
18088813,16693923,chem,other,none,5.00,0.50,1,子图 运动命令 内部化学连接
18088813,17356442,chem,other,none,5.00,0.50,1,子图 运动命令 内部化学连接
18088813,17777031,chem,other,none,5.00,0.50,3,子图 运动命令 内部化学连接
18088813,18088813,chem,other,none,5.00,0.50,1,子图 运动命令 内部化学连接
18088813,18123575,chem,other,none,5.00,0.50,2,子图 运动命令 内部化学连接
18088813,20556072,chem,other,none,5.00,0.50,1,子图 运动命令 内部化学连接
18111410,1622901,chem,other,none,5.00,0.50,1,子图 运动命令 内部化学连接
18111410,5856647,chem,other,none,5.00,0.50,1,子图 运动命令 内部化学连接
18111410,6298455,chem,other,none,5.00,0.50,2,子图 运动命令 内部化学连接
18111410,6623089,chem,other,none,5.00,0.50,2,子图 运动命令 内部化学连接
18111410,9068024,chem,other,none,5.00,0.50,2,子图 运动命令 内部化学连接
18111410,9077224,chem,other,none,5.00,0.50,4,子图 运动命令 内部化学连接
18111410,10553248,chem,other,none,5.00,0.50,10,子图 运动命令 内部化学连接
18111410,11079069,chem,other,none,5.00,0.50,1,子图 运动命令 内部化学连接
18111410,12598741,chem,other,none,5.00,0.50,1,子图 运动命令 内部化学连接
18111410,13818467,chem,other,none,5.00,0.50,2,子图 运动命令 内部化学连接
18111410,15005403,chem,other,none,5.00,0.50,3,子图 运动命令 内部化学连接
18111410,15512404,chem,other,none,5.00,0.50,1,子图 运动命令 内部化学连接
18111410,15512408,chem,other,none,5.00,0.50,1,子图 运动命令 内部化学连接
18111410,15995958,chem,other,none,5.00,0.50,2,子图 运动命令 内部化学连接
18111410,16327998,chem,other,none,5.00,0.50,1,子图 运动命令 内部化学连接
18111410,16540741,chem,other,none,5.00,0.50,1,子图 运动命令 内部化学连接
18111410,16561224,chem,other,none,5.00,0.50,3,子图 运动命令 内部化学连接
18111410,16562142,chem,other,none,5.00,0.50,1,子图 运动命令 内部化学连接
18111410,16667306,chem,other,none,5.00,0.50,7,子图 运动命令 内部化学连接
18111410,16667592,chem,other,none,5.00,0.50,8,子图 运动命令 内部化学连接
18111410,16851496,chem,other,none,5.00,0.50,1,子图 运动命令 内部化学连接
18111410,16851718,chem,other,none,5.00,0.50,1,子图 运动命令 内部化学连接
18111410,16952691,chem,other,none,5.00,0.50,3,子图 运动命令 内部化学连接
18111410,17022668,chem,other,none,5.00,0.50,4,子图 运动命令 内部化学连接
18111410,17173852,chem,other,none,5.00,0.50,6,子图 运动命令 内部化学连接
18111410,17448356,chem,other,none,5.00,0.50,3,子图 运动命令 内部化学连接
18111410,17454636,chem,other,none,5.00,0.50,2,子图 运动命令 内部化学连接
18111410,17728695,chem,other,none,5.00,0.50,3,子图 运动命令 内部化学连接
18111410,17937986,chem,other,none,5.00,0.50,2,子图 运动命令 内部化学连接
18111410,17975547,chem,other,none,5.00,0.50,1,子图 运动命令 内部化学连接
18111410,18058793,chem,other,none,5.00,0.50,1,子图 运动命令 内部化学连接
18111410,18551732,chem,other,none,5.00,0.50,1,子图 运动命令 内部化学连接
18111410,18929470,chem,other,none,5.00,0.50,2,子图 运动命令 内部化学连接
18111410,19361427,chem,other,none,5.00,0.50,1,子图 运动命令 内部化学连接
18111410,20556072,chem,other,none,5.00,0.50,6,子图 运动命令 内部化学连接
18123575,7955278,chem,other,none,5.00,0.50,2,子图 运动命令 内部化学连接
18123575,10473853,chem,other,none,5.00,0.50,3,子图 运动命令 内部化学连接
18123575,11022546,chem,other,none,5.00,0.50,2,子图 运动命令 内部化学连接
18123575,11303036,chem,other,none,5.00,0.50,2,子图 运动命令 内部化学连接
18123575,14617508,chem,other,none,5.00,0.50,1,子图 运动命令 内部化学连接
18123575,14651659,chem,other,none,5.00,0.50,1,子图 运动命令 内部化学连接
18123575,16383966,chem,other,none,5.00,0.50,1,子图 运动命令 内部化学连接
18123575,16675987,chem,other,none,5.00,0.50,2,子图 运动命令 内部化学连接
18123575,17053270,chem,other,none,5.00,0.50,1,子图 运动命令 内部化学连接
18123575,17777031,chem,other,none,5.00,0.50,1,子图 运动命令 内部化学连接
18133444,3149791,chem,other,none,5.00,0.50,1,子图 运动命令 内部化学连接
18133444,5680013,chem,other,none,5.00,0.50,4,子图 运动命令 内部化学连接
18133444,5754346,chem,other,none,5.00,0.50,1,子图 运动命令 内部化学连接
18133444,5763407,chem,other,none,5.00,0.50,1,子图 运动命令 内部化学连接
18133444,6572414,chem,other,none,5.00,0.50,3,子图 运动命令 内部化学连接
18133444,10609443,chem,other,none,5.00,0.50,3,子图 运动命令 内部化学连接
18133444,10915553,chem,other,none,5.00,0.50,3,子图 运动命令 内部化学连接
18133444,10922928,chem,other,none,5.00,0.50,4,子图 运动命令 内部化学连接
18133444,13714311,chem,other,none,5.00,0.50,1,子图 运动命令 内部化学连接
18133444,15365184,chem,other,none,5.00,0.50,4,子图 运动命令 内部化学连接
18133444,15594113,chem,other,none,5.00,0.50,1,子图 运动命令 内部化学连接
18133444,17360038,chem,other,none,5.00,0.50,5,子图 运动命令 内部化学连接
18133444,20151537,chem,other,none,5.00,0.50,2,子图 运动命令 内部化学连接
18149325,5730322,chem,other,none,5.00,0.50,8,子图 运动命令 内部化学连接
18149325,7982324,chem,other,none,5.00,0.50,1,子图 运动命令 内部化学连接
18149325,8709865,chem,other,none,5.00,0.50,10,子图 运动命令 内部化学连接
18149325,8710444,chem,other,none,5.00,0.50,1,子图 运动命令 内部化学连接
18149325,10367190,chem,other,none,5.00,0.50,2,子图 运动命令 内部化学连接
18149325,11905911,chem,other,none,5.00,0.50,1,子图 运动命令 内部化学连接
18149325,14656798,chem,other,none,5.00,0.50,1,子图 运动命令 内部化学连接
18149325,14757050,chem,other,none,5.00,0.50,1,子图 运动命令 内部化学连接
18149325,15590555,chem,other,none,5.00,0.50,2,子图 运动命令 内部化学连接
18149325,17362538,chem,other,none,5.00,0.50,1,子图 运动命令 内部化学连接
18149325,17380080,chem,other,none,5.00,0.50,1,子图 运动命令 内部化学连接
18149325,17658978,chem,other,none,5.00,0.50,3,子图 运动命令 内部化学连接
18149325,17937991,chem,other,none,5.00,0.50,1,子图 运动命令 内部化学连接
18232369,1622901,chem,other,none,5.00,0.50,1,子图 运动命令 内部化学连接
18232369,1646076,chem,other,none,5.00,0.50,1,子图 运动命令 内部化学连接
18232369,1678567,chem,other,none,5.00,0.50,2,子图 运动命令 内部化学连接
18232369,4966994,chem,other,none,5.00,0.50,1,子图 运动命令 内部化学连接
18232369,5684940,chem,other,none,5.00,0.50,1,子图 运动命令 内部化学连接
18232369,10276161,chem,other,none,5.00,0.50,1,子图 运动命令 内部化学连接
18232369,10411574,chem,other,none,5.00,0.50,1,子图 运动命令 内部化学连接
18232369,10581624,chem,other,none,5.00,0.50,2,子图 运动命令 内部化学连接
18232369,10728328,chem,other,none,5.00,0.50,12,子图 运动命令 内部化学连接
18232369,10728333,chem,other,none,5.00,0.50,15,子图 运动命令 内部化学连接
18232369,10921106,chem,other,none,5.00,0.50,6,子图 运动命令 内部化学连接
18232369,11625573,chem,other,none,5.00,0.50,2,子图 运动命令 内部化学连接
18232369,13557064,chem,other,none,5.00,0.50,3,子图 运动命令 内部化学连接
18232369,14539753,chem,other,none,5.00,0.50,2,子图 运动命令 内部化学连接
18232369,14621584,chem,other,none,5.00,0.50,3,子图 运动命令 内部化学连接
18232369,14726069,chem,other,none,5.00,0.50,1,子图 运动命令 内部化学连接
18232369,16545264,chem,other,none,5.00,0.50,1,子图 运动命令 内部化学连接
18232369,16547281,chem,other,none,5.00,0.50,1,子图 运动命令 内部化学连接
18232369,16562142,chem,other,none,5.00,0.50,1,子图 运动命令 内部化学连接
18232369,16851496,chem,other,none,5.00,0.50,4,子图 运动命令 内部化学连接
18232369,16852589,chem,other,none,5.00,0.50,1,子图 运动命令 内部化学连接
18232369,17022668,chem,other,none,5.00,0.50,1,子图 运动命令 内部化学连接
18232369,17448356,chem,other,none,5.00,0.50,3,子图 运动命令 内部化学连接
18232369,18464581,chem,other,none,5.00,0.50,6,子图 运动命令 内部化学连接
18232369,18551732,chem,other,none,5.00,0.50,2,子图 运动命令 内部化学连接
18232369,20139548,chem,other,none,5.00,0.50,1,子图 运动命令 内部化学连接
18232369,20421224,chem,other,none,5.00,0.50,1,子图 运动命令 内部化学连接
18267838,1678567,chem,other,none,5.00,0.50,8,子图 运动命令 内部化学连接
18267838,4591713,chem,other,none,5.00,0.50,7,子图 运动命令 内部化学连接
18267838,5935744,chem,other,none,5.00,0.50,1,子图 运动命令 内部化学连接
18267838,6653450,chem,other,none,5.00,0.50,4,子图 运动命令 内部化学连接
18267838,7025831,chem,other,none,5.00,0.50,1,子图 运动命令 内部化学连接
18267838,8801736,chem,other,none,5.00,0.50,2,子图 运动命令 内部化学连接
18267838,9067063,chem,other,none,5.00,0.50,1,子图 运动命令 内部化学连接
18267838,9594273,chem,other,none,5.00,0.50,1,子图 运动命令 内部化学连接
18267838,9612903,chem,other,none,5.00,0.50,4,子图 运动命令 内部化学连接
18267838,14726012,chem,other,none,5.00,0.50,5,子图 运动命令 内部化学连接
18267838,14999928,chem,other,none,5.00,0.50,5,子图 运动命令 内部化学连接
18267838,15525711,chem,other,none,5.00,0.50,1,子图 运动命令 内部化学连接
18267838,15722990,chem,other,none,5.00,0.50,6,子图 运动命令 内部化学连接
18267838,16345627,chem,other,none,5.00,0.50,1,子图 运动命令 内部化学连接
18267838,16540741,chem,other,none,5.00,0.50,4,子图 运动命令 内部化学连接
18267838,16931001,chem,other,none,5.00,0.50,1,子图 运动命令 内部化学连接
18267838,16937395,chem,other,none,5.00,0.50,1,子图 运动命令 内部化学连接
18267838,17053270,chem,other,none,5.00,0.50,6,子图 运动命令 内部化学连接
18267838,17083341,chem,other,none,5.00,0.50,5,子图 运动命令 内部化学连接
18267838,17105218,chem,other,none,5.00,0.50,8,子图 运动命令 内部化学连接
18267838,17109286,chem,other,none,5.00,0.50,2,子图 运动命令 内部化学连接
18267838,17110007,chem,other,none,5.00,0.50,9,子图 运动命令 内部化学连接
18267838,17360404,chem,other,none,5.00,0.50,1,子图 运动命令 内部化学连接
18267838,17380319,chem,other,none,5.00,0.50,1,子图 运动命令 内部化学连接
18267838,17813457,chem,other,none,5.00,0.50,1,子图 运动命令 内部化学连接
18267838,17975547,chem,other,none,5.00,0.50,5,子图 运动命令 内部化学连接
18302610,3158085,chem,other,none,5.00,0.50,1,子图 运动命令 内部化学连接
18302610,3620633,chem,other,none,5.00,0.50,1,子图 运动命令 内部化学连接
18302610,3764792,chem,other,none,5.00,0.50,1,子图 运动命令 内部化学连接
18302610,5973097,chem,other,none,5.00,0.50,1,子图 运动命令 内部化学连接
18302610,6317793,chem,other,none,5.00,0.50,1,子图 运动命令 内部化学连接
18302610,7589765,chem,other,none,5.00,0.50,1,子图 运动命令 内部化学连接
18302610,8461082,chem,other,none,5.00,0.50,1,子图 运动命令 内部化学连接
18302610,15606239,chem,other,none,5.00,0.50,2,子图 运动命令 内部化学连接
18302610,17384874,chem,other,none,5.00,0.50,2,子图 运动命令 内部化学连接
18302610,17415439,chem,other,none,5.00,0.50,1,子图 运动命令 内部化学连接
18302665,5973097,chem,other,none,5.00,0.50,1,子图 运动命令 内部化学连接
18302665,7569260,chem,other,none,5.00,0.50,1,子图 运动命令 内部化学连接
18302665,7589765,chem,other,none,5.00,0.50,3,子图 运动命令 内部化学连接
18302665,11605567,chem,other,none,5.00,0.50,2,子图 运动命令 内部化学连接
18302665,13049485,chem,other,none,5.00,0.50,1,子图 运动命令 内部化学连接
18302665,17384874,chem,other,none,5.00,0.50,2,子图 运动命令 内部化学连接
18302931,3021609,chem,other,none,5.00,0.50,1,子图 运动命令 内部化学连接
18302931,5760480,chem,other,none,5.00,0.50,2,子图 运动命令 内部化学连接
18302931,5768240,chem,other,none,5.00,0.50,1,子图 运动命令 内部化学连接
18302931,7005145,chem,other,none,5.00,0.50,1,子图 运动命令 内部化学连接
18302931,10596949,chem,other,none,5.00,0.50,1,子图 运动命令 内部化学连接
18302931,12279909,chem,other,none,5.00,0.50,1,子图 运动命令 内部化学连接
18302931,15431408,chem,other,none,5.00,0.50,1,子图 运动命令 内部化学连接
18302931,16422727,chem,other,none,5.00,0.50,1,子图 运动命令 内部化学连接
18302931,16545179,chem,other,none,5.00,0.50,1,子图 运动命令 内部化学连接
18302931,16547297,chem,other,none,5.00,0.50,1,子图 运动命令 内部化学连接
18302931,16685117,chem,other,none,5.00,0.50,1,子图 运动命令 内部化学连接
18302931,16928740,chem,other,none,5.00,0.50,1,子图 运动命令 内部化学连接
18302931,17102002,chem,other,none,5.00,0.50,1,子图 运动命令 内部化学连接
18302931,17354414,chem,other,none,5.00,0.50,1,子图 运动命令 内部化学连接
18302931,17777981,chem,other,none,5.00,0.50,1,子图 运动命令 内部化学连接
18305433,4110483,chem,other,none,5.00,0.50,1,子图 运动命令 内部化学连接
18305433,8391330,chem,other,none,5.00,0.50,1,子图 运动命令 内部化学连接
18305433,9428865,chem,other,none,5.00,0.50,1,子图 运动命令 内部化学连接
18305433,17379420,chem,other,none,5.00,0.50,1,子图 运动命令 内部化学连接
18305476,15964206,chem,other,none,5.00,0.50,1,子图 运动命令 内部化学连接
18305476,16339338,chem,other,none,5.00,0.50,1,子图 运动命令 内部化学连接
18305476,18695745,chem,other,none,5.00,0.50,3,子图 运动命令 内部化学连接
18305476,20911961,chem,other,none,5.00,0.50,2,子图 运动命令 内部化学连接
18440675,4523584,chem,other,none,5.00,0.50,4,子图 运动命令 内部化学连接
18440675,5478818,chem,other,none,5.00,0.50,1,子图 运动命令 内部化学连接
18440675,6445994,chem,other,none,5.00,0.50,3,子图 运动命令 内部化学连接
18440675,8154054,chem,other,none,5.00,0.50,1,子图 运动命令 内部化学连接
18440675,11229136,chem,other,none,5.00,0.50,1,子图 运动命令 内部化学连接
18440675,12335381,chem,other,none,5.00,0.50,3,子图 运动命令 内部化学连接
18464581,1622901,chem,other,none,5.00,0.50,1,子图 运动命令 内部化学连接
18464581,12474164,chem,other,none,5.00,0.50,2,子图 运动命令 内部化学连接
18464581,13557064,chem,other,none,5.00,0.50,3,子图 运动命令 内部化学连接
18464581,14586769,chem,other,none,5.00,0.50,6,子图 运动命令 内部化学连接
18464581,14588375,chem,other,none,5.00,0.50,2,子图 运动命令 内部化学连接
18464581,14621584,chem,other,none,5.00,0.50,13,子图 运动命令 内部化学连接
18464581,16154290,chem,other,none,5.00,0.50,1,子图 运动命令 内部化学连接
18464581,17647621,chem,other,none,5.00,0.50,1,子图 运动命令 内部化学连接
18485293,2655798,chem,other,none,5.00,0.50,1,子图 运动命令 内部化学连接
18485293,4876839,chem,other,none,5.00,0.50,1,子图 运动命令 内部化学连接
18485293,5052370,chem,other,none,5.00,0.50,7,子图 运动命令 内部化学连接
18485293,6156152,chem,other,none,5.00,0.50,5,子图 运动命令 内部化学连接
18485293,10728328,chem,other,none,5.00,0.50,4,子图 运动命令 内部化学连接
18485293,10728333,chem,other,none,5.00,0.50,3,子图 运动命令 内部化学连接
18485293,12474164,chem,other,none,5.00,0.50,1,子图 运动命令 内部化学连接
18485293,13557064,chem,other,none,5.00,0.50,4,子图 运动命令 内部化学连接
18485293,16340977,chem,other,none,5.00,0.50,1,子图 运动命令 内部化学连接
18485293,16950354,chem,other,none,5.00,0.50,1,子图 运动命令 内部化学连接
18485293,16950550,chem,other,none,5.00,0.50,1,子图 运动命令 内部化学连接
18485293,17022668,chem,other,none,5.00,0.50,1,子图 运动命令 内部化学连接
18485293,17173852,chem,other,none,5.00,0.50,2,子图 运动命令 内部化学连接
18485293,17355864,chem,other,none,5.00,0.50,1,子图 运动命令 内部化学连接
18485293,17379420,chem,other,none,5.00,0.50,1,子图 运动命令 内部化学连接
18485293,18058793,chem,other,none,5.00,0.50,1,子图 运动命令 内部化学连接
18485293,18464581,chem,other,none,5.00,0.50,1,子图 运动命令 内部化学连接
18485293,19298644,chem,other,none,5.00,0.50,1,子图 运动命令 内部化学连接
18500988,2650887,chem,other,none,5.00,0.50,13,子图 运动命令 内部化学连接
18500988,4142619,chem,other,none,5.00,0.50,3,子图 运动命令 内部化学连接
18500988,4173633,chem,other,none,5.00,0.50,1,子图 运动命令 内部化学连接
18500988,4311241,chem,other,none,5.00,0.50,6,子图 运动命令 内部化学连接
18500988,4390116,chem,other,none,5.00,0.50,1,子图 运动命令 内部化学连接
18500988,4812481,chem,other,none,5.00,0.50,1,子图 运动命令 内部化学连接
18500988,5745929,chem,other,none,5.00,0.50,2,子图 运动命令 内部化学连接
18500988,5859372,chem,other,none,5.00,0.50,4,子图 运动命令 内部化学连接
18500988,5935744,chem,other,none,5.00,0.50,21,子图 运动命令 内部化学连接
18500988,6049565,chem,other,none,5.00,0.50,29,子图 运动命令 内部化学连接
18500988,6188181,chem,other,none,5.00,0.50,15,子图 运动命令 内部化学连接
18500988,6298455,chem,other,none,5.00,0.50,1,子图 运动命令 内部化学连接
18500988,6572414,chem,other,none,5.00,0.50,1,子图 运动命令 内部化学连接
18500988,8025665,chem,other,none,5.00,0.50,2,子图 运动命令 内部化学连接
18500988,8357933,chem,other,none,5.00,0.50,2,子图 运动命令 内部化学连接
18500988,8801736,chem,other,none,5.00,0.50,15,子图 运动命令 内部化学连接
18500988,9068024,chem,other,none,5.00,0.50,2,子图 运动命令 内部化学连接
18500988,9069084,chem,other,none,5.00,0.50,1,子图 运动命令 内部化学连接
18500988,9235545,chem,other,none,5.00,0.50,1,子图 运动命令 内部化学连接
18500988,9384504,chem,other,none,5.00,0.50,31,子图 运动命令 内部化学连接
18500988,9519425,chem,other,none,5.00,0.50,14,子图 运动命令 内部化学连接
18500988,9612903,chem,other,none,5.00,0.50,16,子图 运动命令 内部化学连接
18500988,9961098,chem,other,none,5.00,0.50,29,子图 运动命令 内部化学连接
18500988,10017944,chem,other,none,5.00,0.50,11,子图 运动命令 内部化学连接
18500988,10758204,chem,other,none,5.00,0.50,11,子图 运动命令 内部化学连接
18500988,10964258,chem,other,none,5.00,0.50,2,子图 运动命令 内部化学连接
18500988,11007420,chem,other,none,5.00,0.50,1,子图 运动命令 内部化学连接
18500988,11303036,chem,other,none,5.00,0.50,1,子图 运动命令 内部化学连接
18500988,11625573,chem,other,none,5.00,0.50,2,子图 运动命令 内部化学连接
18500988,13764822,chem,other,none,5.00,0.50,3,子图 运动命令 内部化学连接
18500988,14241490,chem,other,none,5.00,0.50,7,子图 运动命令 内部化学连接
18500988,14334367,chem,other,none,5.00,0.50,4,子图 运动命令 内部化学连接
18500988,15732497,chem,other,none,5.00,0.50,66,子图 运动命令 内部化学连接
18500988,15732509,chem,other,none,5.00,0.50,1,子图 运动命令 内部化学连接
18500988,15823055,chem,other,none,5.00,0.50,3,子图 运动命令 内部化学连接
18500988,16355225,chem,other,none,5.00,0.50,1,子图 运动命令 内部化学连接
18500988,16443509,chem,other,none,5.00,0.50,1,子图 运动命令 内部化学连接
18500988,16617920,chem,other,none,5.00,0.50,2,子图 运动命令 内部化学连接
18500988,16635345,chem,other,none,5.00,0.50,8,子图 运动命令 内部化学连接
18500988,16913476,chem,other,none,5.00,0.50,13,子图 运动命令 内部化学连接
18500988,16924423,chem,other,none,5.00,0.50,4,子图 运动命令 内部化学连接
18500988,17083341,chem,other,none,5.00,0.50,3,子图 运动命令 内部化学连接
18500988,17110007,chem,other,none,5.00,0.50,19,子图 运动命令 内部化学连接
18500988,17177419,chem,other,none,5.00,0.50,2,子图 运动命令 内部化学连接
18500988,17323054,chem,other,none,5.00,0.50,1,子图 运动命令 内部化学连接
18500988,17535542,chem,other,none,5.00,0.50,21,子图 运动命令 内部化学连接
18500988,17654514,chem,other,none,5.00,0.50,1,子图 运动命令 内部化学连接
18500988,17813457,chem,other,none,5.00,0.50,8,子图 运动命令 内部化学连接
18500988,18302931,chem,other,none,5.00,0.50,2,子图 运动命令 内部化学连接
18500988,18500988,chem,other,none,5.00,0.50,3,子图 运动命令 内部化学连接
18500988,18538744,chem,other,none,5.00,0.50,1,子图 运动命令 内部化学连接
18500988,18545747,chem,other,none,5.00,0.50,1,子图 运动命令 内部化学连接
18500988,19092010,chem,other,none,5.00,0.50,7,子图 运动命令 内部化学连接
18500988,21300466,chem,other,none,5.00,0.50,1,子图 运动命令 内部化学连接
18501001,10581624,chem,other,none,5.00,0.50,1,子图 运动命令 内部化学连接
18501001,11022546,chem,other,none,5.00,0.50,1,子图 运动命令 内部化学连接
18501001,12420898,chem,other,none,5.00,0.50,1,子图 运动命令 内部化学连接
18501001,12962772,chem,other,none,5.00,0.50,1,子图 运动命令 内部化学连接
18501001,14579509,chem,other,none,5.00,0.50,3,子图 运动命令 内部化学连接
18501001,14617508,chem,other,none,5.00,0.50,1,子图 运动命令 内部化学连接
18501001,14651659,chem,other,none,5.00,0.50,1,子图 运动命令 内部化学连接
18501001,16561224,chem,other,none,5.00,0.50,2,子图 运动命令 内部化学连接
18501001,16852622,chem,other,none,5.00,0.50,1,子图 运动命令 内部化学连接
18501001,16863538,chem,other,none,5.00,0.50,1,子图 运动命令 内部化学连接
18501001,17358891,chem,other,none,5.00,0.50,2,子图 运动命令 内部化学连接
18527962,5469039,chem,other,none,5.00,0.50,1,子图 运动命令 内部化学连接
18527962,5657004,chem,other,none,5.00,0.50,1,子图 运动命令 内部化学连接
18527962,9428865,chem,other,none,5.00,0.50,1,子图 运动命令 内部化学连接
18527962,9429085,chem,other,none,5.00,0.50,1,子图 运动命令 内部化学连接
18527962,10915553,chem,other,none,5.00,0.50,1,子图 运动命令 内部化学连接
18527962,14492757,chem,other,none,5.00,0.50,2,子图 运动命令 内部化学连接
18527962,14579509,chem,other,none,5.00,0.50,1,子图 运动命令 内部化学连接
18527962,16445338,chem,other,none,5.00,0.50,3,子图 运动命令 内部化学连接
18527962,16547268,chem,other,none,5.00,0.50,1,子图 运动命令 内部化学连接
18527962,16571210,chem,other,none,5.00,0.50,10,子图 运动命令 内部化学连接
18527962,17732334,chem,other,none,5.00,0.50,1,子图 运动命令 内部化学连接
18538744,1678567,chem,other,none,5.00,0.50,1,子图 运动命令 内部化学连接
18538744,2648254,chem,other,none,5.00,0.50,1,子图 运动命令 内部化学连接
18538744,4749004,chem,other,none,5.00,0.50,1,子图 运动命令 内部化学连接
18538744,4966994,chem,other,none,5.00,0.50,1,子图 运动命令 内部化学连接
18538744,5052370,chem,other,none,5.00,0.50,1,子图 运动命令 内部化学连接
18538744,5164129,chem,other,none,5.00,0.50,2,子图 运动命令 内部化学连接
18538744,5786898,chem,other,none,5.00,0.50,1,子图 运动命令 内部化学连接
18538744,5805651,chem,other,none,5.00,0.50,3,子图 运动命令 内部化学连接
18538744,6153877,chem,other,none,5.00,0.50,4,子图 运动命令 内部化学连接
18538744,6156152,chem,other,none,5.00,0.50,2,子图 运动命令 内部化学连接
18538744,6190181,chem,other,none,5.00,0.50,3,子图 运动命令 内部化学连接
18538744,6609380,chem,other,none,5.00,0.50,1,子图 运动命令 内部化学连接
18538744,6653450,chem,other,none,5.00,0.50,1,子图 运动命令 内部化学连接
18538744,8161142,chem,other,none,5.00,0.50,1,子图 运动命令 内部化学连接
18538744,8496618,chem,other,none,5.00,0.50,2,子图 运动命令 内部化学连接
18538744,9085808,chem,other,none,5.00,0.50,5,子图 运动命令 内部化学连接
18538744,9097065,chem,other,none,5.00,0.50,6,子图 运动命令 内部化学连接
18538744,9235545,chem,other,none,5.00,0.50,2,子图 运动命令 内部化学连接
18538744,9714476,chem,other,none,5.00,0.50,1,子图 运动命令 内部化学连接
18538744,10447988,chem,other,none,5.00,0.50,1,子图 运动命令 内部化学连接
18538744,10918898,chem,other,none,5.00,0.50,1,子图 运动命令 内部化学连接
18538744,11362334,chem,other,none,5.00,0.50,2,子图 运动命令 内部化学连接
18538744,13722900,chem,other,none,5.00,0.50,1,子图 运动命令 内部化学连接
18538744,14492757,chem,other,none,5.00,0.50,4,子图 运动命令 内部化学连接
18538744,14539753,chem,other,none,5.00,0.50,2,子图 运动命令 内部化学连接
18538744,14656798,chem,other,none,5.00,0.50,2,子图 运动命令 内部化学连接
18538744,14726069,chem,other,none,5.00,0.50,9,子图 运动命令 内部化学连接
18538744,14999928,chem,other,none,5.00,0.50,1,子图 运动命令 内部化学连接
18538744,15467736,chem,other,none,5.00,0.50,6,子图 运动命令 内部化学连接
18538744,15539984,chem,other,none,5.00,0.50,2,子图 运动命令 内部化学连接
18538744,15722990,chem,other,none,5.00,0.50,2,子图 运动命令 内部化学连接
18538744,15732509,chem,other,none,5.00,0.50,2,子图 运动命令 内部化学连接
18538744,15964206,chem,other,none,5.00,0.50,1,子图 运动命令 内部化学连接
18538744,16340011,chem,other,none,5.00,0.50,1,子图 运动命令 内部化学连接
18538744,16340977,chem,other,none,5.00,0.50,1,子图 运动命令 内部化学连接
18538744,16578252,chem,other,none,5.00,0.50,1,子图 运动命令 内部化学连接
18538744,16709072,chem,other,none,5.00,0.50,2,子图 运动命令 内部化学连接
18538744,16851496,chem,other,none,5.00,0.50,3,子图 运动命令 内部化学连接
18538744,16851718,chem,other,none,5.00,0.50,3,子图 运动命令 内部化学连接
18538744,16852421,chem,other,none,5.00,0.50,3,子图 运动命令 内部化学连接
18538744,16937395,chem,other,none,5.00,0.50,2,子图 运动命令 内部化学连接
18538744,16950550,chem,other,none,5.00,0.50,1,子图 运动命令 内部化学连接
18538744,16950798,chem,other,none,5.00,0.50,2,子图 运动命令 内部化学连接
18538744,17435815,chem,other,none,5.00,0.50,2,子图 运动命令 内部化学连接
18538744,18538744,chem,other,none,5.00,0.50,5,子图 运动命令 内部化学连接
18538744,18545747,chem,other,none,5.00,0.50,3,子图 运动命令 内部化学连接
18545747,1646076,chem,other,none,5.00,0.50,3,子图 运动命令 内部化学连接
18545747,1678567,chem,other,none,5.00,0.50,3,子图 运动命令 内部化学连接
18545747,3979181,chem,other,none,5.00,0.50,1,子图 运动命令 内部化学连接
18545747,4966994,chem,other,none,5.00,0.50,14,子图 运动命令 内部化学连接
18545747,7025064,chem,other,none,5.00,0.50,1,子图 运动命令 内部化学连接
18545747,8025665,chem,other,none,5.00,0.50,4,子图 运动命令 内部化学连接
18545747,8271875,chem,other,none,5.00,0.50,1,子图 运动命令 内部化学连接
18545747,8357933,chem,other,none,5.00,0.50,1,子图 运动命令 内部化学连接
18545747,9034378,chem,other,none,5.00,0.50,2,子图 运动命令 内部化学连接
18545747,9077224,chem,other,none,5.00,0.50,1,子图 运动命令 内部化学连接
18545747,10553248,chem,other,none,5.00,0.50,1,子图 运动命令 内部化学连接
18545747,10581624,chem,other,none,5.00,0.50,6,子图 运动命令 内部化学连接
18545747,10728328,chem,other,none,5.00,0.50,6,子图 运动命令 内部化学连接
18545747,10728333,chem,other,none,5.00,0.50,6,子图 运动命令 内部化学连接
18545747,10921106,chem,other,none,5.00,0.50,8,子图 运动命令 内部化学连接
18545747,11362334,chem,other,none,5.00,0.50,8,子图 运动命令 内部化学连接
18545747,12252572,chem,other,none,5.00,0.50,1,子图 运动命令 内部化学连接
18545747,12935706,chem,other,none,5.00,0.50,1,子图 运动命令 内部化学连接
18545747,13714311,chem,other,none,5.00,0.50,6,子图 运动命令 内部化学连接
18545747,14726069,chem,other,none,5.00,0.50,6,子图 运动命令 内部化学连接
18545747,16578252,chem,other,none,5.00,0.50,1,子图 运动命令 内部化学连接
18545747,16709072,chem,other,none,5.00,0.50,2,子图 运动命令 内部化学连接
18545747,16851496,chem,other,none,5.00,0.50,1,子图 运动命令 内部化学连接
18545747,16851718,chem,other,none,5.00,0.50,1,子图 运动命令 内部化学连接
18545747,16852421,chem,other,none,5.00,0.50,1,子图 运动命令 内部化学连接
18545747,16852589,chem,other,none,5.00,0.50,9,子图 运动命令 内部化学连接
18545747,16952691,chem,other,none,5.00,0.50,2,子图 运动命令 内部化学连接
18545747,17022668,chem,other,none,5.00,0.50,3,子图 运动命令 内部化学连接
18545747,17165755,chem,other,none,5.00,0.50,1,子图 运动命令 内部化学连接
18545747,17454636,chem,other,none,5.00,0.50,2,子图 运动命令 内部化学连接
18545747,18232369,chem,other,none,5.00,0.50,1,子图 运动命令 内部化学连接
18545747,18464581,chem,other,none,5.00,0.50,11,子图 运动命令 内部化学连接
18545747,18538744,chem,other,none,5.00,0.50,1,子图 运动命令 内部化学连接
18545747,18551732,chem,other,none,5.00,0.50,6,子图 运动命令 内部化学连接
18551732,1646076,chem,other,none,5.00,0.50,2,子图 运动命令 内部化学连接
18551732,1678567,chem,other,none,5.00,0.50,2,子图 运动命令 内部化学连接
18551732,5805651,chem,other,none,5.00,0.50,1,子图 运动命令 内部化学连接
18551732,8025665,chem,other,none,5.00,0.50,1,子图 运动命令 内部化学连接
18551732,8271875,chem,other,none,5.00,0.50,7,子图 运动命令 内部化学连接
18551732,9753494,chem,other,none,5.00,0.50,1,子图 运动命令 内部化学连接
18551732,10553248,chem,other,none,5.00,0.50,18,子图 运动命令 内部化学连接
18551732,10581624,chem,other,none,5.00,0.50,1,子图 运动命令 内部化学连接
18551732,10728328,chem,other,none,5.00,0.50,4,子图 运动命令 内部化学连接
18551732,10728333,chem,other,none,5.00,0.50,4,子图 运动命令 内部化学连接
18551732,10921106,chem,other,none,5.00,0.50,3,子图 运动命令 内部化学连接
18551732,11362334,chem,other,none,5.00,0.50,1,子图 运动命令 内部化学连接
18551732,12252572,chem,other,none,5.00,0.50,1,子图 运动命令 内部化学连接
18551732,12474815,chem,other,none,5.00,0.50,1,子图 运动命令 内部化学连接
18551732,12935706,chem,other,none,5.00,0.50,1,子图 运动命令 内部化学连接
18551732,13557064,chem,other,none,5.00,0.50,9,子图 运动命令 内部化学连接
18551732,13714311,chem,other,none,5.00,0.50,1,子图 运动命令 内部化学连接
18551732,15005403,chem,other,none,5.00,0.50,2,子图 运动命令 内部化学连接
18551732,15512408,chem,other,none,5.00,0.50,1,子图 运动命令 内部化学连接
18551732,16471422,chem,other,none,5.00,0.50,1,子图 运动命令 内部化学连接
18551732,16545264,chem,other,none,5.00,0.50,1,子图 运动命令 内部化学连接
18551732,16667306,chem,other,none,5.00,0.50,1,子图 运动命令 内部化学连接
18551732,16709072,chem,other,none,5.00,0.50,6,子图 运动命令 内部化学连接
18551732,16713227,chem,other,none,5.00,0.50,1,子图 运动命令 内部化学连接
18551732,16851496,chem,other,none,5.00,0.50,7,子图 运动命令 内部化学连接
18551732,16851718,chem,other,none,5.00,0.50,1,子图 运动命令 内部化学连接
18551732,16851791,chem,other,none,5.00,0.50,1,子图 运动命令 内部化学连接
18551732,16852421,chem,other,none,5.00,0.50,2,子图 运动命令 内部化学连接
18551732,16852589,chem,other,none,5.00,0.50,2,子图 运动命令 内部化学连接
18551732,16952691,chem,other,none,5.00,0.50,1,子图 运动命令 内部化学连接
18551732,17022668,chem,other,none,5.00,0.50,3,子图 运动命令 内部化学连接
18551732,17173852,chem,other,none,5.00,0.50,1,子图 运动命令 内部化学连接
18551732,17454636,chem,other,none,5.00,0.50,7,子图 运动命令 内部化学连接
18551732,18464581,chem,other,none,5.00,0.50,3,子图 运动命令 内部化学连接
18551732,18551732,chem,other,none,5.00,0.50,2,子图 运动命令 内部化学连接
18566361,4966994,chem,other,none,5.00,0.50,1,子图 运动命令 内部化学连接
18566361,6153877,chem,other,none,5.00,0.50,3,子图 运动命令 内部化学连接
18566361,6190181,chem,other,none,5.00,0.50,7,子图 运动命令 内部化学连接
18566361,6609380,chem,other,none,5.00,0.50,1,子图 运动命令 内部化学连接
18566361,6610913,chem,other,none,5.00,0.50,5,子图 运动命令 内部化学连接
18566361,8161142,chem,other,none,5.00,0.50,1,子图 运动命令 内部化学连接
18566361,8161148,chem,other,none,5.00,0.50,6,子图 运动命令 内部化学连接
18566361,8710444,chem,other,none,5.00,0.50,1,子图 运动命令 内部化学连接
18566361,9097065,chem,other,none,5.00,0.50,1,子图 运动命令 内部化学连接
18566361,10276161,chem,other,none,5.00,0.50,2,子图 运动命令 内部化学连接
18566361,10728333,chem,other,none,5.00,0.50,1,子图 运动命令 内部化学连接
18566361,11625573,chem,other,none,5.00,0.50,1,子图 运动命令 内部化学连接
18566361,12474164,chem,other,none,5.00,0.50,6,子图 运动命令 内部化学连接
18566361,13557064,chem,other,none,5.00,0.50,3,子图 运动命令 内部化学连接
18566361,13564607,chem,other,none,5.00,0.50,1,子图 运动命令 内部化学连接
18566361,13727202,chem,other,none,5.00,0.50,3,子图 运动命令 内部化学连接
18566361,14726069,chem,other,none,5.00,0.50,1,子图 运动命令 内部化学连接
18566361,15539984,chem,other,none,5.00,0.50,1,子图 运动命令 内部化学连接
18566361,16339338,chem,other,none,5.00,0.50,10,子图 运动命令 内部化学连接
18566361,16578252,chem,other,none,5.00,0.50,3,子图 运动命令 内部化学连接
18566361,16651566,chem,other,none,5.00,0.50,1,子图 运动命令 内部化学连接
18566361,16852421,chem,other,none,5.00,0.50,2,子图 运动命令 内部化学连接
18566361,16934932,chem,other,none,5.00,0.50,1,子图 运动命令 内部化学连接
18566361,17659014,chem,other,none,5.00,0.50,1,子图 运动命令 内部化学连接
18566361,18464581,chem,other,none,5.00,0.50,9,子图 运动命令 内部化学连接
18566361,19048289,chem,other,none,5.00,0.50,1,子图 运动命令 内部化学连接
18604097,5995125,chem,other,none,5.00,0.50,1,子图 运动命令 内部化学连接
18604097,11303036,chem,other,none,5.00,0.50,1,子图 运动命令 内部化学连接
18604097,12026822,chem,other,none,5.00,0.50,3,子图 运动命令 内部化学连接
18604097,15672263,chem,other,none,5.00,0.50,2,子图 运动命令 内部化学连接
18604097,17378648,chem,other,none,5.00,0.50,1,子图 运动命令 内部化学连接
18604097,17380319,chem,other,none,5.00,0.50,1,子图 运动命令 内部化学连接
18639459,2979675,chem,other,none,5.00,0.50,1,子图 运动命令 内部化学连接
18639459,3149791,chem,other,none,5.00,0.50,4,子图 运动命令 内部化学连接
18639459,3946166,chem,other,none,5.00,0.50,4,子图 运动命令 内部化学连接
18639459,5134110,chem,other,none,5.00,0.50,1,子图 运动命令 内部化学连接
18639459,5462159,chem,other,none,5.00,0.50,9,子图 运动命令 内部化学连接
18639459,5680013,chem,other,none,5.00,0.50,6,子图 运动命令 内部化学连接
18639459,5745110,chem,other,none,5.00,0.50,3,子图 运动命令 内部化学连接
18639459,5763407,chem,other,none,5.00,0.50,2,子图 运动命令 内部化学连接
18639459,5764924,chem,other,none,5.00,0.50,1,子图 运动命令 内部化学连接
18639459,6446394,chem,other,none,5.00,0.50,3,子图 运动命令 内部化学连接
18639459,6572414,chem,other,none,5.00,0.50,2,子图 运动命令 内部化学连接
18639459,7227010,chem,other,none,5.00,0.50,1,子图 运动命令 内部化学连接
18639459,7422253,chem,other,none,5.00,0.50,1,子图 运动命令 内部化学连接
18639459,7467027,chem,other,none,5.00,0.50,2,子图 运动命令 内部化学连接
18639459,8709865,chem,other,none,5.00,0.50,4,子图 运动命令 内部化学连接
18639459,9234420,chem,other,none,5.00,0.50,8,子图 运动命令 内部化学连接
18639459,9643439,chem,other,none,5.00,0.50,2,子图 运动命令 内部化学连接
18639459,10609443,chem,other,none,5.00,0.50,2,子图 运动命令 内部化学连接
18639459,10725068,chem,other,none,5.00,0.50,8,子图 运动命令 内部化学连接
18639459,10797407,chem,other,none,5.00,0.50,3,子图 运动命令 内部化学连接
18639459,10842047,chem,other,none,5.00,0.50,4,子图 运动命令 内部化学连接
18639459,10922928,chem,other,none,5.00,0.50,1,子图 运动命令 内部化学连接
18639459,10945111,chem,other,none,5.00,0.50,1,子图 运动命令 内部化学连接
18639459,10945795,chem,other,none,5.00,0.50,3,子图 运动命令 内部化学连接
18639459,11050498,chem,other,none,5.00,0.50,1,子图 运动命令 内部化学连接
18639459,11081239,chem,other,none,5.00,0.50,1,子图 运动命令 内部化学连接
18639459,12279941,chem,other,none,5.00,0.50,13,子图 运动命令 内部化学连接
18639459,13749806,chem,other,none,5.00,0.50,2,子图 运动命令 内部化学连接
18639459,14034206,chem,other,none,5.00,0.50,1,子图 运动命令 内部化学连接
18639459,14760757,chem,other,none,5.00,0.50,4,子图 运动命令 内部化学连接
18639459,14914182,chem,other,none,5.00,0.50,1,子图 运动命令 内部化学连接
18639459,15365184,chem,other,none,5.00,0.50,1,子图 运动命令 内部化学连接
18639459,15588711,chem,other,none,5.00,0.50,3,子图 运动命令 内部化学连接
18639459,15594113,chem,other,none,5.00,0.50,1,子图 运动命令 内部化学连接
18639459,15689046,chem,other,none,5.00,0.50,1,子图 运动命令 内部化学连接
18639459,16115575,chem,other,none,5.00,0.50,1,子图 运动命令 内部化学连接
18639459,16931001,chem,other,none,5.00,0.50,1,子图 运动命令 内部化学连接
18639459,17328632,chem,other,none,5.00,0.50,1,子图 运动命令 内部化学连接
18639459,17360038,chem,other,none,5.00,0.50,3,子图 运动命令 内部化学连接
18639459,17378483,chem,other,none,5.00,0.50,7,子图 运动命令 内部化学连接
18639459,17473163,chem,other,none,5.00,0.50,1,子图 运动命令 内部化学连接
18639459,17658978,chem,other,none,5.00,0.50,3,子图 运动命令 内部化学连接
18639459,17728922,chem,other,none,5.00,0.50,2,子图 运动命令 内部化学连接
18639459,18639459,chem,other,none,5.00,0.50,1,子图 运动命令 内部化学连接
18639459,18644088,chem,other,none,5.00,0.50,3,子图 运动命令 内部化学连接
18639459,20151537,chem,other,none,5.00,0.50,1,子图 运动命令 内部化学连接
18639459,21300466,chem,other,none,5.00,0.50,1,子图 运动命令 内部化学连接
18644088,3027876,chem,other,none,5.00,0.50,4,子图 运动命令 内部化学连接
18644088,3765735,chem,other,none,5.00,0.50,2,子图 运动命令 内部化学连接
18644088,3882998,chem,other,none,5.00,0.50,1,子图 运动命令 内部化学连接
18644088,3944626,chem,other,none,5.00,0.50,1,子图 运动命令 内部化学连接
18644088,8572353,chem,other,none,5.00,0.50,3,子图 运动命令 内部化学连接
18644088,9424902,chem,other,none,5.00,0.50,6,子图 运动命令 内部化学连接
18644088,9753494,chem,other,none,5.00,0.50,1,子图 运动命令 内部化学连接
18644088,10842099,chem,other,none,5.00,0.50,1,子图 运动命令 内部化学连接
18644088,10872426,chem,other,none,5.00,0.50,3,子图 运动命令 内部化学连接
18644088,10986253,chem,other,none,5.00,0.50,1,子图 运动命令 内部化学连接
18644088,11348509,chem,other,none,5.00,0.50,3,子图 运动命令 内部化学连接
18644088,12551020,chem,other,none,5.00,0.50,8,子图 运动命令 内部化学连接
18644088,13645610,chem,other,none,5.00,0.50,4,子图 运动命令 内部化学连接
18644088,14617508,chem,other,none,5.00,0.50,7,子图 运动命令 内部化学连接
18644088,14680483,chem,other,none,5.00,0.50,1,子图 运动命令 内部化学连接
18644088,14756061,chem,other,none,5.00,0.50,19,子图 运动命令 内部化学连接
18644088,15522152,chem,other,none,5.00,0.50,2,子图 运动命令 内部化学连接
18644088,15601640,chem,other,none,5.00,0.50,1,子图 运动命令 内部化学连接
18644088,15689046,chem,other,none,5.00,0.50,1,子图 运动命令 内部化学连接
18644088,16154290,chem,other,none,5.00,0.50,2,子图 运动命令 内部化学连接
18644088,16195633,chem,other,none,5.00,0.50,2,子图 运动命令 内部化学连接
18644088,16342197,chem,other,none,5.00,0.50,1,子图 运动命令 内部化学连接
18644088,16347786,chem,other,none,5.00,0.50,1,子图 运动命令 内部化学连接
18644088,16415910,chem,other,none,5.00,0.50,1,子图 运动命令 内部化学连接
18644088,16676038,chem,other,none,5.00,0.50,3,子图 运动命令 内部化学连接
18644088,17360010,chem,other,none,5.00,0.50,1,子图 运动命令 内部化学连接
18644088,17729973,chem,other,none,5.00,0.50,1,子图 运动命令 内部化学连接
18644088,17755491,chem,other,none,5.00,0.50,1,子图 运动命令 内部化学连接
18644088,19017386,chem,other,none,5.00,0.50,1,子图 运动命令 内部化学连接
18695745,17165755,chem,other,none,5.00,0.50,2,子图 运动命令 内部化学连接
18695745,17736641,chem,other,none,5.00,0.50,1,子图 运动命令 内部化学连接
18695745,17736654,chem,other,none,5.00,0.50,1,子图 运动命令 内部化学连接
18695745,18305476,chem,other,none,5.00,0.50,4,子图 运动命令 内部化学连接
18695745,20911961,chem,other,none,5.00,0.50,2,子图 运动命令 内部化学连接
18929470,8357933,chem,other,none,5.00,0.50,1,子图 运动命令 内部化学连接
18929470,17353986,chem,other,none,5.00,0.50,1,子图 运动命令 内部化学连接
18929470,17358891,chem,other,none,5.00,0.50,1,子图 运动命令 内部化学连接
18929470,17732256,chem,other,none,5.00,0.50,1,子图 运动命令 内部化学连接
18929470,17777031,chem,other,none,5.00,0.50,4,子图 运动命令 内部化学连接
19010160,6446394,chem,other,none,5.00,0.50,1,子图 运动命令 内部化学连接
19010160,17102002,chem,other,none,5.00,0.50,1,子图 运动命令 内部化学连接
19010160,17729973,chem,other,none,5.00,0.50,1,子图 运动命令 内部化学连接
19017386,2797480,chem,other,none,5.00,0.50,1,子图 运动命令 内部化学连接
19017386,2964760,chem,other,none,5.00,0.50,1,子图 运动命令 内部化学连接
19017386,5936935,chem,other,none,5.00,0.50,7,子图 运动命令 内部化学连接
19017386,9351843,chem,other,none,5.00,0.50,1,子图 运动命令 内部化学连接
19017386,10411574,chem,other,none,5.00,0.50,1,子图 运动命令 内部化学连接
19017386,11348509,chem,other,none,5.00,0.50,3,子图 运动命令 内部化学连接
19017386,12031406,chem,other,none,5.00,0.50,1,子图 运动命令 内部化学连接
19017386,12736001,chem,other,none,5.00,0.50,1,子图 运动命令 内部化学连接
19017386,12935706,chem,other,none,5.00,0.50,2,子图 运动命令 内部化学连接
19017386,14492757,chem,other,none,5.00,0.50,1,子图 运动命令 内部化学连接
19017386,14617508,chem,other,none,5.00,0.50,30,子图 运动命令 内部化学连接
19017386,14723506,chem,other,none,5.00,0.50,1,子图 运动命令 内部化学连接
19017386,15522152,chem,other,none,5.00,0.50,3,子图 运动命令 内部化学连接
19017386,16415910,chem,other,none,5.00,0.50,1,子图 运动命令 内部化学连接
19017386,16422744,chem,other,none,5.00,0.50,5,子图 运动命令 内部化学连接
19017386,16434560,chem,other,none,5.00,0.50,1,子图 运动命令 内部化学连接
19017386,16444758,chem,other,none,5.00,0.50,1,子图 运动命令 内部化学连接
19017386,17000062,chem,other,none,5.00,0.50,1,子图 运动命令 内部化学连接
19017386,17053270,chem,other,none,5.00,0.50,1,子图 运动命令 内部化学连接
19017386,17353986,chem,other,none,5.00,0.50,6,子图 运动命令 内部化学连接
19017386,17358891,chem,other,none,5.00,0.50,1,子图 运动命令 内部化学连接
19017386,17736654,chem,other,none,5.00,0.50,1,子图 运动命令 内部化学连接
19017386,18485293,chem,other,none,5.00,0.50,1,子图 运动命令 内部化学连接
19017386,19298625,chem,other,none,5.00,0.50,4,子图 运动命令 内部化学连接
19017386,19298644,chem,other,none,5.00,0.50,2,子图 运动命令 内部化学连接
19017386,20139548,chem,other,none,5.00,0.50,3,子图 运动命令 内部化学连接
19046339,1805669,chem,other,none,5.00,0.50,12,子图 运动命令 内部化学连接
19046339,5746180,chem,other,none,5.00,0.50,4,子图 运动命令 内部化学连接
19046339,9753494,chem,other,none,5.00,0.50,2,子图 运动命令 内部化学连接
19046339,13081886,chem,other,none,5.00,0.50,13,子图 运动命令 内部化学连接
19046339,13727202,chem,other,none,5.00,0.50,1,子图 运动命令 内部化学连接
19046339,13834125,chem,other,none,5.00,0.50,3,子图 运动命令 内部化学连接
19046339,14334367,chem,other,none,5.00,0.50,20,子图 运动命令 内部化学连接
19046339,15610774,chem,other,none,5.00,0.50,3,子图 运动命令 内部化学连接
19046339,15672269,chem,other,none,5.00,0.50,1,子图 运动命令 内部化学连接
19046339,16347786,chem,other,none,5.00,0.50,2,子图 运动命令 内部化学连接
19046339,20443501,chem,other,none,5.00,0.50,2,子图 运动命令 内部化学连接
19046339,20443571,chem,other,none,5.00,0.50,1,子图 运动命令 内部化学连接
19048289,1805418,chem,other,none,5.00,0.50,1,子图 运动命令 内部化学连接
19048289,3044500,chem,other,none,5.00,0.50,1,子图 运动命令 内部化学连接
19048289,3620633,chem,other,none,5.00,0.50,4,子图 运动命令 内部化学连接
19048289,5134110,chem,other,none,5.00,0.50,1,子图 运动命令 内部化学连接
19048289,5164129,chem,other,none,5.00,0.50,2,子图 运动命令 内部化学连接
19048289,5805651,chem,other,none,5.00,0.50,1,子图 运动命令 内部化学连接
19048289,5936935,chem,other,none,5.00,0.50,2,子图 运动命令 内部化学连接
19048289,6317793,chem,other,none,5.00,0.50,5,子图 运动命令 内部化学连接
19048289,6446394,chem,other,none,5.00,0.50,2,子图 运动命令 内部化学连接
19048289,7569260,chem,other,none,5.00,0.50,4,子图 运动命令 内部化学连接
19048289,7590264,chem,other,none,5.00,0.50,2,子图 运动命令 内部化学连接
19048289,8161148,chem,other,none,5.00,0.50,1,子图 运动命令 内部化学连接
19048289,8571259,chem,other,none,5.00,0.50,7,子图 运动命令 内部化学连接
19048289,8572353,chem,other,none,5.00,0.50,4,子图 运动命令 内部化学连接
19048289,9116228,chem,other,none,5.00,0.50,2,子图 运动命令 内部化学连接
19048289,9753494,chem,other,none,5.00,0.50,2,子图 运动命令 内部化学连接
19048289,10600188,chem,other,none,5.00,0.50,1,子图 运动命令 内部化学连接
19048289,10792617,chem,other,none,5.00,0.50,2,子图 运动命令 内部化学连接
19048289,13081886,chem,other,none,5.00,0.50,1,子图 运动命令 内部化学连接
19048289,13557064,chem,other,none,5.00,0.50,1,子图 运动命令 内部化学连接
19048289,13564607,chem,other,none,5.00,0.50,1,子图 运动命令 内部化学连接
19048289,13763548,chem,other,none,5.00,0.50,1,子图 运动命令 内部化学连接
19048289,13834125,chem,other,none,5.00,0.50,1,子图 运动命令 内部化学连接
19048289,14034206,chem,other,none,5.00,0.50,3,子图 运动命令 内部化学连接
19048289,14492757,chem,other,none,5.00,0.50,1,子图 运动命令 内部化学连接
19048289,14492880,chem,other,none,5.00,0.50,4,子图 运动命令 内部化学连接
19048289,14656798,chem,other,none,5.00,0.50,5,子图 运动命令 内部化学连接
19048289,14680483,chem,other,none,5.00,0.50,1,子图 运动命令 内部化学连接
19048289,14726069,chem,other,none,5.00,0.50,2,子图 运动命令 内部化学连接
19048289,15467736,chem,other,none,5.00,0.50,3,子图 运动命令 内部化学连接
19048289,15481779,chem,other,none,5.00,0.50,1,子图 运动命令 内部化学连接
19048289,15610774,chem,other,none,5.00,0.50,2,子图 运动命令 内部化学连接
19048289,15629759,chem,other,none,5.00,0.50,1,子图 运动命令 内部化学连接
19048289,15800115,chem,other,none,5.00,0.50,1,子图 运动命令 内部化学连接
19048289,15934458,chem,other,none,5.00,0.50,1,子图 运动命令 内部化学连接
19048289,16340461,chem,other,none,5.00,0.50,1,子图 运动命令 内部化学连接
19048289,16340977,chem,other,none,5.00,0.50,2,子图 运动命令 内部化学连接
19048289,16347786,chem,other,none,5.00,0.50,1,子图 运动命令 内部化学连接
19048289,16471422,chem,other,none,5.00,0.50,1,子图 运动命令 内部化学连接
19048289,16852421,chem,other,none,5.00,0.50,3,子图 运动命令 内部化学连接
19048289,16910799,chem,other,none,5.00,0.50,5,子图 运动命令 内部化学连接
19048289,17324711,chem,other,none,5.00,0.50,4,子图 运动命令 内部化学连接
19048289,17355864,chem,other,none,5.00,0.50,1,子图 运动命令 内部化学连接
19048289,17379420,chem,other,none,5.00,0.50,1,子图 运动命令 内部化学连接
19048289,17537254,chem,other,none,5.00,0.50,1,子图 运动命令 内部化学连接
19048289,17587726,chem,other,none,5.00,0.50,5,子图 运动命令 内部化学连接
19048289,17813001,chem,other,none,5.00,0.50,1,子图 运动命令 内部化学连接
19048289,17990556,chem,other,none,5.00,0.50,1,子图 运动命令 内部化学连接
19048289,18035063,chem,other,none,5.00,0.50,1,子图 运动命令 内部化学连接
19048289,18644088,chem,other,none,5.00,0.50,2,子图 运动命令 内部化学连接
19048289,19508873,chem,other,none,5.00,0.50,4,子图 运动命令 内部化学连接
19051762,2979675,chem,other,none,5.00,0.50,1,子图 运动命令 内部化学连接
19051762,8167696,chem,other,none,5.00,0.50,3,子图 运动命令 内部化学连接
19051762,12279941,chem,other,none,5.00,0.50,2,子图 运动命令 内部化学连接
19051762,13395814,chem,other,none,5.00,0.50,2,子图 运动命令 内部化学连接
19051762,14519756,chem,other,none,5.00,0.50,1,子图 运动命令 内部化学连接
19051762,15686444,chem,other,none,5.00,0.50,1,子图 运动命令 内部化学连接
19051762,16742642,chem,other,none,5.00,0.50,2,子图 运动命令 内部化学连接
19051762,17473163,chem,other,none,5.00,0.50,2,子图 运动命令 内部化学连接
19054481,869360,chem,other,none,5.00,0.50,10,子图 运动命令 内部化学连接
19054481,12335381,chem,other,none,5.00,0.50,2,子图 运动命令 内部化学连接
19054481,16158918,chem,other,none,5.00,0.50,1,子图 运动命令 内部化学连接
19054481,17351780,chem,other,none,5.00,0.50,1,子图 运动命令 内部化学连接
19054481,17359133,chem,other,none,5.00,0.50,6,子图 运动命令 内部化学连接
19054481,17529547,chem,other,none,5.00,0.50,2,子图 运动命令 内部化学连接
19054481,17728571,chem,other,none,5.00,0.50,1,子图 运动命令 内部化学连接
19054481,18440675,chem,other,none,5.00,0.50,1,子图 运动命令 内部化学连接
19090042,2650887,chem,other,none,5.00,0.50,4,子图 运动命令 内部化学连接
19090042,5856647,chem,other,none,5.00,0.50,1,子图 运动命令 内部化学连接
19090042,5898284,chem,other,none,5.00,0.50,1,子图 运动命令 内部化学连接
19090042,6153877,chem,other,none,5.00,0.50,1,子图 运动命令 内部化学连接
19090042,9068024,chem,other,none,5.00,0.50,1,子图 运动命令 内部化学连接
19090042,9714476,chem,other,none,5.00,0.50,1,子图 运动命令 内部化学连接
19090042,10964258,chem,other,none,5.00,0.50,5,子图 运动命令 内部化学连接
19090042,11841664,chem,other,none,5.00,0.50,1,子图 运动命令 内部化学连接
19090042,14334367,chem,other,none,5.00,0.50,6,子图 运动命令 内部化学连接
19090042,16950798,chem,other,none,5.00,0.50,1,子图 运动命令 内部化学连接
19090042,17357979,chem,other,none,5.00,0.50,5,子图 运动命令 内部化学连接
19090042,17435815,chem,other,none,5.00,0.50,1,子图 运动命令 内部化学连接
19090042,18080008,chem,other,none,5.00,0.50,5,子图 运动命令 内部化学连接
19090042,18500988,chem,other,none,5.00,0.50,1,子图 运动命令 内部化学连接
19091995,1065967,chem,other,none,5.00,0.50,1,子图 运动命令 内部化学连接
19091995,9116228,chem,other,none,5.00,0.50,1,子图 运动命令 内部化学连接
19091995,13411445,chem,other,none,5.00,0.50,1,子图 运动命令 内部化学连接
19091995,15481779,chem,other,none,5.00,0.50,1,子图 运动命令 内部化学连接
19091995,15560623,chem,other,none,5.00,0.50,3,子图 运动命令 内部化学连接
19091995,15589738,chem,other,none,5.00,0.50,1,子图 运动命令 内部化学连接
19091995,15606239,chem,other,none,5.00,0.50,1,子图 运动命令 内部化学连接
19091995,15629759,chem,other,none,5.00,0.50,1,子图 运动命令 内部化学连接
19091995,16714214,chem,other,none,5.00,0.50,1,子图 运动命令 内部化学连接
19091995,17297936,chem,other,none,5.00,0.50,1,子图 运动命令 内部化学连接
19091995,17587726,chem,other,none,5.00,0.50,1,子图 运动命令 内部化学连接
19092010,8070872,chem,other,none,5.00,0.50,1,子图 运动命令 内部化学连接
19092010,8142831,chem,other,none,5.00,0.50,1,子图 运动命令 内部化学连接
19092010,8723983,chem,other,none,5.00,0.50,4,子图 运动命令 内部化学连接
19092010,8810141,chem,other,none,5.00,0.50,3,子图 运动命令 内部化学连接
19092010,10234576,chem,other,none,5.00,0.50,3,子图 运动命令 内部化学连接
19092010,10355356,chem,other,none,5.00,0.50,1,子图 运动命令 内部化学连接
19092010,14756061,chem,other,none,5.00,0.50,2,子图 运动命令 内部化学连接
19092010,16342197,chem,other,none,5.00,0.50,6,子图 运动命令 内部化学连接
19092010,16547297,chem,other,none,5.00,0.50,1,子图 运动命令 内部化学连接
19092010,16937799,chem,other,none,5.00,0.50,1,子图 运动命令 内部化学连接
19092010,17383431,chem,other,none,5.00,0.50,2,子图 运动命令 内部化学连接
19092010,17732346,chem,other,none,5.00,0.50,1,子图 运动命令 内部化学连接
19092010,20379247,chem,other,none,5.00,0.50,1,子图 运动命令 内部化学连接
19132527,3027876,chem,other,none,5.00,0.50,11,子图 运动命令 内部化学连接
19132527,3765735,chem,other,none,5.00,0.50,1,子图 运动命令 内部化学连接
19132527,8471817,chem,other,none,5.00,0.50,2,子图 运动命令 内部化学连接
19132527,8546775,chem,other,none,5.00,0.50,1,子图 运动命令 内部化学连接
19132527,8572353,chem,other,none,5.00,0.50,3,子图 运动命令 内部化学连接
19132527,8951591,chem,other,none,5.00,0.50,1,子图 运动命令 内部化学连接
19132527,10276161,chem,other,none,5.00,0.50,1,子图 运动命令 内部化学连接
19132527,10855798,chem,other,none,5.00,0.50,1,子图 运动命令 内部化学连接
19132527,11278919,chem,other,none,5.00,0.50,1,子图 运动命令 内部化学连接
19132527,15048530,chem,other,none,5.00,0.50,3,子图 运动命令 内部化学连接
19132527,15610774,chem,other,none,5.00,0.50,6,子图 运动命令 内部化学连接
19132527,16714214,chem,other,none,5.00,0.50,1,子图 运动命令 内部化学连接
19132527,17756162,chem,other,none,5.00,0.50,1,子图 运动命令 内部化学连接
19132527,17813001,chem,other,none,5.00,0.50,2,子图 运动命令 内部化学连接
19156025,3027876,chem,other,none,5.00,0.50,1,子图 运动命令 内部化学连接
19156025,8993049,chem,other,none,5.00,0.50,1,子图 运动命令 内部化学连接
19156025,10875178,chem,other,none,5.00,0.50,9,子图 运动命令 内部化学连接
19156025,10964258,chem,other,none,5.00,0.50,1,子图 运动命令 内部化学连接
19156025,14334367,chem,other,none,5.00,0.50,1,子图 运动命令 内部化学连接
19156025,15934458,chem,other,none,5.00,0.50,5,子图 运动命令 内部化学连接
19156025,17357979,chem,other,none,5.00,0.50,1,子图 运动命令 内部化学连接
19156025,17379420,chem,other,none,5.00,0.50,11,子图 运动命令 内部化学连接
19156025,17380345,chem,other,none,5.00,0.50,4,子图 运动命令 内部化学连接
19156025,17537254,chem,other,none,5.00,0.50,3,子图 运动命令 内部化学连接
19156025,17663944,chem,other,none,5.00,0.50,2,子图 运动命令 内部化学连接
19156025,18080008,chem,other,none,5.00,0.50,2,子图 运动命令 内部化学连接
19156025,19090042,chem,other,none,5.00,0.50,1,子图 运动命令 内部化学连接
19156025,19156025,chem,other,none,5.00,0.50,2,子图 运动命令 内部化学连接
19156025,20911955,chem,other,none,5.00,0.50,1,子图 运动命令 内部化学连接
19166349,1961182,chem,other,none,5.00,0.50,7,子图 运动命令 内部化学连接
19166349,4110483,chem,other,none,5.00,0.50,3,子图 运动命令 内部化学连接
19166349,5675990,chem,other,none,5.00,0.50,2,子图 运动命令 内部化学连接
19166349,5690425,chem,other,none,5.00,0.50,1,子图 运动命令 内部化学连接
19166349,9480916,chem,other,none,5.00,0.50,4,子图 运动命令 内部化学连接
19166349,10100020,chem,other,none,5.00,0.50,11,子图 运动命令 内部化学连接
19166349,10449035,chem,other,none,5.00,0.50,4,子图 运动命令 内部化学连接
19166349,11079069,chem,other,none,5.00,0.50,1,子图 运动命令 内部化学连接
19166349,13849557,chem,other,none,5.00,0.50,1,子图 运动命令 内部化学连接
19166349,15792643,chem,other,none,5.00,0.50,2,子图 运动命令 内部化学连接
19166349,16340977,chem,other,none,5.00,0.50,6,子图 运动命令 内部化学连接
19166349,16415910,chem,other,none,5.00,0.50,2,子图 运动命令 内部化学连接
19166349,16422727,chem,other,none,5.00,0.50,2,子图 运动命令 内部化学连接
19166349,16433696,chem,other,none,5.00,0.50,7,子图 运动命令 内部化学连接
19166349,16545179,chem,other,none,5.00,0.50,2,子图 运动命令 内部化学连接
19166349,17658602,chem,other,none,5.00,0.50,1,子图 运动命令 内部化学连接
19166349,17729973,chem,other,none,5.00,0.50,2,子图 运动命令 内部化学连接
19166349,18023286,chem,other,none,5.00,0.50,2,子图 运动命令 内部化学连接
19166349,18305433,chem,other,none,5.00,0.50,3,子图 运动命令 内部化学连接
19166349,19166349,chem,other,none,5.00,0.50,2,子图 运动命令 内部化学连接
19167389,5760480,chem,other,none,5.00,0.50,1,子图 运动命令 内部化学连接
19167389,8070872,chem,other,none,5.00,0.50,2,子图 运动命令 内部化学连接
19167389,9239759,chem,other,none,5.00,0.50,1,子图 运动命令 内部化学连接
19167389,11891098,chem,other,none,5.00,0.50,1,子图 运动命令 内部化学连接
19167389,12551020,chem,other,none,5.00,0.50,1,子图 运动命令 内部化学连接
19167389,14492757,chem,other,none,5.00,0.50,1,子图 运动命令 内部化学连接
19167389,16342197,chem,other,none,5.00,0.50,1,子图 运动命令 内部化学连接
19167389,16415910,chem,other,none,5.00,0.50,1,子图 运动命令 内部化学连接
19167389,16445073,chem,other,none,5.00,0.50,1,子图 运动命令 内部化学连接
19167389,16545179,chem,other,none,5.00,0.50,1,子图 运动命令 内部化学连接
19167389,16547297,chem,other,none,5.00,0.50,2,子图 运动命令 内部化学连接
19167389,16928740,chem,other,none,5.00,0.50,1,子图 运动命令 内部化学连接
19167389,17360282,chem,other,none,5.00,0.50,1,子图 运动命令 内部化学连接
19167389,17732346,chem,other,none,5.00,0.50,1,子图 运动命令 内部化学连接
19167389,17777981,chem,other,none,5.00,0.50,1,子图 运动命令 内部化学连接
19190681,5900426,chem,other,none,5.00,0.50,1,子图 运动命令 内部化学连接
19190681,9116228,chem,other,none,5.00,0.50,1,子图 运动命令 内部化学连接
19190681,16950354,chem,other,none,5.00,0.50,1,子图 运动命令 内部化学连接
19190681,17378648,chem,other,none,5.00,0.50,1,子图 运动命令 内部化学连接
19298625,10411574,chem,other,none,5.00,0.50,1,子图 运动命令 内部化学连接
19298625,10728328,chem,other,none,5.00,0.50,1,子图 运动命令 内部化学连接
19298625,10728333,chem,other,none,5.00,0.50,2,子图 运动命令 内部化学连接
19298625,10921106,chem,other,none,5.00,0.50,1,子图 运动命令 内部化学连接
19298625,11013583,chem,other,none,5.00,0.50,3,子图 运动命令 内部化学连接
19298625,16388736,chem,other,none,5.00,0.50,1,子图 运动命令 内部化学连接
19298625,16950354,chem,other,none,5.00,0.50,1,子图 运动命令 内部化学连接
19298625,17328580,chem,other,none,5.00,0.50,1,子图 运动命令 内部化学连接
19298625,17355864,chem,other,none,5.00,0.50,1,子图 运动命令 内部化学连接
19298625,17379298,chem,other,none,5.00,0.50,2,子图 运动命令 内部化学连接
19298625,19298644,chem,other,none,5.00,0.50,4,子图 运动命令 内部化学连接
19298644,10411574,chem,other,none,5.00,0.50,8,子图 运动命令 内部化学连接
19298644,10728328,chem,other,none,5.00,0.50,1,子图 运动命令 内部化学连接
19298644,10921106,chem,other,none,5.00,0.50,4,子图 运动命令 内部化学连接
19298644,13674287,chem,other,none,5.00,0.50,3,子图 运动命令 内部化学连接
19298644,15732485,chem,other,none,5.00,0.50,1,子图 运动命令 内部化学连接
19298644,16154290,chem,other,none,5.00,0.50,1,子图 运动命令 内部化学连接
19298644,17328580,chem,other,none,5.00,0.50,1,子图 运动命令 内部化学连接
19298644,17355864,chem,other,none,5.00,0.50,1,子图 运动命令 内部化学连接
19298644,18058793,chem,other,none,5.00,0.50,3,子图 运动命令 内部化学连接
19298644,19298625,chem,other,none,5.00,0.50,6,子图 运动命令 内部化学连接
19361427,16952642,chem,other,none,5.00,0.50,7,子图 运动命令 内部化学连接
19361427,16952691,chem,other,none,5.00,0.50,1,子图 运动命令 内部化学连接
19361427,17448356,chem,other,none,5.00,0.50,1,子图 运动命令 内部化学连接
19361427,17647621,chem,other,none,5.00,0.50,1,子图 运动命令 内部化学连接
19470184,992646,chem,other,none,5.00,0.50,1,子图 运动命令 内部化学连接
19470184,3486867,chem,other,none,5.00,0.50,3,子图 运动命令 内部化学连接
19470184,3797420,chem,other,none,5.00,0.50,9,子图 运动命令 内部化学连接
19470184,18440675,chem,other,none,5.00,0.50,1,子图 运动命令 内部化学连接
19508873,5134110,chem,other,none,5.00,0.50,1,子图 运动命令 内部化学连接
19508873,5512988,chem,other,none,5.00,0.50,1,子图 运动命令 内部化学连接
19508873,6702943,chem,other,none,5.00,0.50,1,子图 运动命令 内部化学连接
19508873,8979434,chem,other,none,5.00,0.50,1,子图 运动命令 内部化学连接
19508873,9643439,chem,other,none,5.00,0.50,1,子图 运动命令 内部化学连接
19508873,10781924,chem,other,none,5.00,0.50,1,子图 运动命令 内部化学连接
19508873,11905911,chem,other,none,5.00,0.50,1,子图 运动命令 内部化学连接
19508873,13835439,chem,other,none,5.00,0.50,6,子图 运动命令 内部化学连接
19508873,14757050,chem,other,none,5.00,0.50,2,子图 运动命令 内部化学连接
19508873,16335254,chem,other,none,5.00,0.50,1,子图 运动命令 内部化学连接
19508873,16347786,chem,other,none,5.00,0.50,3,子图 运动命令 内部化学连接
19508873,16350988,chem,other,none,5.00,0.50,2,子图 运动命令 内部化学连接
19508873,16388736,chem,other,none,5.00,0.50,3,子图 运动命令 内部化学连接
19508873,16571210,chem,other,none,5.00,0.50,1,子图 运动命令 内部化学连接
19508873,17355864,chem,other,none,5.00,0.50,1,子图 运动命令 内部化学连接
19508873,17378483,chem,other,none,5.00,0.50,1,子图 运动命令 内部化学连接
19835787,1678567,chem,other,none,5.00,0.50,7,子图 运动命令 内部化学连接
19835787,9154024,chem,other,none,5.00,0.50,1,子图 运动命令 内部化学连接
19835787,14492757,chem,other,none,5.00,0.50,2,子图 运动命令 内部化学连接
19835787,15512404,chem,other,none,5.00,0.50,2,子图 运动命令 内部化学连接
19835787,15512408,chem,other,none,5.00,0.50,7,子图 运动命令 内部化学连接
19835787,15513540,chem,other,none,5.00,0.50,5,子图 运动命令 内部化学连接
19835787,16547281,chem,other,none,5.00,0.50,1,子图 运动命令 内部化学连接
19835787,16562142,chem,other,none,5.00,0.50,1,子图 运动命令 内部化学连接
19835787,16667592,chem,other,none,5.00,0.50,4,子图 运动命令 内部化学连接
19835787,16950115,chem,other,none,5.00,0.50,2,子图 运动命令 内部化学连接
19835787,16992171,chem,other,none,5.00,0.50,2,子图 运动命令 内部化学连接
19835787,17022668,chem,other,none,5.00,0.50,2,子图 运动命令 内部化学连接
19835787,17173852,chem,other,none,5.00,0.50,2,子图 运动命令 内部化学连接
19835787,17323054,chem,other,none,5.00,0.50,1,子图 运动命令 内部化学连接
19835787,17448356,chem,other,none,5.00,0.50,1,子图 运动命令 内部化学连接
19835787,17809869,chem,other,none,5.00,0.50,1,子图 运动命令 内部化学连接
19835787,18058793,chem,other,none,5.00,0.50,4,子图 运动命令 内部化学连接
19835787,18551732,chem,other,none,5.00,0.50,1,子图 运动命令 内部化学连接
19835787,20421224,chem,other,none,5.00,0.50,1,子图 运动命令 内部化学连接
19857577,2655798,chem,other,none,5.00,0.50,2,子图 运动命令 内部化学连接
19857577,5512988,chem,other,none,5.00,0.50,1,子图 运动命令 内部化学连接
19857577,6125806,chem,other,none,5.00,0.50,2,子图 运动命令 内部化学连接
19857577,6317793,chem,other,none,5.00,0.50,5,子图 运动命令 内部化学连接
19857577,7449767,chem,other,none,5.00,0.50,3,子图 运动命令 内部化学连接
19857577,7573476,chem,other,none,5.00,0.50,5,子图 运动命令 内部化学连接
19857577,7982324,chem,other,none,5.00,0.50,1,子图 运动命令 内部化学连接
19857577,8529400,chem,other,none,5.00,0.50,2,子图 运动命令 内部化学连接
19857577,10947427,chem,other,none,5.00,0.50,1,子图 运动命令 内部化学连接
19857577,14914182,chem,other,none,5.00,0.50,1,子图 运动命令 内部化学连接
19880740,1591270,chem,other,none,5.00,0.50,1,子图 运动命令 内部化学连接
19880740,3814701,chem,other,none,5.00,0.50,1,子图 运动命令 内部化学连接
19880740,5675990,chem,other,none,5.00,0.50,9,子图 运动命令 内部化学连接
19880740,5746180,chem,other,none,5.00,0.50,3,子图 运动命令 内部化学连接
19880740,5760480,chem,other,none,5.00,0.50,1,子图 运动命令 内部化学连接
19880740,8755914,chem,other,none,5.00,0.50,3,子图 运动命令 内部化学连接
19880740,10885466,chem,other,none,5.00,0.50,2,子图 运动命令 内部化学连接
19880740,12279909,chem,other,none,5.00,0.50,6,子图 运动命令 内部化学连接
19880740,15608953,chem,other,none,5.00,0.50,7,子图 运动命令 内部化学连接
19880740,16096934,chem,other,none,5.00,0.50,1,子图 运动命令 内部化学连接
19880740,16415910,chem,other,none,5.00,0.50,3,子图 运动命令 内部化学连接
19880740,16433696,chem,other,none,5.00,0.50,4,子图 运动命令 内部化学连接
19880740,19880740,chem,other,none,5.00,0.50,2,子图 运动命令 内部化学连接
19950281,4017464,chem,other,none,5.00,0.50,2,子图 运动命令 内部化学连接
19950281,4142619,chem,other,none,5.00,0.50,2,子图 运动命令 内部化学连接
19950281,4188325,chem,other,none,5.00,0.50,1,子图 运动命令 内部化学连接
19950281,5319633,chem,other,none,5.00,0.50,7,子图 运动命令 内部化学连接
19950281,5782947,chem,other,none,5.00,0.50,2,子图 运动命令 内部化学连接
19950281,6609380,chem,other,none,5.00,0.50,2,子图 运动命令 内部化学连接
19950281,9384504,chem,other,none,5.00,0.50,1,子图 运动命令 内部化学连接
19950281,12026822,chem,other,none,5.00,0.50,4,子图 运动命令 内部化学连接
19950281,13167730,chem,other,none,5.00,0.50,1,子图 运动命令 内部化学连接
19950281,13411445,chem,other,none,5.00,0.50,2,子图 运动命令 内部化学连接
19950281,13646473,chem,other,none,5.00,0.50,2,子图 运动命令 内部化学连接
19950281,13760954,chem,other,none,5.00,0.50,4,子图 运动命令 内部化学连接
19950281,14588375,chem,other,none,5.00,0.50,1,子图 运动命令 内部化学连接
19950281,15589738,chem,other,none,5.00,0.50,4,子图 运动命令 内部化学连接
19950281,15706875,chem,other,none,5.00,0.50,1,子图 运动命令 内部化学连接
19950281,15732509,chem,other,none,5.00,0.50,3,子图 运动命令 内部化学连接
19950281,15964206,chem,other,none,5.00,0.50,2,子图 运动命令 内部化学连接
19950281,16355225,chem,other,none,5.00,0.50,1,子图 运动命令 内部化学连接
19950281,16671014,chem,other,none,5.00,0.50,1,子图 运动命令 内部化学连接
19950281,16934932,chem,other,none,5.00,0.50,1,子图 运动命令 内部化学连接
19950281,16947349,chem,other,none,5.00,0.50,1,子图 运动命令 内部化学连接
19950281,17358864,chem,other,none,5.00,0.50,1,子图 运动命令 内部化学连接
19950281,17379420,chem,other,none,5.00,0.50,1,子图 运动命令 内部化学连接
19950281,17543765,chem,other,none,5.00,0.50,1,子图 运动命令 内部化学连接
19950281,17663944,chem,other,none,5.00,0.50,5,子图 运动命令 内部化学连接
19950281,17850822,chem,other,none,5.00,0.50,1,子图 运动命令 内部化学连接
19950281,18604097,chem,other,none,5.00,0.50,2,子图 运动命令 内部化学连接
19950281,19092010,chem,other,none,5.00,0.50,2,子图 运动命令 内部化学连接
19950281,19156025,chem,other,none,5.00,0.50,1,子图 运动命令 内部化学连接
20139548,1805669,chem,other,none,5.00,0.50,1,子图 运动命令 内部化学连接
20139548,10411574,chem,other,none,5.00,0.50,1,子图 运动命令 内部化学连接
20139548,13674287,chem,other,none,5.00,0.50,8,子图 运动命令 内部化学连接
20139548,15548844,chem,other,none,5.00,0.50,1,子图 运动命令 内部化学连接
20139548,17328580,chem,other,none,5.00,0.50,4,子图 运动命令 内部化学连接
20139548,17732256,chem,other,none,5.00,0.50,1,子图 运动命令 内部化学连接
20139548,18485293,chem,other,none,5.00,0.50,1,子图 运动命令 内部化学连接
20139548,19298644,chem,other,none,5.00,0.50,1,子图 运动命令 内部化学连接
20151537,3044500,chem,other,none,5.00,0.50,2,子图 运动命令 内部化学连接
20151537,4591713,chem,other,none,5.00,0.50,1,子图 运动命令 内部化学连接
20151537,4966994,chem,other,none,5.00,0.50,1,子图 运动命令 内部化学连接
20151537,5794678,chem,other,none,5.00,0.50,1,子图 运动命令 内部化学连接
20151537,5805651,chem,other,none,5.00,0.50,1,子图 运动命令 内部化学连接
20151537,6154200,chem,other,none,5.00,0.50,1,子图 运动命令 内部化学连接
20151537,8161142,chem,other,none,5.00,0.50,3,子图 运动命令 内部化学连接
20151537,8161148,chem,other,none,5.00,0.50,1,子图 运动命令 内部化学连接
20151537,8496618,chem,other,none,5.00,0.50,16,子图 运动命令 内部化学连接
20151537,8709865,chem,other,none,5.00,0.50,1,子图 运动命令 内部化学连接
20151537,8710444,chem,other,none,5.00,0.50,3,子图 运动命令 内部化学连接
20151537,9714476,chem,other,none,5.00,0.50,1,子图 运动命令 内部化学连接
20151537,10276161,chem,other,none,5.00,0.50,1,子图 运动命令 内部化学连接
20151537,10728328,chem,other,none,5.00,0.50,9,子图 运动命令 内部化学连接
20151537,10728333,chem,other,none,5.00,0.50,6,子图 运动命令 内部化学连接
20151537,11362334,chem,other,none,5.00,0.50,1,子图 运动命令 内部化学连接
20151537,11625573,chem,other,none,5.00,0.50,2,子图 运动命令 内部化学连接
20151537,13557064,chem,other,none,5.00,0.50,3,子图 运动命令 内部化学连接
20151537,13564607,chem,other,none,5.00,0.50,1,子图 运动命令 内部化学连接
20151537,13727202,chem,other,none,5.00,0.50,1,子图 运动命令 内部化学连接
20151537,14034206,chem,other,none,5.00,0.50,1,子图 运动命令 内部化学连接
20151537,14334367,chem,other,none,5.00,0.50,3,子图 运动命令 内部化学连接
20151537,14492880,chem,other,none,5.00,0.50,1,子图 运动命令 内部化学连接
20151537,15005403,chem,other,none,5.00,0.50,2,子图 运动命令 内部化学连接
20151537,15467736,chem,other,none,5.00,0.50,5,子图 运动命令 内部化学连接
20151537,15800115,chem,other,none,5.00,0.50,1,子图 运动命令 内部化学连接
20151537,16195633,chem,other,none,5.00,0.50,1,子图 运动命令 内部化学连接
20151537,16340461,chem,other,none,5.00,0.50,2,子图 运动命令 内部化学连接
20151537,16340977,chem,other,none,5.00,0.50,1,子图 运动命令 内部化学连接
20151537,16388736,chem,other,none,5.00,0.50,5,子图 运动命令 内部化学连接
20151537,16561224,chem,other,none,5.00,0.50,1,子图 运动命令 内部化学连接
20151537,16562142,chem,other,none,5.00,0.50,1,子图 运动命令 内部化学连接
20151537,16578252,chem,other,none,5.00,0.50,1,子图 运动命令 内部化学连接
20151537,16651566,chem,other,none,5.00,0.50,1,子图 运动命令 内部化学连接
20151537,16714214,chem,other,none,5.00,0.50,1,子图 运动命令 内部化学连接
20151537,16852421,chem,other,none,5.00,0.50,3,子图 运动命令 内部化学连接
20151537,16992171,chem,other,none,5.00,0.50,1,子图 运动命令 内部化学连接
20151537,17083341,chem,other,none,5.00,0.50,2,子图 运动命令 内部化学连接
20151537,17355864,chem,other,none,5.00,0.50,1,子图 运动命令 内部化学连接
20151537,17358864,chem,other,none,5.00,0.50,1,子图 运动命令 内部化学连接
20151537,17380319,chem,other,none,5.00,0.50,1,子图 运动命令 内部化学连接
20151537,17755491,chem,other,none,5.00,0.50,3,子图 运动命令 内部化学连接
20151537,18464581,chem,other,none,5.00,0.50,2,子图 运动命令 内部化学连接
20316708,5162462,chem,other,none,5.00,0.50,1,子图 运动命令 内部化学连接
20316708,8592501,chem,other,none,5.00,0.50,1,子图 运动命令 内部化学连接
20316708,12031406,chem,other,none,5.00,0.50,1,子图 运动命令 内部化学连接
20316708,12422355,chem,other,none,5.00,0.50,1,子图 运动命令 内部化学连接
20316708,15481779,chem,other,none,5.00,0.50,1,子图 运动命令 内部化学连接
20316708,15560623,chem,other,none,5.00,0.50,2,子图 运动命令 内部化学连接
20316708,16714214,chem,other,none,5.00,0.50,2,子图 运动命令 内部化学连接
20316708,17379298,chem,other,none,5.00,0.50,1,子图 运动命令 内部化学连接
20379247,2504517,chem,other,none,5.00,0.50,1,子图 运动命令 内部化学连接
20379247,4876839,chem,other,none,5.00,0.50,2,子图 运动命令 内部化学连接
20379247,5369028,chem,other,none,5.00,0.50,1,子图 运动命令 内部化学连接
20379247,8801715,chem,other,none,5.00,0.50,1,子图 运动命令 内部化学连接
20379247,9077224,chem,other,none,5.00,0.50,2,子图 运动命令 内部化学连接
20379247,9753494,chem,other,none,5.00,0.50,5,子图 运动命令 内部化学连接
20379247,12030078,chem,other,none,5.00,0.50,8,子图 运动命令 内部化学连接
20379247,12422355,chem,other,none,5.00,0.50,1,子图 运动命令 内部化学连接
20379247,13652117,chem,other,none,5.00,0.50,3,子图 运动命令 内部化学连接
20379247,14756061,chem,other,none,5.00,0.50,1,子图 运动命令 内部化学连接
20379247,15481779,chem,other,none,5.00,0.50,1,子图 运动命令 内部化学连接
20379247,16115255,chem,other,none,5.00,0.50,1,子图 运动命令 内部化学连接
20379247,16340461,chem,other,none,5.00,0.50,3,子图 运动命令 内部化学连接
20379247,16561660,chem,other,none,5.00,0.50,1,子图 运动命令 内部化学连接
20379247,16714214,chem,other,none,5.00,0.50,1,子图 运动命令 内部化学连接
20379247,17379298,chem,other,none,5.00,0.50,1,子图 运动命令 内部化学连接
20379247,17660233,chem,other,none,5.00,0.50,1,子图 运动命令 内部化学连接
20379247,17813001,chem,other,none,5.00,0.50,4,子图 运动命令 内部化学连接
20379247,19010160,chem,other,none,5.00,0.50,7,子图 运动命令 内部化学连接
20379247,19090042,chem,other,none,5.00,0.50,3,子图 运动命令 内部化学连接
20379247,21300466,chem,other,none,5.00,0.50,1,子图 运动命令 内部化学连接
20421224,1678567,chem,other,none,5.00,0.50,1,子图 运动命令 内部化学连接
20421224,3021609,chem,other,none,5.00,0.50,1,子图 运动命令 内部化学连接
20421224,3979181,chem,other,none,5.00,0.50,1,子图 运动命令 内部化学连接
20421224,7025064,chem,other,none,5.00,0.50,2,子图 运动命令 内部化学连接
20421224,10018161,chem,other,none,5.00,0.50,1,子图 运动命令 内部化学连接
20421224,10238739,chem,other,none,5.00,0.50,2,子图 运动命令 内部化学连接
20421224,10240382,chem,other,none,5.00,0.50,1,子图 运动命令 内部化学连接
20421224,10553248,chem,other,none,5.00,0.50,14,子图 运动命令 内部化学连接
20421224,10600188,chem,other,none,5.00,0.50,2,子图 运动命令 内部化学连接
20421224,10728328,chem,other,none,5.00,0.50,3,子图 运动命令 内部化学连接
20421224,10728333,chem,other,none,5.00,0.50,3,子图 运动命令 内部化学连接
20421224,10921106,chem,other,none,5.00,0.50,6,子图 运动命令 内部化学连接
20421224,11013583,chem,other,none,5.00,0.50,2,子图 运动命令 内部化学连接
20421224,13557064,chem,other,none,5.00,0.50,3,子图 运动命令 内部化学连接
20421224,13818467,chem,other,none,5.00,0.50,1,子图 运动命令 内部化学连接
20421224,14492757,chem,other,none,5.00,0.50,2,子图 运动命令 内部化学连接
20421224,14655602,chem,other,none,5.00,0.50,1,子图 运动命令 内部化学连接
20421224,14726069,chem,other,none,5.00,0.50,3,子图 运动命令 内部化学连接
20421224,15792643,chem,other,none,5.00,0.50,2,子图 运动命令 内部化学连接
20421224,16167914,chem,other,none,5.00,0.50,11,子图 运动命令 内部化学连接
20421224,16545264,chem,other,none,5.00,0.50,1,子图 运动命令 内部化学连接
20421224,17022668,chem,other,none,5.00,0.50,5,子图 运动命令 内部化学连接
20421224,18464581,chem,other,none,5.00,0.50,1,子图 运动命令 内部化学连接
20421224,20556072,chem,other,none,5.00,0.50,1,子图 运动命令 内部化学连接
20443362,4017464,chem,other,none,5.00,0.50,1,子图 运动命令 内部化学连接
20443362,6154921,chem,other,none,5.00,0.50,2,子图 运动命令 内部化学连接
20443362,6155577,chem,other,none,5.00,0.50,1,子图 运动命令 内部化学连接
20443362,6700147,chem,other,none,5.00,0.50,5,子图 运动命令 内部化学连接
20443362,6702943,chem,other,none,5.00,0.50,1,子图 运动命令 内部化学连接
20443362,13564607,chem,other,none,5.00,0.50,1,子图 运动命令 内部化学连接
20443362,13835439,chem,other,none,5.00,0.50,5,子图 运动命令 内部化学连接
20443362,16327998,chem,other,none,5.00,0.50,1,子图 运动命令 内部化学连接
20443362,16950443,chem,other,none,5.00,0.50,1,子图 运动命令 内部化学连接
20443362,17355864,chem,other,none,5.00,0.50,2,子图 运动命令 内部化学连接
20443362,17660233,chem,other,none,5.00,0.50,3,子图 运动命令 内部化学连接
20443362,19190681,chem,other,none,5.00,0.50,3,子图 运动命令 内部化学连接
20443501,1805669,chem,other,none,5.00,0.50,3,子图 运动命令 内部化学连接
20443501,2797480,chem,other,none,5.00,0.50,1,子图 运动命令 内部化学连接
20443501,2988292,chem,other,none,5.00,0.50,2,子图 运动命令 内部化学连接
20443501,3882998,chem,other,none,5.00,0.50,2,子图 运动命令 内部化学连接
20443501,4127926,chem,other,none,5.00,0.50,2,子图 运动命令 内部化学连接
20443501,5746180,chem,other,none,5.00,0.50,3,子图 运动命令 内部化学连接
20443501,5760480,chem,other,none,5.00,0.50,8,子图 运动命令 内部化学连接
20443501,6298455,chem,other,none,5.00,0.50,2,子图 运动命令 内部化学连接
20443501,7700444,chem,other,none,5.00,0.50,2,子图 运动命令 内部化学连接
20443501,9077224,chem,other,none,5.00,0.50,1,子图 运动命令 内部化学连接
20443501,9480916,chem,other,none,5.00,0.50,1,子图 运动命令 内部化学连接
20443501,12474815,chem,other,none,5.00,0.50,1,子图 运动命令 内部化学连接
20443501,16347786,chem,other,none,5.00,0.50,2,子图 运动命令 内部化学连接
20443501,17732334,chem,other,none,5.00,0.50,5,子图 运动命令 内部化学连接
20443501,18501001,chem,other,none,5.00,0.50,4,子图 运动命令 内部化学连接
20443501,19880740,chem,other,none,5.00,0.50,1,子图 运动命令 内部化学连接
20443571,3762317,chem,other,none,5.00,0.50,2,子图 运动命令 内部化学连接
20443571,3764792,chem,other,none,5.00,0.50,1,子图 运动命令 内部化学连接
20443571,4127096,chem,other,none,5.00,0.50,6,子图 运动命令 内部化学连接
20443571,9565674,chem,other,none,5.00,0.50,1,子图 运动命令 内部化学连接
20443571,9753494,chem,other,none,5.00,0.50,1,子图 运动命令 内部化学连接
20443571,10411574,chem,other,none,5.00,0.50,1,子图 运动命令 内部化学连接
20443571,13411445,chem,other,none,5.00,0.50,12,子图 运动命令 内部化学连接
20443571,13564607,chem,other,none,5.00,0.50,4,子图 运动命令 内部化学连接
20443571,13674287,chem,other,none,5.00,0.50,1,子图 运动命令 内部化学连接
20443571,13835439,chem,other,none,5.00,0.50,2,子图 运动命令 内部化学连接
20443571,15548844,chem,other,none,5.00,0.50,1,子图 运动命令 内部化学连接
20443571,15732050,chem,other,none,5.00,0.50,1,子图 运动命令 内部化学连接
20443571,16347786,chem,other,none,5.00,0.50,2,子图 运动命令 内部化学连接
20443571,17355864,chem,other,none,5.00,0.50,2,子图 运动命令 内部化学连接
20443571,17654973,chem,other,none,5.00,0.50,1,子图 运动命令 内部化学连接
20443571,18232369,chem,other,none,5.00,0.50,1,子图 运动命令 内部化学连接
20443571,20443362,chem,other,none,5.00,0.50,2,子图 运动命令 内部化学连接
20479904,3764792,chem,other,none,5.00,0.50,10,子图 运动命令 内部化学连接
20479904,5936935,chem,other,none,5.00,0.50,2,子图 运动命令 内部化学连接
20479904,7982307,chem,other,none,5.00,0.50,9,子图 运动命令 内部化学连接
20479904,8572353,chem,other,none,5.00,0.50,2,子图 运动命令 内部化学连接
20479904,10276161,chem,other,none,5.00,0.50,14,子图 运动命令 内部化学连接
20479904,10781924,chem,other,none,5.00,0.50,1,子图 运动命令 内部化学连接
20479904,17357979,chem,other,none,5.00,0.50,1,子图 运动命令 内部化学连接
20479904,17658948,chem,other,none,5.00,0.50,2,子图 运动命令 内部化学连接
20536322,3027876,chem,other,none,5.00,0.50,7,子图 运动命令 内部化学连接
20536322,3276003,chem,other,none,5.00,0.50,1,子图 运动命令 内部化学连接
20536322,8566140,chem,other,none,5.00,0.50,2,子图 运动命令 内部化学连接
20536322,8572353,chem,other,none,5.00,0.50,4,子图 运动命令 内部化学连接
20536322,8951591,chem,other,none,5.00,0.50,2,子图 运动命令 内部化学连接
20536322,10768709,chem,other,none,5.00,0.50,1,子图 运动命令 内部化学连接
20536322,11278919,chem,other,none,5.00,0.50,2,子图 运动命令 内部化学连接
20536322,11605567,chem,other,none,5.00,0.50,1,子图 运动命令 内部化学连接
20536322,12299704,chem,other,none,5.00,0.50,1,子图 运动命令 内部化学连接
20536322,12364717,chem,other,none,5.00,0.50,1,子图 运动命令 内部化学连接
20536322,13674287,chem,other,none,5.00,0.50,1,子图 运动命令 内部化学连接
20536322,13953184,chem,other,none,5.00,0.50,1,子图 运动命令 内部化学连接
20536322,15601640,chem,other,none,5.00,0.50,1,子图 运动命令 内部化学连接
20536322,15606239,chem,other,none,5.00,0.50,1,子图 运动命令 内部化学连接
20536322,15607335,chem,other,none,5.00,0.50,2,子图 运动命令 内部化学连接
20536322,17756162,chem,other,none,5.00,0.50,1,子图 运动命令 内部化学连接
20536322,17813001,chem,other,none,5.00,0.50,2,子图 运动命令 内部化学连接
20556072,17732256,chem,other,none,5.00,0.50,2,子图 运动命令 内部化学连接
20556072,17732311,chem,other,none,5.00,0.50,1,子图 运动命令 内部化学连接
20556072,17732346,chem,other,none,5.00,0.50,1,子图 运动命令 内部化学连接
20556072,17777031,chem,other,none,5.00,0.50,3,子图 运动命令 内部化学连接
20556072,18929470,chem,other,none,5.00,0.50,4,子图 运动命令 内部化学连接
20911961,16562142,chem,other,none,5.00,0.50,1,子图 运动命令 内部化学连接
20911961,18305476,chem,other,none,5.00,0.50,1,子图 运动命令 内部化学连接
20911961,18695745,chem,other,none,5.00,0.50,2,子图 运动命令 内部化学连接
21300466,3027876,chem,other,none,5.00,0.50,4,子图 运动命令 内部化学连接
21300466,3765735,chem,other,none,5.00,0.50,1,子图 运动命令 内部化学连接
21300466,8572353,chem,other,none,5.00,0.50,3,子图 运动命令 内部化学连接
21300466,9424902,chem,other,none,5.00,0.50,5,子图 运动命令 内部化学连接
21300466,9753494,chem,other,none,5.00,0.50,1,子图 运动命令 内部化学连接
21300466,11348509,chem,other,none,5.00,0.50,5,子图 运动命令 内部化学连接
21300466,12031406,chem,other,none,5.00,0.50,1,子图 运动命令 内部化学连接
21300466,12551020,chem,other,none,5.00,0.50,19,子图 运动命令 内部化学连接
21300466,13645610,chem,other,none,5.00,0.50,1,子图 运动命令 内部化学连接
21300466,14617508,chem,other,none,5.00,0.50,6,子图 运动命令 内部化学连接
21300466,14680483,chem,other,none,5.00,0.50,1,子图 运动命令 内部化学连接
21300466,14756061,chem,other,none,5.00,0.50,12,子图 运动命令 内部化学连接
21300466,15522152,chem,other,none,5.00,0.50,1,子图 运动命令 内部化学连接
21300466,15548844,chem,other,none,5.00,0.50,1,子图 运动命令 内部化学连接
21300466,15601640,chem,other,none,5.00,0.50,1,子图 运动命令 内部化学连接
21300466,16154290,chem,other,none,5.00,0.50,1,子图 运动命令 内部化学连接
21300466,16342197,chem,other,none,5.00,0.50,1,子图 运动命令 内部化学连接
21300466,16676038,chem,other,none,5.00,0.50,2,子图 运动命令 内部化学连接
21300466,17324711,chem,other,none,5.00,0.50,1,子图 运动命令 内部化学连接
21300466,17353986,chem,other,none,5.00,0.50,1,子图 运动命令 内部化学连接
21300466,17813001,chem,other,none,5.00,0.50,2,子图 运动命令 内部化学连接
21300466,18644088,chem,other,none,5.00,0.50,2,子图 运动命令 内部化学连接
21300466,19017386,chem,other,none,5.00,0.50,2,子图 运动命令 内部化学连接
21590958,2655798,chem,other,none,5.00,0.50,3,子图 运动命令 内部化学连接
21590958,4663875,chem,other,none,5.00,0.50,1,子图 运动命令 内部化学连接
21590958,6125806,chem,other,none,5.00,0.50,2,子图 运动命令 内部化学连接
21590958,8461082,chem,other,none,5.00,0.50,2,子图 运动命令 内部化学连接
21590958,10663559,chem,other,none,5.00,0.50,2,子图 运动命令 内部化学连接
21590958,10959064,chem,other,none,5.00,0.50,1,子图 运动命令 内部化学连接
21590958,16666673,chem,other,none,5.00,0.50,1,子图 运动命令 内部化学连接
21590958,18302610,chem,other,none,5.00,0.50,3,子图 运动命令 内部化学连接
21590958,18302665,chem,other,none,5.00,0.50,1,子图 运动命令 内部化学连接
21590958,19857577,chem,other,none,5.00,0.50,3,子图 运动命令 内部化学连接
21590958,21590958,chem,other,none,5.00,0.50,1,子图 运动命令 内部化学连接
21591037,3182103,chem,other,none,5.00,0.50,4,子图 运动命令 内部化学连接
21591037,5512988,chem,other,none,5.00,0.50,1,子图 运动命令 内部化学连接
21591037,6114695,chem,other,none,5.00,0.50,2,子图 运动命令 内部化学连接
21591037,8461082,chem,other,none,5.00,0.50,1,子图 运动命令 内部化学连接
21591037,9234420,chem,other,none,5.00,0.50,1,子图 运动命令 内部化学连接
21591037,15689046,chem,other,none,5.00,0.50,1,子图 运动命令 内部化学连接
21591037,16666673,chem,other,none,5.00,0.50,1,子图 运动命令 内部化学连接
21591037,17380080,chem,other,none,5.00,0.50,2,子图 运动命令 内部化学连接
